Biomarker,BiomarkerCluster,TargetGene,OncogeneAddiction,T-stat,P-value,EffectSize,n_Amplified,n_WT,MeanEffect_Amplified,MeanEffect_WT,FDR
10051,"10051, 3840, 51068, 8706",10768,False,2.726058198492632,0.0182323178894442,1.3122005098749268,5,12,-0.2152367790300982,-0.4798696532198805,0.7134390816796584
10051,"10051, 3840, 51068, 8706",5832,False,2.4435579958777787,0.0296304025078265,1.0250973642131769,5,12,-0.0213966638999531,-0.213410854675567,0.7673596757763704
10051,"10051, 3840, 51068, 8706",7984,False,3.0668698037851048,0.0112199295735288,1.521826714334552,5,12,-0.2956118698933045,-0.4841746664777159,0.6458332304125555
10051,"10051, 3840, 51068, 8706",51742,False,2.1633662407358663,0.0480629641703936,0.9276392058315476,5,12,-0.172420153298143,-0.3368090645792552,0.8026499246604539
10051,"10051, 3840, 51068, 8706",527,False,2.5795858116677737,0.0273590584458211,1.2932791322125556,5,12,-1.5775474031515402,-2.2348192756089094,0.7578267072412546
10051,"10051, 3840, 51068, 8706",9550,False,2.495709323240652,0.0384453108248684,1.3243291366162475,5,12,-0.743215632312007,-1.0840833246600448,0.7891616186922428
10051,"10051, 3840, 51068, 8706",552,False,2.187494574453668,0.0452549054269139,0.9921793044377426,5,12,-0.2045605795369124,-0.3838056376050445,0.7982670741340606
10051,"10051, 3840, 51068, 8706",55290,False,4.133007803946918,0.0009060663596075,1.8061495206651323,5,12,-1.5769896807867392,-2.0534905605669733,0.3362634370155837
10051,"10051, 3840, 51068, 8706",7862,False,-2.296489168336221,0.0481634536869392,-1.185432462798038,5,12,-0.5603997886123873,-0.3175915210063684,0.803530181774808
10051,"10051, 3840, 51068, 8706",91408,False,-2.466912007331784,0.0263614363568674,-1.0761177223559142,5,12,-0.7006391095742945,-0.5165230031091066,0.7568854103964252
10051,"10051, 3840, 51068, 8706",28974,False,2.325022918448613,0.0369638360984637,0.9754404757925011,5,12,-0.522277972322161,-0.7870782600605067,0.7836483879259681
10051,"10051, 3840, 51068, 8706",23523,False,2.7935097672171136,0.0165620988478987,1.3554230775462226,5,12,0.0121089453300708,-0.2015339630526111,0.7048980035759653
10051,"10051, 3840, 51068, 8706",994,False,2.2239230394481804,0.0427802526812019,1.0239634244519311,5,12,-0.2424333417098749,-0.4330139500824006,0.7975356290297795
10051,"10051, 3840, 51068, 8706",2491,False,-2.6891334126576405,0.0327834470793418,-1.4743417094753364,5,12,-0.9908020606649152,-0.6337645313586183,0.7722938751587749
10051,"10051, 3840, 51068, 8706",387103,False,-2.2315837362114874,0.0432115545072693,-1.0468960412345378,5,12,-2.241439903754422,-1.9161877255797055,0.7982670741340606
10051,"10051, 3840, 51068, 8706",149465,False,-2.874671916912704,0.0124723709635001,-1.220627133384291,5,12,-0.3525053651713053,-0.1998819130692705,0.6616252892812474
10051,"10051, 3840, 51068, 8706",4849,False,2.2911710450764664,0.0373877782258657,1.0478741827606752,5,12,-1.3132738415207634,-1.6564660370814364,0.7855967493217224
10051,"10051, 3840, 51068, 8706",9125,False,-2.2361623917326905,0.0420346984772115,-0.956836532533873,5,12,-0.6384446846479916,-0.4352739521835252,0.7964297787163211
10051,"10051, 3840, 51068, 8706",65260,False,-2.498047242563916,0.0460686777411412,-1.397615745567789,5,12,-0.5633953566710369,-0.3050876460131205,0.7982670741340606
10051,"10051, 3840, 51068, 8706",9382,False,3.04822335075134,0.0082064453381487,1.3342643277004005,5,12,-0.4444522649134301,-0.6618718465726909,0.6076895211293379
10051,"10051, 3840, 51068, 8706",1399,False,2.374294606200118,0.0320250941524503,1.0906144166553164,5,12,-0.6209244014277153,-1.0806880891525446,0.7715553047120207
10051,"10051, 3840, 51068, 8706",23191,False,2.6006344314737047,0.0225649316834396,1.2434680694398357,5,12,-0.2198594154381454,-0.410132658440385,0.743696768553327
10051,"10051, 3840, 51068, 8706",51164,False,-3.34833749022478,0.0077223615525219,-1.6913116613753094,5,12,-1.0187214094019474,-0.8460384501209934,0.603363561959853
10051,"10051, 3840, 51068, 8706",51202,False,2.226004827514749,0.0427166605481087,1.0272009291594428,5,12,-1.3948221440170747,-1.7410121691543103,0.7975356290297795
10051,"10051, 3840, 51068, 8706",23405,False,-2.336839369551832,0.0458254068853949,-1.2125435871704533,5,12,-0.5687253442879955,-0.3196762861160394,0.7982670741340606
10051,"10051, 3840, 51068, 8706",1738,False,2.623715706127882,0.0194311301826993,1.140235766251663,5,12,-0.0299541448003201,-0.3029410956473329,0.7181353628805818
10051,"10051, 3840, 51068, 8706",3301,False,-2.2411714750939438,0.0466744275405568,-1.1030639763127377,5,12,-0.5227717165304183,-0.2708000225642595,0.8013944858587448
10051,"10051, 3840, 51068, 8706",1841,False,3.229760731757886,0.0078068913880735,1.5811950637373933,5,12,-0.7093814379846667,-1.4271466656739282,0.6039499425927941
10051,"10051, 3840, 51068, 8706",1968,False,2.7044549596655423,0.0163885561190663,1.1865228431748185,5,12,-1.6167929384224269,-1.8403100484211004,0.7016422622248645
10051,"10051, 3840, 51068, 8706",3646,False,-2.5212682308034844,0.0470281628368315,-1.432282203414191,5,12,-1.5833738399714734,-1.2656472004392934,0.8015763446676192
10051,"10051, 3840, 51068, 8706",55140,False,-4.34993159079148,0.0012246891140082,-2.150882287318752,5,12,-1.1840198490115026,-0.6958161442656511,0.3748120081084212
10051,"10051, 3840, 51068, 8706",23587,False,-3.386675216197299,0.0041157260276356,-1.527756837130757,5,12,-1.2219954884097806,-0.8180473875839253,0.5320675763623917
10051,"10051, 3840, 51068, 8706",9700,False,-2.495202197304349,0.0330621697499689,-1.267703218240218,5,12,-2.4139279907904627,-1.889691189631012,0.7722938751587749
10051,"10051, 3840, 51068, 8706",2130,False,-2.184120668766389,0.0455301870932405,-0.9901130169160748,5,12,-1.0753897263384709,-0.9217264144062748,0.7982670741340606
10051,"10051, 3840, 51068, 8706",100128071,False,-2.238200715217071,0.0497008173272668,-1.1279381872452017,5,12,-0.3553038744492888,-0.1907452791032992,0.8046714497212784
10051,"10051, 3840, 51068, 8706",2735,False,2.2808493224539736,0.0440469105842062,1.1278897660831122,5,12,-0.2022740502625155,-0.3278116362811441,0.7982670741340606
10051,"10051, 3840, 51068, 8706",54584,False,2.747970199110851,0.0163569843066955,1.2946073346899656,5,12,-0.5441853256918411,-0.8723168609631641,0.7016422622248645
10051,"10051, 3840, 51068, 8706",8338,False,2.9592996435129,0.0115446617816633,1.416789444720593,5,12,-0.7391380570894525,-1.1335738135338265,0.6488452626579987
10051,"10051, 3840, 51068, 8706",8334,False,2.352394444106532,0.0334331708643016,1.0813926208782636,5,12,-0.5296091155099042,-0.69918051987779,0.7736039978034098
10051,"10051, 3840, 51068, 8706",55766,False,2.4483865013406585,0.0284350223152836,1.1422037413544202,5,12,-0.3076895676174321,-0.421107950570706,0.7599647358586262
10051,"10051, 3840, 51068, 8706",8970,False,2.702746209803813,0.0229335727896547,1.366889082692134,5,12,-1.4581638023735295,-1.8210052525652416,0.7468013790046008
10051,"10051, 3840, 51068, 8706",8340,False,3.614224066356608,0.0210426421079603,2.376251777929864,4,8,-0.6390167823081127,-0.9606890710593332,0.7306333539722384
10051,"10051, 3840, 51068, 8706",8347,False,3.07641691335267,0.0077403550169343,1.3478933271831206,5,12,-1.252471847607095,-1.5650306928099489,0.603363561959853
10051,"10051, 3840, 51068, 8706",3017,False,2.3777598097261,0.0385263428920388,1.1905494925100224,5,12,-0.3749143342061138,-0.6128528966126038,0.7891616186922428
10051,"10051, 3840, 51068, 8706",3020,False,2.827986922739487,0.0202916106163876,1.6175479635090753,4,8,-1.0975604561278165,-1.407008742836859,0.7251380775498089
10051,"10051, 3840, 51068, 8706",8350,False,2.498181710937768,0.0302758737442095,1.2376691617242928,5,12,-0.2171347801164647,-0.3465237308680431,0.7688185734422155
10051,"10051, 3840, 51068, 8706",55355,False,-4.986862604358416,0.0001833535938374,-2.28802286829179,5,12,-1.2199668206306282,-0.8450362409489253,0.1784498206797833
10051,"10051, 3840, 51068, 8706",3187,False,2.237442941760769,0.0410447548036407,0.9783318571715232,5,12,-1.0990269856934098,-1.3568853749404797,0.7950058640262805
10051,"10051, 3840, 51068, 8706",3611,False,2.429872077610882,0.0289356376870922,1.1209458702107828,5,12,-0.3630081376748532,-0.6729175622429749,0.7627438360397004
10051,"10051, 3840, 51068, 8706",54973,False,3.1834432668636103,0.0156107826521644,1.7270963075633865,5,12,-1.4793359730002222,-2.056703541831982,0.6964103403990867
10051,"10051, 3840, 51068, 8706",65123,False,3.504565886598824,0.0045965440820296,1.44109755131358,5,12,-1.405687941287152,-1.7043301469641747,0.5463305204322857
10051,"10051, 3840, 51068, 8706",3685,False,3.47622402150949,0.0033874656553855,1.55030031775076,5,12,-0.5205463859489983,-1.0220542779711366,0.5048329480390911
10051,"10051, 3840, 51068, 8706",3832,False,-3.499191445624803,0.0066080908469814,-1.7898641068694168,5,12,-3.011901746007471,-2.1970985556563174,0.5853481090725166
10051,"10051, 3840, 51068, 8706",55083,False,2.227755986006466,0.0427861207808851,0.9519877220061526,5,12,-0.006693531165626,-0.1385001831329337,0.7975356290297795
10051,"10051, 3840, 51068, 8706",132660,False,-3.049550803007854,0.0125553351564115,-1.5368700306264844,5,12,-0.5253833724564981,-0.1926117207974623,0.6630760309431742
10051,"10051, 3840, 51068, 8706",374819,False,2.6790265897439203,0.0231798379722387,1.4430551833914935,4,8,-0.3579135028182494,-0.5943798422334324,0.7485525004632818
10051,"10051, 3840, 51068, 8706",1241,False,4.359603667856049,0.0011294344115453,2.143049264060324,5,12,-0.2233578306829079,-0.4272467308436145,0.3639335295229183
10051,"10051, 3840, 51068, 8706",4174,False,-3.012087553841057,0.0138365675264988,-1.5277857239372985,5,12,-1.8967640248969115,-1.4170975862710746,0.6751793909154472
10051,"10051, 3840, 51068, 8706",4176,False,-3.2190342473952938,0.0058441280723579,-1.4599612164939784,5,12,-2.2612510703557307,-1.876901350947188,0.5783460537391655
10051,"10051, 3840, 51068, 8706",219541,False,-3.2321423922446293,0.0061641689413957,-1.5082295293678123,5,12,-0.7549983097830066,-0.2670138248904256,0.5814955949380457
10051,"10051, 3840, 51068, 8706",9862,False,-3.5672944644012805,0.006765509692362,-1.8559798824696765,5,12,-0.479938134735855,-0.1853521675191487,0.5855603892448294
10051,"10051, 3840, 51068, 8706",4221,False,-2.511150515331656,0.0273611731271926,-1.2121784730897234,5,12,-0.5279305408372398,-0.2980900407001469,0.7578267072412546
10051,"10051, 3840, 51068, 8706",196074,False,-2.343400224699232,0.0378200710084397,-1.1394563685387928,5,12,-0.5039109075422474,-0.3072429213543231,0.7866294065922688
10051,"10051, 3840, 51068, 8706",54468,False,-2.609578641979569,0.0237835222558898,-1.275827635895736,5,12,-0.7419746878448028,-0.4019472385355809,0.753136975180784
10051,"10051, 3840, 51068, 8706",26589,False,-2.323819651499527,0.0445246564300485,-1.1854173081635202,5,12,-0.4302044619845732,-0.151865001647739,0.7982670741340606
10051,"10051, 3840, 51068, 8706",4605,False,-2.934556526737387,0.0139406427316679,-1.4516095827246305,5,12,-0.6698989153716746,-0.3759244591184012,0.6757656294720714
10051,"10051, 3840, 51068, 8706",64005,False,2.3501332037513367,0.03549855952442,0.9836061079494788,5,12,-0.1215603655055094,-0.252514562957272,0.7792678241219885
10051,"10051, 3840, 51068, 8706",653784,False,3.8066625061213015,0.0040478310912615,2.154687588332209,4,8,-0.2286550432602893,-0.4319918710355843,0.53178799125818
10051,"10051, 3840, 51068, 8706",10135,False,3.496308012376138,0.0045672249927469,1.441048366859512,5,12,-0.1265410969920195,-0.5312132521127074,0.5463305204322857
10051,"10051, 3840, 51068, 8706",8774,False,-2.488703802603788,0.0439903816223624,-1.3685099149538973,5,12,-1.4213633908723644,-0.6756084085661561,0.7982670741340606
10051,"10051, 3840, 51068, 8706",51103,False,-2.9948609236476704,0.0159461881695161,-1.5519645973386609,5,12,-0.5541440297197066,-0.3841649154782231,0.7006015786627908
10051,"10051, 3840, 51068, 8706",4712,False,-2.3591501740355385,0.0441003209057432,-1.2230614133183588,5,12,-0.4220211786469582,-0.1940786096958983,0.7982670741340606
10051,"10051, 3840, 51068, 8706",8021,False,2.398639163451044,0.0346764265707321,1.1719094945539603,5,12,-1.1822721905082416,-1.366804992502199,0.7760302177369495
10051,"10051, 3840, 51068, 8706",9688,False,-2.1560180547119416,0.0482114594838024,-0.9342614233567512,5,12,-1.7333404752389747,-1.5226539828680548,0.8037156778640308
10051,"10051, 3840, 51068, 8706",399909,False,-2.502603916484331,0.0312734511320742,-1.2552634766787758,5,12,-0.6582511084804344,-0.4836138220451464,0.7710891626210068
10051,"10051, 3840, 51068, 8706",5201,False,-2.7630237996210707,0.0224935886280644,-1.423963381801197,5,12,-0.9073887892341352,-0.4395670143422892,0.743696768553327
10051,"10051, 3840, 51068, 8706",5238,False,2.805278341461304,0.0153551466279003,1.169064025324378,5,12,-0.0203021821796558,-0.3957428807362546,0.6930559530626134
10051,"10051, 3840, 51068, 8706",25957,False,2.9500459720567385,0.0199107287836574,1.5744074382067037,5,12,-0.4129287171348332,-0.5775436755687162,0.7220780991089206
10051,"10051, 3840, 51068, 8706",5425,False,2.333065374448015,0.04257302564365,1.177947275082958,5,12,-0.9494038516746846,-1.2809900320798389,0.7975356290297795
10051,"10051, 3840, 51068, 8706",5426,False,3.561070760485993,0.0029395845393101,1.6210331587606384,5,12,-1.3279955258516658,-1.796617007117146,0.4907776445806566
10051,"10051, 3840, 51068, 8706",84366,False,2.6381548571826,0.0192199663420961,1.2142843027240555,5,12,-0.378587419679935,-0.5370998138674291,0.7163662249874128
10051,"10051, 3840, 51068, 8706",55660,False,-2.665132175142924,0.0212774281021075,-1.298855694051405,5,12,-1.27552396358508,-0.955312165654318,0.7325802880632503
10051,"10051, 3840, 51068, 8706",5689,False,3.6294301427041473,0.006756919951864,1.910269733139908,5,12,-1.4179625577502208,-1.828069738971,0.5853481090725166
10051,"10051, 3840, 51068, 8706",5714,False,-2.3192980570463217,0.0360233139456718,-1.0755511366659285,5,12,-1.06831964022592,-0.8505736072356608,0.7797765726372132
10051,"10051, 3840, 51068, 8706",10156,False,3.13931825136885,0.0116112819365527,1.6390523943513604,4,8,-0.3084152977419243,-0.5698249168863596,0.6512373017693148
10051,"10051, 3840, 51068, 8706",10235,False,-2.7286176346712443,0.0268324371011552,-1.4461231610915202,5,12,-0.4268137220275559,-0.2934318233640797,0.7573780069990087
10051,"10051, 3840, 51068, 8706",401466,False,-3.5980611961524565,0.0076333718376007,-1.9126631538919183,5,12,-0.4427884400515314,0.0260059070975304,0.6024215543479616
10051,"10051, 3840, 51068, 8706",157506,False,2.2492240231225544,0.0422838979097514,0.9461503970556646,5,12,-0.1533995848197038,-0.2623860059182887,0.7974289184896268
10051,"10051, 3840, 51068, 8706",9827,False,2.2233647644682204,0.0451814432056036,1.0613294236153945,5,12,-0.3147527189745236,-0.5235732578430285,0.7982670741340606
10051,"10051, 3840, 51068, 8706",387,False,-2.760206481615789,0.0161944768816265,-1.3064160205788662,5,12,-0.5703331418078621,-0.2490920341418575,0.7008226000420413
10051,"10051, 3840, 51068, 8706",6136,False,-2.7264658371390524,0.0164758587908495,-1.2671534257791803,5,12,-2.7459476708834,-2.2706027553446155,0.7031100383053414
10051,"10051, 3840, 51068, 8706",6193,False,2.3376800658745136,0.0436080908156535,1.1933544682162047,5,12,-1.6514542395495646,-1.910274533192252,0.7982670741340606
10051,"10051, 3840, 51068, 8706",29072,False,-3.4864821210816377,0.0035111193607258,-1.5011694629085333,5,12,-0.6633198489191264,-0.4796328170877423,0.506575498552766
10051,"10051, 3840, 51068, 8706",112869,False,-2.377387395883689,0.0313622623757429,-1.0383229307472053,5,12,-0.5698853274935161,-0.2764571783154889,0.7710891626210068
10051,"10051, 3840, 51068, 8706",9197,False,3.4821182899205017,0.0033470944518352,1.5532937948304426,5,12,-0.0833384668585448,-0.3622650554955924,0.5028055018374575
10051,"10051, 3840, 51068, 8706",10237,False,-2.413155651231759,0.0304806455595705,-1.1271945370262453,5,12,-1.459216388667987,-1.193887879940552,0.7689044219165413
10051,"10051, 3840, 51068, 8706",8773,False,-2.520871793497849,0.0480245690611937,-1.4407718221209616,5,12,-1.1972631269603116,-0.4264217813353331,0.8025850769705906
10051,"10051, 3840, 51068, 8706",10772,False,2.5179602312841256,0.0347367122996063,1.3112983742979178,5,12,-0.472639842723895,-0.8503297562395099,0.7760302177369495
10051,"10051, 3840, 51068, 8706",23648,False,-2.302897321215784,0.0441061890615011,-1.1561418668837362,5,12,-0.3638030052599397,-0.1906768984917742,0.7982670741340606
10051,"10051, 3840, 51068, 8706",56910,False,3.055497951497419,0.0154181481482236,1.601145184319758,5,12,-0.246949964330965,-0.5765447040058748,0.6949752137190081
10051,"10051, 3840, 51068, 8706",55240,False,3.662311269711603,0.0024197689366783,1.673045996673052,5,12,-0.049024311451631,-0.3011007333133235,0.4587117602278026
10051,"10051, 3840, 51068, 8706",6491,False,-2.465443943567733,0.0290744358657343,-1.1795164680986323,5,12,-0.7773284313379337,-0.5722553178404537,0.7635994682586036
10051,"10051, 3840, 51068, 8706",6821,False,2.1869362781919293,0.0466970717249649,1.0220743141530404,5,12,-0.192485564648549,-0.3239515725767389,0.8013944858587448
10051,"10051, 3840, 51068, 8706",10460,False,-3.866062945387664,0.0040390754039357,-1.9951838341561352,5,12,-0.7732608415345961,-0.2871522211834882,0.5313696178648121
10051,"10051, 3840, 51068, 8706",57215,False,2.5335693107462807,0.0341243756381228,1.3219736871203105,5,12,-0.2976789489031765,-0.4832814599218144,0.7760302177369495
10051,"10051, 3840, 51068, 8706",84321,False,2.727311149010027,0.0176867857393137,1.3016199899306915,5,12,-1.123820894039531,-1.496348378432352,0.7134390816796584
10051,"10051, 3840, 51068, 8706",79228,False,-2.7582814723897733,0.0225324122178049,-1.4195987314882437,5,12,-0.4988604953110423,-0.3273714297916746,0.743696768553327
10051,"10051, 3840, 51068, 8706",64759,False,2.898800622091912,0.0112098113298899,1.260277573621689,5,12,-0.166158843345977,-0.3685718325459851,0.64579115731803
10051,"10051, 3840, 51068, 8706",114034,False,-2.2766173925985416,0.0438834043226097,-1.1207233725425605,5,12,-1.054025761258354,-0.5790864586189229,0.7982670741340606
10051,"10051, 3840, 51068, 8706",27095,False,2.6543835174439434,0.0183847433240716,1.211891040000091,5,12,-1.4255339259554725,-1.6725785308764662,0.7134390816796584
10051,"10051, 3840, 51068, 8706",126003,False,3.091007048442004,0.017938444454418,1.6801574431746804,5,12,-0.5694067272354852,-0.8206650375728374,0.7134390816796584
10051,"10051, 3840, 51068, 8706",54931,False,-2.3810078522420106,0.0310984278157541,-1.074265124579482,5,12,-0.4602119576431852,-0.2790448717365382,0.7710891626210068
10051,"10051, 3840, 51068, 8706",80746,False,2.555430775469306,0.0219607612348172,1.1341326639284268,5,12,-0.5416497289921801,-0.6994176885009583,0.7398212951771879
10051,"10051, 3840, 51068, 8706",64852,False,2.4081543027718766,0.0317251661840345,1.1424850783580072,5,12,-1.2445621171323809,-1.7080729130659025,0.7715553047120207
10051,"10051, 3840, 51068, 8706",7307,False,2.599786343088941,0.0228444881977242,1.2476938222687748,5,12,-1.449127099578233,-1.688878847869196,0.7453439108532166
10051,"10051, 3840, 51068, 8706",23350,False,-2.192367016678067,0.0478153640922203,-0.9146118184931554,5,12,-1.5977734719123795,-1.3888905947708894,0.8023368232871229
10051,"10051, 3840, 51068, 8706",118424,False,2.6034756951068987,0.0201280059340707,1.136446689962815,5,12,-0.1262623473770157,-0.2976163381707857,0.7230843984880345
10051,"10051, 3840, 51068, 8706",55585,False,2.7450323582300533,0.0317162904002527,1.5212189682719888,5,12,-0.18870686047187,-0.4146017681321245,0.7715553047120207
10051,"10051, 3840, 51068, 8706",23376,False,2.639101167170885,0.0198361687197288,1.2350584113492786,5,12,-0.2915732453324053,-0.5895143101526743,0.7204698919722063
10051,"10051, 3840, 51068, 8706",51569,False,2.20176405648834,0.0439081198914942,0.993073454004564,5,12,-0.3599030247801314,-0.6286852472638742,0.7982670741340606
10051,"10051, 3840, 51068, 8706",25972,False,2.479806412216743,0.0257038018876415,1.1227850855772246,5,12,-0.3487214509522777,-0.5284665953292055,0.7568854103964252
10051,"10051, 3840, 51068, 8706",124590,False,2.3370915077402725,0.0398515690952768,1.1548523244193207,5,12,-0.1495372808559445,-0.2859949829221133,0.7938602357431933
10051,"10051, 3840, 51068, 8706",11274,False,2.194421669608907,0.0476300019894475,0.9155272351763464,5,12,-0.2687229281531212,-0.6998824996657013,0.8019982402475438
10051,"10051, 3840, 51068, 8706",80146,False,2.5472013586967317,0.0223756074337795,1.12055803801911,5,12,-0.0669594525543383,-0.3760262174002536,0.743696768553327
10051,"10051, 3840, 51068, 8706",84313,False,2.483280252436059,0.0387532676395502,1.3135799990150048,5,12,-1.8212329458255112,-2.418342948905743,0.789404272527965
10051,"10051, 3840, 51068, 8706",79726,False,-2.933059929345191,0.0106501812958537,-1.2638848387965014,5,12,-0.5059979450706726,-0.3364589621480126,0.6418925767384508
10051,"10051, 3840, 51068, 8706",7517,False,2.1985772462386337,0.0481899277743436,1.060354373808894,5,12,-0.2932311776889378,-0.6161659015940366,0.8037156778640308
10051,"10051, 3840, 51068, 8706",27107,False,-2.4346698247807605,0.027877638132077,-1.0772305619588205,5,12,-1.5789699621643698,-1.299263712897035,0.7581811369829983
10051,"10051, 3840, 51068, 8706",26009,False,-2.5876133333052644,0.0228693314669538,-1.2323327915465834,5,12,-0.4701801637566181,-0.2807862622922252,0.7454994798072138
10397,"10397, 10656, 1936, 22827, 23513, 286077, 3297, 340371, 4061, 51337, 5339, 6482, 79792, 83481, 8694",60,False,-2.255574759485213,0.0416255797928269,-0.9018252814490388,4,13,-0.6765799714880303,-0.486608713960121,0.7955525158072521
10397,"10397, 10656, 1936, 22827, 23513, 286077, 3297, 340371, 4061, 51337, 5339, 6482, 79792, 83481, 8694",102157402,False,-3.6936165731678994,0.0041229960313184,-1.7739853924516154,4,13,-1.5009297165811644,-0.9233953166570028,0.5320675763623917
10397,"10397, 10656, 1936, 22827, 23513, 286077, 3297, 340371, 4061, 51337, 5339, 6482, 79792, 83481, 8694",364,False,2.2997986210733465,0.038315411313783,1.0339344087147944,4,13,-0.2729969103174998,-0.4392767962347836,0.7891616186922428
10397,"10397, 10656, 1936, 22827, 23513, 286077, 3297, 340371, 4061, 51337, 5339, 6482, 79792, 83481, 8694",382,False,2.548964467007324,0.0308733555708445,1.2497573754734277,4,13,-0.0445663257830288,-0.3082299017846636,0.7693126667133082
10397,"10397, 10656, 1936, 22827, 23513, 286077, 3297, 340371, 4061, 51337, 5339, 6482, 79792, 83481, 8694",9411,False,2.427276042569471,0.0317747014601689,1.117913767187553,4,13,-0.2639180467412321,-0.6440786842684243,0.7715553047120207
10397,"10397, 10656, 1936, 22827, 23513, 286077, 3297, 340371, 4061, 51337, 5339, 6482, 79792, 83481, 8694",285598,False,-3.101916915946524,0.0077843225149805,-1.3698712860837603,4,13,-0.4248269825564586,-0.2042728701263499,0.6039499425927941
10397,"10397, 10656, 1936, 22827, 23513, 286077, 3297, 340371, 4061, 51337, 5339, 6482, 79792, 83481, 8694",84126,False,2.497807678750104,0.0325263868158439,1.2123177831587235,4,13,-0.4341671500001358,-0.6518619614589227,0.772109071206664
10397,"10397, 10656, 1936, 22827, 23513, 286077, 3297, 340371, 4061, 51337, 5339, 6482, 79792, 83481, 8694",617,False,3.1167150290524592,0.0089266244795708,1.4382589094804985,4,13,-0.1787038095580216,-0.3770979222653195,0.613409593830681
10397,"10397, 10656, 1936, 22827, 23513, 286077, 3297, 340371, 4061, 51337, 5339, 6482, 79792, 83481, 8694",23774,False,2.4516628919611168,0.0269532651870287,1.035588798506754,4,13,0.0533865405748546,-0.0955354097085937,0.7578267072412546
10397,"10397, 10656, 1936, 22827, 23513, 286077, 3297, 340371, 4061, 51337, 5339, 6482, 79792, 83481, 8694",114049,False,-2.2958195612206738,0.0411147575847276,-1.0664793531443484,4,13,-1.6113828955596132,-1.384716575495183,0.7950058640262805
10397,"10397, 10656, 1936, 22827, 23513, 286077, 3297, 340371, 4061, 51337, 5339, 6482, 79792, 83481, 8694",819,False,3.267978678790425,0.0052143214191426,1.3663826682795035,4,13,-0.2739047793976185,-0.4707818102044173,0.5679220261202397
10397,"10397, 10656, 1936, 22827, 23513, 286077, 3297, 340371, 4061, 51337, 5339, 6482, 79792, 83481, 8694",124808,False,2.1826487173087963,0.0480479014196214,0.9872470817570508,4,13,-0.2724624166138313,-0.3817618884390615,0.8025850769705906
10397,"10397, 10656, 1936, 22827, 23513, 286077, 3297, 340371, 4061, 51337, 5339, 6482, 79792, 83481, 8694",55835,False,3.632455948396418,0.0024703302835459,1.5199047538778407,4,13,-0.139408367331455,-0.3521326162146431,0.4610912565838169
10397,"10397, 10656, 1936, 22827, 23513, 286077, 3297, 340371, 4061, 51337, 5339, 6482, 79792, 83481, 8694",91687,False,2.334334042334277,0.0375728270857802,1.074104559035744,4,13,-0.7064130320775162,-0.9044467160296862,0.7855967493217224
10397,"10397, 10656, 1936, 22827, 23513, 286077, 3297, 340371, 4061, 51337, 5339, 6482, 79792, 83481, 8694",55125,False,3.251740113933575,0.0287861729492431,1.9672301432249677,4,13,-0.4943366153405474,-0.8988286097389853,0.7616078750973275
10397,"10397, 10656, 1936, 22827, 23513, 286077, 3297, 340371, 4061, 51337, 5339, 6482, 79792, 83481, 8694",64377,False,2.4296007163070734,0.0282459454105319,1.0131205606496358,4,13,-0.1307697298470265,-0.2606442152537504,0.7586792529741281
10397,"10397, 10656, 1936, 22827, 23513, 286077, 3297, 340371, 4061, 51337, 5339, 6482, 79792, 83481, 8694",57511,False,3.046739365204889,0.0083448179838627,1.3212382527852546,4,13,-0.3387816384362213,-0.5087266149350567,0.6113059865459624
10397,"10397, 10656, 1936, 22827, 23513, 286077, 3297, 340371, 4061, 51337, 5339, 6482, 79792, 83481, 8694",91949,False,2.5843920044592217,0.0225590342029241,1.1658778968995165,4,13,-0.1551743492113708,-0.3432585053066657,0.743696768553327
10397,"10397, 10656, 1936, 22827, 23513, 286077, 3297, 340371, 4061, 51337, 5339, 6482, 79792, 83481, 8694",64326,False,-2.3981891415326477,0.0450379525263818,-1.2279218767150726,4,13,-0.5176063300694116,-0.3297462237275592,0.7982670741340606
10397,"10397, 10656, 1936, 22827, 23513, 286077, 3297, 340371, 4061, 51337, 5339, 6482, 79792, 83481, 8694",55352,False,2.801375668606481,0.013698027449648,1.2166867915796098,4,13,-0.0501348415372028,-0.2397021884975354,0.6751793909154472
10397,"10397, 10656, 1936, 22827, 23513, 286077, 3297, 340371, 4061, 51337, 5339, 6482, 79792, 83481, 8694",8533,False,3.2656784186732706,0.0092423517843248,1.5925481503070418,4,13,-0.5477490086220986,-0.8371338631532771,0.6177479122895033
10397,"10397, 10656, 1936, 22827, 23513, 286077, 3297, 340371, 4061, 51337, 5339, 6482, 79792, 83481, 8694",10987,False,2.566224870531709,0.0295919598576801,1.253129556845368,4,13,-1.677933832066278,-2.007320266783198,0.7673596757763704
10397,"10397, 10656, 1936, 22827, 23513, 286077, 3297, 340371, 4061, 51337, 5339, 6482, 79792, 83481, 8694",90639,False,2.147911517890462,0.048576104791445,0.9194809115105896,4,13,-0.076001589504199,-0.2143462991992339,0.8037156778640308
10397,"10397, 10656, 1936, 22827, 23513, 286077, 3297, 340371, 4061, 51337, 5339, 6482, 79792, 83481, 8694",116228,False,-2.788723541591046,0.0408936454368213,-1.6238440353149968,4,13,-0.5026602695701952,-0.3297595945166523,0.7950058640262805
10397,"10397, 10656, 1936, 22827, 23513, 286077, 3297, 340371, 4061, 51337, 5339, 6482, 79792, 83481, 8694",6997,False,-2.661891227692033,0.0182434550050716,-1.1635887924776116,4,13,-0.699515359567053,-0.4738875705212442,0.7134390816796584
10397,"10397, 10656, 1936, 22827, 23513, 286077, 3297, 340371, 4061, 51337, 5339, 6482, 79792, 83481, 8694",1398,False,-2.716006100232682,0.0311491620344782,-1.431164819829396,4,13,-0.5474738706659307,-0.1832594199856895,0.7710891626210068
10397,"10397, 10656, 1936, 22827, 23513, 286077, 3297, 340371, 4061, 51337, 5339, 6482, 79792, 83481, 8694",10664,False,2.2718100878678125,0.0394636220532293,0.9202348668183914,4,13,-1.5677111745551826,-1.8065223724649029,0.7920294554796992
10397,"10397, 10656, 1936, 22827, 23513, 286077, 3297, 340371, 4061, 51337, 5339, 6482, 79792, 83481, 8694",8450,False,2.2791225110647244,0.0467246955394843,1.1039593101451337,4,13,0.0725593759346845,-0.0812460600702503,0.8013944858587448
10397,"10397, 10656, 1936, 22827, 23513, 286077, 3297, 340371, 4061, 51337, 5339, 6482, 79792, 83481, 8694",1616,False,-2.1530086922692235,0.0490172054407964,-0.9474182899699866,4,13,-0.4023974665603482,-0.2406671877974791,0.8037156778640308
10397,"10397, 10656, 1936, 22827, 23513, 286077, 3297, 340371, 4061, 51337, 5339, 6482, 79792, 83481, 8694",1642,False,3.20757567643148,0.0065022004383138,1.4295871631003356,4,13,-1.7622757025918776,-2.138595055670645,0.5853481090725166
10397,"10397, 10656, 1936, 22827, 23513, 286077, 3297, 340371, 4061, 51337, 5339, 6482, 79792, 83481, 8694",8886,False,-2.543914377863951,0.0422444957933291,-1.364861374197312,4,13,-1.8102141590760448,-1.576651738582791,0.7974289184896268
10397,"10397, 10656, 1936, 22827, 23513, 286077, 3297, 340371, 4061, 51337, 5339, 6482, 79792, 83481, 8694",9093,False,3.813418177276468,0.0022359168440805,1.5116549071996557,4,13,-0.8478534351617475,-1.1222316591366108,0.4563336296853107
10397,"10397, 10656, 1936, 22827, 23513, 286077, 3297, 340371, 4061, 51337, 5339, 6482, 79792, 83481, 8694",5977,False,3.768519024679775,0.0092912744903393,2.0446953743548906,4,13,0.0415394352930156,-0.446590183504742,0.6188494899539638
10397,"10397, 10656, 1936, 22827, 23513, 286077, 3297, 340371, 4061, 51337, 5339, 6482, 79792, 83481, 8694",8655,False,-2.628260972608402,0.019067076084144,-1.097315124160816,4,13,-0.753202646856142,-0.453837795398215,0.7162657147812442
10397,"10397, 10656, 1936, 22827, 23513, 286077, 3297, 340371, 4061, 51337, 5339, 6482, 79792, 83481, 8694",1871,False,-2.4185650804259198,0.0497432199174345,-1.293117289813835,4,13,-0.6999922109971617,-0.2948134487966227,0.8046714497212784
10397,"10397, 10656, 1936, 22827, 23513, 286077, 3297, 340371, 4061, 51337, 5339, 6482, 79792, 83481, 8694",8666,False,-6.106909101517805,8.774725004562324e-05,-2.894819762057161,4,13,-1.6554887471343074,-1.198368566977391,0.1277728056223882
10397,"10397, 10656, 1936, 22827, 23513, 286077, 3297, 340371, 4061, 51337, 5339, 6482, 79792, 83481, 8694",1973,False,-2.8783792235043677,0.026129784537683,-1.5352193176071385,4,13,-1.3297591474198196,-0.8251978148774988,0.7568854103964252
10397,"10397, 10656, 1936, 22827, 23513, 286077, 3297, 340371, 4061, 51337, 5339, 6482, 79792, 83481, 8694",56943,False,4.474712679781542,0.0019501041437439,2.24873475410407,4,13,-0.4550304077583781,-0.8143603160479872,0.4386768469956549
10397,"10397, 10656, 1936, 22827, 23513, 286077, 3297, 340371, 4061, 51337, 5339, 6482, 79792, 83481, 8694",91442,False,2.988052827277826,0.0149180899415273,1.463708725023318,4,13,-0.2708685245855393,-0.5982927007537961,0.6871175778752507
10397,"10397, 10656, 1936, 22827, 23513, 286077, 3297, 340371, 4061, 51337, 5339, 6482, 79792, 83481, 8694",57697,False,2.268360120664396,0.0385136356492151,0.9548375879642704,4,13,-0.4237767755795413,-0.713133331042865,0.7891616186922428
10397,"10397, 10656, 1936, 22827, 23513, 286077, 3297, 340371, 4061, 51337, 5339, 6482, 79792, 83481, 8694",2197,False,-2.8303605885715086,0.0251499469479024,-1.472968324871389,4,13,-2.9710880182118937,-2.3583916154022537,0.7568854103964252
10397,"10397, 10656, 1936, 22827, 23513, 286077, 3297, 340371, 4061, 51337, 5339, 6482, 79792, 83481, 8694",80204,False,3.155075524339136,0.0069623555037905,1.2825488530295723,4,13,-0.0230454796822563,-0.2755707390160636,0.5918560655936175
10397,"10397, 10656, 1936, 22827, 23513, 286077, 3297, 340371, 4061, 51337, 5339, 6482, 79792, 83481, 8694",26268,False,2.5543320461341024,0.0414594320308109,1.368636947229425,4,13,-0.0975482398749833,-0.2561783221857072,0.7950058640262805
10397,"10397, 10656, 1936, 22827, 23513, 286077, 3297, 340371, 4061, 51337, 5339, 6482, 79792, 83481, 8694",2673,False,2.51422377177442,0.02559607884384,1.1306520592124618,4,13,-0.1918447484001848,-0.4643956773705304,0.7568854103964252
10397,"10397, 10656, 1936, 22827, 23513, 286077, 3297, 340371, 4061, 51337, 5339, 6482, 79792, 83481, 8694",25988,False,2.3615864599336582,0.0350611205547068,0.9342762369811538,4,13,-1.5716273682798665,-1.9093826964893204,0.7760302177369495
10397,"10397, 10656, 1936, 22827, 23513, 286077, 3297, 340371, 4061, 51337, 5339, 6482, 79792, 83481, 8694",10989,False,-2.578224248680125,0.024532746833896,-1.1953396509581902,4,13,-0.534712835326833,-0.4168207517674144,0.7555168658866813
10397,"10397, 10656, 1936, 22827, 23513, 286077, 3297, 340371, 4061, 51337, 5339, 6482, 79792, 83481, 8694",3688,False,2.369653890519132,0.0439243765432638,1.1850094788230463,4,13,0.1363252493217232,-0.3707814772883185,0.7982670741340606
10397,"10397, 10656, 1936, 22827, 23513, 286077, 3297, 340371, 4061, 51337, 5339, 6482, 79792, 83481, 8694",10300,False,3.76395260689627,0.0022214733354522,1.5116966275365074,4,13,-0.2464887183088988,-0.4979372968036076,0.4563336296853107
10397,"10397, 10656, 1936, 22827, 23513, 286077, 3297, 340371, 4061, 51337, 5339, 6482, 79792, 83481, 8694",3765,False,2.8999663580753854,0.0338833265827741,1.6605022390454711,4,13,-0.0916717355589609,-0.3762866288675836,0.7757835416820886
10397,"10397, 10656, 1936, 22827, 23513, 286077, 3297, 340371, 4061, 51337, 5339, 6482, 79792, 83481, 8694",83892,False,-2.3521671939028845,0.0412984435312339,-1.1390827626327922,4,13,-0.5394041165640128,-0.2398371131878594,0.7950058640262805
10397,"10397, 10656, 1936, 22827, 23513, 286077, 3297, 340371, 4061, 51337, 5339, 6482, 79792, 83481, 8694",9493,False,4.26037472673415,0.0027047471062072,2.148466438227898,4,13,-1.7310708127137386,-2.1832264986614174,0.4724836524595978
10397,"10397, 10656, 1936, 22827, 23513, 286077, 3297, 340371, 4061, 51337, 5339, 6482, 79792, 83481, 8694",79165,False,2.6611165283759552,0.02569630337252,1.3053314084560763,4,13,-0.1656330212538641,-0.3901341790157771,0.7568854103964252
10397,"10397, 10656, 1936, 22827, 23513, 286077, 3297, 340371, 4061, 51337, 5339, 6482, 79792, 83481, 8694",92935,False,2.273688700636499,0.0452374519423715,1.082734824666043,4,13,-0.4100160455628315,-0.7794930158709602,0.7982670741340606
10397,"10397, 10656, 1936, 22827, 23513, 286077, 3297, 340371, 4061, 51337, 5339, 6482, 79792, 83481, 8694",55388,False,2.2970786160839545,0.0428227829335993,1.0873221159353526,4,13,-0.5807547138036313,-0.7860153859090051,0.7975356290297795
10397,"10397, 10656, 1936, 22827, 23513, 286077, 3297, 340371, 4061, 51337, 5339, 6482, 79792, 83481, 8694",55090,False,4.571241454264767,0.0003844807110105,1.9755858518832152,4,13,-0.4382735867427878,-0.7606465922720952,0.2496664154327569
10397,"10397, 10656, 1936, 22827, 23513, 286077, 3297, 340371, 4061, 51337, 5339, 6482, 79792, 83481, 8694",64745,False,2.462814332723606,0.0280087304450712,0.9876911701496328,4,13,-0.4230857477905508,-0.6305713400546525,0.7586792529741281
10397,"10397, 10656, 1936, 22827, 23513, 286077, 3297, 340371, 4061, 51337, 5339, 6482, 79792, 83481, 8694",55257,False,-2.6614612724044204,0.0483945436719723,-1.560851448659306,4,13,-0.9979233606876724,-0.6841358661477044,0.8037156778640308
10397,"10397, 10656, 1936, 22827, 23513, 286077, 3297, 340371, 4061, 51337, 5339, 6482, 79792, 83481, 8694",64975,False,2.7157987199603024,0.02581312247042,1.36435711728285,4,13,-0.4420382306815374,-0.7033218047634375,0.7568854103964252
10397,"10397, 10656, 1936, 22827, 23513, 286077, 3297, 340371, 4061, 51337, 5339, 6482, 79792, 83481, 8694",26589,False,2.4870588746067046,0.0252312773961523,1.0651712239263955,4,13,-0.0602051109820666,-0.2871216835205745,0.7568854103964252
10397,"10397, 10656, 1936, 22827, 23513, 286077, 3297, 340371, 4061, 51337, 5339, 6482, 79792, 83481, 8694",63931,False,2.47452272847447,0.0258343889805746,1.0341699943625515,4,13,-0.3714540410902406,-0.6039546967314414,0.7568854103964252
10397,"10397, 10656, 1936, 22827, 23513, 286077, 3297, 340371, 4061, 51337, 5339, 6482, 79792, 83481, 8694",51023,False,2.2380993738966626,0.049236327882734,1.0765961668050836,4,13,-0.0901972996654839,-0.3156199588570446,0.8046230511059362
10397,"10397, 10656, 1936, 22827, 23513, 286077, 3297, 340371, 4061, 51337, 5339, 6482, 79792, 83481, 8694",28957,False,3.675403138485464,0.0022880178049085,1.580512113834459,4,13,-0.3230724847421816,-0.5613861434290673,0.4575028306380896
10397,"10397, 10656, 1936, 22827, 23513, 286077, 3297, 340371, 4061, 51337, 5339, 6482, 79792, 83481, 8694",10240,False,2.5930967924961674,0.0214389208214106,1.0476068803423038,4,13,-0.2149001169006112,-0.4409346971298343,0.7331528917128181
10397,"10397, 10656, 1936, 22827, 23513, 286077, 3297, 340371, 4061, 51337, 5339, 6482, 79792, 83481, 8694",65993,False,3.000786906048828,0.0110183013861534,1.383179866388841,4,13,-0.3281751047655257,-0.6383183413185951,0.64579115731803
10397,"10397, 10656, 1936, 22827, 23513, 286077, 3297, 340371, 4061, 51337, 5339, 6482, 79792, 83481, 8694",26164,False,2.136903490166344,0.0495597928774234,0.912518385278064,4,13,-0.1747170485244595,-0.38902973289305,0.8046714497212784
10397,"10397, 10656, 1936, 22827, 23513, 286077, 3297, 340371, 4061, 51337, 5339, 6482, 79792, 83481, 8694",4609,False,-2.1678636580872,0.0469922969340803,-0.9370891831484176,4,13,-1.9636370965813588,-1.5505541298574583,0.8015763446676192
10397,"10397, 10656, 1936, 22827, 23513, 286077, 3297, 340371, 4061, 51337, 5339, 6482, 79792, 83481, 8694",10135,False,2.441082046097587,0.0278110513314518,1.0084760818693257,4,13,-0.183970728753251,-0.4824139688691987,0.7581377630197409
10397,"10397, 10656, 1936, 22827, 23513, 286077, 3297, 340371, 4061, 51337, 5339, 6482, 79792, 83481, 8694",8031,False,2.355786612412385,0.033505609315085,0.9568315025513594,4,13,-0.4159821463002756,-0.5624803279826897,0.7736039978034098
10397,"10397, 10656, 1936, 22827, 23513, 286077, 3297, 340371, 4061, 51337, 5339, 6482, 79792, 83481, 8694",4714,False,2.460118564690937,0.0272330346583129,1.0799644170621625,4,13,-0.1753130349898315,-0.3493819606120927,0.7578267072412546
10397,"10397, 10656, 1936, 22827, 23513, 286077, 3297, 340371, 4061, 51337, 5339, 6482, 79792, 83481, 8694",8602,False,-3.177564171536287,0.0264317789317882,-1.8482805239685876,4,13,-1.4197751664282203,-1.0293603167319074,0.7568854103964252
10397,"10397, 10656, 1936, 22827, 23513, 286077, 3297, 340371, 4061, 51337, 5339, 6482, 79792, 83481, 8694",51070,False,3.2992663775452167,0.0052742373531285,1.4585898740092025,4,13,-0.1369375156231281,-0.3099686140853032,0.5690627652760771
10397,"10397, 10656, 1936, 22827, 23513, 286077, 3297, 340371, 4061, 51337, 5339, 6482, 79792, 83481, 8694",10412,False,-2.7040872877975253,0.0163646741813025,-1.131752522099789,4,13,-1.4840706020262897,-1.300794183622268,0.7016422622248645
10397,"10397, 10656, 1936, 22827, 23513, 286077, 3297, 340371, 4061, 51337, 5339, 6482, 79792, 83481, 8694",286053,False,2.2565645480738628,0.0393946040310772,0.9504856328416696,4,13,-0.3376192508166531,-0.5012083387912083,0.7920294554796992
10397,"10397, 10656, 1936, 22827, 23513, 286077, 3297, 340371, 4061, 51337, 5339, 6482, 79792, 83481, 8694",10726,False,2.2101002540101358,0.0453898529369997,0.9954608574798068,4,13,-0.6765282313640317,-0.8628494089967481,0.7982670741340606
10397,"10397, 10656, 1936, 22827, 23513, 286077, 3297, 340371, 4061, 51337, 5339, 6482, 79792, 83481, 8694",79902,False,2.344282590216965,0.0448908632941205,1.1645766073734942,4,13,-1.3602920461742074,-1.6245201004455094,0.7982670741340606
10397,"10397, 10656, 1936, 22827, 23513, 286077, 3297, 340371, 4061, 51337, 5339, 6482, 79792, 83481, 8694",5134,False,-2.7216214486088317,0.024930690337906,-1.3585383002930425,4,13,-1.4269549309258835,-0.831524597753342,0.7568854103964252
10397,"10397, 10656, 1936, 22827, 23513, 286077, 3297, 340371, 4061, 51337, 5339, 6482, 79792, 83481, 8694",23047,False,-3.004959470073291,0.0386158379479271,-1.8421797630182664,4,13,-0.4990675637358194,-0.1400879167817646,0.7891616186922428
10397,"10397, 10656, 1936, 22827, 23513, 286077, 3297, 340371, 4061, 51337, 5339, 6482, 79792, 83481, 8694",94005,False,-2.487831346762601,0.0362272804870688,-1.2423367688776157,4,13,-0.4634051908225577,-0.2857323916055184,0.7797765726372132
10397,"10397, 10656, 1936, 22827, 23513, 286077, 3297, 340371, 4061, 51337, 5339, 6482, 79792, 83481, 8694",56902,False,-3.0082369468587897,0.0094263211302011,-1.331171776097786,4,13,-1.3510594950018988,-1.0909017977136837,0.6196372357436517
10397,"10397, 10656, 1936, 22827, 23513, 286077, 3297, 340371, 4061, 51337, 5339, 6482, 79792, 83481, 8694",5441,False,3.1261199748204285,0.0073368272268676,1.375022987813175,4,13,-2.1199156982887857,-2.6666457555566856,0.5963678797152245
10397,"10397, 10656, 1936, 22827, 23513, 286077, 3297, 340371, 4061, 51337, 5339, 6482, 79792, 83481, 8694",60490,False,2.375752311718039,0.0349602310336692,1.094852129376522,4,13,0.079456241344455,-0.101542471599252,0.7760302177369495
10397,"10397, 10656, 1936, 22827, 23513, 286077, 3297, 340371, 4061, 51337, 5339, 6482, 79792, 83481, 8694",51645,False,2.379139492770255,0.0386931963572244,1.1439692695658712,4,13,-0.442116535597822,-0.941271477465931,0.789404272527965
10397,"10397, 10656, 1936, 22827, 23513, 286077, 3297, 340371, 4061, 51337, 5339, 6482, 79792, 83481, 8694",8624,False,-2.677984898564428,0.0176581429085624,-1.096867915801201,4,13,-0.7942136873993217,-0.484519535252875,0.7134390816796584
10397,"10397, 10656, 1936, 22827, 23513, 286077, 3297, 340371, 4061, 51337, 5339, 6482, 79792, 83481, 8694",118672,False,3.5331506065890594,0.005054572861593,1.6814656994005015,4,13,-0.348599359722735,-0.6839081816756263,0.5647706482767996
10397,"10397, 10656, 1936, 22827, 23513, 286077, 3297, 340371, 4061, 51337, 5339, 6482, 79792, 83481, 8694",29127,False,3.256420101500931,0.0066699739187153,1.4929479580412195,4,13,-1.1010497200920786,-1.6124039246873765,0.5853481090725166
10397,"10397, 10656, 1936, 22827, 23513, 286077, 3297, 340371, 4061, 51337, 5339, 6482, 79792, 83481, 8694",56852,False,2.4993121680916746,0.0343704145148036,1.2350226491186842,4,13,0.0102424406864404,-0.1695956963154584,0.7760302177369495
10397,"10397, 10656, 1936, 22827, 23513, 286077, 3297, 340371, 4061, 51337, 5339, 6482, 79792, 83481, 8694",57038,False,2.5905338062336587,0.0207986055484574,1.0675400689794738,4,13,-0.1540855532857628,-0.3882495633591761,0.7292762103763515
10397,"10397, 10656, 1936, 22827, 23513, 286077, 3297, 340371, 4061, 51337, 5339, 6482, 79792, 83481, 8694",27316,False,2.178223539961134,0.047076344397638,0.9645586591160366,4,13,-1.6349255198103898,-1.941422722305553,0.8015763446676192
10397,"10397, 10656, 1936, 22827, 23513, 286077, 3297, 340371, 4061, 51337, 5339, 6482, 79792, 83481, 8694",55312,False,2.72101554723756,0.0158934157941897,1.1313360061389726,4,13,-0.0406529837128655,-0.2569408795806182,0.7006015786627908
10397,"10397, 10656, 1936, 22827, 23513, 286077, 3297, 340371, 4061, 51337, 5339, 6482, 79792, 83481, 8694",114822,False,-4.342688001263879,0.0067526490768858,-2.4540806341343044,4,13,-0.4904786207584278,-0.2451783157320893,0.5853481090725166
10397,"10397, 10656, 1936, 22827, 23513, 286077, 3297, 340371, 4061, 51337, 5339, 6482, 79792, 83481, 8694",165918,False,2.7132950341274933,0.0160299182611819,1.1502512289511415,4,13,-0.4100238828518401,-0.7639968092538519,0.7006015786627908
10397,"10397, 10656, 1936, 22827, 23513, 286077, 3297, 340371, 4061, 51337, 5339, 6482, 79792, 83481, 8694",6047,False,3.1574169558873,0.0075952883505552,1.4287685722611465,4,13,-0.3905387726238408,-0.7934793440440958,0.6017422814857531
10397,"10397, 10656, 1936, 22827, 23513, 286077, 3297, 340371, 4061, 51337, 5339, 6482, 79792, 83481, 8694",6160,False,-2.539485227317036,0.0260523830365436,-1.1728618162364195,4,13,-2.8294354552760934,-2.35579041543696,0.7568854103964252
10397,"10397, 10656, 1936, 22827, 23513, 286077, 3297, 340371, 4061, 51337, 5339, 6482, 79792, 83481, 8694",11224,False,-2.9517385594545025,0.0387621571810455,-1.7827661076600814,4,13,-1.8306652909778391,-1.4385638320072778,0.789404272527965
10397,"10397, 10656, 1936, 22827, 23513, 286077, 3297, 340371, 4061, 51337, 5339, 6482, 79792, 83481, 8694",6175,False,-2.266762845968469,0.045512422339956,-1.0767293858174982,4,13,-1.7061580778850445,-1.4358464865720912,0.7982670741340606
10397,"10397, 10656, 1936, 22827, 23513, 286077, 3297, 340371, 4061, 51337, 5339, 6482, 79792, 83481, 8694",6205,False,-2.9051252824705327,0.012089425072034,-1.3065212003514788,4,13,-2.706949497086934,-2.3240069991500536,0.6581491289643457
10397,"10397, 10656, 1936, 22827, 23513, 286077, 3297, 340371, 4061, 51337, 5339, 6482, 79792, 83481, 8694",6218,False,-2.5265688056406383,0.0474328404502463,-1.4984183808959677,3,9,-1.762474649375463,-1.48223231151642,0.8015763446676192
10397,"10397, 10656, 1936, 22827, 23513, 286077, 3297, 340371, 4061, 51337, 5339, 6482, 79792, 83481, 8694",6223,False,-2.6755288919955937,0.0459038934374765,-1.550688305232906,4,13,-3.267974509972907,-2.742290617020942,0.7982670741340606
10397,"10397, 10656, 1936, 22827, 23513, 286077, 3297, 340371, 4061, 51337, 5339, 6482, 79792, 83481, 8694",6229,False,-2.344033700286458,0.0435034413573433,-1.1512108454495464,4,13,-1.85507450993664,-1.4865329890188066,0.7982670741340606
10397,"10397, 10656, 1936, 22827, 23513, 286077, 3297, 340371, 4061, 51337, 5339, 6482, 79792, 83481, 8694",6235,False,-2.858009401308916,0.0266486324940157,-1.521463881514778,4,13,-3.350063906274765,-2.861608272121196,0.7568854103964252
10397,"10397, 10656, 1936, 22827, 23513, 286077, 3297, 340371, 4061, 51337, 5339, 6482, 79792, 83481, 8694",27341,False,-2.234220279033024,0.0415434464728985,-0.969620724316818,4,13,-0.9935429523345062,-0.8083006784790994,0.7953376919186252
10397,"10397, 10656, 1936, 22827, 23513, 286077, 3297, 340371, 4061, 51337, 5339, 6482, 79792, 83481, 8694",388228,False,2.7198536529735677,0.0168169882692408,1.2095444713605197,4,13,-0.1392275497354376,-0.2733823116292333,0.7070974930710524
10397,"10397, 10656, 1936, 22827, 23513, 286077, 3297, 340371, 4061, 51337, 5339, 6482, 79792, 83481, 8694",6389,False,2.612781151012198,0.0196732690034685,1.1187846077078352,4,13,-0.0194735175053782,-0.23235472170492,0.7200773977905233
10397,"10397, 10656, 1936, 22827, 23513, 286077, 3297, 340371, 4061, 51337, 5339, 6482, 79792, 83481, 8694",644096,False,3.050984919794524,0.0081632400448547,1.310597689235295,4,13,-0.2164382769733648,-0.4228120757223163,0.606753867466964
10397,"10397, 10656, 1936, 22827, 23513, 286077, 3297, 340371, 4061, 51337, 5339, 6482, 79792, 83481, 8694",6390,False,2.4831297119137714,0.0301471928102332,1.1651618927731142,4,13,-0.0718912379468473,-0.3417844139022161,0.7686204498923369
10397,"10397, 10656, 1936, 22827, 23513, 286077, 3297, 340371, 4061, 51337, 5339, 6482, 79792, 83481, 8694",6400,False,2.292928064025106,0.0368820658605614,0.9849730595849367,4,13,-0.0770488758970202,-0.2434433253107025,0.7836483879259681
10397,"10397, 10656, 1936, 22827, 23513, 286077, 3297, 340371, 4061, 51337, 5339, 6482, 79792, 83481, 8694",10463,False,2.6465525900209634,0.0262012639307038,1.296585686926549,4,13,-0.0261998604857201,-0.3094254535544972,0.7568854103964252
10397,"10397, 10656, 1936, 22827, 23513, 286077, 3297, 340371, 4061, 51337, 5339, 6482, 79792, 83481, 8694",9197,False,2.6633597093089474,0.0188182622585431,1.185845092995643,4,13,-0.1094876132841877,-0.3327632728540833,0.7134390816796584
10397,"10397, 10656, 1936, 22827, 23513, 286077, 3297, 340371, 4061, 51337, 5339, 6482, 79792, 83481, 8694",9126,False,2.472617754902595,0.0258681842970877,1.0474720974146603,4,13,-1.2088203196963607,-1.3989435425846537,0.7568854103964252
10397,"10397, 10656, 1936, 22827, 23513, 286077, 3297, 340371, 4061, 51337, 5339, 6482, 79792, 83481, 8694",10051,False,3.4408426120694786,0.013853427568139,1.868851363795056,4,13,-1.3754065857810942,-1.6327091455585996,0.6751793909154472
10397,"10397, 10656, 1936, 22827, 23513, 286077, 3297, 340371, 4061, 51337, 5339, 6482, 79792, 83481, 8694",9887,False,2.435327308169719,0.0282371815659331,1.0022167250433147,4,13,-0.4174625464105997,-0.5567244138172499,0.7586792529741281
10397,"10397, 10656, 1936, 22827, 23513, 286077, 3297, 340371, 4061, 51337, 5339, 6482, 79792, 83481, 8694",8773,False,-2.466414099813244,0.0428358619734786,-1.284347380469148,4,13,-1.1403695943588896,-0.5032229717992305,0.7975356290297795
10397,"10397, 10656, 1936, 22827, 23513, 286077, 3297, 340371, 4061, 51337, 5339, 6482, 79792, 83481, 8694",6618,False,3.305915357959727,0.0063940443441861,1.5304999563695865,4,13,-0.9692733659324532,-1.4747117247749295,0.5853481090725166
10397,"10397, 10656, 1936, 22827, 23513, 286077, 3297, 340371, 4061, 51337, 5339, 6482, 79792, 83481, 8694",6619,False,2.469669338485991,0.0260724222228457,1.054595967655492,4,13,-1.123721468279934,-1.4275137349421585,0.7568854103964252
10397,"10397, 10656, 1936, 22827, 23513, 286077, 3297, 340371, 4061, 51337, 5339, 6482, 79792, 83481, 8694",11017,False,2.8024383684704954,0.028604210824269,1.4899300153015351,4,13,-0.9686874053337078,-1.18272681025893,0.7602841939596087
10397,"10397, 10656, 1936, 22827, 23513, 286077, 3297, 340371, 4061, 51337, 5339, 6482, 79792, 83481, 8694",57405,False,2.3311274245312514,0.0395008124979558,1.0938022085376389,4,13,-1.302532920735961,-1.6470693501200744,0.7920294554796992
10397,"10397, 10656, 1936, 22827, 23513, 286077, 3297, 340371, 4061, 51337, 5339, 6482, 79792, 83481, 8694",283377,False,-2.703205722923623,0.0273961795535505,-1.3718144427278132,4,13,-0.5731212036003147,-0.4343193451797615,0.7578267072412546
10397,"10397, 10656, 1936, 22827, 23513, 286077, 3297, 340371, 4061, 51337, 5339, 6482, 79792, 83481, 8694",55133,False,2.877155844443865,0.0220109990626732,1.475353394444597,4,13,-1.1427500143203195,-1.5326117038334135,0.7398212951771879
10397,"10397, 10656, 1936, 22827, 23513, 286077, 3297, 340371, 4061, 51337, 5339, 6482, 79792, 83481, 8694",58477,False,2.2313029831951887,0.0414122624907866,0.952737201088743,4,13,-0.5659297529617845,-0.7112972984390743,0.7950058640262805
10397,"10397, 10656, 1936, 22827, 23513, 286077, 3297, 340371, 4061, 51337, 5339, 6482, 79792, 83481, 8694",10250,False,2.900472132607199,0.0112111821301502,1.2582311872490315,4,13,-0.6600153785967844,-0.8433756203735491,0.64579115731803
10397,"10397, 10656, 1936, 22827, 23513, 286077, 3297, 340371, 4061, 51337, 5339, 6482, 79792, 83481, 8694",6432,False,3.481084475988381,0.0088314553930735,1.7751298265026876,4,13,-1.818828327790431,-2.2694827269495024,0.613409593830681
10397,"10397, 10656, 1936, 22827, 23513, 286077, 3297, 340371, 4061, 51337, 5339, 6482, 79792, 83481, 8694",57794,False,3.218024055447229,0.0096460298776743,1.559717266863952,4,13,-0.5368952369896498,-0.7542926650109146,0.6229602688458178
10397,"10397, 10656, 1936, 22827, 23513, 286077, 3297, 340371, 4061, 51337, 5339, 6482, 79792, 83481, 8694",8464,False,5.14822033608574,0.0001190477792069,2.171321155453766,4,13,0.1219067367210031,-0.3163262753635492,0.1461550205339268
10397,"10397, 10656, 1936, 22827, 23513, 286077, 3297, 340371, 4061, 51337, 5339, 6482, 79792, 83481, 8694",9913,False,2.7264244555926425,0.018749493487893,1.265032824187903,4,13,0.2720113435985147,-0.1184732144589168,0.7134390816796584
10397,"10397, 10656, 1936, 22827, 23513, 286077, 3297, 340371, 4061, 51337, 5339, 6482, 79792, 83481, 8694",6879,False,3.4391486351018083,0.0037994724750856,1.4135079547659122,4,13,-0.6032424148538885,-0.8113160830329385,0.5147583596607811
10397,"10397, 10656, 1936, 22827, 23513, 286077, 3297, 340371, 4061, 51337, 5339, 6482, 79792, 83481, 8694",10607,False,-3.6844776998781463,0.0023869693996984,-1.5024373718669917,4,13,-1.482671910204793,-1.1383753222318056,0.4587117602278026
10397,"10397, 10656, 1936, 22827, 23513, 286077, 3297, 340371, 4061, 51337, 5339, 6482, 79792, 83481, 8694",6950,False,-2.961059684479819,0.019448134729034,-1.5185245642969412,4,13,-2.3049778924048443,-1.8363367511271735,0.7181353628805818
10397,"10397, 10656, 1936, 22827, 23513, 286077, 3297, 340371, 4061, 51337, 5339, 6482, 79792, 83481, 8694",79736,False,2.4768436446782225,0.031764261260632,1.1789442468266194,4,13,-0.2248068689288914,-0.491702575761867,0.7715553047120207
10397,"10397, 10656, 1936, 22827, 23513, 286077, 3297, 340371, 4061, 51337, 5339, 6482, 79792, 83481, 8694",7050,False,2.284813401836227,0.0403116739693991,1.0407275117762802,4,13,0.127212457004277,-0.1213217830197554,0.7950058640262805
10397,"10397, 10656, 1936, 22827, 23513, 286077, 3297, 340371, 4061, 51337, 5339, 6482, 79792, 83481, 8694",8563,False,3.019324093119048,0.0093573023880665,1.3429875871106498,4,13,-1.2021141430784748,-1.4463624327168143,0.6196372357436517
10397,"10397, 10656, 1936, 22827, 23513, 286077, 3297, 340371, 4061, 51337, 5339, 6482, 79792, 83481, 8694",79228,False,2.599135961284742,0.0498762980477764,1.5030133706677788,4,13,-0.2335900626350583,-0.4221845679626979,0.8046714497212784
10397,"10397, 10656, 1936, 22827, 23513, 286077, 3297, 340371, 4061, 51337, 5339, 6482, 79792, 83481, 8694",9967,False,2.5178283164525177,0.0275548634586684,1.1698763781754515,4,13,-0.2206324111498832,-0.4185831820849129,0.7578267072412546
10397,"10397, 10656, 1936, 22827, 23513, 286077, 3297, 340371, 4061, 51337, 5339, 6482, 79792, 83481, 8694",10469,False,2.6461501325217904,0.0314967881210896,1.3615854578809017,4,13,-0.7319694260832141,-0.971330692058056,0.7710891626210068
10397,"10397, 10656, 1936, 22827, 23513, 286077, 3297, 340371, 4061, 51337, 5339, 6482, 79792, 83481, 8694",64759,False,2.1836785322817143,0.045486344759245,0.9069652397173732,4,13,-0.1960889636017913,-0.3437923348365031,0.7982670741340606
10397,"10397, 10656, 1936, 22827, 23513, 286077, 3297, 340371, 4061, 51337, 5339, 6482, 79792, 83481, 8694",7161,False,2.614192596817063,0.0195444152296082,1.1008840632909134,4,13,0.0353473734967026,-0.1027359886210324,0.7183532871617752
10397,"10397, 10656, 1936, 22827, 23513, 286077, 3297, 340371, 4061, 51337, 5339, 6482, 79792, 83481, 8694",7186,False,2.349545612810258,0.0422650316577918,1.1456591893970436,4,13,-0.2563952791013606,-0.5604005413571922,0.7974289184896268
10397,"10397, 10656, 1936, 22827, 23513, 286077, 3297, 340371, 4061, 51337, 5339, 6482, 79792, 83481, 8694",10293,False,3.012961198175912,0.0098572111247377,1.3568779373205082,4,13,-0.4214016043880372,-0.8140916508504689,0.6262169779905742
10397,"10397, 10656, 1936, 22827, 23513, 286077, 3297, 340371, 4061, 51337, 5339, 6482, 79792, 83481, 8694",9319,False,2.800368753117831,0.0134735413466005,1.1927727723247703,4,13,-0.1992530417271737,-0.3874461615951855,0.6751793909154472
10397,"10397, 10656, 1936, 22827, 23513, 286077, 3297, 340371, 4061, 51337, 5339, 6482, 79792, 83481, 8694",80705,False,2.388538091891371,0.030716322582519,0.9902281268816496,4,13,-0.2338081944989554,-0.3295146244620627,0.7689044219165413
10397,"10397, 10656, 1936, 22827, 23513, 286077, 3297, 340371, 4061, 51337, 5339, 6482, 79792, 83481, 8694",10844,False,5.561083272855638,5.4556862839841565e-05,2.3418639936380066,4,13,-0.7521092999189266,-1.578778332214713,0.1096423598059726
10397,"10397, 10656, 1936, 22827, 23513, 286077, 3297, 340371, 4061, 51337, 5339, 6482, 79792, 83481, 8694",27229,False,3.3679914324092173,0.0043095520755765,1.3948871838945365,4,13,-1.2297634505625734,-1.5687237191199015,0.5373081927011933
10397,"10397, 10656, 1936, 22827, 23513, 286077, 3297, 340371, 4061, 51337, 5339, 6482, 79792, 83481, 8694",85378,False,2.782969906907463,0.0323540435207158,1.51614359568729,4,13,-0.79283541305794,-1.052427181543078,0.7715553047120207
10397,"10397, 10656, 1936, 22827, 23513, 286077, 3297, 340371, 4061, 51337, 5339, 6482, 79792, 83481, 8694",7307,False,2.335879284933537,0.0393097211633322,1.0976589543995685,4,13,-1.4588397346817816,-1.667447902584184,0.7920195618927413
10397,"10397, 10656, 1936, 22827, 23513, 286077, 3297, 340371, 4061, 51337, 5339, 6482, 79792, 83481, 8694",3093,False,4.329399134371901,0.0007757569722603,1.7328924326108848,4,13,0.0052406400230766,-0.2295462740509652,0.3259895048147984
10397,"10397, 10656, 1936, 22827, 23513, 286077, 3297, 340371, 4061, 51337, 5339, 6482, 79792, 83481, 8694",55245,False,2.208697940359634,0.0431740400912512,0.9347783352847872,4,13,-0.0834024511000105,-0.2075011511717614,0.7982670741340606
10397,"10397, 10656, 1936, 22827, 23513, 286077, 3297, 340371, 4061, 51337, 5339, 6482, 79792, 83481, 8694",7385,False,2.2203551874157545,0.0490376860872338,1.051998007174425,4,13,-0.164806650959658,-0.3604086395036164,0.8037156778640308
10397,"10397, 10656, 1936, 22827, 23513, 286077, 3297, 340371, 4061, 51337, 5339, 6482, 79792, 83481, 8694",7386,False,3.182726894300897,0.006553167268075,1.4000187816433478,4,13,-0.2805584322260404,-0.496353154609533,0.5853481090725166
10397,"10397, 10656, 1936, 22827, 23513, 286077, 3297, 340371, 4061, 51337, 5339, 6482, 79792, 83481, 8694",27089,False,2.6184207137368034,0.0194958624292106,1.0890537000472271,4,13,-0.2061659873524489,-0.3597135856200926,0.7182293791563088
10397,"10397, 10656, 1936, 22827, 23513, 286077, 3297, 340371, 4061, 51337, 5339, 6482, 79792, 83481, 8694",8239,False,2.5825405563595965,0.0437444809767949,1.422758507365314,4,13,-0.3315825095279644,-0.7617978390197669,0.7982670741340606
10397,"10397, 10656, 1936, 22827, 23513, 286077, 3297, 340371, 4061, 51337, 5339, 6482, 79792, 83481, 8694",6944,False,3.025762114892216,0.0338235442985053,1.7975569979906798,4,13,-0.2503333909827765,-0.5718776028621361,0.7756806519949839
10397,"10397, 10656, 1936, 22827, 23513, 286077, 3297, 340371, 4061, 51337, 5339, 6482, 79792, 83481, 8694",55759,False,-4.3284650764178005,0.0020833106095731,-2.147585981011697,4,13,-1.5694523127406748,-1.228638088796487,0.4465260283830929
10397,"10397, 10656, 1936, 22827, 23513, 286077, 3297, 340371, 4061, 51337, 5339, 6482, 79792, 83481, 8694",54464,False,2.734987890924617,0.0168784612947766,1.2325669830326995,4,13,-0.4224418636229718,-0.6788567483023288,0.7070974930710524
10404,"10404, 10499, 10565, 137682, 26986, 4147, 50484, 51123, 54845, 55636, 6674, 7534, 767, 79666, 79977, 92140, 9791",60,False,-2.5108918847687463,0.024982565355949,-0.964422166352042,3,14,-0.6927772686338782,-0.4967072401094329,0.7568854103964252
10404,"10404, 10499, 10565, 137682, 26986, 4147, 50484, 51123, 54845, 55636, 6674, 7534, 767, 79666, 79977, 92140, 9791",102157402,False,-2.959937264568276,0.0357587126425833,-1.6012824581275502,3,14,-1.5172216937359475,-0.9611566358327036,0.7792678241219885
10404,"10404, 10499, 10565, 137682, 26986, 4147, 50484, 51123, 54845, 55636, 6674, 7534, 767, 79666, 79977, 92140, 9791",230,False,-3.4541066233300426,0.0488459229667103,-2.3043524955579007,3,14,-0.5647149157757835,-0.295884947136913,0.8037156778640308
10404,"10404, 10499, 10565, 137682, 26986, 4147, 50484, 51123, 54845, 55636, 6674, 7534, 767, 79666, 79977, 92140, 9791",23141,False,2.5866522193373367,0.0393190600191041,1.279677199598548,3,14,-1.9471523697599624,-2.3330128943165698,0.7920195618927413
10404,"10404, 10499, 10565, 137682, 26986, 4147, 50484, 51123, 54845, 55636, 6674, 7534, 767, 79666, 79977, 92140, 9791",163,False,2.4483667394849697,0.0306541590585795,1.0599279116874043,3,14,-0.0217328058247627,-0.1650254889390119,0.7689044219165413
10404,"10404, 10499, 10565, 137682, 26986, 4147, 50484, 51123, 54845, 55636, 6674, 7534, 767, 79666, 79977, 92140, 9791",1175,False,3.313778333126756,0.0047414367289679,1.335216834780433,3,14,-0.2359629725585043,-0.5865188134933196,0.5484471920552845
10404,"10404, 10499, 10565, 137682, 26986, 4147, 50484, 51123, 54845, 55636, 6674, 7534, 767, 79666, 79977, 92140, 9791",285598,False,-2.395094834817191,0.036639587506975,-1.0676368498224416,3,14,-0.4007115581281542,-0.2251943262488514,0.7828467321786678
10404,"10404, 10499, 10565, 137682, 26986, 4147, 50484, 51123, 54845, 55636, 6674, 7534, 767, 79666, 79977, 92140, 9791",506,False,3.3784202124872422,0.0047298384624186,1.423320019592526,3,14,-0.7919822069923472,-1.0945277832686269,0.5484471920552845
10404,"10404, 10499, 10565, 137682, 26986, 4147, 50484, 51123, 54845, 55636, 6674, 7534, 767, 79666, 79977, 92140, 9791",513,False,2.327466028125335,0.0357647401358018,0.8904235626846968,3,14,-0.6258449932200065,-0.8079301410915355,0.7792678241219885
10404,"10404, 10499, 10565, 137682, 26986, 4147, 50484, 51123, 54845, 55636, 6674, 7534, 767, 79666, 79977, 92140, 9791",539,False,2.9038313491722065,0.0249123552804043,1.430044713009535,3,14,-0.2415841811550048,-0.4883542168652275,0.7568854103964252
10404,"10404, 10499, 10565, 137682, 26986, 4147, 50484, 51123, 54845, 55636, 6674, 7534, 767, 79666, 79977, 92140, 9791",617,False,4.733829298245669,0.0002690482009098,1.8738671676466767,3,14,-0.1400964635615496,-0.3711999169283279,0.2103405602834605
10404,"10404, 10499, 10565, 137682, 26986, 4147, 50484, 51123, 54845, 55636, 6674, 7534, 767, 79666, 79977, 92140, 9791",23774,False,2.2437352828498702,0.0473302633372439,0.9978376402886476,3,14,0.0573345051438296,-0.0857441199531278,0.8015763446676192
10404,"10404, 10499, 10565, 137682, 26986, 4147, 50484, 51123, 54845, 55636, 6674, 7534, 767, 79666, 79977, 92140, 9791",2972,False,2.617951032676425,0.0194836909842978,1.059613187699225,3,14,-1.1561537357833946,-1.392168673248817,0.7182293791563088
10404,"10404, 10499, 10565, 137682, 26986, 4147, 50484, 51123, 54845, 55636, 6674, 7534, 767, 79666, 79977, 92140, 9791",705,False,-6.328597026272937,0.0001259340666891,-2.896193274483068,3,14,-1.8582429160283465,-1.2710531695120288,0.1461550205339268
10404,"10404, 10499, 10565, 137682, 26986, 4147, 50484, 51123, 54845, 55636, 6674, 7534, 767, 79666, 79977, 92140, 9791",83608,False,-2.6133658280512435,0.0455116603081429,-1.3569656351471926,3,14,-0.7320710202699144,-0.4569420190883737,0.7982670741340606
10404,"10404, 10499, 10565, 137682, 26986, 4147, 50484, 51123, 54845, 55636, 6674, 7534, 767, 79666, 79977, 92140, 9791",128061,False,-5.134477990392567,0.0001404566335581,-2.119547359332828,3,14,-1.0699561927539465,-0.7756211580845378,0.1539840603694562
10404,"10404, 10499, 10565, 137682, 26986, 4147, 50484, 51123, 54845, 55636, 6674, 7534, 767, 79666, 79977, 92140, 9791",65265,False,-2.214613826194441,0.0467644725876832,-0.9578354027615306,3,14,-0.4296678341241748,-0.2727447448032546,0.8015763446676192
10404,"10404, 10499, 10565, 137682, 26986, 4147, 50484, 51123, 54845, 55636, 6674, 7534, 767, 79666, 79977, 92140, 9791",819,False,2.7361110844985284,0.015311719077507,1.0898818345910928,3,14,-0.2943357601310236,-0.4523410978467734,0.6930559530626134
10404,"10404, 10499, 10565, 137682, 26986, 4147, 50484, 51123, 54845, 55636, 6674, 7534, 767, 79666, 79977, 92140, 9791",124808,False,2.4289543900428563,0.0416631000163267,1.145941465451353,3,14,-0.2547462375758201,-0.3777511073882618,0.7955525158072521
10404,"10404, 10499, 10565, 137682, 26986, 4147, 50484, 51123, 54845, 55636, 6674, 7534, 767, 79666, 79977, 92140, 9791",11189,False,2.797597165879228,0.0136741104811787,1.0977724263223594,3,14,0.024876264685556,-0.0743490050814579,0.6751793909154472
10404,"10404, 10499, 10565, 137682, 26986, 4147, 50484, 51123, 54845, 55636, 6674, 7534, 767, 79666, 79977, 92140, 9791",55835,False,3.023476186132307,0.0091529051004531,1.260702573290432,3,14,-0.1534140509302902,-0.333936809094665,0.6177479122895033
10404,"10404, 10499, 10565, 137682, 26986, 4147, 50484, 51123, 54845, 55636, 6674, 7534, 767, 79666, 79977, 92140, 9791",55125,False,2.568116816534274,0.0375932870444058,1.2472742854759364,3,14,-0.597108069124168,-0.8479138700426068,0.7855967493217224
10404,"10404, 10499, 10565, 137682, 26986, 4147, 50484, 51123, 54845, 55636, 6674, 7534, 767, 79666, 79977, 92140, 9791",55165,False,2.653371837818004,0.0191274296613054,1.0153888626378302,3,14,-0.0132930667035962,-0.1744467080679067,0.7163662249874128
10404,"10404, 10499, 10565, 137682, 26986, 4147, 50484, 51123, 54845, 55636, 6674, 7534, 767, 79666, 79977, 92140, 9791",57511,False,2.458038994130478,0.0366937064232331,1.1327709775458892,3,14,-0.3457903537472394,-0.4950858204756359,0.7833055114014222
10404,"10404, 10499, 10565, 137682, 26986, 4147, 50484, 51123, 54845, 55636, 6674, 7534, 767, 79666, 79977, 92140, 9791",64326,False,-3.023844684031851,0.0301299848744883,-1.598520957911684,3,14,-0.5612274494441487,-0.3338174200288192,0.7686204498923369
10404,"10404, 10499, 10565, 137682, 26986, 4147, 50484, 51123, 54845, 55636, 6674, 7534, 767, 79666, 79977, 92140, 9791",55352,False,2.897516779467061,0.0156991714527245,1.2996278647939403,3,14,-0.0313893059651143,-0.2301785641943878,0.6974249063760671
10404,"10404, 10499, 10565, 137682, 26986, 4147, 50484, 51123, 54845, 55636, 6674, 7534, 767, 79666, 79977, 92140, 9791",8533,False,2.3898467868651663,0.0446175466549493,1.1301785868377572,3,14,-0.594653444402052,-0.8064125658767743,0.7982670741340606
10404,"10404, 10499, 10565, 137682, 26986, 4147, 50484, 51123, 54845, 55636, 6674, 7534, 767, 79666, 79977, 92140, 9791",10063,False,2.5318404856585777,0.0233869441463174,0.9867011199612108,3,14,-0.4522227287816332,-0.6639794411030568,0.7485525004632818
10404,"10404, 10499, 10565, 137682, 26986, 4147, 50484, 51123, 54845, 55636, 6674, 7534, 767, 79666, 79977, 92140, 9791",90639,False,2.453226391539752,0.02979915944987,1.054190189687269,3,14,-0.0559370140833638,-0.2087640860969104,0.767444887438343
10404,"10404, 10499, 10565, 137682, 26986, 4147, 50484, 51123, 54845, 55636, 6674, 7534, 767, 79666, 79977, 92140, 9791",1337,False,-2.298248123117317,0.0497870012912007,-1.0753671733391468,3,14,-0.6239530735564138,-0.5100644771911699,0.8046714497212784
10404,"10404, 10499, 10565, 137682, 26986, 4147, 50484, 51123, 54845, 55636, 6674, 7534, 767, 79666, 79977, 92140, 9791",1340,False,2.533721130800364,0.023357938766414,0.985695335758976,3,14,-0.3415198149674744,-0.4488218886186781,0.7485525004632818
10404,"10404, 10499, 10565, 137682, 26986, 4147, 50484, 51123, 54845, 55636, 6674, 7534, 767, 79666, 79977, 92140, 9791",1345,False,2.975537081620097,0.0297471284813299,1.5497447833011766,3,14,-0.1861991511298887,-0.3905687893098472,0.767444887438343
10404,"10404, 10499, 10565, 137682, 26986, 4147, 50484, 51123, 54845, 55636, 6674, 7534, 767, 79666, 79977, 92140, 9791",6997,False,-2.641430459234663,0.0272000358833255,-1.2170768683984403,3,14,-0.7193654301629661,-0.4857502546111064,0.7578267072412546
10404,"10404, 10499, 10565, 137682, 26986, 4147, 50484, 51123, 54845, 55636, 6674, 7534, 767, 79666, 79977, 92140, 9791",51379,False,2.5199619147614003,0.0238290784547344,1.0289015372628212,3,14,-0.0962313660812965,-0.2455905358741795,0.7533957011065756
10404,"10404, 10499, 10565, 137682, 26986, 4147, 50484, 51123, 54845, 55636, 6674, 7534, 767, 79666, 79977, 92140, 9791",10664,False,2.684922094597174,0.0178013099310556,1.0315363024175066,3,14,-1.539270504037712,-1.7955588591536666,0.7134390816796584
10404,"10404, 10499, 10565, 137682, 26986, 4147, 50484, 51123, 54845, 55636, 6674, 7534, 767, 79666, 79977, 92140, 9791",1642,False,2.7239098632443586,0.0304765905252194,1.32733945616767,3,14,-1.754012389990974,-2.1134858117223554,0.7689044219165413
10404,"10404, 10499, 10565, 137682, 26986, 4147, 50484, 51123, 54845, 55636, 6674, 7534, 767, 79666, 79977, 92140, 9791",27292,False,-3.3263048470202934,0.0125493314027185,-1.6080683377382787,3,14,-1.487204582934214,-1.097761824855158,0.6630760309431742
10404,"10404, 10499, 10565, 137682, 26986, 4147, 50484, 51123, 54845, 55636, 6674, 7534, 767, 79666, 79977, 92140, 9791",55929,False,3.099746357847196,0.0073338554141941,1.2304715207323,3,14,-0.9702070585784576,-1.1803958378580337,0.5963678797152245
10404,"10404, 10499, 10565, 137682, 26986, 4147, 50484, 51123, 54845, 55636, 6674, 7534, 767, 79666, 79977, 92140, 9791",9093,False,3.7661922325180983,0.0020634463782494,1.450571951725209,3,14,-0.841367652175812,-1.104023025206821,0.4465260283830929
10404,"10404, 10499, 10565, 137682, 26986, 4147, 50484, 51123, 54845, 55636, 6674, 7534, 767, 79666, 79977, 92140, 9791",55735,False,-2.3085527135857085,0.0357069599262582,-0.912690907372682,3,14,-0.7810603579370315,-0.5851865248217656,0.7792678241219885
10404,"10404, 10499, 10565, 137682, 26986, 4147, 50484, 51123, 54845, 55636, 6674, 7534, 767, 79666, 79977, 92140, 9791",8813,False,3.741803546918757,0.0048472798197527,1.7283853042054602,3,14,-0.0623428193465965,-0.2946736765628336,0.5510473205342038
10404,"10404, 10499, 10565, 137682, 26986, 4147, 50484, 51123, 54845, 55636, 6674, 7534, 767, 79666, 79977, 92140, 9791",54344,False,2.7401931936554966,0.0472730718195957,1.4983056149441245,3,14,-0.2791301746568557,-0.4515114658888707,0.8015763446676192
10404,"10404, 10499, 10565, 137682, 26986, 4147, 50484, 51123, 54845, 55636, 6674, 7534, 767, 79666, 79977, 92140, 9791",29102,False,3.6858374174632256,0.0022530232929352,1.445895061181371,3,14,-0.4322175899217899,-0.6590757347654409,0.4563336296853107
10404,"10404, 10499, 10565, 137682, 26986, 4147, 50484, 51123, 54845, 55636, 6674, 7534, 767, 79666, 79977, 92140, 9791",51514,False,2.9516956728301444,0.0100690606710271,1.2048158920515235,3,14,-1.946381754433216,-2.2526447635322286,0.6281078729508837
10404,"10404, 10499, 10565, 137682, 26986, 4147, 50484, 51123, 54845, 55636, 6674, 7534, 767, 79666, 79977, 92140, 9791",8655,False,-2.153423373087674,0.0480165801635475,-0.8531452786716515,3,14,-0.7138751412534171,-0.4836483217029365,0.8025850769705906
10404,"10404, 10499, 10565, 137682, 26986, 4147, 50484, 51123, 54845, 55636, 6674, 7534, 767, 79666, 79977, 92140, 9791",1871,False,-3.71906677005676,0.0116609465566906,-1.9080577654930493,3,14,-0.8145940865554451,-0.2991972441913147,0.6512373017693148
10404,"10404, 10499, 10565, 137682, 26986, 4147, 50484, 51123, 54845, 55636, 6674, 7534, 767, 79666, 79977, 92140, 9791",23167,False,3.968346523695079,0.0013384313751529,1.5372925482051802,3,14,-0.068480039732188,-0.4631306432639451,0.3754654297962222
10404,"10404, 10499, 10565, 137682, 26986, 4147, 50484, 51123, 54845, 55636, 6674, 7534, 767, 79666, 79977, 92140, 9791",1964,False,-3.538448272954169,0.0033512485462514,-1.481014851195493,3,14,-2.7067398840088197,-2.234083546978193,0.5028055018374575
10404,"10404, 10499, 10565, 137682, 26986, 4147, 50484, 51123, 54845, 55636, 6674, 7534, 767, 79666, 79977, 92140, 9791",8661,False,-3.360555606657123,0.0255027583274442,-1.8477094014635929,3,14,-2.0840148490966475,-1.663470989076992,0.7568854103964252
10404,"10404, 10499, 10565, 137682, 26986, 4147, 50484, 51123, 54845, 55636, 6674, 7534, 767, 79666, 79977, 92140, 9791",8662,False,-13.025603476070236,1.576436090483788e-09,-5.281700669181033,3,14,-2.5558630011259083,-1.7929259134981606,7.517944893712662e-05
10404,"10404, 10499, 10565, 137682, 26986, 4147, 50484, 51123, 54845, 55636, 6674, 7534, 767, 79666, 79977, 92140, 9791",8666,False,-5.562261812251872,0.0009924216714132,-2.719856490094162,3,14,-1.683909945118664,-1.224929751706237,0.3424241293940285
10404,"10404, 10499, 10565, 137682, 26986, 4147, 50484, 51123, 54845, 55636, 6674, 7534, 767, 79666, 79977, 92140, 9791",9470,False,2.6901531572354025,0.0400296341840862,1.384772580714115,3,14,-0.0593022296972751,-0.329091016837948,0.7944208237294973
10404,"10404, 10499, 10565, 137682, 26986, 4147, 50484, 51123, 54845, 55636, 6674, 7534, 767, 79666, 79977, 92140, 9791",56943,False,3.171602277039585,0.0228097351178212,1.6400016587912136,3,14,-0.48829058398337,-0.7815667134076597,0.7453133695795386
10404,"10404, 10499, 10565, 137682, 26986, 4147, 50484, 51123, 54845, 55636, 6674, 7534, 767, 79666, 79977, 92140, 9791",51575,False,-3.8782648265577793,0.0054817647996803,-1.856117089961105,3,14,-1.0831321654114816,-0.7030092530164626,0.571156009807942
10404,"10404, 10499, 10565, 137682, 26986, 4147, 50484, 51123, 54845, 55636, 6674, 7534, 767, 79666, 79977, 92140, 9791",80204,False,2.743937253077369,0.0163100737089629,1.0444475217628164,3,14,-0.0473056927664712,-0.2523346034027456,0.7016422622248645
10404,"10404, 10499, 10565, 137682, 26986, 4147, 50484, 51123, 54845, 55636, 6674, 7534, 767, 79666, 79977, 92140, 9791",26268,False,3.5058305767495024,0.0199438757695586,1.8901577305785608,3,14,-0.0578151251022249,-0.2533618409005323,0.7221619156895851
10404,"10404, 10499, 10565, 137682, 26986, 4147, 50484, 51123, 54845, 55636, 6674, 7534, 767, 79666, 79977, 92140, 9791",54433,False,-2.45221207256241,0.0402924242280877,-1.1577775399852217,3,14,-0.7439535905944045,-0.5432640542859201,0.7950058640262805
10404,"10404, 10499, 10565, 137682, 26986, 4147, 50484, 51123, 54845, 55636, 6674, 7534, 767, 79666, 79977, 92140, 9791",246176,False,5.12896851712509,0.0001261601333882,2.074730755040721,3,14,-0.1208327175191533,-0.3100489201147795,0.1461550205339268
10404,"10404, 10499, 10565, 137682, 26986, 4147, 50484, 51123, 54845, 55636, 6674, 7534, 767, 79666, 79977, 92140, 9791",7485,False,3.087175143010169,0.0122395063436222,1.4035498043994188,3,14,0.0466196604494835,-0.2161327950236994,0.66067505824945
10404,"10404, 10499, 10565, 137682, 26986, 4147, 50484, 51123, 54845, 55636, 6674, 7534, 767, 79666, 79977, 92140, 9791",439,False,2.683829833254753,0.0426959090515731,1.4020592170861894,3,14,-0.2154168648600794,-0.6899852523026251,0.7975356290297795
10404,"10404, 10499, 10565, 137682, 26986, 4147, 50484, 51123, 54845, 55636, 6674, 7534, 767, 79666, 79977, 92140, 9791",51608,False,2.8817849255655137,0.0114977155564072,1.1345656902305363,3,14,0.0765001265602531,-0.2123428487507743,0.6488452626579987
10404,"10404, 10499, 10565, 137682, 26986, 4147, 50484, 51123, 54845, 55636, 6674, 7534, 767, 79666, 79977, 92140, 9791",8841,False,3.3862486536127707,0.0065949103548303,1.511995187944748,3,14,-0.6183924704931819,-1.0727807025912337,0.5853481090725166
10404,"10404, 10499, 10565, 137682, 26986, 4147, 50484, 51123, 54845, 55636, 6674, 7534, 767, 79666, 79977, 92140, 9791",25988,False,2.222985069243541,0.0430930837450848,0.8559901866824825,3,14,-1.579970518975954,-1.8834694978966264,0.7982670741340606
10404,"10404, 10499, 10565, 137682, 26986, 4147, 50484, 51123, 54845, 55636, 6674, 7534, 767, 79666, 79977, 92140, 9791",57461,False,-4.0315784347492185,0.0061584313331159,-1.9967493848379951,3,14,-1.3480868704855322,-0.9795319245433356,0.5814955949380457
10404,"10404, 10499, 10565, 137682, 26986, 4147, 50484, 51123, 54845, 55636, 6674, 7534, 767, 79666, 79977, 92140, 9791",3705,False,2.298230384783748,0.0381636660115383,0.8749165915979736,3,14,-0.1170308263896999,-0.2513431408296363,0.7887891891367923
10404,"10404, 10499, 10565, 137682, 26986, 4147, 50484, 51123, 54845, 55636, 6674, 7534, 767, 79666, 79977, 92140, 9791",10300,False,3.335267895890115,0.0048468005957849,1.2859029323149622,3,14,-0.2603975462389772,-0.4769962209261116,0.5510473205342038
10404,"10404, 10499, 10565, 137682, 26986, 4147, 50484, 51123, 54845, 55636, 6674, 7534, 767, 79666, 79977, 92140, 9791",81930,False,-2.5949799940223426,0.0214232857505171,-1.0865710693058266,3,14,-2.2469361498031075,-1.7838502967553544,0.7331528917128181
10404,"10404, 10499, 10565, 137682, 26986, 4147, 50484, 51123, 54845, 55636, 6674, 7534, 767, 79666, 79977, 92140, 9791",9493,False,4.181567605361881,0.0103129347301538,2.248677281619768,3,14,-1.683815996463358,-2.1610556960045217,0.6350144619931224
10404,"10404, 10499, 10565, 137682, 26986, 4147, 50484, 51123, 54845, 55636, 6674, 7534, 767, 79666, 79977, 92140, 9791",3845,False,-4.250816829428368,0.0134647989372425,-2.397837483838776,3,14,-1.6087748642481532,-0.405796797320575,0.6751793909154472
10404,"10404, 10499, 10565, 137682, 26986, 4147, 50484, 51123, 54845, 55636, 6674, 7534, 767, 79666, 79977, 92140, 9791",51631,False,3.083722426067109,0.015154914310953,1.4528422166025865,3,14,-0.0913413375236335,-0.2963106866870329,0.6903445942639606
10404,"10404, 10499, 10565, 137682, 26986, 4147, 50484, 51123, 54845, 55636, 6674, 7534, 767, 79666, 79977, 92140, 9791",10459,False,2.4263428380590644,0.0350372050601247,1.084922287244709,3,14,-0.6032455379116175,-1.0886521171792465,0.7760302177369495
10404,"10404, 10499, 10565, 137682, 26986, 4147, 50484, 51123, 54845, 55636, 6674, 7534, 767, 79666, 79977, 92140, 9791",4172,False,3.34397059598656,0.0059929126910746,1.4542909907564987,3,14,-0.7982436857865943,-1.040139894123849,0.5795206013161482
10404,"10404, 10499, 10565, 137682, 26986, 4147, 50484, 51123, 54845, 55636, 6674, 7534, 767, 79666, 79977, 92140, 9791",55090,False,4.798525680690042,0.0003415656313026,2.036620660801838,3,14,-0.4129127934593875,-0.7430544047235876,0.239545502558918
10404,"10404, 10499, 10565, 137682, 26986, 4147, 50484, 51123, 54845, 55636, 6674, 7534, 767, 79666, 79977, 92140, 9791",64745,False,2.7235209902890003,0.0163459845520867,1.0504691343437071,3,14,-0.4060467219095733,-0.6194021604388548,0.7016422622248645
10404,"10404, 10499, 10565, 137682, 26986, 4147, 50484, 51123, 54845, 55636, 6674, 7534, 767, 79666, 79977, 92140, 9791",9927,False,2.587606713964249,0.0423480715260704,1.3058658545658874,3,14,-0.3950080160136124,-0.7316424310444025,0.7975356290297795
10404,"10404, 10499, 10565, 137682, 26986, 4147, 50484, 51123, 54845, 55636, 6674, 7534, 767, 79666, 79977, 92140, 9791",9526,False,2.357889541288257,0.0350488423334599,1.0069999551082431,3,14,-0.187926161366899,-0.3294685663915692,0.7760302177369495
10404,"10404, 10499, 10565, 137682, 26986, 4147, 50484, 51123, 54845, 55636, 6674, 7534, 767, 79666, 79977, 92140, 9791",64981,False,2.4656453993394147,0.0287789790761574,1.0545552022105722,3,14,-0.7102241484291619,-0.8729277867604058,0.7616078750973275
10404,"10404, 10499, 10565, 137682, 26986, 4147, 50484, 51123, 54845, 55636, 6674, 7534, 767, 79666, 79977, 92140, 9791",84311,False,2.169904000592519,0.047412890849935,0.8382322813646198,3,14,-0.5945402780064047,-0.7689027527426769,0.8015763446676192
10404,"10404, 10499, 10565, 137682, 26986, 4147, 50484, 51123, 54845, 55636, 6674, 7534, 767, 79666, 79977, 92140, 9791",51649,False,2.5563533813302968,0.0242806724457494,1.0932535686710867,3,14,-0.2620659884588599,-0.5503417347148288,0.7555168658866813
10404,"10404, 10499, 10565, 137682, 26986, 4147, 50484, 51123, 54845, 55636, 6674, 7534, 767, 79666, 79977, 92140, 9791",28957,False,2.976125530255904,0.0104270556986633,1.2554955090912951,3,14,-0.3450702936252956,-0.5396499230479082,0.6383325709132276
10404,"10404, 10499, 10565, 137682, 26986, 4147, 50484, 51123, 54845, 55636, 6674, 7534, 767, 79666, 79977, 92140, 9791",10240,False,2.240687029562683,0.04137591924868,0.8675171506936903,3,14,-0.2355559597024834,-0.4203631179416315,0.7950058640262805
10404,"10404, 10499, 10565, 137682, 26986, 4147, 50484, 51123, 54845, 55636, 6674, 7534, 767, 79666, 79977, 92140, 9791",64969,False,2.710679862738215,0.0162363063271151,1.1005926307428695,3,14,-0.5831692180700755,-0.7833246860138098,0.7016422622248645
10404,"10404, 10499, 10565, 137682, 26986, 4147, 50484, 51123, 54845, 55636, 6674, 7534, 767, 79666, 79977, 92140, 9791",92170,False,2.51607603605256,0.0314889501142252,1.140862457767505,3,14,0.0176482498388821,-0.1921620094232239,0.7710891626210068
10404,"10404, 10499, 10565, 137682, 26986, 4147, 50484, 51123, 54845, 55636, 6674, 7534, 767, 79666, 79977, 92140, 9791",10135,False,2.202677389896734,0.0464407993257488,0.9384015678548948,3,14,-0.1848613328964221,-0.4609057508302371,0.7994830307113179
10404,"10404, 10499, 10565, 137682, 26986, 4147, 50484, 51123, 54845, 55636, 6674, 7534, 767, 79666, 79977, 92140, 9791",55226,False,-3.752546862684164,0.0025433409582434,-1.6073288581861498,3,14,-1.4578181997788848,-1.1287349413584475,0.4653770951372328
10404,"10404, 10499, 10565, 137682, 26986, 4147, 50484, 51123, 54845, 55636, 6674, 7534, 767, 79666, 79977, 92140, 9791",54820,False,-2.877971367556662,0.0473155041279446,-1.639646708165448,3,14,-0.7033662528185326,-0.3009069358885761,0.8015763446676192
10404,"10404, 10499, 10565, 137682, 26986, 4147, 50484, 51123, 54845, 55636, 6674, 7534, 767, 79666, 79977, 92140, 9791",9221,False,-2.5894459746425573,0.0474209940938494,-1.34887581861711,3,14,-0.5384625641299133,-0.3784418086421707,0.8015763446676192
10404,"10404, 10499, 10565, 137682, 26986, 4147, 50484, 51123, 54845, 55636, 6674, 7534, 767, 79666, 79977, 92140, 9791",51070,False,2.5781378958959333,0.0327857366495016,1.2136582428891265,3,14,-0.1462398171433995,-0.2956158995836611,0.7722938751587749
10404,"10404, 10499, 10565, 137682, 26986, 4147, 50484, 51123, 54845, 55636, 6674, 7534, 767, 79666, 79977, 92140, 9791",10412,False,-2.4255599682346647,0.0328004554661547,-1.0601801228803542,3,14,-1.4854545022249344,-1.3135888063228458,0.7722938751587749
10404,"10404, 10499, 10565, 137682, 26986, 4147, 50484, 51123, 54845, 55636, 6674, 7534, 767, 79666, 79977, 92140, 9791",83540,False,-3.117459152815922,0.007135481192398,-1.2265273594264765,3,14,-2.036468338457393,-1.7306358551545264,0.5938700354709747
10404,"10404, 10499, 10565, 137682, 26986, 4147, 50484, 51123, 54845, 55636, 6674, 7534, 767, 79666, 79977, 92140, 9791",79902,False,3.202008436158635,0.0161329339933574,1.5681384831594638,3,14,-1.2949837297388325,-1.6196413072337108,0.7006015786627908
10404,"10404, 10499, 10565, 137682, 26986, 4147, 50484, 51123, 54845, 55636, 6674, 7534, 767, 79666, 79977, 92140, 9791",23047,False,-3.870961164915292,0.035740745465285,-2.544334157475637,3,14,-0.5817065879592581,-0.1480209578020316,0.7792678241219885
10404,"10404, 10499, 10565, 137682, 26986, 4147, 50484, 51123, 54845, 55636, 6674, 7534, 767, 79666, 79977, 92140, 9791",5238,False,2.42143195611807,0.0286404880413599,0.9597022650070322,3,14,-0.0374160592538357,-0.3384412358551305,0.7602841939596087
10404,"10404, 10499, 10565, 137682, 26986, 4147, 50484, 51123, 54845, 55636, 6674, 7534, 767, 79666, 79977, 92140, 9791",221476,False,3.307265024839789,0.0047945319637277,1.313931072241876,3,14,-0.0451610823412271,-0.2069969310344565,0.5510473205342038
10404,"10404, 10499, 10565, 137682, 26986, 4147, 50484, 51123, 54845, 55636, 6674, 7534, 767, 79666, 79977, 92140, 9791",56902,False,-3.756359010509791,0.0022199310131366,-1.5769353928141945,3,14,-1.391016576697675,-1.1009222585851757,0.4563336296853107
10404,"10404, 10499, 10565, 137682, 26986, 4147, 50484, 51123, 54845, 55636, 6674, 7534, 767, 79666, 79977, 92140, 9791",84172,False,-3.5439863965700376,0.0134387164642601,-1.8033991760385395,3,14,-1.884243307405117,-1.3812952151836408,0.6751793909154472
10404,"10404, 10499, 10565, 137682, 26986, 4147, 50484, 51123, 54845, 55636, 6674, 7534, 767, 79666, 79977, 92140, 9791",5441,False,3.961786771691531,0.0013282426817291,1.6274003384143445,3,14,-2.0377356146454897,-2.645203626532542,0.3748120081084212
10404,"10404, 10499, 10565, 137682, 26986, 4147, 50484, 51123, 54845, 55636, 6674, 7534, 767, 79666, 79977, 92140, 9791",5451,False,2.287141735722614,0.0373197687821021,0.9287078044978568,3,14,-0.1701227873689933,-0.2649838951422293,0.7855967493217224
10404,"10404, 10499, 10565, 137682, 26986, 4147, 50484, 51123, 54845, 55636, 6674, 7534, 767, 79666, 79977, 92140, 9791",8624,False,-2.294632660616604,0.0369630891531991,-0.938040440761692,3,14,-0.7747018374411431,-0.5108216568258024,0.7836483879259681
10404,"10404, 10499, 10565, 137682, 26986, 4147, 50484, 51123, 54845, 55636, 6674, 7534, 767, 79666, 79977, 92140, 9791",118672,False,2.6179386096197628,0.0487334357890911,1.3878958373228965,3,14,-0.3598535683981642,-0.6575459353913992,0.8037156778640308
10404,"10404, 10499, 10565, 137682, 26986, 4147, 50484, 51123, 54845, 55636, 6674, 7534, 767, 79666, 79977, 92140, 9791",11021,False,2.95920261315721,0.0098450084544229,1.163717817682296,3,14,0.0460681208645572,-0.1945705050424604,0.6262169779905742
10404,"10404, 10499, 10565, 137682, 26986, 4147, 50484, 51123, 54845, 55636, 6674, 7534, 767, 79666, 79977, 92140, 9791",29127,False,2.632415955060966,0.041447567441401,1.3415759305169417,3,14,-1.096639528283397,-1.5768236654610013,0.7950058640262805
10404,"10404, 10499, 10565, 137682, 26986, 4147, 50484, 51123, 54845, 55636, 6674, 7534, 767, 79666, 79977, 92140, 9791",57038,False,3.0939767741080213,0.0076016030763641,1.206749399659795,3,14,-0.1249097902511679,-0.3777755118613455,0.6017422814857531
10404,"10404, 10499, 10565, 137682, 26986, 4147, 50484, 51123, 54845, 55636, 6674, 7534, 767, 79666, 79977, 92140, 9791",55312,False,2.843487246621397,0.0131097151096197,1.1874229800715088,3,14,-0.0232402852323669,-0.2452230366930284,0.672253504000227
10404,"10404, 10499, 10565, 137682, 26986, 4147, 50484, 51123, 54845, 55636, 6674, 7534, 767, 79666, 79977, 92140, 9791",57589,False,2.9067080938308054,0.0108794458385257,1.1506742883134649,3,14,-0.0678268194733762,-0.4877692835214562,0.64579115731803
10404,"10404, 10499, 10565, 137682, 26986, 4147, 50484, 51123, 54845, 55636, 6674, 7534, 767, 79666, 79977, 92140, 9791",165918,False,2.70822250880252,0.019793881381247,1.185896100054723,3,14,-0.3841375128575526,-0.7442601080810556,0.7200773977905233
10404,"10404, 10499, 10565, 137682, 26986, 4147, 50484, 51123, 54845, 55636, 6674, 7534, 767, 79666, 79977, 92140, 9791",64320,False,2.482254935469684,0.0270037858336101,0.9442645185660672,3,14,-0.1120197872867612,-0.3347753425352792,0.7578267072412546
10404,"10404, 10499, 10565, 137682, 26986, 4147, 50484, 51123, 54845, 55636, 6674, 7534, 767, 79666, 79977, 92140, 9791",6047,False,4.687756764565785,0.0003179333169388,1.8233472353939664,3,14,-0.3163623605275598,-0.7805928201061378,0.2280012168143919
10404,"10404, 10499, 10565, 137682, 26986, 4147, 50484, 51123, 54845, 55636, 6674, 7534, 767, 79666, 79977, 92140, 9791",6135,False,-3.130157387401957,0.0095704014565594,-1.3806370538557855,3,14,-2.5080339380167853,-2.248121729648782,0.6222326656613393
10404,"10404, 10499, 10565, 137682, 26986, 4147, 50484, 51123, 54845, 55636, 6674, 7534, 767, 79666, 79977, 92140, 9791",6122,False,-3.1352777020145184,0.0134774526868505,-1.467513129291986,3,14,-2.819930185137629,-2.437525933676304,0.6751793909154472
10404,"10404, 10499, 10565, 137682, 26986, 4147, 50484, 51123, 54845, 55636, 6674, 7534, 767, 79666, 79977, 92140, 9791",6205,False,-2.480685890618173,0.0457530501503206,-1.2287121993430985,3,14,-2.7180572142460213,-2.348979809611456,0.7982670741340606
10404,"10404, 10499, 10565, 137682, 26986, 4147, 50484, 51123, 54845, 55636, 6674, 7534, 767, 79666, 79977, 92140, 9791",6188,False,-2.859817566631972,0.0148572525704142,-1.2488278295631468,3,14,-2.7125805124614115,-2.4801170361251184,0.6870363619667661
10404,"10404, 10499, 10565, 137682, 26986, 4147, 50484, 51123, 54845, 55636, 6674, 7534, 767, 79666, 79977, 92140, 9791",88745,False,-2.83345452312844,0.0147611427656788,-1.220297370000062,3,14,-0.4999934232536003,-0.3324957570179535,0.6865339775569129
10404,"10404, 10499, 10565, 137682, 26986, 4147, 50484, 51123, 54845, 55636, 6674, 7534, 767, 79666, 79977, 92140, 9791",84324,False,-3.100814304482001,0.014433491546611,-1.455233282996733,3,14,-0.6013384891835178,-0.3667432218722887,0.6830391367880794
10404,"10404, 10499, 10565, 137682, 26986, 4147, 50484, 51123, 54845, 55636, 6674, 7534, 767, 79666, 79977, 92140, 9791",644096,False,2.464333436253853,0.026637434654173,1.0085634909096484,3,14,-0.2430368829281239,-0.4023713888213714,0.7568854103964252
10404,"10404, 10499, 10565, 137682, 26986, 4147, 50484, 51123, 54845, 55636, 6674, 7534, 767, 79666, 79977, 92140, 9791",6390,False,2.806991092611977,0.027489066918258,1.3721220071687827,3,14,-0.0261134102091743,-0.3323158644206197,0.7578267072412546
10404,"10404, 10499, 10565, 137682, 26986, 4147, 50484, 51123, 54845, 55636, 6674, 7534, 767, 79666, 79977, 92140, 9791",22928,False,2.745489655357532,0.0175186093169034,1.1846290295619244,3,14,-0.4026580557602968,-0.8256723094271704,0.7128658384945291
10404,"10404, 10499, 10565, 137682, 26986, 4147, 50484, 51123, 54845, 55636, 6674, 7534, 767, 79666, 79977, 92140, 9791",9197,False,2.8094045102387724,0.0213096141512817,1.3023730897228831,3,14,-0.0826889182676151,-0.322557588959785,0.7325802880632503
10404,"10404, 10499, 10565, 137682, 26986, 4147, 50484, 51123, 54845, 55636, 6674, 7534, 767, 79666, 79977, 92140, 9791",10051,False,2.669258924591845,0.0270280870968426,1.2413104533338897,3,14,-1.4298016732068266,-1.6026743011261206,0.7578267072412546
10404,"10404, 10499, 10565, 137682, 26986, 4147, 50484, 51123, 54845, 55636, 6674, 7534, 767, 79666, 79977, 92140, 9791",23381,False,3.247680410623542,0.0080833989108545,1.442025273996374,3,14,-0.8991670598619096,-1.13986491315765,0.606753867466964
10404,"10404, 10499, 10565, 137682, 26986, 4147, 50484, 51123, 54845, 55636, 6674, 7534, 767, 79666, 79977, 92140, 9791",6618,False,2.547266077039869,0.0265201146993144,1.1158834154628443,3,14,-1.0467176223716324,-1.4220137870492142,0.7568854103964252
10404,"10404, 10499, 10565, 137682, 26986, 4147, 50484, 51123, 54845, 55636, 6674, 7534, 767, 79666, 79977, 92140, 9791",6619,False,3.0955222538016307,0.0074485269613549,1.254399566661343,3,14,-1.0746525851396138,-1.4163290479963535,0.5992150173155361
10404,"10404, 10499, 10565, 137682, 26986, 4147, 50484, 51123, 54845, 55636, 6674, 7534, 767, 79666, 79977, 92140, 9791",10302,False,2.821895452175008,0.0141549408423369,1.192840902903317,3,14,-1.0056840080550966,-1.307224673951055,0.6787506880374049
10404,"10404, 10499, 10565, 137682, 26986, 4147, 50484, 51123, 54845, 55636, 6674, 7534, 767, 79666, 79977, 92140, 9791",6648,False,2.449230730562927,0.0351072920387083,1.1092649119664466,3,14,-0.7716238686373927,-1.2338512523561231,0.7760302177369495
10404,"10404, 10499, 10565, 137682, 26986, 4147, 50484, 51123, 54845, 55636, 6674, 7534, 767, 79666, 79977, 92140, 9791",283377,False,-3.3722279452308705,0.0181878872334064,-1.7451526959329429,3,14,-0.6019625796748203,-0.4380534687652641,0.7134390816796584
10404,"10404, 10499, 10565, 137682, 26986, 4147, 50484, 51123, 54845, 55636, 6674, 7534, 767, 79666, 79977, 92140, 9791",153443,False,-2.933255505686406,0.0113706230622139,-1.2386187291650843,3,14,-1.115086851695939,-0.7825422552042139,0.6476956922501441
10404,"10404, 10499, 10565, 137682, 26986, 4147, 50484, 51123, 54845, 55636, 6674, 7534, 767, 79666, 79977, 92140, 9791",10250,False,2.2751670272071376,0.0413902724248506,0.978165180260068,3,14,-0.6818378782684191,-0.8256022103170012,0.7950058640262805
10404,"10404, 10499, 10565, 137682, 26986, 4147, 50484, 51123, 54845, 55636, 6674, 7534, 767, 79666, 79977, 92140, 9791",85369,False,-2.332586737916491,0.0347582098417999,-0.9640796429371494,3,14,-0.7158184229077177,-0.5286905861345241,0.7760302177369495
10404,"10404, 10499, 10565, 137682, 26986, 4147, 50484, 51123, 54845, 55636, 6674, 7534, 767, 79666, 79977, 92140, 9791",8464,False,4.202259391721941,0.0009443374737647,1.7659395347086742,3,14,0.1017236823724648,-0.2806989771399658,0.341662508594633
10404,"10404, 10499, 10565, 137682, 26986, 4147, 50484, 51123, 54845, 55636, 6674, 7534, 767, 79666, 79977, 92140, 9791",9913,False,2.2320873139476296,0.0436441246562073,0.8453059859876382,3,14,0.1802272048302223,-0.0709134305758948,0.7982670741340606
10404,"10404, 10499, 10565, 137682, 26986, 4147, 50484, 51123, 54845, 55636, 6674, 7534, 767, 79666, 79977, 92140, 9791",84447,False,2.348177764077926,0.0338163233349873,0.9723474247805658,3,14,-0.3423245865218478,-0.6650957457583182,0.7756806519949839
10404,"10404, 10499, 10565, 137682, 26986, 4147, 50484, 51123, 54845, 55636, 6674, 7534, 767, 79666, 79977, 92140, 9791",6874,False,-2.6614459643304627,0.0203892495536052,-1.146678567025798,3,14,-0.454683731573032,-0.2867458407441494,0.7263711305001938
10404,"10404, 10499, 10565, 137682, 26986, 4147, 50484, 51123, 54845, 55636, 6674, 7534, 767, 79666, 79977, 92140, 9791",6879,False,2.9593766446355168,0.0101529039612701,1.1452723412136523,3,14,-0.6226187443694319,-0.7923016075525328,0.6288141733259653
10404,"10404, 10499, 10565, 137682, 26986, 4147, 50484, 51123, 54845, 55636, 6674, 7534, 767, 79666, 79977, 92140, 9791",6901,False,3.121582564115565,0.0099544878700991,1.3828648149708265,3,14,-0.1222217704678386,-0.4559627213474129,0.6278978591950445
10404,"10404, 10499, 10565, 137682, 26986, 4147, 50484, 51123, 54845, 55636, 6674, 7534, 767, 79666, 79977, 92140, 9791",10607,False,-3.3267426054146227,0.0048433586722839,-1.3730810201770105,3,14,-1.4818078639348056,-1.1631530884305878,0.5510473205342038
10404,"10404, 10499, 10565, 137682, 26986, 4147, 50484, 51123, 54845, 55636, 6674, 7534, 767, 79666, 79977, 92140, 9791",7023,False,3.532213805920774,0.0035986356385718,1.495640361065112,3,14,-0.1328466907140026,-0.2756251861032757,0.5071411507405079
10404,"10404, 10499, 10565, 137682, 26986, 4147, 50484, 51123, 54845, 55636, 6674, 7534, 767, 79666, 79977, 92140, 9791",84321,False,2.623392990480079,0.0254996399380738,1.18037599863412,3,14,-1.1224788332067812,-1.4434177508403956,0.7568854103964252
10404,"10404, 10499, 10565, 137682, 26986, 4147, 50484, 51123, 54845, 55636, 6674, 7534, 767, 79666, 79977, 92140, 9791",8563,False,2.664846665929908,0.0323137876948477,1.2906278556279944,3,14,-1.1920684322533288,-1.43106877863375,0.7715553047120207
10404,"10404, 10499, 10565, 137682, 26986, 4147, 50484, 51123, 54845, 55636, 6674, 7534, 767, 79666, 79977, 92140, 9791",11011,False,2.299402411908257,0.0381761815119139,0.8743180869567383,3,14,-0.498759250741353,-0.6468884792748385,0.7887891891367923
10404,"10404, 10499, 10565, 137682, 26986, 4147, 50484, 51123, 54845, 55636, 6674, 7534, 767, 79666, 79977, 92140, 9791",9777,False,-2.7371834340574908,0.0409181035352384,-1.4380179404343871,3,14,-0.2158459230259558,-0.0947585735924011,0.7950058640262805
10404,"10404, 10499, 10565, 137682, 26986, 4147, 50484, 51123, 54845, 55636, 6674, 7534, 767, 79666, 79977, 92140, 9791",64759,False,2.3820665969106005,0.0318132416873395,0.9891501195695108,3,14,-0.18041660322452,-0.3366004569720104,0.7715553047120207
10404,"10404, 10499, 10565, 137682, 26986, 4147, 50484, 51123, 54845, 55636, 6674, 7534, 767, 79666, 79977, 92140, 9791",7161,False,2.90861752665449,0.0114959305539315,1.213195709350163,3,14,0.0509241667912757,-0.0962107756043171,0.6488452626579987
10404,"10404, 10499, 10565, 137682, 26986, 4147, 50484, 51123, 54845, 55636, 6674, 7534, 767, 79666, 79977, 92140, 9791",10293,False,2.727389885192897,0.0312819232428978,1.3385184499084797,3,14,-0.3980141232622459,-0.7910539649158219,0.7710891626210068
10404,"10404, 10499, 10565, 137682, 26986, 4147, 50484, 51123, 54845, 55636, 6674, 7534, 767, 79666, 79977, 92140, 9791",9319,False,2.4240766006639403,0.0363683337556519,1.0954331470043082,3,14,-0.1994078431644202,-0.3739706241537747,0.781607774961768
10404,"10404, 10499, 10565, 137682, 26986, 4147, 50484, 51123, 54845, 55636, 6674, 7534, 767, 79666, 79977, 92140, 9791",80705,False,2.4071945423401493,0.031249870822014,1.0170192691752489,3,14,-0.2275504936589095,-0.3240193867875648,0.7710891626210068
10404,"10404, 10499, 10565, 137682, 26986, 4147, 50484, 51123, 54845, 55636, 6674, 7534, 767, 79666, 79977, 92140, 9791",90121,False,-2.802171263660721,0.0138032908397393,-1.087344318221349,3,14,-1.8862576349957048,-1.6253298240578975,0.6751793909154472
10404,"10404, 10499, 10565, 137682, 26986, 4147, 50484, 51123, 54845, 55636, 6674, 7534, 767, 79666, 79977, 92140, 9791",10844,False,4.564288144210152,0.0003874084387973,1.85888267992024,3,14,-0.7977025108175847,-1.509960570429587,0.2496664154327569
10404,"10404, 10499, 10565, 137682, 26986, 4147, 50484, 51123, 54845, 55636, 6674, 7534, 767, 79666, 79977, 92140, 9791",27229,False,3.053706299965431,0.0093648659620493,1.3026571049855833,3,14,-1.2260876829214835,-1.545299935860326,0.6196372357436517
10404,"10404, 10499, 10565, 137682, 26986, 4147, 50484, 51123, 54845, 55636, 6674, 7534, 767, 79666, 79977, 92140, 9791",85378,False,3.058876337180694,0.0462349929821783,1.8181831538150668,3,14,-0.743890498222224,-1.0443731084017929,0.7987406983602949
10404,"10404, 10499, 10565, 137682, 26986, 4147, 50484, 51123, 54845, 55636, 6674, 7534, 767, 79666, 79977, 92140, 9791",11065,False,-2.188717860144855,0.0448681771076703,-0.8701081128825431,3,14,-0.6460357365211968,-0.4312513137180647,0.7982670741340606
10404,"10404, 10499, 10565, 137682, 26986, 4147, 50484, 51123, 54845, 55636, 6674, 7534, 767, 79666, 79977, 92140, 9791",3093,False,3.9104394876834574,0.0014072751554279,1.5434529691039982,3,14,0.0020194644607088,-0.212085528282312,0.3758375691415674
10404,"10404, 10499, 10565, 137682, 26986, 4147, 50484, 51123, 54845, 55636, 6674, 7534, 767, 79666, 79977, 92140, 9791",7386,False,2.9727316072273853,0.0175469264987419,1.394945759978026,3,14,-0.2673099320315744,-0.4837782101952405,0.7128658384945291
10404,"10404, 10499, 10565, 137682, 26986, 4147, 50484, 51123, 54845, 55636, 6674, 7534, 767, 79666, 79977, 92140, 9791",27089,False,2.1740994917802063,0.0476715395627819,0.9103447798231716,3,14,-0.2179853047296582,-0.3462131891630018,0.8019982402475438
10404,"10404, 10499, 10565, 137682, 26986, 4147, 50484, 51123, 54845, 55636, 6674, 7534, 767, 79666, 79977, 92140, 9791",9100,False,-2.778939554076937,0.0208131294554235,-1.2681731945761046,3,14,-0.7237174674773286,-0.5406633095099308,0.7292762103763515
10404,"10404, 10499, 10565, 137682, 26986, 4147, 50484, 51123, 54845, 55636, 6674, 7534, 767, 79666, 79977, 92140, 9791",10813,False,-2.1719535743637346,0.0479198370375127,-0.91026910107835,3,14,-0.4055375259878187,-0.2698378125673194,0.8025850769705906
10404,"10404, 10499, 10565, 137682, 26986, 4147, 50484, 51123, 54845, 55636, 6674, 7534, 767, 79666, 79977, 92140, 9791",27340,False,-5.5741691776478,5.32072984044804e-05,-2.2210585623167587,3,14,-1.822726347783025,-1.379987331165936,0.1096423598059726
10404,"10404, 10499, 10565, 137682, 26986, 4147, 50484, 51123, 54845, 55636, 6674, 7534, 767, 79666, 79977, 92140, 9791",7414,False,2.9960238685669576,0.0093181637976968,1.165319048256395,3,14,-0.2689308462031706,-0.4396104163998431,0.6193429580909584
10404,"10404, 10499, 10565, 137682, 26986, 4147, 50484, 51123, 54845, 55636, 6674, 7534, 767, 79666, 79977, 92140, 9791",55759,False,-6.691264012262483,9.232599324720254e-06,-2.766449278098764,3,14,-1.6243682046769294,-1.2412142708061598,0.0880596090992493
10404,"10404, 10499, 10565, 137682, 26986, 4147, 50484, 51123, 54845, 55636, 6674, 7534, 767, 79666, 79977, 92140, 9791",10885,False,-3.240677401076719,0.0194150899309431,-1.6516465303743944,3,14,-1.631525407394955,-1.2865775758382985,0.7181353628805818
10404,"10404, 10499, 10565, 137682, 26986, 4147, 50484, 51123, 54845, 55636, 6674, 7534, 767, 79666, 79977, 92140, 9791",8089,False,2.616253040716498,0.0460346877531526,1.3641068385834627,3,14,-0.4723297318034138,-0.7827350690466099,0.7982670741340606
10404,"10404, 10499, 10565, 137682, 26986, 4147, 50484, 51123, 54845, 55636, 6674, 7534, 767, 79666, 79977, 92140, 9791",51441,False,3.3103684742319794,0.010796374402395,1.559673709015714,3,14,0.0426712418511394,-0.224592018324234,0.6448011234352163
10434,"10434, 6917",55803,False,2.890140039999041,0.0132934184664301,1.3875536376392184,5,12,0.008894009821219,-0.1932674358530083,0.6751793909154472
10434,"10434, 6917",191,False,2.396876803103335,0.0345625388993728,1.1682080127502152,5,12,-0.0839218201786814,-0.3620097121907368,0.7760302177369495
10434,"10434, 6917",102157402,False,-3.0164679814812074,0.0097859614316997,-1.4231963025575074,5,12,-1.40983767269842,-0.9132224682811328,0.6262169779905742
10434,"10434, 6917",56052,False,-2.4394278141288077,0.0297441389000174,-1.1541782030112364,5,12,-1.097586797763506,-0.8374155807828516,0.767444887438343
10434,"10434, 6917",79087,False,2.646708029062766,0.0184683847710172,1.1972106768136084,5,12,-0.0161709902704243,-0.1916932420404534,0.7134390816796584
10434,"10434, 6917",29880,False,2.9074676246211872,0.0119002369469844,1.3653632295125837,5,12,-0.1006091455308105,-0.3949252367305758,0.6560882657609397
10434,"10434, 6917",54443,False,2.461763150044032,0.027440415184655,1.1418637214572631,5,12,-0.5271842552895543,-0.7698911651960817,0.7578267072412546
10434,"10434, 6917",333,False,2.3631712566571,0.032051902873905,1.0529435188277416,5,12,-0.0649556934686833,-0.2577897020905248,0.7715553047120207
10434,"10434, 6917",9411,False,2.600439869808252,0.0201027860673788,1.162731692076473,5,12,-0.2754296036096612,-0.6709622553671784,0.7230843984880345
10434,"10434, 6917",10973,False,2.7122653670988943,0.0180597796071884,1.2912924760264246,5,12,-0.1658454933871433,-0.5016177368691005,0.7134390816796584
10434,"10434, 6917",506,False,3.745245134961311,0.002433535166811,1.5736141212290724,5,12,-0.8073750837621215,-1.1385383473272674,0.4587117602278026
10434,"10434, 6917",521,False,3.270660077444735,0.0053211164029188,1.491514009997584,5,12,-0.2632186199095884,-0.5578528484961519,0.5705647490366753
10434,"10434, 6917",9551,False,2.186950701546148,0.0450043783260349,0.9696489080141286,5,12,-0.9297765940714732,-1.1208908567376346,0.7982670741340606
10434,"10434, 6917",10476,False,2.448258415583202,0.039135053601188,1.27820888737198,5,12,-0.3405624052540668,-0.5662911749838774,0.7911535136557265
10434,"10434, 6917",84126,False,2.334417599082461,0.0494172128494362,1.2404806005611633,5,12,-0.4295916424707965,-0.671909657217713,0.8046714497212784
10434,"10434, 6917",56970,False,2.851602188673673,0.0199847167988652,1.4772795333060438,5,12,0.0802051036132169,-0.3969013587511351,0.7226949896552917
10434,"10434, 6917",9774,False,2.4221025822869606,0.0447396227565439,1.3006256516617256,5,12,-0.4693148559614384,-0.719651041833815,0.7982670741340606
10434,"10434, 6917",2972,False,3.1017472483049318,0.0168293237730766,1.6712722611216486,5,12,-1.069792999657401,-1.467488136212218,0.7070974930710524
10434,"10434, 6917",9184,False,2.377735469524069,0.0325534309917183,1.1096466409784522,5,12,-2.0303682046746685,-2.514717338140484,0.7722938751587749
10434,"10434, 6917",83608,False,-2.274384600115273,0.0394386454879183,-1.0589184421940745,5,12,-0.6643774652767371,-0.4392928334719408,0.7920294554796992
10434,"10434, 6917",57018,False,-2.4110131278265707,0.0299492004165729,-1.110698700909421,5,12,-0.7327331185223963,-0.4373330137221622,0.7684580593452173
10434,"10434, 6917",10390,False,-2.718582623122792,0.0499384837971131,-1.6867066028695277,5,12,-0.7530544363078905,-0.2934770646219015,0.8046714497212784
10434,"10434, 6917",56683,False,3.1862239636077967,0.0080525322445294,1.5461827261453638,5,12,-0.9045099774511562,-1.2424362137836324,0.606753867466964
10434,"10434, 6917",10428,False,2.5407896031515738,0.0324658405759153,1.3118641752106708,5,12,-0.164789623957699,-0.4804440841664794,0.7716320479168289
10434,"10434, 6917",10036,False,2.498487179062367,0.0443697967394965,1.382837882450373,5,12,-0.9148595736781556,-1.243089445739021,0.7982670741340606
10434,"10434, 6917",11113,False,2.6697036573822297,0.0183001276422252,1.2372990391805183,5,12,-0.1311946597778839,-0.4354933476571078,0.7134390816796584
10434,"10434, 6917",9125,False,2.3375141856033244,0.0430163459416168,1.1875594029398735,5,12,-0.3059695311148134,-0.5738052661556828,0.7982670741340606
10434,"10434, 6917",91949,False,2.9145209971905093,0.0107067390577426,1.2832024913342546,5,12,-0.1545777939129468,-0.3591807496889502,0.6437666605618788
10434,"10434, 6917",10063,False,3.191907731906286,0.0065400087608487,1.362644273166961,5,12,-0.418664910891347,-0.7132546506109135,0.5853481090725166
10434,"10434, 6917",27297,False,2.9347221798657923,0.0126135263424983,1.41966641734551,5,12,-1.2411172880837362,-1.7093569402087014,0.6638619145533403
10434,"10434, 6917",51379,False,2.737932838805729,0.0174553544197859,1.1406439119483414,5,12,-0.0991913891596759,-0.2692503878903353,0.7128658384945291
10434,"10434, 6917",79016,False,-2.762044606186283,0.0223122641407828,-1.420337379159803,5,12,-0.527364727891461,-0.2873518339714966,0.7427998050554034
10434,"10434, 6917",1642,False,4.463819278343885,0.000509400898312,2.05404501177407,5,12,-1.705115983343091,-2.193771551447537,0.2839400409879977
10434,"10434, 6917",55735,False,-2.9502296663252987,0.0099926142974635,-1.3284014854178954,5,12,-0.8264383345971922,-0.5336333956941542,0.6278978591950445
10434,"10434, 6917",8655,False,-3.096848749127802,0.0073760697857361,-1.3674155314772058,5,12,-0.7862218073193052,-0.4151327409170697,0.5972174533902657
10434,"10434, 6917",10209,False,-3.4589668677749947,0.0096782754000853,-1.8492743786474577,5,12,-1.4247976186197169,-0.8117011727776945,0.6241407906590521
10434,"10434, 6917",8661,False,-6.13154950194071,5.225243683029434e-05,-2.963517341234953,5,12,-2.0959798569875163,-1.588394925785854,0.1096423598059726
10434,"10434, 6917",3646,False,2.1754167502140525,0.0471075707224349,1.0063279214742893,5,12,-1.211752485277066,-1.4204894315619632,0.8015763446676192
10434,"10434, 6917",1973,False,-2.683473268766525,0.0204184765801784,-1.3048510365677923,5,12,-1.250385355065092,-0.8162234506467753,0.7263744383972742
10434,"10434, 6917",1975,False,-2.616110983009004,0.0301153813886306,-1.366953191467399,5,12,-0.6869362305605723,-0.4284002734706638,0.7686204498923369
10434,"10434, 6917",56943,False,2.5071885654543142,0.0266492811418841,1.1950065410673962,5,12,-0.5665698234753413,-0.7978297185233867,0.7568854103964252
10434,"10434, 6917",5393,False,2.490732806376788,0.0312475032874653,1.2411864206911385,5,12,-1.0042101358044686,-1.2049926296792457,0.7710891626210068
10434,"10434, 6917",125228,False,-2.8107540934273825,0.0230692862468124,-1.481056506073578,5,12,-0.6101368162634024,-0.3280224391676398,0.7485525004632818
10434,"10434, 6917",2197,False,-2.8099270730188577,0.0227971943623108,-1.4764166177444584,5,12,-2.9492075173795933,-2.316450457181576,0.7453133695795386
10434,"10434, 6917",26268,False,3.0095661870815795,0.0183987917136788,1.6087297770261109,5,12,-0.0905404797607731,-0.2723173957591884,0.7134390816796584
10434,"10434, 6917",51077,False,-2.7639788555635616,0.0168021782982808,-1.3261904827009496,5,12,-1.6553893377715017,-1.2930610356737575,0.7070974930710524
10434,"10434, 6917",117246,False,-2.300053622832696,0.0375928402963867,-1.0712231050882195,5,12,-1.259039310099468,-1.073827308963014,0.7855967493217224
10434,"10434, 6917",10985,False,-2.848164771949932,0.026772011039307,-1.568266515245628,5,12,-0.5992126505865156,-0.2529913550408738,0.7568854103964252
10434,"10434, 6917",8487,False,2.412713590696753,0.0308179956015069,1.1332200557631862,5,12,-0.5390068410222307,-0.8460518556683788,0.7691949274270663
10434,"10434, 6917",439,False,2.206515439255265,0.045499034687089,1.0385531956326584,5,12,-0.3427085687554867,-0.7160417735866296,0.7982670741340606
10434,"10434, 6917",54707,False,2.469266000974859,0.0286314399663648,1.177377574969374,5,12,-1.629321865544345,-2.1402074994451628,0.7602841939596087
10434,"10434, 6917",2965,False,2.783291862519912,0.0248936957018315,1.4776722741539403,5,12,-0.580268398691996,-0.8654681385001215,0.7568854103964252
10434,"10434, 6917",8336,False,-2.3548344010461824,0.0326037989643074,-1.0537470106330276,5,12,-1.1066124930762915,-0.8704326089209197,0.7722938751587749
10434,"10434, 6917",3013,False,-2.8868836750984426,0.0213451450514819,-1.533252902266865,5,12,-0.567462622619165,-0.3413205729439768,0.7325939510130627
10434,"10434, 6917",9001,False,-2.47418072539897,0.0381710564002618,-1.297774988013595,5,12,-0.4552312813782132,-0.2717867772170534,0.7887891891367923
10434,"10434, 6917",3065,False,2.3498293917284303,0.0341849832709089,1.0002907910018064,5,12,-0.0639106233180871,-0.2131573001079965,0.7760302177369495
10434,"10434, 6917",25988,False,2.487128186032958,0.0252079754162937,1.117454141431656,5,12,-1.531916037382942,-1.954075361713827,0.7568854103964252
10434,"10434, 6917",51124,False,3.3384309863354287,0.005443841668377,1.5871207029477687,5,12,0.003531099838328,-0.3278730625978046,0.571156009807942
10434,"10434, 6917",3633,False,-3.487261554537148,0.0128394166690339,-1.9539676423721384,5,12,-0.4158443070025819,-0.2061099784558323,0.6661227053517706
10434,"10434, 6917",26512,False,-2.6962500469659867,0.0247404417618177,-1.3852703730549702,5,12,-0.9177086357319704,-0.4750071642081441,0.7568854103964252
10434,"10434, 6917",81689,False,2.649999244254771,0.0204252114593515,1.2640017760957294,5,12,-0.197860333328315,-0.5100041682228132,0.7263744383972742
10434,"10434, 6917",9798,False,2.1834155467037246,0.0457965316392093,0.945781017641322,5,12,-0.2012483379618116,-0.4023882545045966,0.7982670741340606
10434,"10434, 6917",3690,False,2.159581207136569,0.0495489537946871,0.9116795162869904,5,12,-0.0086238521658348,-0.1548888172355678,0.8046714497212784
10434,"10434, 6917",56888,False,2.819271641929401,0.0141820943408516,1.3258548439851268,5,12,-0.8051255180249719,-1.099375328277871,0.6787506880374049
10434,"10434, 6917",10945,False,2.574369012214063,0.0264585199393361,1.2750564052807145,5,12,0.0298606171546482,-0.0795240335673757,0.7568854103964252
10434,"10434, 6917",146909,False,-3.943083553837038,0.0077349844345172,-2.2192460580977684,5,12,-0.5788662302527574,-0.3206165502615038,0.603363561959853
10434,"10434, 6917",55175,False,-2.133407222172317,0.0499112773465043,-0.9372565242488804,5,12,-0.3949768351585369,-0.2852459853739309,0.8046714497212784
10434,"10434, 6917",3837,False,2.7640787283842343,0.014928574094471,1.190457661948474,5,12,-1.8226803565109964,-2.1231559096740766,0.6871175778752507
10434,"10434, 6917",3960,False,2.241434516036751,0.0410140760153742,0.9711199125517836,5,12,0.0955208097255935,-0.1154850883982972,0.7950058640262805
10434,"10434, 6917",4000,False,-2.916406506527913,0.029605402091367,-1.6746336706492344,5,12,-0.6252883239401055,-0.3451312591635196,0.7673596757763704
10434,"10434, 6917",57622,False,2.4097961878207905,0.0310233129896907,1.017810818807244,5,12,-0.0202570832897125,-0.2243517463880845,0.7709673188232706
10434,"10434, 6917",51631,False,2.8077483795916933,0.0134554422845981,1.275647436888596,5,12,-0.1269057136358061,-0.3156537548341941,0.6751793909154472
10434,"10434, 6917",8379,False,2.729159673523827,0.0155231658707067,1.2121865283655258,5,12,-0.0252850891848452,-0.2271373229463107,0.6950759803779362
10434,"10434, 6917",9587,False,-2.44415382877602,0.0283948146554106,-1.1339186943284971,5,12,-0.5365031352524484,-0.3073699442986461,0.7598320119768825
10434,"10434, 6917",10459,False,2.9193989295129503,0.0107115579982145,1.3228404858631848,5,12,-0.5799653546788389,-1.1792532900708423,0.6437666605618788
10434,"10434, 6917",7873,False,2.6229916113235405,0.024840045496443,1.3072255302706737,5,12,-0.1802747010961494,-0.4026176821464727,0.7568854103964252
10434,"10434, 6917",643246,False,2.3473573687149987,0.0353852519141758,1.111321930203972,5,12,0.0960727981161002,-0.1656446873038118,0.7792678241219885
10434,"10434, 6917",6885,False,3.042245901006844,0.0179974925050527,1.6338910253828332,5,12,-0.0121890668565261,-0.339023144888239,0.7134390816796584
10434,"10434, 6917",55588,False,2.4440560221434366,0.0314849256767722,1.1875572219058472,5,12,-0.656297522188785,-0.958486657162696,0.7710891626210068
10434,"10434, 6917",55090,False,2.700507812174511,0.0253860122658954,1.398330026506848,5,12,-0.4875144692517119,-0.7669939750208191,0.7568854103964252
10434,"10434, 6917",23173,False,-2.728434696470301,0.0252368554336353,-1.42556935815723,5,12,-1.1496351787508834,-0.6745132562865432,0.7568854103964252
10434,"10434, 6917",56339,False,3.242368340171067,0.008168170832443,1.60593522060627,5,12,-0.3848655539914835,-0.6181052297552544,0.606753867466964
10434,"10434, 6917",4331,False,2.396332181518942,0.032439634241042,1.1369779489129972,5,12,-0.4683031723198043,-0.633556498093066,0.7715553047120207
10434,"10434, 6917",9526,False,2.590833587084492,0.0354913243012649,1.39837577694508,5,12,-0.1491774056531666,-0.3692042821097361,0.7792678241219885
10434,"10434, 6917",65003,False,2.5609778059639723,0.0243660470891653,1.2257003457015645,5,12,-0.093780942467442,-0.3163768191330755,0.7555168658866813
10434,"10434, 6917",51069,False,2.1912625327937207,0.0450673454888395,0.9982118549920804,5,12,-0.1325593584980336,-0.329046549708842,0.7982670741340606
10434,"10434, 6917",219927,False,2.317228168445479,0.0354018343020783,1.0544442618241334,5,12,-0.3845448280543597,-0.6387868147539885,0.7792678241219885
10434,"10434, 6917",28977,False,2.64923297202996,0.0282782773232358,1.3805519136987368,5,12,-0.2192838980659036,-0.4203295746855345,0.758844443768512
10434,"10434, 6917",51021,False,2.588550169511073,0.0205769818687973,1.1561304076230905,5,12,-0.2728707247354959,-0.4984573190853891,0.7286224885389405
10434,"10434, 6917",64969,False,2.431426055618996,0.0296525646607427,1.0287761831886382,5,12,-0.6080476780912412,-0.8063179056622799,0.7673596757763704
10434,"10434, 6917",4502,False,-3.20579915937612,0.0473716492959939,-2.2118642522874707,3,9,-0.6369047887624572,-0.3976962596146264,0.8015763446676192
10434,"10434, 6917",23397,False,2.947318525448829,0.025582299536592,1.6534719928152442,5,12,-0.8600613800255197,-1.1532307534043318,0.7568854103964252
10434,"10434, 6917",10403,False,2.772870348166297,0.0235731390755837,1.449251579342845,5,12,-1.187129175627915,-1.5308645023996457,0.7509627361022388
10434,"10434, 6917",4706,False,2.3036465947139355,0.042525778453645,1.1412055368926484,5,12,-0.4831788851050203,-0.7202197065709747,0.7975356290297795
10434,"10434, 6917",51602,False,-2.6259994019782624,0.0200291607940533,-1.2200744360455065,5,12,-1.9489838033968423,-1.5623247475751532,0.7230822274212263
10434,"10434, 6917",197370,False,2.7281978101191053,0.031786977734174,1.5043527244923247,5,12,-0.2915116464119812,-0.53224730765955,0.7715553047120207
10434,"10434, 6917",348995,False,2.3143684523839148,0.0359606214332365,0.9958058639605528,5,12,-0.8348238194173982,-1.2010075987324171,0.7796065223202716
10434,"10434, 6917",9818,False,3.629783936350565,0.0106243483337517,2.0291227373205776,5,12,-0.3965578910694318,-0.8609231931380514,0.6418462754829048
10434,"10434, 6917",79902,False,2.44713555818921,0.0322247710073484,1.2012960551115484,5,12,-1.3670798835771425,-1.643710839383562,0.7715553047120207
10434,"10434, 6917",8106,False,2.7455098628720243,0.0165150135091265,1.2956746899185096,5,12,-1.3846303949279868,-1.740193206522057,0.7037360130229586
10434,"10434, 6917",5091,False,3.405830760320776,0.0055404793153359,1.6602466091746588,5,12,-0.1913002273433247,-0.3755051780431608,0.571156009807942
10434,"10434, 6917",23481,False,-2.219502860296233,0.0459809588893156,-1.0653996267933374,5,12,-1.3924038645747272,-1.1117140435227229,0.7982670741340606
10434,"10434, 6917",9409,False,2.5817921005598223,0.0225523656542018,1.217647617204236,5,12,-0.00965719684713,-0.1812273960538734,0.743696768553327
10434,"10434, 6917",94005,False,-2.158829283290768,0.0476628541552521,-0.9440933002311052,5,12,-0.4230124840335214,-0.2877566194995302,0.8019982402475438
10434,"10434, 6917",64857,False,2.741573682443052,0.0161526423162276,1.2794234463503982,5,12,-0.1296987212009127,-0.2800813067985988,0.7006015786627908
10434,"10434, 6917",23203,False,-2.255915327060787,0.0394938649017367,-1.0113950720194906,5,12,-1.5225825782002247,-1.156891352148291,0.7920294554796992
10434,"10434, 6917",84172,False,-4.000628908322958,0.0016453918500216,-1.9154137856997813,5,12,-1.8346144268951168,-1.318149233359228,0.4086870553729531
10434,"10434, 6917",30834,False,-2.176801620298469,0.0460899507391028,-0.9838969589287376,5,12,-1.081249054719232,-0.8106244831818329,0.7982670741340606
10434,"10434, 6917",5441,False,2.508821013968604,0.0253045311182855,1.1698977496806993,5,12,-2.183497306517148,-2.685714256900525,0.7568854103964252
10434,"10434, 6917",51645,False,2.2940267533215213,0.0368433847950679,1.0370696316031065,5,12,-0.5013855087744138,-0.95817231713136,0.7836483879259681
10434,"10434, 6917",29127,False,2.26091480813256,0.0405266462708366,1.0540255372712066,5,12,-1.2107441109444317,-1.6093107788818375,0.7950058640262805
10434,"10434, 6917",5884,False,2.1951716455708694,0.0461367846434017,1.0282948358338726,5,12,-1.0225567946843603,-1.2970900946245731,0.7982670741340606
10434,"10434, 6917",5902,False,3.2043543762000057,0.0109698132211407,1.648436861127584,5,12,-0.2244028121305755,-0.4821485109879244,0.64579115731803
10434,"10434, 6917",57038,False,2.730963774964695,0.0167721447858695,1.1537997098898491,5,12,-0.1522275362643911,-0.4085374046241988,0.7070974930710524
10434,"10434, 6917",10235,False,2.233235266976575,0.0415720081208635,0.9698990963969348,5,12,-0.2714861253519857,-0.358151655312234,0.7955525158072521
10434,"10434, 6917",114822,False,-2.703540240146081,0.0282203130270861,-1.4370223434995877,5,12,-0.4276504633376096,-0.250915022571902,0.7586792529741281
10434,"10434, 6917",6047,False,5.693791096884576,5.218184143709172e-05,2.443859531160045,5,12,-0.3044341774462337,-0.8629346396531199,0.1096423598059726
10434,"10434, 6917",26015,False,2.322399935822702,0.0491078779250335,1.2239354159946991,5,12,-1.555065512718841,-1.807151578130435,0.8041555490371772
10434,"10434, 6917",6135,False,-2.9274978165467846,0.0113814121005164,-1.3723113128923126,5,12,-2.4870511565108946,-2.2135458538815693,0.647701494472052
10434,"10434, 6917",6154,False,-3.183752101224709,0.0119119155085309,-1.6512648630258675,5,12,-2.2243358732411487,-1.6643716024043451,0.656352737890337
10434,"10434, 6917",25873,False,-2.860060720929122,0.0331339792332587,-1.6589775080134157,5,12,-2.324987871458693,-1.898296679936938,0.7722938751587749
10434,"10434, 6917",6173,False,-2.7945834195319685,0.0410423943937203,-1.853803421351728,3,7,-1.7552736000935,-0.8895341635855578,0.7950058640262805
10434,"10434, 6917",6166,False,-2.6245006330211678,0.0390726864053298,-1.4710640231042564,5,12,-0.9203452194910792,-0.6518332402936026,0.7908985052321639
10434,"10434, 6917",6217,False,-2.6150837418897166,0.0267895972806482,-1.3251509518562434,5,12,-2.2224578456113213,-1.85335693256648,0.7568854103964252
10434,"10434, 6917",6228,False,-3.0994640407454828,0.0079316959068841,-1.4422190256621488,5,12,-2.510765441731309,-2.0813200077738463,0.606753867466964
10434,"10434, 6917",8607,False,2.609711434911362,0.0407265471942624,1.4713220965681997,5,12,-1.333507343375516,-1.8303128368129904,0.7950058640262805
10434,"10434, 6917",10284,False,2.6218391704444066,0.0197159399942749,1.2017720948709871,5,12,-0.9623848000677674,-1.1550198466178403,0.7200773977905233
10434,"10434, 6917",9169,False,-2.6866149197435463,0.0451073875121854,-1.600276666854995,5,12,-0.4472847104640392,-0.2846318471073294,0.7982670741340606
10434,"10434, 6917",9919,False,2.2664895216291687,0.0437198959989061,1.1055610104837543,5,12,-0.4037284408322019,-0.6653025400199707,0.7982670741340606
10434,"10434, 6917",11231,False,2.719048187405928,0.0158417807927636,1.2072276502973285,5,12,-0.2634429189261593,-0.6044310450201882,0.7006015786627908
10434,"10434, 6917",22928,False,2.985251000858891,0.0101209753961199,1.2649650083717976,5,12,-0.4276196067361133,-0.8857740387983922,0.628469083532895
10434,"10434, 6917",51639,False,2.928712515549078,0.0298614673493043,1.6907186818151796,5,12,-1.7025914629327006,-2.1011171108659545,0.7683489996775338
10434,"10434, 6917",10559,False,2.4502650958550345,0.0312187004752395,1.1917649028860229,5,12,0.0007443948392724,-0.2249917379000507,0.7710891626210068
10434,"10434, 6917",6618,False,3.3323910005987,0.0045894048513326,1.5011537224413247,5,12,-1.0043243909449266,-1.502226994256605,0.5463305204322857
10434,"10434, 6917",6619,False,2.699767299216425,0.0172988198741246,1.152333068249918,5,12,-1.120971798427443,-1.4539754529358817,0.7112864518483171
10434,"10434, 6917",10302,False,3.075954948627145,0.0077320833212725,1.3501674362968858,5,12,-1.0080422808182343,-1.356498837949074,0.603363561959853
10434,"10434, 6917",6632,False,2.3465564184306,0.0426315787418594,1.194636220194787,5,12,-2.3781791578754405,-2.876107957159721,0.7975356290297795
10434,"10434, 6917",6648,False,2.272663977598707,0.0383249681401946,1.0243139750044954,5,12,-0.8328908916001779,-1.2853612234080842,0.7891616186922428
10434,"10434, 6917",6431,False,2.3128859729542586,0.0449526415978206,1.1762993940863455,5,12,-0.4438264221791528,-0.6509921219423799,0.7982670741340606
10434,"10434, 6917",8464,False,3.746265260290637,0.0020234060487536,1.6252925368787603,5,12,0.044402457666541,-0.320552243431236,0.445705416914732
10434,"10434, 6917",6879,False,2.6029967703828505,0.0215468056503052,1.098153785971077,5,12,-0.6401707845237131,-0.8132687346854324,0.7343771707527326
10434,"10434, 6917",6901,False,2.222769509428334,0.0424417512955431,1.012263352555848,5,12,-0.2058831445159434,-0.4767273073072982,0.7975356290297795
10434,"10434, 6917",10607,False,-2.4093543636216235,0.0294909532840917,-1.051355726113365,5,12,-1.4084750436123297,-1.1405993009809163,0.7666544618719339
10434,"10434, 6917",84321,False,2.1518671306361914,0.0481613949643562,0.9644838414017962,5,12,-1.1874383918069316,-1.469841087695935,0.803530181774808
10434,"10434, 6917",116238,False,-2.7064083887646886,0.0458394756234897,-1.6302194409079689,5,12,-0.536817427418644,-0.2856844773682985,0.7982670741340606
10434,"10434, 6917",11011,False,3.339153156965443,0.0123709451727665,1.806287302807948,5,12,-0.3971325165474045,-0.7139211566112312,0.661024302315574
10434,"10434, 6917",29058,False,-2.877844503701006,0.0235723146741083,-1.5558761676640824,5,12,-0.3266807042702077,-0.154529990607016,0.7509627361022388
10434,"10434, 6917",9804,False,2.296641492580332,0.0380167505301932,1.0730104352497651,5,12,-0.4613887254987761,-0.680790274085532,0.7880363045296338
10434,"10434, 6917",7186,False,2.1662019745756047,0.048746095421305,1.0157001463417703,5,12,-0.2935967262393512,-0.5702337102376821,0.8037156778640308
10434,"10434, 6917",90121,False,-2.5187994690662308,0.0268396362265975,-1.0435551426198222,5,12,-1.858406194364317,-1.5934466224980086,0.7573780069990087
10434,"10434, 6917",85378,False,2.492898059365496,0.0345113524567928,1.2810647412485354,5,12,-0.8308019461360457,-1.0582404401342955,0.7760302177369495
10434,"10434, 6917",7295,False,2.770640167801438,0.0320510736824587,1.551936657795086,5,12,-0.8779619296468777,-1.266019793342345,0.7715553047120207
10434,"10434, 6917",3093,False,3.8718301302678473,0.0021115497910956,1.6097919278213018,5,12,-0.0152252500010949,-0.2405843960470639,0.450553708109433
10434,"10434, 6917",55585,False,-2.2936359240854105,0.0467909504985683,-1.1699214287639377,5,12,-0.47228969062494,-0.2964422555683453,0.8015763446676192
10434,"10434, 6917",59286,False,3.1185516885982283,0.0154499016793496,1.6622599024125486,5,12,-2.4119599592282723,-2.9215137743827526,0.6950759803779362
10434,"10434, 6917",9094,False,-2.3806319466199106,0.0470024784978609,-1.2732643032788915,5,12,-0.4291050363816387,-0.2637414939955247,0.8015763446676192
10434,"10434, 6917",9875,False,3.489316272477636,0.0033001603578833,1.542034051898367,5,12,-0.8276728731397289,-1.0738596768476465,0.5028055018374575
10434,"10434, 6917",79650,False,-3.2030404861595505,0.005929454793552,-1.4274542564113597,5,12,-0.3858736774946022,-0.2261066513970978,0.5795206013161482
10434,"10434, 6917",10813,False,-2.2956946148398725,0.03876893788991,-0.9659313046288552,5,12,-0.3994683580954629,-0.2497500136190511,0.789404272527965
10434,"10434, 6917",55759,False,-2.5379987779534097,0.0350859350713781,-1.3369327267767488,5,12,-1.4945469530015196,-1.231447470025786,0.7760302177369495
10434,"10434, 6917",79446,False,2.917397940807964,0.0190181832759824,1.5280266339169488,5,12,-0.6185353802517668,-0.8827473019147783,0.7153926528277387
10434,"10434, 6917",10413,False,2.260088028891214,0.0414716768472547,0.9504028293151152,5,12,-0.246578632617798,-0.604757124783002,0.795059641297274
10434,"10434, 6917",7525,False,2.2551964643234204,0.0417964532425147,0.9488973765602864,5,12,0.0920547115571021,-0.0697218051801048,0.7956001194952814
10434,"10434, 6917",51441,False,2.922875959772232,0.0116384405141436,1.3758923630947728,5,12,-0.0005129206973139,-0.251142493958274,0.6512373017693148
10434,"10434, 6917",7534,False,-2.7442428273810227,0.0348695759593509,-1.7485875180391914,3,7,-0.8093414846141066,-0.5958700058740406,0.7760302177369495
10434,"10434, 6917",55954,False,3.0571860555023376,0.0184963063681117,1.6567254091610777,5,12,-0.6504959345387681,-0.9950644626871324,0.7134390816796584
10434,"10434, 6917",163255,False,2.294767575212875,0.0382706432832806,1.0742702057134856,5,12,0.1287343051677127,-0.0704750889442539,0.7891616186922428
10434,"10434, 6917",374900,False,2.230903871508892,0.0414416199266127,1.0007557778622869,5,12,0.0863848042305407,-0.1177061844533732,0.7950058640262805
10434,"10434, 6917",284459,False,2.2150245716172257,0.0443311039301257,1.0354154322216462,5,12,0.2514628915313822,0.0223612901035442,0.7982670741340606
10526,10526,54936,False,3.738117647055549,0.0065591543777187,1.7870160496736156,3,14,-0.1272334179296244,-0.293817524691583,0.5853481090725166
10526,10526,5832,False,2.535394350591632,0.0228497425569025,1.0130544304204394,3,14,-0.0083812193473218,-0.1887692798260431,0.7453439108532166
10526,10526,29945,False,2.7628060127634355,0.0156655539435742,1.0528157495819024,3,14,-1.17424835962914,-1.373290513102722,0.6972304571088062
10526,10526,10139,False,2.511283691646854,0.0239988642927894,0.9957805313536424,3,14,-0.5428887544884801,-0.8003873408751593,0.754643184081097
10526,10526,7984,False,2.596122006164576,0.031437204435417,1.2178183692420277,3,14,-0.30687577212939,-0.4548234307722102,0.7710891626210068
10526,10526,51742,False,2.84715452954984,0.0123285285413988,1.1543955525965626,3,14,-0.1335369845997083,-0.3216570419744751,0.66067505824945
10526,10526,10973,False,2.64135056677157,0.0341426063712588,1.2858125103811442,3,14,-0.1374228781221088,-0.4597408339284712,0.7760302177369495
10526,10526,522,False,-2.507391349327968,0.0364419641011382,-1.1789907092962004,3,14,-0.4797326260790899,-0.3371680979948798,0.7822319428767802
10526,10526,84126,False,2.4413287208275127,0.0380079679372199,1.1277100800947797,3,14,-0.4401516108612354,-0.6350299475987737,0.7880363045296338
10526,10526,23476,False,2.788484003204619,0.0141754457953689,1.0823622092546166,3,14,-0.798914980748553,-1.041010751520102,0.6787506880374049
10526,10526,55290,False,4.003859768148601,0.0025246489168198,1.802158491069149,3,14,-1.5184565544686948,-1.9979618190950923,0.4639662601875861
10526,10526,91408,False,-2.7483418700551288,0.0172373571473204,-1.1821635779307087,3,14,-0.727918732061901,-0.5369796706425035,0.7112864518483171
10526,10526,819,False,3.2988455981248954,0.0148075325131972,1.6267383638104689,3,14,-0.2304255291708305,-0.4660361473382434,0.6866898379200101
10526,10526,79714,False,5.176002544914841,0.0001437592640818,1.9861382048614584,3,14,-0.0154658840366545,-0.2723152958273675,0.1540630881895043
10526,10526,1062,False,-3.427388369173186,0.0037417882444893,-1.3707736075082904,3,14,-1.14451040999074,-0.8931370901302538,0.513507943843382
10526,10526,2491,False,-3.328837337745296,0.0496607782818312,-2.16728792119465,3,14,-1.1345819159400214,-0.6539599237005664,0.8046714497212784
10526,10526,149465,False,-2.776784094955877,0.0160524536196312,-1.1882262889538933,3,14,-0.3641013273527839,-0.2192004143306729,0.7006015786627908
10526,10526,1111,False,2.9442214299039726,0.0100833900475294,1.1871290740596925,3,14,-1.6349532972140917,-1.9647704157774757,0.6281800518245034
10526,10526,23155,False,-3.5201589869829943,0.0160217687295551,-1.833161180323424,3,14,-0.6609521276553939,-0.3747262785114561,0.7006015786627908
10526,10526,9125,False,-2.1678415207692634,0.0468546650471411,-0.8528115318896465,3,14,-0.6355753019746735,-0.4649132102513029,0.8015763446676192
10526,10526,9382,False,3.682890526460677,0.0026395668087249,1.4001348250192762,3,14,-0.4226230729145834,-0.6354895903354064,0.4697000795697297
10526,10526,51692,False,2.72785604229556,0.0306343160126697,1.332537572799226,3,14,-1.3642180658957124,-1.6996188761461108,0.7689044219165413
10526,10526,51340,False,-3.6104300891311785,0.0111790386206857,-1.809427672073819,3,14,-2.110080616107827,-1.687337370790677,0.64579115731803
10526,10526,1603,False,3.3304968482135973,0.0331251041235408,1.9288819585225332,3,14,-1.5836952152199375,-2.1790749423344176,0.7722938751587749
10526,10526,51163,False,3.157322062134112,0.0115511722286172,1.4491908750346896,3,14,-1.4321869296471867,-1.9927242187634384,0.6488452626579987
10526,10526,51164,False,-2.961986211598398,0.0131092330055988,-1.3102946084434322,3,14,-1.004544339328975,-0.8737453878910524,0.672253504000227
10526,10526,8886,False,-2.763399380129514,0.0266895055678466,-1.3240521659801272,3,14,-1.803805794702236,-1.594707989555268,0.7568854103964252
10526,10526,55510,False,3.218098813051183,0.0081589683383697,1.4187291024860014,3,14,-0.1158758302701849,-0.2426586910977645,0.606753867466964
10526,10526,51202,False,3.4935669143621784,0.0039642929367696,1.4852798537839436,3,14,-1.2777989781664434,-1.7166328439598402,0.5251531889113253
10526,10526,8818,False,2.257374720644762,0.0442467507960226,0.9859261405284712,3,14,-0.2831054980512601,-0.4927703602046829,0.7982670741340606
10526,10526,1944,False,2.2077091993775166,0.0455610025740004,0.935075293472619,3,14,-0.2770216304799446,-0.4120306490237336,0.7982670741340606
10526,10526,1968,False,2.4489700498893843,0.0281498127843317,1.020877389120809,3,14,-1.6216792722374038,-1.8073319611752232,0.7586792529741281
10526,10526,55140,False,-2.810433265548852,0.0139090678311332,-1.1709010033420026,3,14,-1.0789582889824774,-0.7880727220927064,0.6756675892727139
10526,10526,254013,False,-2.792704213699257,0.024283371492251,-1.323562884756309,3,14,-0.1424433921941,-0.0157137237114106,0.7555168658866813
10526,10526,51013,False,-3.9738052397425,0.0046229784862312,-1.893200256797474,3,14,-1.0058652554260477,-0.5664875927048916,0.5463305204322857
10526,10526,54512,False,-3.691019910831838,0.0024122590234599,-1.4197781481143248,3,14,-1.5578038376119656,-1.2457530535926136,0.4587117602278026
10526,10526,2271,False,2.37982723752683,0.0318218605090356,0.9853865012728772,3,14,-0.0265160829636308,-0.1914594143737647,0.7715553047120207
10526,10526,51659,False,2.3963593603587268,0.0392695603524769,1.0932006162165238,3,14,-1.83593908952138,-2.107634495275824,0.7920195618927413
10526,10526,2733,False,2.1707268072685126,0.0467213179051269,0.8850331837036015,3,14,-0.6833775783469643,-0.8058678174649333,0.8013944858587448
10526,10526,9328,False,3.09161632171652,0.0329603230448735,1.6952126143457185,3,14,-0.4281794984515213,-0.8105441047864538,0.7722938751587749
10526,10526,29035,False,-3.2554614174601086,0.005410819401666,-1.2774249970619491,3,14,-0.5340586324189441,-0.2381153935796895,0.5707131014504023
10526,10526,55355,False,-2.942513405540814,0.0313618696397081,-1.537277400845374,3,14,-1.2038157380540142,-0.9020586985984428,0.7710891626210068
10526,10526,3297,False,-2.550017514891654,0.0317818712524285,-1.177073945652819,3,14,-0.3867583568143777,-0.2128586225261117,0.7715553047120207
10526,10526,3329,False,2.315687418035933,0.0400089955228348,1.0128026007635127,3,14,-1.6197717473292268,-1.938355174502364,0.7944208237294973
10526,10526,65123,False,2.9667714584782354,0.0101931744691182,1.140818558635122,3,14,-1.421199029646978,-1.6583431700760658,0.6308986292602398
10526,10526,3705,False,2.672493035768468,0.017403986718772,1.0729505363231853,3,14,-0.0926487707299643,-0.2565678670424368,0.7128658384945291
10526,10526,81930,False,-2.902822396848967,0.0351052957261563,-1.5400243974862933,3,14,-2.4215912642433177,-1.7464242008038808,0.7760302177369495
10526,10526,55083,False,2.4497212074957293,0.0300170567917666,1.0530153460010805,3,14,0.0140790492431731,-0.1241219286537753,0.7684580593452173
10526,10526,3837,False,2.854292233350004,0.016074050502184,1.2661567305961428,3,14,-1.780408126333926,-2.089289165688724,0.7006015786627908
10526,10526,123169,False,-2.3496011399245686,0.0336674390983687,-0.9086777061556272,3,14,-0.3613170227094646,-0.2302526881471994,0.7748051079882398
10526,10526,134353,False,3.4602401790121533,0.0075785411312097,1.601492580339594,3,14,-0.4202360946795535,-0.678781608805883,0.6017422814857531
10526,10526,27258,False,-3.104218971035531,0.0158988614060036,-1.4821641924912934,3,14,-2.24086329543702,-1.893522816787108,0.7006015786627908
10526,10526,220064,False,2.5314529007155757,0.0303771275038696,1.1446294776585884,3,14,-1.513502444687406,-1.8123330137652356,0.7689044219165413
10526,10526,57128,False,2.771986589181926,0.0183936698425793,1.2265091113217563,3,14,-0.9274151609823744,-1.3810651077542242,0.7134390816796584
10526,10526,4176,False,-3.413607001033633,0.0112100644902896,-1.6518842107512062,3,14,-2.337225232746426,-1.915528276064688,0.64579115731803
10526,10526,4191,False,2.1654829310346897,0.0477436962866621,0.8955247817464143,3,14,-0.0642501944990822,-0.1943834338261911,0.8019982402475438
10526,10526,196074,False,-3.1836801837458744,0.0251975600377309,-1.682868358954794,3,14,-0.5818973006342755,-0.3186269780043062,0.7568854103964252
10526,10526,125988,False,3.1501672134522667,0.0090063422617521,1.3831925008613422,3,14,-0.0118398668664169,-0.2080222490496243,0.6150093925147891
10526,10526,55320,False,-2.370056669462793,0.0448671260599136,-1.1121764686995987,3,14,-1.0578327820867452,-0.9048004998583246,0.7982670741340606
10526,10526,23041,False,3.3227624293885474,0.0136206123016163,1.6252977899864238,3,14,-0.0346439225378111,-0.3508316174944067,0.6751793909154472
10526,10526,4598,False,2.58729963117981,0.0349909430335858,1.2426236362360998,3,14,-0.3745066597313411,-0.806871364052414,0.7760302177369495
10526,10526,10135,False,3.449040360720172,0.0043009591364295,1.304285868589656,3,14,-0.1159026463740116,-0.4756826122278966,0.5373081927011933
10526,10526,9918,False,3.545073713593987,0.0031880485402364,1.471329736328937,3,14,-1.156074501418141,-1.4337465243763263,0.5010154610049252
10526,10526,10787,False,3.4608912947402537,0.0035298427133017,1.401597392860854,3,14,-0.3060579098583256,-0.5609262350598282,0.506575498552766
10526,10526,51103,False,-2.2214489150830743,0.0421356328460109,-0.8892070712235411,3,14,-0.5100711011120417,-0.417891845071506,0.7974289184896268
10526,10526,114548,False,2.311472454431535,0.0386299840625535,0.992552246911942,3,14,0.2122678193699159,0.0212822464267797,0.7891616186922428
10526,10526,23165,False,3.0864596332598317,0.0305398432887933,1.6613875530362376,3,14,-0.901997904742284,-1.213317083531804,0.7689044219165413
10526,10526,8021,False,3.1624439359853915,0.0109861467555318,1.4416692071317287,3,14,-1.1460560881925554,-1.3482037569992809,0.64579115731803
10526,10526,9688,False,-2.465631211865213,0.0298840105051603,-1.0697968182515287,3,14,-1.771483651308104,-1.5445785154776586,0.7683489996775338
10526,10526,116150,False,3.58406178113406,0.0326601798373505,2.177094139719232,3,14,-1.1781488684954218,-1.6452883983289213,0.7722938751587749
10526,10526,5018,False,-3.2966259158521227,0.0055830934177455,-1.253674768769459,3,14,-0.8276675662757125,-0.6172973990590638,0.5713625183381494
10526,10526,8106,False,3.2520553520237505,0.0053888321738265,1.312699633281197,3,14,-1.364520428345834,-1.6937077977047934,0.5707131014504023
10526,10526,94104,False,3.4129322164709985,0.0241568641511084,1.8752621413737809,3,14,-0.6766625044096647,-1.0233169505911937,0.7555168658866813
10526,10526,10015,False,3.534627538638881,0.0045723757780679,1.5543311366457488,3,14,-0.1783311367430929,-0.3626788647588727,0.5463305204322857
10526,10526,5203,False,-5.408037733046178,9.394483135351478e-05,-2.2557175576911974,3,14,-0.5305953272257096,-0.2437431579719776,0.1317700598480424
10526,10526,5238,False,2.3519125567825467,0.0333985079552821,0.9697764178018268,3,14,-0.0325415747371076,-0.3394857682515723,0.7735590797151182
10526,10526,9842,False,-2.745633333828457,0.0274478560138568,-1.3160532678774506,3,14,-0.5754191600438138,-0.4221585192815783,0.7578267072412546
10526,10526,5347,False,2.4933941241745194,0.0282350119075994,1.0795410914825398,3,14,-2.329016459481894,-2.6508157119830984,0.7586792529741281
10526,10526,23203,False,-2.9791627539139616,0.0104633889665423,-1.2601551196042509,3,14,-1.6060886316214866,-1.1912388015654396,0.6389455841823463
10526,10526,25957,False,3.70120078557811,0.0302157249263428,2.253675100666975,3,14,-0.3537792821022563,-0.5667021318708566,0.7688185734422155
10526,10526,11284,False,2.672784104110135,0.0305629991018105,1.2810276464048886,3,14,-0.1605473296671831,-0.4089681133551968,0.7689044219165413
10526,10526,10623,False,2.622871744356757,0.0208578026049026,1.1107642008216758,3,14,-1.1305547638280966,-1.265017398795789,0.7292788449875541
10526,10526,5514,False,3.370608008412164,0.0045164375664926,1.2995166312255146,3,14,-1.0130315549819242,-1.2283679454982082,0.5463305204322857
10526,10526,5520,False,-2.6187606781059687,0.0210921581480353,-1.110438430066541,3,14,-0.35282128900067,-0.0587717354133297,0.7310134273261127
10526,10526,5573,False,3.823328660590308,0.0016658809575385,1.5188270352902484,3,14,0.0309654146843454,-0.2014691637325434,0.4095104635285345
10526,10526,5584,False,2.193043111315277,0.0444839680032554,0.8774694046309536,3,14,-0.063691805621701,-0.2171806002232111,0.7982670741340606
10526,10526,55660,False,-3.866258617266025,0.0070671805579813,-1.901408106462224,3,14,-1.3882947069343716,-0.9768915489267216,0.5933632169363596
10526,10526,5684,False,-4.570784471782242,0.0091943140904648,-2.5302303129634773,3,14,-3.228631804883779,-2.503880953603401,0.6177479122895033
10526,10526,5694,False,-2.5217778500404915,0.0271453160496686,-1.0965727405676506,3,14,-2.4742666518564995,-1.860494022348529,0.7578267072412546
10526,10526,5718,False,-3.003548677092561,0.0160398465023469,-1.3986232112969363,3,14,-1.9587823937230289,-1.6963889058157655,0.7006015786627908
10526,10526,22827,False,2.179783754837318,0.0473382301315775,0.8322808653139313,3,14,-2.451426266514525,-2.672681994942473,0.8015763446676192
10526,10526,100996939,False,2.3506482402337454,0.0382113642205753,1.034574943803127,3,14,-0.2251883836319768,-0.3499007252489964,0.7887891891367923
10526,10526,5861,False,2.5631339269564237,0.0240359484384071,1.097194309610502,3,14,-0.2247512804011407,-0.3960579849460535,0.7548649081682054
10526,10526,5875,False,2.2224556296481484,0.0422238810491923,0.8745962128524947,3,14,-1.074938138961066,-1.2811533014411245,0.7974289184896268
10526,10526,401466,False,-3.8516924185338337,0.0288565017261822,-2.381128783580814,3,14,-0.5761822711861121,-0.0123803215377825,0.7619890028077354
10526,10526,84991,False,-3.7653319220770327,0.015617921325592,-2.033250858805129,3,14,-1.6904529743738197,-1.2407325329562784,0.6964103403990867
10526,10526,1104,False,3.290861470398577,0.0084204721420236,1.48762375145278,3,14,-1.2361431698934175,-1.6083196227833176,0.6118431005322945
10526,10526,157506,False,2.2830450610059243,0.0388394677670819,0.9553298255185524,3,14,-0.1437703673166877,-0.2488799209405658,0.7897130757303121
10526,10526,51455,False,-2.653815445231273,0.0408330713305657,-1.3569102821019394,3,14,-0.4988768165955605,-0.2712687440375098,0.7950058640262805
10526,10526,140823,False,-2.163906680742636,0.0471990348506557,-0.8514780824082422,3,14,-1.202289607573188,-0.9730245837889938,0.8015763446676192
10526,10526,6146,False,2.7153901081805483,0.0220738175628102,1.2256890138577707,3,14,-0.5656136274467453,-0.7269401002302559,0.7398212951771879
10526,10526,9349,False,2.216547685964714,0.0428685582089736,0.8671756708657893,3,14,-2.380537410549454,-2.6357304430570845,0.7975356290297795
10526,10526,57521,False,3.907838394000753,0.0014092927849544,1.5458517135785623,3,14,-0.786396048687325,-1.07061981303454,0.3758375691415674
10526,10526,23223,False,-2.438905554468712,0.0279666490514488,-0.9972678331508288,3,14,-1.4968195295515472,-1.3124345533633726,0.7586792529741281
10526,10526,221421,False,2.7438872796096447,0.0161127648038576,1.048419082064144,3,14,-0.2857296333564841,-0.3814717851045601,0.7006015786627908
10526,10526,10284,False,2.83326543695139,0.0231150217540295,1.3461274952317035,3,14,-0.9291104981429033,-1.1346307618088722,0.7485525004632818
10526,10526,7979,False,-2.3323332651769237,0.0342422355976189,-0.9486484194026944,3,14,-1.1936248846389406,-1.021253778365992,0.7760302177369495
10526,10526,22928,False,2.2096193584169725,0.0444304984367255,0.8477243039578831,3,14,-0.5014874161978384,-0.8044945893334113,0.7982670741340606
10526,10526,29072,False,-2.741836523545354,0.0197951638935903,-1.2190695744321465,3,14,-0.6597401122582983,-0.5066409080624033,0.7200773977905233
10526,10526,10946,False,2.786646662735608,0.0138271962786713,1.1135666231022603,3,14,-1.9800034640916035,-2.2255881991942466,0.6751793909154472
10526,10526,112869,False,-2.4384768249203166,0.0299285738704777,-1.03781016323831,3,14,-0.5919494411317116,-0.3136474609898795,0.7684093142617548
10526,10526,9197,False,4.115278698944429,0.001434015445667,1.782392989168763,3,14,-0.0310264194539871,-0.333628124419848,0.3767905211908451
10526,10526,10615,False,-5.9510105337958095,3.341656768558999e-05,-2.4663492213731915,3,14,-0.8298870902597567,-0.4979335924624449,0.1096423598059726
10526,10526,10250,False,2.397301282757483,0.030687811763618,0.9277385516372868,3,14,-0.6904622476939908,-0.8237541311543789,0.7689044219165413
10526,10526,51188,False,4.051427207924835,0.0100261948600221,2.134763627205332,3,14,-1.345987267973986,-2.038997932763994,0.6278978591950445
10526,10526,56910,False,3.233460816895267,0.0446485747307118,1.98681599473591,3,14,-0.1515096825570292,-0.549911230146731,0.7982670741340606
10526,10526,55240,False,2.366660329436191,0.0429504946877473,1.0936431022191777,3,14,-0.0827266896017479,-0.2578678777294853,0.7980859600277914
10526,10526,3703,False,2.959562103052344,0.0099409392320997,1.1560365826368535,3,14,-0.03601892340578,-0.2773768036961248,0.6278978591950445
10526,10526,10460,False,-5.646205848489421,0.0009137226275428,-2.761247487153945,3,14,-0.905801354797832,-0.3281947712486673,0.3377905057845205
10526,10526,51567,False,2.899601894689596,0.0113745193860177,1.1247732378107422,3,14,-0.0571082816442502,-0.2523947266893367,0.6476956922501441
10526,10526,150483,False,2.6337890866966918,0.0241686624582356,1.174043185914747,3,14,-0.1851018400009983,-0.3025900803399254,0.7555168658866813
10526,10526,84321,False,3.906951428689948,0.0046773337835482,1.8457017059262817,3,14,-1.0017864286792917,-1.4692804089534288,0.547298838941751
10526,10526,8914,False,3.724691396887066,0.0112089312168497,1.9020719871275544,3,14,-1.0622405996147015,-1.4912505598458492,0.64579115731803
10526,10526,90580,False,3.974639642875352,0.0029973783755983,1.8117527773224784,3,14,-0.4094722637847149,-0.6973222956417878,0.492940809773446
10526,10526,56889,False,2.459038111963862,0.0301653019191255,1.0659012384265942,3,14,0.0158841213697512,-0.1896419786363852,0.7688185734422155
10526,10526,10972,False,2.598879574133573,0.0201900207335809,1.0478152634187778,3,14,-0.4586046158318806,-0.6975111965914979,0.7242211310824441
10526,10526,10959,False,4.747123605697207,0.0002687857144039,1.864521921427435,3,14,-0.2931046426992779,-0.7004798261969476,0.2103405602834605
10526,10526,23534,False,4.00478403749465,0.0111152863515519,2.126957941857293,3,14,-1.2598709211887429,-1.5461087866466603,0.64579115731803
10526,10526,56993,False,2.1414467214572563,0.0496558557106009,0.8328576046793648,3,14,-0.92224306804526,-1.0509462736495614,0.8046714497212784
10526,10526,58485,False,2.614812125799717,0.043366157911981,1.3406529587593443,3,14,-0.918569317417916,-1.2870477121716968,0.7982670741340606
10526,10526,60684,False,3.3443316570187616,0.0101493022511976,1.5730656814343535,3,14,-0.8892747765633021,-1.165311096872974,0.6288141733259653
10526,10526,27095,False,2.621658953987104,0.0405587879730253,1.323689042740846,3,14,-1.381838842470957,-1.646649676634435,0.7950058640262805
10526,10526,22878,False,2.7745181464882376,0.0379023480840145,1.4459481664139942,3,14,-1.3566938776098545,-1.6887912634250646,0.7870864484879649
10526,10526,80746,False,3.374998633799795,0.0050482730799721,1.4387553760544354,3,14,-0.5020823943280096,-0.6853581231420265,0.5647706482767996
10526,10526,7307,False,2.8034699948264965,0.0147335390832607,1.063167748788846,3,14,-1.4656974517305648,-1.6510778083664162,0.6865339775569129
10526,10526,79876,False,2.490605548614459,0.0442659833664872,1.226960550988467,3,14,-0.2949956971101978,-0.6748979864243491,0.7982670741340606
10526,10526,51506,False,3.812175777303605,0.0018081376540963,1.480238959057994,3,14,-0.3035984239703275,-0.4734136010682656,0.4247742889410282
10526,10526,23376,False,4.298397543515203,0.0007793592862032,1.641390623562764,3,14,-0.2203876116971891,-0.5622053652430393,0.3259895048147984
10526,10526,51569,False,2.47967266943024,0.0272040186575083,1.046931408449974,3,14,-0.333854353534923,-0.5958696450330271,0.7578267072412546
10526,10526,790955,False,2.457415088899481,0.0274773935620456,0.9478148646419914,3,14,-0.2787566496680145,-0.4065955772322367,0.7578267072412546
10526,10526,11274,False,2.290072821906168,0.0376036409013873,0.8878317294489281,3,14,-0.2487601405198165,-0.6425660153710407,0.7855967493217224
10526,10526,80146,False,2.436150957750188,0.0297926854784973,1.0326491334487111,3,14,-0.0606002956745637,-0.3332364988965032,0.767444887438343
10526,10526,7414,False,2.779604835083346,0.0141536624143816,1.092218804644388,3,14,-0.2765075128771577,-0.4379868449697031,0.6787506880374049
10526,10526,80124,False,-3.30056744370622,0.0049912790594717,-1.350568217486723,3,14,-0.4453713929683489,-0.242487166090865,0.5623823849347599
10526,10526,23559,False,-3.234559108585983,0.0055808926242171,-1.2799646127169195,3,14,-0.6592579407181104,-0.4572350744273479,0.5713625183381494
10526,10526,678,False,3.0257900608715724,0.008642637833357,1.1861243684046157,3,14,-0.2143236810636531,-0.3562494830928462,0.613409593830681
10526,10526,84838,False,2.661411490510864,0.0182718718515989,1.097409799572578,3,14,0.1593361708449978,-6.704980366841315e-05,0.7134390816796584
10526,10526,54680,False,-3.504925590487688,0.0053422222496591,-1.5633259401975956,3,14,-0.837266069537828,-0.6223030039225678,0.5705647490366753
11047,"11047, 149986, 26164, 3911, 6874, 9885",16,False,2.779025129066224,0.018239785374162,1.2308270559724213,3,14,-1.9669870971508387,-2.2470201430131733,0.7134390816796584
11047,"11047, 149986, 26164, 3911, 6874, 9885",47,False,3.928768895426613,0.0016409351366107,1.6577225997511744,3,14,-0.0750223563968772,-0.4315079232119996,0.4086442621274156
11047,"11047, 149986, 26164, 3911, 6874, 9885",2182,False,2.207457641489335,0.0432905031172699,0.877825354898407,3,14,0.0011111421929456,-0.1920695124598288,0.7982670741340606
11047,"11047, 149986, 26164, 3911, 6874, 9885",10121,False,4.439908134387821,0.0004786696464298,1.783212790280681,3,14,-0.3092417121767363,-0.8300220558014085,0.2821218668066492
11047,"11047, 149986, 26164, 3911, 6874, 9885",134637,False,3.345069636216587,0.0201258246734809,1.752641486658904,3,14,0.0673256045281726,-0.309374346452871,0.7230843984880345
11047,"11047, 149986, 26164, 3911, 6874, 9885",113179,False,2.665463517988447,0.0332872028515472,1.3004029370724548,3,14,-0.1365456956770536,-0.4360306851393987,0.7722938751587749
11047,"11047, 149986, 26164, 3911, 6874, 9885",25909,False,-2.954700082228345,0.0101094529340201,-1.2130901497113542,3,14,-1.3503800694377917,-1.1830496234241925,0.628469083532895
11047,"11047, 149986, 26164, 3911, 6874, 9885",226,False,2.664646954996645,0.02614611144889,1.2272646391687203,3,14,-0.8215540544844946,-1.2716184446020526,0.7568854103964252
11047,"11047, 149986, 26164, 3911, 6874, 9885",144245,False,-2.2021468982439725,0.0461212785524812,-0.8339827973690681,3,14,-0.486855101856109,-0.3940239304343173,0.7982670741340606
11047,"11047, 149986, 26164, 3911, 6874, 9885",163,False,3.418493600166221,0.004107405239988,1.3177440213715514,3,14,-0.0009187268002432,-0.1694856487299804,0.5320675763623917
11047,"11047, 149986, 26164, 3911, 6874, 9885",115703,False,2.655890824931968,0.0188514775927314,1.0201306782049429,3,14,0.0556744172073626,-0.0872667502355149,0.7134390816796584
11047,"11047, 149986, 26164, 3911, 6874, 9885",196528,False,-4.661321569025451,0.0060103870311658,-2.471880018413694,3,14,-0.8865137161629009,-0.4090062046836998,0.5797556097153778
11047,"11047, 149986, 26164, 3911, 6874, 9885",93436,False,4.891437923609768,0.008122991182249,2.750248831876296,3,14,-0.1356429354538562,-0.417157526692871,0.606753867466964
11047,"11047, 149986, 26164, 3911, 6874, 9885",79637,False,2.6816022399190507,0.0483152130767464,1.4483501235233514,3,14,-0.955826511952241,-1.4548089311578338,0.8037156778640308
11047,"11047, 149986, 26164, 3911, 6874, 9885",9070,False,-4.818248228344135,0.0002256752303949,-1.9238396529200756,3,14,-0.6306653622486722,-0.2745811058844972,0.201165213082633
11047,"11047, 149986, 26164, 3911, 6874, 9885",29028,False,2.399980348508903,0.0333907187233718,1.0377862101539617,3,14,-0.1320226614061452,-0.2623175699958707,0.7735590797151182
11047,"11047, 149986, 26164, 3911, 6874, 9885",490,False,2.817889633671722,0.0273590236157279,1.3805584425645336,3,14,-0.0277077317364722,-0.2722256829465249,0.7578267072412546
11047,"11047, 149986, 26164, 3911, 6874, 9885",513,False,3.202357565374094,0.00595421603418,1.268834984720239,3,14,-0.5679138034558733,-0.8203439674695641,0.5795206013161482
11047,"11047, 149986, 26164, 3911, 6874, 9885",539,False,2.5561161857433805,0.0232110264707106,1.0728945151033786,3,14,-0.2939526560052076,-0.4771324008258984,0.7485525004632818
11047,"11047, 149986, 26164, 3911, 6874, 9885",552,False,2.27028688275266,0.0385493135986327,0.9218997512582076,3,14,-0.2045434707209911,-0.3582028669130088,0.7891616186922428
11047,"11047, 149986, 26164, 3911, 6874, 9885",6046,False,2.1729463393025474,0.0477129062994909,0.9089774583170632,3,14,-0.3461971073750784,-0.5284713147939691,0.8019982402475438
11047,"11047, 149986, 26164, 3911, 6874, 9885",29117,False,-3.080204513983505,0.0079595503547647,-1.2719773432933346,3,14,-0.5080242060190113,-0.3451757037170703,0.606753867466964
11047,"11047, 149986, 26164, 3911, 6874, 9885",7862,False,-2.248988892820066,0.0432657235562929,-0.9652749387404588,3,14,-0.5336783497858303,-0.3580044389843476,0.7982670741340606
11047,"11047, 149986, 26164, 3911, 6874, 9885",28974,False,3.6244000300335646,0.003934520911762,1.5955709739328665,3,14,-0.3856977660320574,-0.7785168345886225,0.5246654091329729
11047,"11047, 149986, 26164, 3911, 6874, 9885",388960,False,4.03747615651284,0.0013258635484449,1.5360885689471162,3,14,-0.0531466686494602,-0.2175025311001643,0.3748120081084212
11047,"11047, 149986, 26164, 3911, 6874, 9885",991,False,-2.263668560796922,0.0456406659648122,-1.0059686705723956,3,14,-2.256556845116258,-2.03977839822663,0.7982670741340606
11047,"11047, 149986, 26164, 3911, 6874, 9885",51362,False,2.590944891998761,0.0280854805388243,1.1784600088447483,3,14,-0.8522481927362907,-1.095598995234336,0.7586792529741281
11047,"11047, 149986, 26164, 3911, 6874, 9885",10423,False,2.8010946458713164,0.0459824396122336,1.5479500532287016,3,14,-0.2702093817441294,-0.8921337859391858,0.7982670741340606
11047,"11047, 149986, 26164, 3911, 6874, 9885",4680,False,3.466222912632752,0.0038253238923022,1.329371397417988,3,14,-0.1684777243547934,-0.3456762835696023,0.516061623088966
11047,"11047, 149986, 26164, 3911, 6874, 9885",55835,False,2.875738563544347,0.0115507018494909,1.1512249299989077,3,14,-0.1661317351884044,-0.3312115910393548,0.6488452626579987
11047,"11047, 149986, 26164, 3911, 6874, 9885",55165,False,2.146450808581759,0.0486453084954163,0.8510254590943054,3,14,-0.0323284834348257,-0.1703676901969289,0.8037156778640308
11047,"11047, 149986, 26164, 3911, 6874, 9885",8837,False,2.980349404933175,0.0097240543731537,1.230893065555783,3,14,-0.5681600120177955,-1.295057301911365,0.6258236046268778
11047,"11047, 149986, 26164, 3911, 6874, 9885",64428,False,-2.3384304448267947,0.0478588863750731,-1.1025905530713296,3,14,-2.05077546943414,-1.8537271315363664,0.8025198177862338
11047,"11047, 149986, 26164, 3911, 6874, 9885",80790,False,2.602690689952486,0.0208852305045725,1.00020137068911,3,14,-0.1250130861583007,-0.3258311546156057,0.7294076895992783
11047,"11047, 149986, 26164, 3911, 6874, 9885",22820,False,-2.1992153961651515,0.0458744543425871,-0.8374850797764379,3,14,-1.7618945087744553,-1.5144635059193596,0.7982670741340606
11047,"11047, 149986, 26164, 3911, 6874, 9885",8533,False,2.5017679583255705,0.0253691400077682,1.0415214301456033,3,14,-0.6132109954352823,-0.8024359477982249,0.7568854103964252
11047,"11047, 149986, 26164, 3911, 6874, 9885",22818,False,-3.5767353978147094,0.0335894917641782,-2.185295416970361,3,14,-1.7472522636527426,-1.407411539142786,0.7742223622463887
11047,"11047, 149986, 26164, 3911, 6874, 9885",1327,False,2.388203730131099,0.0319206677095012,1.0010981187067287,3,14,-0.1542049771966938,-0.3377209675426496,0.7715553047120207
11047,"11047, 149986, 26164, 3911, 6874, 9885",1340,False,2.327845437905911,0.0345626686043182,0.9130723191755096,3,14,-0.3473716679866741,-0.4475679201145639,0.7760302177369495
11047,"11047, 149986, 26164, 3911, 6874, 9885",29894,False,3.3793917904322432,0.0213378323860095,1.8015524223878203,3,14,-0.8805111389291588,-1.247072851737963,0.7325939510130627
11047,"11047, 149986, 26164, 3911, 6874, 9885",1477,False,2.768465674297939,0.0145775981562394,1.1316080680961955,3,14,-0.5049495985257287,-0.758367825818634,0.6842551662450265
11047,"11047, 149986, 26164, 3911, 6874, 9885",10664,False,3.103014563648211,0.008058248131805,1.1828023151430969,3,14,-1.5121619046787405,-1.8013678447305888,0.606753867466964
11047,"11047, 149986, 26164, 3911, 6874, 9885",1503,False,2.8227408455886884,0.0138085568369212,1.1837461915763074,3,14,-0.2995929633780512,-0.6111952273962352,0.6751793909154472
11047,"11047, 149986, 26164, 3911, 6874, 9885",1553,False,3.1193795095214742,0.0093830092853004,1.3659478866463055,3,14,-0.0612919404164699,-0.2390391131129626,0.6196372357436517
11047,"11047, 149986, 26164, 3911, 6874, 9885",26528,False,2.5668887363388526,0.0254899735630141,1.1230227696880126,3,14,-0.0205699054064946,-0.2053859563932988,0.7568854103964252
11047,"11047, 149986, 26164, 3911, 6874, 9885",167227,False,-2.4379247775476465,0.0469805343896466,-1.1958109750637722,3,14,-0.4776359791328317,-0.2803279175622694,0.8015763446676192
11047,"11047, 149986, 26164, 3911, 6874, 9885",9093,False,3.0738072890619703,0.008019430378815,1.19255481675063,3,14,-0.8745116251838437,-1.0969207452765286,0.606753867466964
11047,"11047, 149986, 26164, 3911, 6874, 9885",10059,False,-2.3759977336142537,0.0499161607017699,-1.1554516830455168,3,14,-1.067902272194173,-0.7186031759640308,0.8046714497212784
11047,"11047, 149986, 26164, 3911, 6874, 9885",79075,False,4.33806060644897,0.0011916842850633,1.915456592790506,3,14,0.0002910027207857,-0.3345330849399603,0.3748120081084212
11047,"11047, 149986, 26164, 3911, 6874, 9885",84288,False,2.4807356791027617,0.0265860054952273,1.036417944529444,3,14,-0.0398786516065137,-0.1641121690985044,0.7568854103964252
11047,"11047, 149986, 26164, 3911, 6874, 9885",1983,False,-3.4215127096666174,0.0289508740661781,-1.956430337309892,3,14,-1.7450414101364629,-1.3403053941105667,0.7627438360397004
11047,"11047, 149986, 26164, 3911, 6874, 9885",1994,False,2.886263529666071,0.0239572189116931,1.4032447467942477,3,14,-0.181935085094296,-0.3596962063594153,0.7544104754566708
11047,"11047, 149986, 26164, 3911, 6874, 9885",23065,False,8.301355089001003,5.687821990920376e-07,3.2780713701571407,3,14,-0.0143524275019417,-0.5526400774752197,0.0180832924557331
11047,"11047, 149986, 26164, 3911, 6874, 9885",9694,False,5.445842957860425,7.520391530210323e-05,2.120653956148044,3,14,-0.0295032247842562,-0.3727861443782599,0.1277728056223882
11047,"11047, 149986, 26164, 3911, 6874, 9885",55831,False,4.815965936239626,0.0002320857689745,1.9510243279717827,3,14,-0.3785309378910615,-0.8009000247684043,0.2049639681391017
11047,"11047, 149986, 26164, 3911, 6874, 9885",83460,False,3.690287152884415,0.0093883113819446,1.830196221465859,3,14,0.0177407515990201,-0.2951709314465502,0.6196372357436517
11047,"11047, 149986, 26164, 3911, 6874, 9885",2058,False,2.635934228237025,0.0190213334965888,1.0283647485204102,3,14,-1.6721456417032856,-1.9539184473763147,0.7153926528277387
11047,"11047, 149986, 26164, 3911, 6874, 9885",51013,False,2.6578480928915384,0.0187190195567424,1.0222379786524134,3,14,-0.4387302550365468,-0.6880165213597846,0.7134390816796584
11047,"11047, 149986, 26164, 3911, 6874, 9885",257415,False,3.0679775255897863,0.0384034790749066,1.7362367288772853,3,14,-0.4511464082594614,-0.7943166987242014,0.7891616186922428
11047,"11047, 149986, 26164, 3911, 6874, 9885",147965,False,2.3905318494136854,0.0401801550608149,1.0950917336978832,3,14,-0.1342514316674166,-0.3220025160769258,0.7947636811015407
11047,"11047, 149986, 26164, 3911, 6874, 9885",10667,False,2.652066211761887,0.0185292078709952,1.0308741786115945,3,14,-0.0057590780547255,-0.2536340900413174,0.7134390816796584
11047,"11047, 149986, 26164, 3911, 6874, 9885",2867,False,2.866781763567165,0.0146591152224468,1.251661167890061,3,14,-0.145490649322474,-0.2991364098562144,0.6857144437477962
11047,"11047, 149986, 26164, 3911, 6874, 9885",100288801,False,2.289139292454407,0.0489790605573047,1.0944491345110068,3,9,-0.1423709990069268,-0.3077087970869644,0.8037156778640308
11047,"11047, 149986, 26164, 3911, 6874, 9885",8880,False,3.956103916824161,0.0012936561256832,1.6062307631566124,3,14,-0.0833553639629725,-0.3637637708532913,0.3748120081084212
11047,"11047, 149986, 26164, 3911, 6874, 9885",2539,False,2.9121410172041045,0.0111425291673838,1.2026955799256784,3,14,-0.0093505767747077,-0.2623177386053843,0.64579115731803
11047,"11047, 149986, 26164, 3911, 6874, 9885",11146,False,4.182417624613759,0.0010356987939568,1.5864212175108232,3,14,-0.0986871623371126,-0.372785600383852,0.3451692657429625
11047,"11047, 149986, 26164, 3911, 6874, 9885",54584,False,3.3212325498770223,0.0100029988487864,1.5510863849781087,3,14,-0.4765066950030123,-0.8399434910720097,0.6278978591950445
11047,"11047, 149986, 26164, 3911, 6874, 9885",29889,False,4.570689071585437,0.0003739738349566,1.8037295577342027,3,14,-0.9816376235877224,-1.2642312236510098,0.2494353175127859
11047,"11047, 149986, 26164, 3911, 6874, 9885",2960,False,-3.008142723559097,0.0305959200811421,-1.5893827624423995,3,14,-1.4819805356636295,-1.1593142195656656,0.7689044219165413
11047,"11047, 149986, 26164, 3911, 6874, 9885",8341,False,2.2917094496399053,0.0379642956608375,0.8806927147830715,3,14,-0.7120244486619258,-1.216516992245382,0.7878263925491654
11047,"11047, 149986, 26164, 3911, 6874, 9885",29035,False,4.097580557314014,0.0009794807890076,1.6073015005910416,3,14,0.0047822066237993,-0.3535812876602773,0.3424241293940285
11047,"11047, 149986, 26164, 3911, 6874, 9885",25988,False,3.231557473574253,0.0067948887683966,1.3840341491044272,3,14,-1.435979150830815,-1.9143247910705845,0.5870377679718328
11047,"11047, 149986, 26164, 3911, 6874, 9885",3190,False,-2.938101109289022,0.0183479971102487,-1.376436071486672,3,14,-2.6683541355106084,-2.303609848835051,0.7134390816796584
11047,"11047, 149986, 26164, 3911, 6874, 9885",3028,False,2.623160308823535,0.0212452945470956,1.11869744867299,3,14,-0.1308224091637642,-0.405943887603963,0.7325802880632503
11047,"11047, 149986, 26164, 3911, 6874, 9885",51182,False,2.8095600326916506,0.023126515088204,1.3250632978677188,3,14,-0.0365952355503198,-0.3448960042077736,0.7485525004632818
11047,"11047, 149986, 26164, 3911, 6874, 9885",10075,False,4.188544925033989,0.0203266450884575,2.522468790493786,3,14,-0.3546023434921432,-0.8883810579627197,0.7252738741274658
11047,"11047, 149986, 26164, 3911, 6874, 9885",23379,False,-3.1707986947874365,0.0144425031645944,-1.514075752492295,3,14,-1.1495677106583726,-0.8362598947495207,0.6830391367880794
11047,"11047, 149986, 26164, 3911, 6874, 9885",54617,False,2.312099020761296,0.0427120857704853,1.03422718025376,3,14,-0.7373491407227976,-0.9317471604784152,0.7975356290297795
11047,"11047, 149986, 26164, 3911, 6874, 9885",3660,False,2.370442676116593,0.0450535900560208,1.11399939429844,3,14,0.2139970973458959,-0.1101022232315469,0.7982670741340606
11047,"11047, 149986, 26164, 3911, 6874, 9885",81875,False,-2.271753958887487,0.0385795179445929,-0.9274329514367836,3,14,-1.184321983259676,-0.989602164951956,0.7891616186922428
11047,"11047, 149986, 26164, 3911, 6874, 9885",55677,False,3.870605667228102,0.0034520584530808,1.7604505115332092,3,14,-0.0718724078081028,-0.2959333142082928,0.506575498552766
11047,"11047, 149986, 26164, 3911, 6874, 9885",79831,False,2.757726609895091,0.0213015452399023,1.25511051406771,3,14,-0.2646247117251487,-0.42229102490191,0.7325802880632503
11047,"11047, 149986, 26164, 3911, 6874, 9885",3835,False,3.973289404396228,0.0012354878818148,1.5704107616517655,3,14,-0.2695401659842056,-0.4037221561459687,0.3748120081084212
11047,"11047, 149986, 26164, 3911, 6874, 9885",688,False,-2.858387475482856,0.0208680823877228,-1.3404804380840425,3,14,-0.7137520729962462,-0.3384855786049102,0.7292788449875541
11047,"11047, 149986, 26164, 3911, 6874, 9885",9757,False,2.636298166283393,0.0224590236014984,1.1530866218843223,3,14,-0.1271491887844487,-0.3540036983143961,0.743696768553327
11047,"11047, 149986, 26164, 3911, 6874, 9885",124801,False,2.7162709128842994,0.0163749378762058,1.0538408089306168,3,14,-0.2229147295430851,-0.4081282486750829,0.7016422622248645
11047,"11047, 149986, 26164, 3911, 6874, 9885",8720,False,3.2556274578116184,0.0059612967818422,1.3687517588112788,3,14,-0.2426375545507709,-0.6209952353415995,0.5795206013161482
11047,"11047, 149986, 26164, 3911, 6874, 9885",51360,False,2.718593374361402,0.0164965403497564,1.0488074912348522,3,14,-0.3588638841972491,-0.6477493421641892,0.7036199811620634
11047,"11047, 149986, 26164, 3911, 6874, 9885",4193,False,2.1650467332258856,0.0487513942981871,0.8256292026591044,3,14,-0.2839111258958949,-0.5293252207074088,0.8037156778640308
11047,"11047, 149986, 26164, 3911, 6874, 9885",9441,False,-2.8921142506147524,0.0185424762563599,-1.338815859213153,3,14,-0.8943913773949229,-0.6304692928475572,0.7134390816796584
11047,"11047, 149986, 26164, 3911, 6874, 9885",10988,False,2.531696970001401,0.0244674811722887,1.065535260576491,3,14,-0.3508043740391073,-0.695708818009268,0.7555168658866813
11047,"11047, 149986, 26164, 3911, 6874, 9885",64745,False,3.29218180446336,0.0055127758201496,1.2571294410438365,3,14,-0.3761291061465992,-0.6258130781023492,0.571156009807942
11047,"11047, 149986, 26164, 3911, 6874, 9885",54069,False,2.8193175506091164,0.025713756319417,1.363745016834746,3,14,-0.7443093683451972,-1.0005842860537808,0.7568854103964252
11047,"11047, 149986, 26164, 3911, 6874, 9885",93380,False,3.583096264081901,0.0089038145734478,1.7335041719264797,3,14,-0.0306158759278632,-0.3525318820755986,0.613409593830681
11047,"11047, 149986, 26164, 3911, 6874, 9885",25843,False,-3.724572946369437,0.0036254325402575,-1.658380228127726,3,14,-0.8950936492054632,-0.6065037370453944,0.5071411507405079
11047,"11047, 149986, 26164, 3911, 6874, 9885",23041,False,-2.6688304710367907,0.048438271402444,-1.4365362469928709,3,14,-0.5410131965492045,-0.2423239159205366,0.8037156778640308
11047,"11047, 149986, 26164, 3911, 6874, 9885",64928,False,2.438121697748195,0.0276987241286827,0.9793732133077646,3,14,-0.0954248145221038,-0.2693504923746374,0.7581377630197409
11047,"11047, 149986, 26164, 3911, 6874, 9885",51069,False,2.22942094595226,0.0422571798070011,0.8633452168942434,3,14,-0.14318469152342,-0.2987000938875723,0.7974289184896268
11047,"11047, 149986, 26164, 3911, 6874, 9885",79590,False,2.6402399880048275,0.0185659994188895,1.060637950383983,3,14,-0.2847707933096269,-0.4300906936577723,0.7134390816796584
11047,"11047, 149986, 26164, 3911, 6874, 9885",64979,False,2.6547518653934694,0.0191173837137227,1.015120389506443,3,14,-0.2942061979297837,-0.4642025336172072,0.7163662249874128
11047,"11047, 149986, 26164, 3911, 6874, 9885",54534,False,2.276613249189537,0.039766138539351,0.9595824433206483,3,14,-0.2825782805897918,-0.3899350422789409,0.7935704722558191
11047,"11047, 149986, 26164, 3911, 6874, 9885",64969,False,2.844351157896983,0.0123408902573856,1.1465798459862186,3,14,-0.5773554578702894,-0.7845704917709069,0.66067505824945
11047,"11047, 149986, 26164, 3911, 6874, 9885",4520,False,3.3367948382889945,0.0182077833028313,1.7152141192378751,3,14,0.0069631635052591,-0.304911685998787,0.7134390816796584
11047,"11047, 149986, 26164, 3911, 6874, 9885",4627,False,5.6204152561462335,8.314425426449167e-05,2.388955481949974,3,14,0.3568350040116307,-0.491969326079493,0.1277728056223882
11047,"11047, 149986, 26164, 3911, 6874, 9885",55706,False,3.5821998421967667,0.0029803074770548,1.3791556627026544,3,14,-0.2186475227705765,-0.50176940451855,0.492940809773446
11047,"11047, 149986, 26164, 3911, 6874, 9885",4719,False,2.484343771563437,0.0254168240008315,1.007942210561758,3,14,-0.2736601212339221,-0.4679499993413878,0.7568854103964252
11047,"11047, 149986, 26164, 3911, 6874, 9885",4720,False,2.2468941987698026,0.0432199109606806,0.9619807838280192,3,14,-0.2855762106672887,-0.4283178839405276,0.7982670741340606
11047,"11047, 149986, 26164, 3911, 6874, 9885",4798,False,4.281413049475312,0.0013901968780739,1.9006755429468296,3,14,-0.264062446018318,-0.5310017041087767,0.3758375691415674
11047,"11047, 149986, 26164, 3911, 6874, 9885",197370,False,2.38589510173602,0.034507769450364,1.0346489915255437,3,14,-0.3385003481265315,-0.4877874913996365,0.7760302177369495
11047,"11047, 149986, 26164, 3911, 6874, 9885",56160,False,2.732661412214908,0.0313287618703991,1.3438346795821787,3,14,-0.762305022031586,-1.050292763799638,0.7710891626210068
11047,"11047, 149986, 26164, 3911, 6874, 9885",728118,False,2.293764294165683,0.0492412873830229,1.246026731949185,3,9,-0.3252738508120241,-0.4353052411917548,0.8046230511059362
11047,"11047, 149986, 26164, 3911, 6874, 9885",4991,False,2.6467220294637746,0.0348086541702282,1.517120173009978,3,9,-0.3857175092141838,-0.508251006318607,0.7760302177369495
11047,"11047, 149986, 26164, 3911, 6874, 9885",283092,False,3.248853460475545,0.0087486644586013,1.6371484566025027,3,9,0.0070215126611613,-0.2125016691933595,0.613409593830681
11047,"11047, 149986, 26164, 3911, 6874, 9885",4999,False,4.066276463768048,0.0012006050391945,1.7035679274855042,3,14,-0.2747091951445443,-0.4405577799049897,0.3748120081084212
11047,"11047, 149986, 26164, 3911, 6874, 9885",5000,False,2.312576751620344,0.0360666361080618,0.954746280267038,3,14,-0.4542189499935785,-0.6095329676350945,0.7797765726372132
11047,"11047, 149986, 26164, 3911, 6874, 9885",5001,False,4.43831164156187,0.0004852520442951,1.793555671036821,3,14,-0.2526762334970889,-0.6531932112879646,0.2821218668066492
11047,"11047, 149986, 26164, 3911, 6874, 9885",54995,False,2.50979025343397,0.040938706349281,1.2191825377544978,3,14,-0.0157789766370788,-0.2415662575650803,0.7950058640262805
11047,"11047, 149986, 26164, 3911, 6874, 9885",5048,False,2.94364578291072,0.0345594292358755,1.5728897381736462,3,14,-1.925529131936831,-2.4046211545411573,0.7760302177369495
11047,"11047, 149986, 26164, 3911, 6874, 9885",25973,False,3.6824084006497264,0.0168341594143737,1.9868824000103904,3,14,-0.1020480415825424,-0.5303016940481723,0.7070974930710524
11047,"11047, 149986, 26164, 3911, 6874, 9885",7849,False,-2.358871780578399,0.0498039234086878,-1.1373960328873496,3,14,-1.4023938220564214,-0.8116029570551379,0.8046714497212784
11047,"11047, 149986, 26164, 3911, 6874, 9885",9141,False,3.652256431553104,0.0026608448488166,1.3995689434806444,3,14,-0.3173221427042199,-0.5955380532187944,0.4708510590636074
11047,"11047, 149986, 26164, 3911, 6874, 9885",5203,False,4.054494021418982,0.0017480492584069,1.7730267555038812,3,14,-0.0931567756115567,-0.3374799904607247,0.4157785292209414
11047,"11047, 149986, 26164, 3911, 6874, 9885",5238,False,2.8102172287634293,0.0131933366660361,1.1274793160995964,3,14,0.0022982198125131,-0.3469514385122053,0.6746356030159332
11047,"11047, 149986, 26164, 3911, 6874, 9885",84844,False,-3.667454349798045,0.0027907589472288,-1.3893683736907778,3,14,-2.6403389110752187,-2.239614461514798,0.4778811447535703
11047,"11047, 149986, 26164, 3911, 6874, 9885",10531,False,3.576853939483973,0.0033326503545139,1.3544274151034066,3,14,-0.0871690715110134,-0.4179399101494485,0.5028055018374575
11047,"11047, 149986, 26164, 3911, 6874, 9885",5437,False,-3.0652030776958985,0.0109376584767903,-1.356504814790455,3,14,-1.8826868812816464,-1.5660615363137125,0.64579115731803
11047,"11047, 149986, 26164, 3911, 6874, 9885",5438,False,-3.245928911528363,0.0057027978108092,-1.257162344174632,3,14,-2.0611978032148346,-1.693372929904407,0.5743686931332338
11047,"11047, 149986, 26164, 3911, 6874, 9885",10621,False,-2.5151406753142376,0.0281295204349265,-1.1021756083708054,3,14,-1.489647747273691,-1.326505512593272,0.7586792529741281
11047,"11047, 149986, 26164, 3911, 6874, 9885",27068,False,3.332025168311898,0.0086643777856315,1.527726312847611,3,14,-0.1279815860969193,-0.4077283844919613,0.613409593830681
11047,"11047, 149986, 26164, 3911, 6874, 9885",6992,False,2.6255063090090496,0.0284941850788822,1.2158974982150117,3,14,-0.7819105362882159,-1.082949476165741,0.7602841939596087
11047,"11047, 149986, 26164, 3911, 6874, 9885",5518,False,6.20966236816508,0.0023406831928344,3.3680406419555173,3,14,-0.2778976047756644,-1.0681964677822589,0.4587117602278026
11047,"11047, 149986, 26164, 3911, 6874, 9885",5520,False,3.119786334846059,0.0106324989280972,1.3974693496787731,3,14,0.1892055254872343,-0.1749203385178807,0.6418462754829048
11047,"11047, 149986, 26164, 3911, 6874, 9885",10113,False,-5.210108753975635,0.0010055965018409,-2.486056119969803,3,14,-1.6271481308905609,-1.1789304124773,0.3424241293940285
11047,"11047, 149986, 26164, 3911, 6874, 9885",10419,False,2.278214788332561,0.0485401858518838,1.0451650784509596,3,14,-0.821195113550873,-1.0153117860145917,0.8037156778640308
11047,"11047, 149986, 26164, 3911, 6874, 9885",26024,False,3.145606987931562,0.0081322473921298,1.351936383360584,3,14,-0.0792728415582814,-0.3167643353951765,0.606753867466964
11047,"11047, 149986, 26164, 3911, 6874, 9885",9232,False,-2.4000279970949463,0.0402373902648529,-1.1052534233484936,3,14,-0.6680768705591884,-0.4928604806697003,0.7950058640262805
11047,"11047, 149986, 26164, 3911, 6874, 9885",5870,False,4.303799952250823,0.0007993119164027,1.8146976826425445,3,14,-0.0204456405088932,-0.3649779048235271,0.3260305687025182
11047,"11047, 149986, 26164, 3911, 6874, 9885",5877,False,2.9263792857312163,0.0241826722347489,1.4414398485898388,3,14,-0.0898123470227811,-0.3495492601249462,0.7555168658866813
11047,"11047, 149986, 26164, 3911, 6874, 9885",5888,False,4.535775537509839,0.0004284308735292,1.864654005390044,3,14,-1.0416095598031594,-1.4774065309873254,0.2649613681272745
11047,"11047, 149986, 26164, 3911, 6874, 9885",5892,False,2.93521299258101,0.0368184807947431,1.588867692262274,3,14,-0.2087533031582717,-0.6074489084121274,0.7836483879259681
11047,"11047, 149986, 26164, 3911, 6874, 9885",5903,False,-3.0430292632219205,0.0420990447749263,-1.753680854991078,3,14,-0.8039506930372742,-0.5328251774183872,0.7974289184896268
11047,"11047, 149986, 26164, 3911, 6874, 9885",5931,False,2.864495970263776,0.0123473368810484,1.105683459617635,3,14,0.1144187345166515,-0.1326943647843323,0.66067505824945
11047,"11047, 149986, 26164, 3911, 6874, 9885",494115,False,-2.6230202550614776,0.0193841915256606,-1.0678749072367246,3,14,-0.8278474230415179,-0.610548355516122,0.7181353628805818
11047,"11047, 149986, 26164, 3911, 6874, 9885",9827,False,4.372740229708202,0.0007051192376858,1.8447416015504416,3,14,-0.2161679827002001,-0.5148670529205972,0.3128072919592691
11047,"11047, 149986, 26164, 3911, 6874, 9885",57589,False,4.3278114215564685,0.0006042474952827,1.747733625473493,3,14,0.0783749020832981,-0.5190982238550295,0.2940434788396643
11047,"11047, 149986, 26164, 3911, 6874, 9885",55183,False,-2.2834940109481,0.0427082729401125,-1.0019817314372148,3,14,-0.718983093681128,-0.4918111783274907,0.7975356290297795
11047,"11047, 149986, 26164, 3911, 6874, 9885",10535,False,2.669875238695349,0.0286032953697558,1.2585563248046256,3,14,-0.0631307337194006,-0.3756002275030372,0.7602841939596087
11047,"11047, 149986, 26164, 3911, 6874, 9885",84153,False,3.651744111733256,0.0042138597272943,1.6313304461966096,3,14,0.0204001928908902,-0.2732357441984893,0.5350216543327331
11047,"11047, 149986, 26164, 3911, 6874, 9885",9810,False,3.0082105141256577,0.0220459116560717,1.4869367437702372,3,14,-0.2706458114160722,-0.4893322498929143,0.7398212951771879
11047,"11047, 149986, 26164, 3911, 6874, 9885",55599,False,-2.752089826140646,0.018441093694909,-1.2078075785440547,3,14,-1.8293407285846568,-1.508137224956842,0.7134390816796584
11047,"11047, 149986, 26164, 3911, 6874, 9885",6120,False,2.403220822590985,0.0427572734232701,1.12905167875907,3,14,-0.3618137363161334,-0.683857603374111,0.7975356290297795
11047,"11047, 149986, 26164, 3911, 6874, 9885",80135,False,2.8559008250301865,0.0232468390341117,1.3678553527990458,3,14,-0.8349851484488114,-1.079497351613032,0.7485525004632818
11047,"11047, 149986, 26164, 3911, 6874, 9885",6122,False,-3.57907101611223,0.0220754191811014,-1.9921837431517548,3,14,-2.927492500713832,-2.4144768660528326,0.7398212951771879
11047,"11047, 149986, 26164, 3911, 6874, 9885",6160,False,-3.026311901686115,0.0086818448058765,-1.1825778101715012,3,14,-2.832980214486897,-2.388862612737441,0.613409593830681
11047,"11047, 149986, 26164, 3911, 6874, 9885",10670,False,3.3429066457855523,0.0046995433910325,1.3808164857668763,3,14,-0.3123025955938516,-0.527432080130431,0.547298838941751
11047,"11047, 149986, 26164, 3911, 6874, 9885",64121,False,2.510012101433976,0.0241888106813017,1.0196545307013885,3,14,-0.2030708488637657,-0.4664622986402347,0.7555168658866813
11047,"11047, 149986, 26164, 3911, 6874, 9885",51187,False,2.7587089978905235,0.0231635079389533,1.316801737762474,3,9,-1.9885917101141624,-2.272161164997768,0.7485525004632818
11047,"11047, 149986, 26164, 3911, 6874, 9885",51750,False,2.4286734233018765,0.0401393434501948,1.133215861855813,3,14,-0.4606152319465623,-0.6958623107146323,0.7947636811015407
11047,"11047, 149986, 26164, 3911, 6874, 9885",6261,False,3.122485563770642,0.0071141221685317,1.273135903295619,3,14,-0.0817978394473359,-0.2587171044682806,0.5938700354709747
11047,"11047, 149986, 26164, 3911, 6874, 9885",22937,False,4.03983483248333,0.0011114631583183,1.5799888813517382,3,14,-0.5594150212782303,-1.1547557693215764,0.3593567612788124
11047,"11047, 149986, 26164, 3911, 6874, 9885",6319,False,2.2134813445936814,0.0431246624227694,0.8658385125131655,3,14,-0.4577908930248081,-0.7948188907619028,0.7982670741340606
11047,"11047, 149986, 26164, 3911, 6874, 9885",9869,False,3.673116747688566,0.0066478431776508,1.7399262604392665,3,14,-0.0987057024468418,-0.4176312849995893,0.5853481090725166
11047,"11047, 149986, 26164, 3911, 6874, 9885",6500,False,-3.923781630166408,0.0112124278564323,-2.063427775703775,3,14,-1.6675928224956609,-1.3175886208138043,0.64579115731803
11047,"11047, 149986, 26164, 3911, 6874, 9885",54407,False,2.4328409056115783,0.038441804252544,1.122986760937755,3,14,-0.34684619433726,-0.4617470655737197,0.7891616186922428
11047,"11047, 149986, 26164, 3911, 6874, 9885",6541,False,2.892913467717268,0.0141654502519617,1.2669752237675231,3,14,-0.1339454355383628,-0.4078194929690268,0.6787506880374049
11047,"11047, 149986, 26164, 3911, 6874, 9885",23293,False,3.4764594859762954,0.0137606410748094,1.754219115003645,3,14,-0.5421625271413772,-1.1406390242013391,0.6751793909154472
11047,"11047, 149986, 26164, 3911, 6874, 9885",9887,False,2.646071764923429,0.0183889377200099,1.046439219710372,3,14,-0.4082601200348619,-0.5487490860830043,0.7134390816796584
11047,"11047, 149986, 26164, 3911, 6874, 9885",55234,False,-2.814403599862972,0.016382479850934,-1.2334420068856549,3,14,-3.311480252763199,-2.815492274229024,0.7016422622248645
11047,"11047, 149986, 26164, 3911, 6874, 9885",6619,False,2.721723948361825,0.015765474512461,1.0918803283141774,3,14,-1.1076367142915249,-1.409261020320944,0.6990679653761144
11047,"11047, 149986, 26164, 3911, 6874, 9885",10302,False,2.92577779026147,0.0105830427697916,1.1921967472021366,3,14,-1.0081213351500484,-1.3067023895735654,0.640790363198445
11047,"11047, 149986, 26164, 3911, 6874, 9885",6627,False,-2.98036373390424,0.0151561830213016,-1.364196814253911,3,14,-3.191423580923117,-2.7325558129259195,0.6903445942639606
11047,"11047, 149986, 26164, 3911, 6874, 9885",6648,False,2.5679876033896165,0.0332287503057316,1.2081517139855442,3,14,-0.73678492363425,-1.2413167405710823,0.7722938751587749
11047,"11047, 149986, 26164, 3911, 6874, 9885",64321,False,-2.452343753770663,0.027079900666202,-0.9642170386024204,3,14,-0.417198070843027,-0.174030774920036,0.7578267072412546
11047,"11047, 149986, 26164, 3911, 6874, 9885",6428,False,-3.150094088480196,0.0118588186154834,-1.449340844083369,3,14,-2.8846717114043634,-2.437166278644724,0.6549405099746355
11047,"11047, 149986, 26164, 3911, 6874, 9885",6749,False,-2.5459268370610566,0.0413263770494703,-1.2572562000082717,3,14,-1.510945331359171,-1.3382086429177882,0.7950058640262805
11047,"11047, 149986, 26164, 3911, 6874, 9885",63932,False,3.6353141586164144,0.0049234038871223,1.6496808021685825,3,14,0.046023794490245,-0.2766422683168063,0.5577070538596742
11047,"11047, 149986, 26164, 3911, 6874, 9885",64426,False,-2.791639312628927,0.041037773530549,-1.4919777208436598,3,14,-1.0411317062757952,-0.731818493818527,0.7950058640262805
11047,"11047, 149986, 26164, 3911, 6874, 9885",6838,False,5.611601811178359,5.4625992976092064e-05,2.298005991145496,3,14,-0.4118883328410939,-0.6238552239149681,0.1096423598059726
11047,"11047, 149986, 26164, 3911, 6874, 9885",25949,False,-2.3269384138110825,0.0424833628813081,-1.0482917325061976,3,14,-1.2420326179333017,-0.9336210620428153,0.7975356290297795
11047,"11047, 149986, 26164, 3911, 6874, 9885",10492,False,2.72119525612228,0.0265351142188798,1.2839232009701795,3,14,-0.0679346080787097,-0.3070874339509485,0.7568854103964252
11047,"11047, 149986, 26164, 3911, 6874, 9885",9066,False,4.78472327472897,0.0005775314057777,2.113440145307227,3,14,-0.0370702232668114,-0.1531800280166876,0.2839400409879977
11047,"11047, 149986, 26164, 3911, 6874, 9885",9015,False,2.4296952989564646,0.0428173394223181,1.155854469459876,3,14,-0.6378422663568797,-0.857727078546483,0.7975356290297795
11047,"11047, 149986, 26164, 3911, 6874, 9885",9013,False,2.452922013909263,0.0276770786689122,0.9468576096403032,3,14,-0.8221258399549752,-1.1761592914463317,0.7581377630197409
11047,"11047, 149986, 26164, 3911, 6874, 9885",202018,False,2.254832374607932,0.0410974048054448,0.8616119589816481,3,14,-0.1470730047987857,-0.2615899968966661,0.7950058640262805
11047,"11047, 149986, 26164, 3911, 6874, 9885",80222,False,2.5953956185123706,0.0328270407437436,1.2304041377303443,3,14,-0.1983756347535591,-0.4318035172645131,0.7722938751587749
11047,"11047, 149986, 26164, 3911, 6874, 9885",7023,False,3.026650197528378,0.0246491090856497,1.5358188486611384,3,14,-0.1231953063436554,-0.2776933398969216,0.7561940738115759
11047,"11047, 149986, 26164, 3911, 6874, 9885",57187,False,-3.74724161954032,0.0020090565785623,-1.464865912882228,3,14,-2.356798941105062,-2.012807932019293,0.4446762191621244
11047,"11047, 149986, 26164, 3911, 6874, 9885",10440,False,2.2467521899247447,0.0416249598273704,0.9408034500520974,3,14,-0.0931649412599263,-0.4510418296175649,0.7955525158072521
11047,"11047, 149986, 26164, 3911, 6874, 9885",55319,False,2.526944114176246,0.0321754048111053,1.1584745643041807,3,14,-0.5673198252520788,-0.7624856185930862,0.7715553047120207
11047,"11047, 149986, 26164, 3911, 6874, 9885",10959,False,-3.71159694136425,0.0117991192468481,-1.9051718321192088,3,14,-0.9947187644229984,-0.550133942970436,0.6546017798448555
11047,"11047, 149986, 26164, 3911, 6874, 9885",729515,False,2.5139427197649526,0.0419062633684603,1.23102258704878,3,14,-0.320222020031814,-0.4824109814348495,0.7956001194952814
11047,"11047, 149986, 26164, 3911, 6874, 9885",4796,False,2.689162042694483,0.0230651097303855,1.213634929985696,3,14,-1.3456404758927194,-1.644881246604409,0.7485525004632818
11047,"11047, 149986, 26164, 3911, 6874, 9885",7175,False,-4.675222244230509,0.0005380296681254,-2.0251401582509003,3,14,-1.3505540427473004,-1.0296470085307825,0.2839400409879977
11047,"11047, 149986, 26164, 3911, 6874, 9885",10293,False,3.1116435738978825,0.0276081288828341,1.6487234324686009,3,14,-0.3275717788817812,-0.8061487529973501,0.7578267072412546
11047,"11047, 149986, 26164, 3911, 6874, 9885",8458,False,2.69365968736178,0.0359716690751868,1.3516103091496223,3,14,-0.3704045742959736,-0.6688499079403477,0.7796065223202716
11047,"11047, 149986, 26164, 3911, 6874, 9885",56893,False,2.2966730088414464,0.0402677070170552,0.9927416644345493,3,14,-0.5387145012233394,-0.6670763301919688,0.7950058640262805
11047,"11047, 149986, 26164, 3911, 6874, 9885",51377,False,2.820558744162261,0.0175436837696359,1.2590705020817037,3,14,-0.106113445100115,-0.3078471268941866,0.7128658384945291
11047,"11047, 149986, 26164, 3911, 6874, 9885",9816,False,2.6223151967234197,0.0336211846135501,1.263151038900495,3,14,-0.8235377845490496,-1.0388410942315798,0.774370199859026
11047,"11047, 149986, 26164, 3911, 6874, 9885",8078,False,-4.3572472004800025,0.0022534639656714,-2.037213505650151,3,14,-1.9624697837548783,-1.4597598916536243,0.4563336296853107
11047,"11047, 149986, 26164, 3911, 6874, 9885",7874,False,3.489939184180124,0.0043331558034123,1.5043744904886072,3,14,-0.3816718875844631,-0.851774701156279,0.5375383092681167
11047,"11047, 149986, 26164, 3911, 6874, 9885",80124,False,2.943852649693161,0.0183522758836421,1.3815110979101568,3,14,-0.1012426557162941,-0.3162290383591624,0.7134390816796584
11047,"11047, 149986, 26164, 3911, 6874, 9885",23339,False,3.027007551810198,0.0088141110556688,1.174160544207705,3,14,-0.222902344214469,-0.3531326455957374,0.613409593830681
11047,"11047, 149986, 26164, 3911, 6874, 9885",80335,False,2.718396470233041,0.0168072729192757,1.0413122016677048,3,14,-1.105602939959576,-1.3895088850195,0.7070974930710524
11047,"11047, 149986, 26164, 3911, 6874, 9885",11260,False,2.982638437877306,0.0095619013489127,1.160676711140159,3,14,-0.4710321361528529,-0.675474297117915,0.6222326656613393
11047,"11047, 149986, 26164, 3911, 6874, 9885",7516,False,3.2607277063317546,0.0055272975588058,1.263476745816222,3,14,-0.2115024399785239,-0.5164418763836673,0.571156009807942
11047,"11047, 149986, 26164, 3911, 6874, 9885",374887,False,3.2501622327961663,0.005415189473706,1.2839526406701884,3,14,-0.1534752251884714,-0.2743182254528813,0.5707131014504023
11047,"11047, 149986, 26164, 3911, 6874, 9885",196441,False,-4.042063917050193,0.0067410691379365,-2.0253330179290736,3,14,-0.7159351060273821,-0.5326666913744565,0.5853481090725166
11047,"11047, 149986, 26164, 3911, 6874, 9885",79776,False,2.963483778010715,0.0096673061935707,1.18079156794043,3,14,-0.0011401500713046,-0.1599210222003435,0.6238552080085158
11047,"11047, 149986, 26164, 3911, 6874, 9885",51042,False,2.5984633091677214,0.0279684264579481,1.1844553374124311,3,14,-0.3432112251900845,-0.5204658676755097,0.7586792529741281
11047,"11047, 149986, 26164, 3911, 6874, 9885",57592,False,2.7630471730651656,0.0191452832344788,1.229645192410469,3,14,-0.2061896781777979,-0.3552067459469364,0.7163662249874128
11156,11156,60,False,-2.729194159199216,0.0175041298288512,-1.081835595786533,4,13,-0.701608761893662,-0.4789075476814651,0.7128658384945291
11156,11156,102157402,False,-2.710200640463395,0.026372439334474,-1.3659018688696924,4,13,-1.4332624658194302,-0.9442160091990748,0.7568854103964252
11156,11156,79087,False,2.58856949339793,0.025233182543361,1.2187644679882632,4,13,-0.0040709644896233,-0.1819146152214669,0.7568854103964252
11156,11156,54443,False,2.3244068409562955,0.0452033972522815,1.144139854688674,4,13,-0.5113973071165371,-0.756078925410354,0.7982670741340606
11156,11156,333,False,2.2842837554937945,0.0415214813276849,1.0556928675547386,4,13,-0.0541461905463369,-0.2462823177111051,0.7953376919186252
11156,11156,382,False,2.3568949035064697,0.0385302443209551,1.115134833964545,4,13,-0.0658612792039551,-0.3016776084243786,0.7891616186922428
11156,11156,9411,False,2.2360307305809024,0.0461218668254785,1.0427756433353623,4,13,-0.279113843150828,-0.6394030546039334,0.7982670741340606
11156,11156,285598,False,-3.1151616778352818,0.0077148778379139,-1.383757069275381,4,13,-0.4265423969587549,-0.2037450503102587,0.603363561959853
11156,11156,10973,False,3.0871756766582426,0.0124275247675576,1.5063730368441473,4,13,-0.1164423735491123,-0.4909900627052672,0.6614171738249465
11156,11156,506,False,3.4346861227905348,0.0037364950699044,1.4277000882504214,4,13,-0.8078792719288365,-1.1129091153094208,0.513507943843382
11156,11156,521,False,2.5064954878604784,0.026648603978227,1.140231931686043,4,13,-0.2917325684979868,-0.5264151544238322,0.7568854103964252
11156,11156,84126,False,2.692534154897733,0.0426437268126675,1.534931453466399,4,13,-0.3809000163176421,-0.6682518487458439,0.7975356290297795
11156,11156,2972,False,2.899642106569658,0.0379714194225615,1.7130662867567656,4,13,-1.0279762391929967,-1.449762898158587,0.7878263925491654
11156,11156,705,False,-6.429171201211704,3.834139641553852e-05,-2.990033414722886,4,13,-1.8176882220271933,-1.238363094857282,0.1096423598059726
11156,11156,83608,False,-2.6285887040000606,0.0243127610348523,-1.250285508888094,4,13,-0.7001529670135495,-0.4455991892302136,0.7555168658866813
11156,11156,128061,False,-2.781017907405679,0.0241846607529188,-1.4094490445910004,4,13,-1.0080385753691066,-0.7720315761514571,0.7555168658866813
11156,11156,892,False,-2.388569447296126,0.0443247955208721,-1.2104196910573957,4,13,-0.4975096229144451,-0.1608671651776642,0.7982670741340606
11156,11156,11189,False,3.1005040288907257,0.0082308276504982,1.2412309300873474,4,13,0.0291539448637777,-0.0832979274260657,0.6085644267262585
11156,11156,55165,False,2.464709603655358,0.0285625058296253,0.9796780267254124,4,13,-0.0234336262800747,-0.1837229698416295,0.7602841939596087
11156,11156,10390,False,-3.239168564789847,0.0447853337344334,-2.232599187219745,4,13,-0.8550883029665255,-0.2974341342412437,0.7982670741340606
11156,11156,56683,False,2.48602934517206,0.0417954313200343,1.296266246671292,4,13,-0.9113526588162226,-1.2143364474918832,0.7956001194952814
11156,11156,91949,False,2.3861013121640124,0.0322061619307194,1.0654306491031185,4,13,-0.1663400965910483,-0.3398228907283033,0.7715553047120207
11156,11156,55352,False,2.2661110977856485,0.041861358876963,1.0341254801321162,4,13,-0.0662748603919022,-0.2347360288499356,0.7956001194952814
11156,11156,10063,False,3.053635095287647,0.0080906963044859,1.3071352991139853,4,13,-0.4108238263327489,-0.6930065428043617,0.606753867466964
11156,11156,53981,False,2.1942927276231767,0.0478806148393255,1.0033563758473942,4,13,-1.4493883973210402,-1.6521970226094638,0.8025850769705906
11156,11156,27297,False,3.027612736259569,0.0170947298746055,1.543110801457776,4,13,-1.1877818158905695,-1.6897494199508325,0.7098294474140185
11156,11156,6997,False,-2.271970406986884,0.0406293704073167,-1.0256524694751006,4,13,-0.6838805331460739,-0.478698286343084,0.7950058640262805
11156,11156,51379,False,2.822011904409679,0.0135203056284322,1.1462834253082987,4,13,-0.0915838035470469,-0.258509722022632,0.6751793909154472
11156,11156,1642,False,3.427598489181852,0.0042776331297091,1.5326985073178403,4,13,-1.7461950899012395,-2.143542936498534,0.5368373293138502
11156,11156,55735,False,-2.867568415426942,0.0147576434058044,-1.3373049674462538,4,13,-0.8447426127278994,-0.5505247669541704,0.6865339775569129
11156,11156,5977,False,2.6359394679318573,0.0365596339788032,1.4070847640192818,4,13,-0.0424145224869322,-0.4207581964955273,0.7828467321786678
11156,11156,8813,False,4.883661187976938,0.0009816259717391,2.4261321087468586,4,13,-0.0280707284087765,-0.3230905397141811,0.3424241293940285
11156,11156,8655,False,-2.458403347256592,0.0278680946240494,-0.9918957136510106,4,13,-0.7314999716852436,-0.4605155416046453,0.7581377630197409
11156,11156,10209,False,-3.1331701207285216,0.0282070847986558,-1.8298776730397768,4,13,-1.4782645043597906,-0.8424110883839812,0.7586792529741281
11156,11156,8661,False,-4.473250124687256,0.0014939829022836,-2.19416295526686,4,13,-2.081533818013561,-1.6318848555625831,0.3893294951828329
11156,11156,8662,False,-3.923112492206104,0.0182314618020141,-2.4553315521655503,4,13,-2.4071152515706955,-1.780006983543784,0.7134390816796584
11156,11156,1973,False,-2.6414595318336893,0.0330800563082346,-1.37469051717419,4,13,-1.2946243098988377,-0.8360085341147241,0.7722938751587749
11156,11156,56943,False,2.480825201379576,0.0386022108600732,1.2590729220881716,4,13,-0.5436661585070498,-0.7870877773560883,0.7891616186922428
11156,11156,26268,False,5.018513921112871,0.0009389089266748,2.5183851345089145,4,13,-0.0466424340788052,-0.2718416470460697,0.341662508594633
11156,11156,117246,False,-2.3646588159114708,0.0416422351881433,-1.157291392370202,4,13,-1.2793393156242796,-1.0818282304274147,0.7955525158072521
11156,11156,2703,False,-2.613977166895787,0.0195729003743265,-1.112899559399194,4,13,-0.1204021572782939,-0.0427890886639504,0.7188462321150921
11156,11156,8336,False,-2.3036984491020007,0.0405483019486041,-1.0702624569308852,4,13,-1.121911787352639,-0.8838928171555337,0.7950058640262805
11156,11156,3065,False,2.237646569385736,0.040938563535969,0.9572568509911576,4,13,-0.0614051322867262,-0.2024477068261145,0.7950058640262805
11156,11156,51124,False,2.6290591643552137,0.0303574088666457,1.3301137990661414,4,13,-0.0042366061873369,-0.2999903713255898,0.7689044219165413
11156,11156,10989,False,-2.1433968391047005,0.0490367858561745,-0.8923579439113279,4,13,-0.5115573647347792,-0.4239455119495848,0.8037156778640308
11156,11156,56888,False,2.491246500161234,0.0369820922137939,1.254037256170167,4,13,-0.7942290312580835,-1.0800934926482293,0.7836483879259681
11156,11156,146909,False,-2.6336366931764377,0.0492056868353819,-1.5366652471072797,4,13,-0.5590367906355176,-0.3465832762969048,0.8046230511059362
11156,11156,3837,False,2.3403601834423924,0.033744945183861,1.0097680775926918,4,13,-1.8382272581315635,-2.095258743547512,0.7753695800268566
11156,11156,3845,False,-3.161874727084436,0.0226452072192237,-1.7694965502283184,4,13,-1.3916586934532316,-0.3800649985707371,0.7437444055477078
11156,11156,51631,False,3.531184902332188,0.0032166348454239,1.546757803610067,4,13,-0.0974380626538777,-0.3102016442749115,0.5028055018374575
11156,11156,10459,False,3.1952418636235835,0.0073932295506671,1.4611129633603137,4,13,-0.5135573710333613,-1.1535874438546811,0.5975922384009156
11156,11156,9968,False,-2.8642492591177064,0.0174877411411853,-1.389012860656024,4,13,-0.7481954395126239,-0.3154649989660101,0.7128658384945291
11156,11156,9443,False,2.608170779608985,0.0366062806877559,1.3775918453030085,4,13,-0.6899937297728574,-0.9248138553455468,0.7828467321786678
11156,11156,57721,False,3.0096013877243224,0.0346865588514415,1.791887514793208,4,13,-0.3059837513152488,-0.6502080366117186,0.7760302177369495
11156,11156,9526,False,2.818126861239697,0.0401380081332995,1.6481051376580198,4,13,-0.111094714869452,-0.3639968887772968,0.7947636811015407
11156,11156,64969,False,2.204880598436716,0.0434891338646712,0.9307975986941908,4,13,-0.611880324985979,-0.7898870737276653,0.7982670741340606
11156,11156,4609,False,-2.571834882125164,0.0229478351163682,-1.156777136442468,4,13,-2.033065198426454,-1.529191636982044,0.7470107732300623
11156,11156,64151,False,2.431976984550722,0.0357662185398179,1.174041939483619,4,13,-1.5384129602196168,-1.8209004583753672,0.7792678241219885
11156,11156,10412,False,-3.0814516225679696,0.0077907919877996,-1.3373890468620255,4,13,-1.5069214869848184,-1.293763142096567,0.6039499425927941
11156,11156,286053,False,2.4248292758082783,0.0289680695584036,1.0588400315591884,4,13,-0.3232939610430503,-0.505616120260009,0.7627438360397004
11156,11156,83540,False,-2.2130754242111834,0.0431482598032816,-0.9572563038966408,4,13,-1.981632172342032,-1.7239829460128786,0.7982670741340606
11156,11156,5091,False,2.445930891748553,0.0357707774508351,1.190210494578229,4,13,-0.2133345062934344,-0.3545557883123704,0.7792678241219885
11156,11156,5134,False,-2.9440768299431803,0.0198888471046787,-1.5089592348768852,4,13,-1.4711795748060446,-0.8179170150209848,0.7216794556471057
11156,11156,94005,False,-2.369661014098669,0.0324198784408893,-1.0401728243292232,4,13,-0.4377866438250494,-0.2936150214509055,0.7715553047120207
11156,11156,84172,False,-4.767969765461913,0.0005473686663131,-2.232617822390973,4,13,-1.899501543088791,-1.3379120586485505,0.2839400409879977
11156,11156,5441,False,4.057234887286341,0.001095683145229,1.6670977413410124,4,13,-2.0641326499969304,-2.6838097704157176,0.3554597371047544
11156,11156,51645,False,2.27087475997402,0.0444184106392002,1.0706772146232582,4,13,-0.4663224926545581,-0.9338234906792428,0.7982670741340606
11156,11156,8575,False,2.308826384571678,0.0432109474039399,1.1060374778144484,4,13,-0.4988613603185203,-0.7674826545534956,0.7982670741340606
11156,11156,7916,False,2.5472621997739315,0.0234016049398273,1.130292658821065,4,13,-0.4239321484547536,-0.6587291915474176,0.7485525004632818
11156,11156,84262,False,2.625574308749425,0.0214075617739917,1.1964585239571823,4,13,-0.9320411878044998,-1.1331085741041016,0.7331528917128181
11156,11156,5859,False,-2.647672451127125,0.0234260121277522,-1.2580052233887664,4,13,-1.7987310037732156,-1.5415645685411978,0.7486042675123634
11156,11156,5902,False,3.4988475722137764,0.0128223105104666,1.898244073825652,4,13,-0.1877325501667326,-0.4736050762954647,0.6661106504236376
11156,11156,57038,False,2.423307866588688,0.0285357281855087,1.0153722821272766,4,13,-0.1607836308395412,-0.386188616419552,0.7602841939596087
11156,11156,114822,False,-3.4725007220169357,0.0144312401259549,-1.9119302259726243,4,13,-0.4651970421677027,-0.252957262990774,0.6830391367880794
11156,11156,64320,False,2.9768205728247628,0.0098476818334395,1.307353996096534,4,13,-0.0556388535171514,-0.369258364868122,0.6262169779905742
11156,11156,6047,False,5.548594567354689,5.693338000231253e-05,2.316572164279056,4,13,-0.2802933981887466,-0.8274009977164324,0.1096423598059726
11156,11156,6154,False,-2.686501119665773,0.0427204196088878,-1.528955693944843,4,13,-2.2528419171062013,-1.6986746866640834,0.7975356290297795
11156,11156,6122,False,-3.561212544502891,0.0029980547060228,-1.5550436681882862,4,13,-2.8076320223106683,-2.411894272126036,0.492940809773446
11156,11156,25873,False,-3.516800240447547,0.0259141690280491,-2.204072866595923,4,13,-2.4149863962375284,-1.9034272255066624,0.7568854103964252
11156,11156,6173,False,-2.7945834195319685,0.0410423943937203,-1.853803421351728,3,7,-1.7552736000935,-0.8895341635855578,0.7950058640262805
11156,11156,6175,False,-2.706512192201726,0.0272428713780916,-1.3733049051606547,4,13,-1.760008170314857,-1.419277227362918,0.7578267072412546
11156,11156,6228,False,-2.3059496807879825,0.0404262363066429,-1.0718057185389664,4,13,-2.461874882774991,-2.1293975208340568,0.7950058640262805
11156,11156,6188,False,-2.227649937337941,0.0436332020124679,-0.9986857400553222,4,13,-2.6723839715274598,-2.474603396694312,0.7982670741340606
11156,11156,10284,False,2.3694444864293787,0.0402929247284377,1.1493021889846793,4,13,-0.955472174347862,-1.1423287278739596,0.7950058640262805
11156,11156,11231,False,2.259580354218884,0.0425986229183327,1.0342112820975085,4,13,-0.2764987001120513,-0.5741840257249884,0.7975356290297795
11156,11156,22928,False,3.118591472778575,0.0071061969907756,1.2983377776274958,4,13,-0.3996273291729581,-0.8591443986591879,0.5938700354709747
11156,11156,6617,False,3.382141468823763,0.0084176404228538,1.674154859359825,4,13,-1.275483462041184,-1.707777022384131,0.6118431005322945
11156,11156,6618,False,3.305709375157145,0.0063470588758918,1.528170709379234,4,13,-0.9699353993248228,-1.474508022192662,0.5853481090725166
11156,11156,6619,False,2.4233776404308034,0.0286176924151205,1.0399086604789731,4,13,-1.126124139049008,-1.426774451628597,0.7602841939596087
11156,11156,10302,False,3.4902634211932684,0.0033248114499286,1.497094050711186,4,13,-0.9709898903269796,-1.3410952229363189,0.5028055018374575
11156,11156,55133,False,2.6439061673539155,0.0322713000985635,1.3681147837828,4,13,-1.157631156685902,-1.5280328907978495,0.7715553047120207
11156,11156,6432,False,2.398955147293874,0.0409202457770249,1.1899057973134586,4,13,-1.9109688198338337,-2.241131806320763,0.7950058640262805
11156,11156,8464,False,3.9307431151557424,0.0013454786007361,1.6793159035859169,4,13,0.0699834225532715,-0.3003498710042472,0.3757884030926245
11156,11156,6874,False,-3.2862065996160834,0.0138336828516849,-1.7241613216043774,4,13,-0.5118929663813379,-0.2562246999701412,0.6751793909154472
11156,11156,6879,False,2.2934909005326376,0.0367934333245411,0.9563912800822362,4,13,-0.6474759110172245,-0.7977057765211428,0.7836483879259681
11156,11156,10607,False,-2.505147574201763,0.0251306085079166,-1.1049279690791298,4,13,-1.429816965688007,-1.1546383820831243,0.7568854103964252
11156,11156,10469,False,2.604223914100417,0.0338655250320378,1.3436722439854183,4,13,-0.733526922969548,-0.9708514622468764,0.7757835416820886
11156,11156,7186,False,2.529549812262498,0.0298813737250976,1.2158558625143392,4,13,-0.2465025777708412,-0.5634444494588904,0.7683489996775338
11156,11156,10293,False,2.9453409399589643,0.0113501653042387,1.3305829064569414,4,13,-0.4256739001333259,-0.8127770983134572,0.6476956922501441
11156,11156,9319,False,3.0305286935246136,0.0085622328564987,1.3082353711708576,4,13,-0.187128357708208,-0.3911768336010211,0.613409593830681
11156,11156,9819,False,-2.447547486960288,0.0471551264006748,-1.3030831136299377,4,13,-0.6188002375692437,-0.3719442633521798,0.8015763446676192
11156,11156,90121,False,-2.4621134687881505,0.0274802552614926,-0.9968298256377291,4,13,-1.8613424047158105,-1.612924678687265,0.7578267072412546
11156,11156,10844,False,2.7428117545271795,0.0208529193900535,1.3204962651978185,4,13,-0.9384067128540744,-1.5214560513115905,0.7292788449875541
11156,11156,7295,False,3.2900255451793985,0.0271706199865434,1.980599778515752,4,13,-0.8003293684890647,-1.2600561303374052,0.7578267072412546
11156,11156,10907,False,2.78945048334091,0.0497806879554848,1.7302798229531955,4,13,-1.735171711995895,-2.4247949879034603,0.8046714497212784
11156,11156,3093,False,3.783123758148549,0.0020209501115909,1.5335710124660953,4,13,-0.0097929469359398,-0.2249205549866524,0.445705416914732
11156,11156,51569,False,2.160001858535552,0.0473951210798498,0.9069745735695656,4,13,-0.3697531405424292,-0.604978886838264,0.8015763446676192
11156,11156,9875,False,3.0330465223154417,0.0098702332156784,1.3809034584785156,4,13,-0.8278878900226581,-1.0548560713676745,0.6262169779905742
11156,11156,79650,False,-2.6491558794591525,0.0209007431920407,-1.215894861564472,4,13,-0.3805825158695177,-0.2400244723661626,0.7294152890280464
11156,11156,8239,False,2.287587634535651,0.0452927410788187,1.100618654287392,4,13,-0.4129319533372247,-0.7367672409246099,0.7982670741340606
11156,11156,27340,False,-3.5078448551389463,0.0054624096888974,-1.6779021813273505,4,13,-1.7504851618910875,-1.368158540931371,0.571156009807942
11156,11156,7414,False,3.0976690995229768,0.0086249196675195,1.2295649986230102,4,13,-0.2704028392698377,-0.4522866931636896,0.613409593830681
11156,11156,55759,False,-4.134499073444225,0.003139836792871,-2.0797116795831583,4,13,-1.5660250886829803,-1.2296926192757776,0.4999281445021685
11156,11156,51441,False,4.105687087492694,0.0010371093140596,1.803934070404644,4,13,0.0466820826617267,-0.2463848355102126,0.3451692657429625
11156,11156,7534,False,-2.7442428273810227,0.0348695759593509,-1.7485875180391914,3,7,-0.8093414846141066,-0.5958700058740406,0.7760302177369495
11156,11156,163255,False,2.275810101695223,0.0499929789914538,1.1294523272733996,4,13,0.1476850967893987,-0.0609823022038522,0.8049089033129436
11244,"11244, 157378, 157769, 29028, 4715, 79139, 83940",50,False,2.641857835030766,0.0225439229629153,1.2933738712158525,5,12,-0.4961659812871134,-1.1144379712356238,0.743696768553327
11244,"11244, 157378, 157769, 29028, 4715, 79139, 83940",102157402,False,-3.8520647053139534,0.0017451747897754,-1.7826951476039183,5,12,-1.4639714733078075,-0.8906667180272215,0.4157785292209414
11244,"11244, 157378, 157769, 29028, 4715, 79139, 83940",382,False,2.294016669517056,0.0388696241659716,1.0829208743255931,5,12,-0.0796641097896966,-0.3155777897820216,0.7897130757303121
11244,"11244, 157378, 157769, 29028, 4715, 79139, 83940",55082,False,3.411604478449731,0.0097585484308542,1.8085970502796864,5,12,-0.4502268303990587,-0.8000467524302449,0.6262169779905742
11244,"11244, 157378, 157769, 29028, 4715, 79139, 83940",9411,False,2.7751866906468328,0.0141505749058214,1.2317902529743108,5,12,-0.2632729664819845,-0.6760275208370435,0.6787506880374049
11244,"11244, 157378, 157769, 29028, 4715, 79139, 83940",79798,False,2.170792488851971,0.0477147096715447,1.0078117260679047,5,12,-0.1813032221189612,-0.4243206705237483,0.8019982402475438
11244,"11244, 157378, 157769, 29028, 4715, 79139, 83940",539,False,2.6269764489526173,0.0209449358855084,1.2448096326112716,5,12,-0.284368411851742,-0.5116557933599575,0.7304230492957615
11244,"11244, 157378, 157769, 29028, 4715, 79139, 83940",578,False,-2.814586140541261,0.0289598626537923,-1.5611067132574,5,12,-0.5954235857259274,-0.3252029541011994,0.7627438360397004
11244,"11244, 157378, 157769, 29028, 4715, 79139, 83940",617,False,4.005286884607647,0.0012091171800231,1.827764421858197,5,12,-0.1643382329135246,-0.3996164219261347,0.3748120081084212
11244,"11244, 157378, 157769, 29028, 4715, 79139, 83940",332,False,2.388625625913752,0.0419158368242882,1.236960056014601,5,12,-1.4945571337357637,-1.865364970894212,0.7956001194952814
11244,"11244, 157378, 157769, 29028, 4715, 79139, 83940",23774,False,2.3417782424603497,0.0347317891094448,0.9965471956625572,5,12,0.0434234970558999,-0.1037943040993167,0.7760302177369495
11244,"11244, 157378, 157769, 29028, 4715, 79139, 83940",9184,False,2.8671300347264177,0.012298330926616,1.323496771726166,5,12,-1.9818602835569772,-2.5349289719395216,0.66067505824945
11244,"11244, 157378, 157769, 29028, 4715, 79139, 83940",819,False,2.61517714725734,0.0195824055903766,1.1474590405532683,5,12,-0.299826397709246,-0.4763875551418057,0.7189184999247648
11244,"11244, 157378, 157769, 29028, 4715, 79139, 83940",339230,False,-2.5556856149335965,0.0462439459689781,-1.4638311841347562,5,12,-0.4803880116560143,-0.2943975170761832,0.7987506922446872
11244,"11244, 157378, 157769, 29028, 4715, 79139, 83940",124808,False,2.828368898599369,0.0127845972027127,1.2736672153222266,5,12,-0.2589043215771395,-0.396519384023119,0.6648757342407524
11244,"11244, 157378, 157769, 29028, 4715, 79139, 83940",890,False,-2.2399836319645106,0.0455535728183003,-1.0896610173268595,5,12,-1.7115351696733536,-1.392393312108589,0.7982670741340606
11244,"11244, 157378, 157769, 29028, 4715, 79139, 83940",57820,False,-2.4132070976975424,0.0487905471045414,-1.3255286926619436,5,12,-0.3691289482350079,-0.2459219432803207,0.8037156778640308
11244,"11244, 157378, 157769, 29028, 4715, 79139, 83940",55835,False,4.599785275036195,0.0003902870487933,2.1155084820168373,5,12,-0.1089919950105463,-0.3825331254219541,0.2498334793749361
11244,"11244, 157378, 157769, 29028, 4715, 79139, 83940",22994,False,-2.5185144375137187,0.0272438960155667,-1.2196750937507186,5,12,-0.5423242393657961,-0.3779313338762402,0.7578267072412546
11244,"11244, 157378, 157769, 29028, 4715, 79139, 83940",10428,False,2.446543799962901,0.0342697602941,1.225359502826463,5,12,-0.1802758902417161,-0.4739914732148056,0.7760302177369495
11244,"11244, 157378, 157769, 29028, 4715, 79139, 83940",64377,False,2.83166953757289,0.0136421926934137,1.2003564687402908,5,12,-0.1218925840216001,-0.2751658997982384,0.6751793909154472
11244,"11244, 157378, 157769, 29028, 4715, 79139, 83940",9125,False,2.4070897211446707,0.0398252732137048,1.238159902015128,5,12,-0.2981175537045232,-0.5770769234099705,0.7937271295907964
11244,"11244, 157378, 157769, 29028, 4715, 79139, 83940",57511,False,2.8781737719398137,0.0116811476163556,1.251553222539145,5,12,-0.3521544401419091,-0.5173166955992563,0.6516622677168075
11244,"11244, 157378, 157769, 29028, 4715, 79139, 83940",91949,False,3.1332475505531825,0.0068442106891727,1.384926944146193,5,12,-0.1456451960092048,-0.3629026654821761,0.5881026768672172
11244,"11244, 157378, 157769, 29028, 4715, 79139, 83940",116228,False,-2.693915873300639,0.0294613830119902,-1.4416880059962534,5,12,-0.479488468384477,-0.3250061220895729,0.7663258759299784
11244,"11244, 157378, 157769, 29028, 4715, 79139, 83940",1329,False,2.34713958783868,0.0356970597856736,1.11585759715319,5,12,-0.2208079098213101,-0.3914512679404271,0.7792678241219885
11244,"11244, 157378, 157769, 29028, 4715, 79139, 83940",1387,False,2.235343507343829,0.0421560315483139,1.0353497783372052,5,12,0.2851260946700929,-0.0250054593375036,0.7974289184896268
11244,"11244, 157378, 157769, 29028, 4715, 79139, 83940",6997,False,-2.3700793626954653,0.0317109421033129,-1.0404725496303953,5,12,-0.6749988458452199,-0.4653004688181907,0.7715553047120207
11244,"11244, 157378, 157769, 29028, 4715, 79139, 83940",1460,False,3.5063851448054866,0.0111659251485771,1.9310471886340663,5,12,-0.641692320890132,-1.1264577802253948,0.64579115731803
11244,"11244, 157378, 157769, 29028, 4715, 79139, 83940",10664,False,2.4462910365178936,0.0305605850956852,1.0145141893970404,5,12,-1.561773756283196,-1.8288972299040405,0.7689044219165413
11244,"11244, 157378, 157769, 29028, 4715, 79139, 83940",9150,False,2.765385745317797,0.0207518881714622,1.4004245829838693,5,12,-1.5896065338632013,-1.9074552533909548,0.7292762103763515
11244,"11244, 157378, 157769, 29028, 4715, 79139, 83940",1537,False,2.2371769314933942,0.049813339562003,1.1276611390752873,5,12,-0.2026949641631386,-0.3542783129085331,0.8046714497212784
11244,"11244, 157378, 157769, 29028, 4715, 79139, 83940",7818,False,2.239725643818065,0.0407433870805685,0.985892595230316,5,12,-0.4844902041244593,-0.7303542182721116,0.7950058640262805
11244,"11244, 157378, 157769, 29028, 4715, 79139, 83940",1642,False,4.176418424741013,0.0008966709015699,1.9230307331048917,5,12,-1.7179804734956017,-2.188411347217325,0.3340764606282822
11244,"11244, 157378, 157769, 29028, 4715, 79139, 83940",55794,False,2.500025699738864,0.0388752011972315,1.3332720512958942,5,12,-0.1543018965306474,-0.4603651584349299,0.7897130757303121
11244,"11244, 157378, 157769, 29028, 4715, 79139, 83940",54555,False,-2.3740588730558847,0.047249085499585,-1.2678612980801585,5,12,-1.849325640378628,-1.2980715995268797,0.8015763446676192
11244,"11244, 157378, 157769, 29028, 4715, 79139, 83940",1655,False,2.3201742649781325,0.0355130946212653,1.0652821059403563,5,12,-0.6783122440470081,-0.8826793187447546,0.7792678241219885
11244,"11244, 157378, 157769, 29028, 4715, 79139, 83940",9093,False,2.219796784222682,0.0431441093892431,1.0227060319928298,5,12,-0.9058476979800864,-1.1209322349602082,0.7982670741340606
11244,"11244, 157378, 157769, 29028, 4715, 79139, 83940",1786,False,2.469075240584214,0.0442082486237298,1.348586991935935,5,12,-0.6975823855970613,-0.8740495088496424,0.7982670741340606
11244,"11244, 157378, 157769, 29028, 4715, 79139, 83940",8655,False,-3.332670884231733,0.0045453713972084,-1.4841925610379785,5,12,-0.8035839474560241,-0.4078985158601036,0.5463305204322857
11244,"11244, 157378, 157769, 29028, 4715, 79139, 83940",10209,False,-2.542374534129079,0.0357397773513615,-1.3484537173903774,5,12,-1.344819805960921,-0.8450252613855258,0.7792678241219885
11244,"11244, 157378, 157769, 29028, 4715, 79139, 83940",8666,False,-2.70221434350664,0.0334610093582966,-1.4956339586517642,5,12,-1.54956077449473,-1.2044118738974718,0.7736039978034098
11244,"11244, 157378, 157769, 29028, 4715, 79139, 83940",8669,False,-2.8215621309866408,0.0231150246598174,-1.4926799127983237,5,12,-0.7406178793790593,-0.4773805115144272,0.7485525004632818
11244,"11244, 157378, 157769, 29028, 4715, 79139, 83940",1973,False,-2.907310260985088,0.014992435084975,-1.4457954862892897,5,12,-1.2784932250818777,-0.8045118381397812,0.6883861680286661
11244,"11244, 157378, 157769, 29028, 4715, 79139, 83940",1975,False,-2.527142411303285,0.0349905810513371,-1.3240578672489212,5,12,-0.6832193086672249,-0.4299489909262252,0.7760302177369495
11244,"11244, 157378, 157769, 29028, 4715, 79139, 83940",63916,False,-2.833906353438253,0.0350138833085967,-1.6532379880084789,5,12,-0.6708303691569537,-0.0947403351658149,0.7760302177369495
11244,"11244, 157378, 157769, 29028, 4715, 79139, 83940",56943,False,3.9779483302923113,0.0023275954345525,1.971876654232369,5,12,-0.495661222876404,-0.8273749687729439,0.4587117602278026
11244,"11244, 157378, 157769, 29028, 4715, 79139, 83940",2068,False,2.245094252015655,0.044285151229087,1.082378067055388,5,12,-0.6527948095228924,-0.9468633987663094,0.7982670741340606
11244,"11244, 157378, 157769, 29028, 4715, 79139, 83940",9700,False,2.3832349450609414,0.047343647632351,1.2791515583731865,5,12,-1.6553543845949767,-2.2057635255457977,0.8015763446676192
11244,"11244, 157378, 157769, 29028, 4715, 79139, 83940",91442,False,2.694079963860269,0.0185332221072834,1.278937902138092,5,12,-0.3118467184148479,-0.6085038013389389,0.7134390816796584
11244,"11244, 157378, 157769, 29028, 4715, 79139, 83940",23197,False,2.4260541041037302,0.0306908441368286,1.1511477842385067,5,12,-0.1933152424806243,-0.515741035011045,0.7689044219165413
11244,"11244, 157378, 157769, 29028, 4715, 79139, 83940",63877,False,2.195053791862776,0.0460866868201466,1.027293856584539,5,12,-0.250999177699921,-0.411648493941926,0.7982670741340606
11244,"11244, 157378, 157769, 29028, 4715, 79139, 83940",147965,False,2.5895092999823164,0.0205832675157888,1.1383280067102883,5,12,-0.1479174521018119,-0.3476001882975126,0.7286224885389405
11244,"11244, 157378, 157769, 29028, 4715, 79139, 83940",2197,False,-3.909054966398136,0.0027540765670951,-1.9490116984930397,5,12,-3.0160818977863704,-2.2885861320120853,0.4758715016177002
11244,"11244, 157378, 157769, 29028, 4715, 79139, 83940",80204,False,3.665276039940612,0.0028149510582287,1.5414720074494688,5,12,-0.0067728746162649,-0.303394762738044,0.481159887065952
11244,"11244, 157378, 157769, 29028, 4715, 79139, 83940",10116,False,2.60275058492089,0.0200445528816796,1.1683895148721917,5,12,-0.1991610456039308,-0.318290537375464,0.7230822274212263
11244,"11244, 157378, 157769, 29028, 4715, 79139, 83940",2271,False,2.632469348389528,0.018861068399943,1.1772107692889566,5,12,-0.0169561958692564,-0.2229332558981097,0.7134390816796584
11244,"11244, 157378, 157769, 29028, 4715, 79139, 83940",246176,False,2.2729311414008424,0.0487456367265871,1.1622279567307543,5,12,-0.1792036407025408,-0.3172637358876391,0.8037156778640308
11244,"11244, 157378, 157769, 29028, 4715, 79139, 83940",57798,False,-2.3742596299895347,0.0350326969249194,-1.144635022894058,5,12,-0.3336672296942439,-0.1236284251414302,0.7760302177369495
11244,"11244, 157378, 157769, 29028, 4715, 79139, 83940",2673,False,2.361576031447953,0.0321521806770184,1.0459469348553143,5,12,-0.2175415307871515,-0.4764012621234897,0.7715553047120207
11244,"11244, 157378, 157769, 29028, 4715, 79139, 83940",51218,False,2.2123129427948043,0.0433510868580281,1.0092025199425891,5,12,-0.325326689262951,-0.5149153602424067,0.7982670741340606
11244,"11244, 157378, 157769, 29028, 4715, 79139, 83940",23438,False,2.2421769632926454,0.0409313512993303,0.972083618088948,5,12,-0.031676419845438,-0.2839574706311707,0.7950058640262805
11244,"11244, 157378, 157769, 29028, 4715, 79139, 83940",25988,False,2.9733908851596347,0.0094927066975305,1.3109797922597344,5,12,-1.4945470292275804,-1.9696457817785609,0.6200387134798324
11244,"11244, 157378, 157769, 29028, 4715, 79139, 83940",3633,False,-2.659315663284008,0.0179904782618632,-1.162409586033903,5,12,-0.3581595664609832,-0.2301452870148318,0.7134390816796584
11244,"11244, 157378, 157769, 29028, 4715, 79139, 83940",3765,False,2.38008818928586,0.0480085086120451,1.2812061401844634,5,12,-0.1433804577803551,-0.3784592357177211,0.8025850769705906
11244,"11244, 157378, 157769, 29028, 4715, 79139, 83940",9493,False,2.60028718378693,0.0323990928708905,1.3756874961306815,5,12,-1.8262851405168248,-2.181233502572438,0.7715553047120207
11244,"11244, 157378, 157769, 29028, 4715, 79139, 83940",11004,False,-2.642101489533524,0.0366197869535546,-1.4651433712950956,5,12,-0.4265191457603,-0.1589150013649972,0.7828467321786678
11244,"11244, 157378, 157769, 29028, 4715, 79139, 83940",84456,False,2.794229806596266,0.0137645032685523,1.2649502238199006,5,12,0.1710139623311191,-0.0697445132006401,0.6751793909154472
11244,"11244, 157378, 157769, 29028, 4715, 79139, 83940",3980,False,2.858906805120163,0.0160256700733042,1.4160079016166425,5,12,-0.2060974993459918,-0.3947707263321194,0.7006015786627908
11244,"11244, 157378, 157769, 29028, 4715, 79139, 83940",10128,False,2.29919880408556,0.0434507161790233,1.1450761661570026,5,12,-0.3544313365261162,-0.6772451272402072,0.7982670741340606
11244,"11244, 157378, 157769, 29028, 4715, 79139, 83940",8379,False,2.535044856218633,0.0231000247147205,1.1037944330095553,5,12,-0.0369259299562221,-0.2222869726249036,0.7485525004632818
11244,"11244, 157378, 157769, 29028, 4715, 79139, 83940",92935,False,3.1220057089557858,0.0082126232476301,1.4834028422294832,5,12,-0.3521742039380601,-0.8343835307402924,0.6076895211293379
11244,"11244, 157378, 157769, 29028, 4715, 79139, 83940",55388,False,3.1101408368324504,0.00802039567558,1.46064583023573,5,12,-0.551909001818709,-0.8151394885781705,0.606753867466964
11244,"11244, 157378, 157769, 29028, 4715, 79139, 83940",55588,False,2.4012776096470665,0.0341888497514988,1.169037830428476,5,12,-0.6586548396183215,-0.9575044415670556,0.7760302177369495
11244,"11244, 157378, 157769, 29028, 4715, 79139, 83940",55090,False,5.6774917968066525,4.664702472990176e-05,2.474602371025326,5,12,-0.428139904154298,-0.7917333771447416,0.1096423598059726
11244,"11244, 157378, 157769, 29028, 4715, 79139, 83940",23173,False,-2.733869529390835,0.0249929426898547,-1.4280179677959424,5,12,-1.1499636904295931,-0.6743763764204144,0.7568854103964252
11244,"11244, 157378, 157769, 29028, 4715, 79139, 83940",64745,False,2.728091841691112,0.0182639315395873,1.129726559182438,5,12,-0.4129391768908436,-0.6520895439515391,0.7134390816796584
11244,"11244, 157378, 157769, 29028, 4715, 79139, 83940",56339,False,2.8219296819444004,0.017622303067789,1.407326933983879,5,12,-0.3984448290189872,-0.6124471984937946,0.7134390816796584
11244,"11244, 157378, 157769, 29028, 4715, 79139, 83940",4331,False,2.355758502934094,0.0347997986277387,1.1147252370719425,5,12,-0.4703264118601574,-0.6327134816179191,0.7760302177369495
11244,"11244, 157378, 157769, 29028, 4715, 79139, 83940",55257,False,-3.3744689222430284,0.0108391698468747,-1.8025753840017185,5,12,-0.9894037973105252,-0.661536726343185,0.64579115731803
11244,"11244, 157378, 157769, 29028, 4715, 79139, 83940",65003,False,2.4093149633017354,0.0307753970236739,1.126864845739059,5,12,-0.1058274795211726,-0.3113574286940211,0.7690631820319243
11244,"11244, 157378, 157769, 29028, 4715, 79139, 83940",64975,False,3.191929558965307,0.0068773029108388,1.5012505098194238,5,12,-0.4470998785339994,-0.7229864159984034,0.589883340227428
11244,"11244, 157378, 157769, 29028, 4715, 79139, 83940",84545,False,2.301736034760374,0.0362265598188758,1.0367224175367724,5,12,-0.2857800754534928,-0.5251581848860591,0.7797765726372132
11244,"11244, 157378, 157769, 29028, 4715, 79139, 83940",84311,False,2.2155910658018496,0.0427342808767198,0.9976916057724112,5,12,-0.5792338218633792,-0.8043408552583161,0.7975356290297795
11244,"11244, 157378, 157769, 29028, 4715, 79139, 83940",26589,False,3.147074239188076,0.0066550900466984,1.3903310171699566,5,12,-0.0292562014005777,-0.3189267768910706,0.5853481090725166
11244,"11244, 157378, 157769, 29028, 4715, 79139, 83940",740,False,2.5390887958068635,0.0280011358511939,1.2555317945927922,5,12,-0.5183612908336725,-0.7784497931503586,0.7586792529741281
11244,"11244, 157378, 157769, 29028, 4715, 79139, 83940",116540,False,2.5328730823098247,0.0300799485254642,1.2752613746044272,5,12,-0.3151555981137561,-0.6002029418669138,0.7685495339968538
11244,"11244, 157378, 157769, 29028, 4715, 79139, 83940",63931,False,3.1728093474311363,0.0063231219096065,1.421009790631459,5,12,-0.3275290577475723,-0.6416318277609866,0.5853481090725166
11244,"11244, 157378, 157769, 29028, 4715, 79139, 83940",51021,False,2.5456918903796177,0.0224218176355216,1.1398781164213436,5,12,-0.2744946668256222,-0.4977806765478365,0.743696768553327
11244,"11244, 157378, 157769, 29028, 4715, 79139, 83940",28973,False,2.452111607561724,0.0283094748634954,1.0406779732883762,5,12,-0.2771412941084422,-0.4953653646943213,0.758844443768512
11244,"11244, 157378, 157769, 29028, 4715, 79139, 83940",51023,False,3.2198440084457225,0.0106323852635491,1.6546448777915053,5,12,-0.0291935526904174,-0.359823408362619,0.6418462754829048
11244,"11244, 157378, 157769, 29028, 4715, 79139, 83940",51116,False,2.1663154380936462,0.0471959000235822,0.9854239839609628,5,12,-0.2307856060030022,-0.39991295468245,0.8015763446676192
11244,"11244, 157378, 157769, 29028, 4715, 79139, 83940",54460,False,2.364348297762675,0.0319733908028748,1.0496599280739765,5,12,-0.7529399039423732,-1.0182231906371622,0.7715553047120207
11244,"11244, 157378, 157769, 29028, 4715, 79139, 83940",51649,False,2.4616407450820588,0.0267076352643998,1.1180766142052856,5,12,-0.2777884559176448,-0.5918366643163301,0.7568854103964252
11244,"11244, 157378, 157769, 29028, 4715, 79139, 83940",23107,False,2.258152926054052,0.0421210983095969,0.9446599433809744,5,12,-0.3163107150993211,-0.5088677024557946,0.7974289184896268
11244,"11244, 157378, 157769, 29028, 4715, 79139, 83940",28957,False,3.401972570589269,0.0040053495287431,1.4856600297333262,5,12,-0.3425743824994582,-0.5731198242541092,0.5291222059584408
11244,"11244, 157378, 157769, 29028, 4715, 79139, 83940",65993,False,2.236290871882119,0.0431139881148769,1.05343457406,5,12,-0.3837738187140441,-0.6409974802194681,0.7982670741340606
11244,"11244, 157378, 157769, 29028, 4715, 79139, 83940",64968,False,2.3929708732531347,0.0306497394497222,1.091434513112949,5,12,-0.0582073695823562,-0.3384882541189952,0.7689044219165413
11244,"11244, 157378, 157769, 29028, 4715, 79139, 83940",4502,False,-2.6147727238762424,0.047767624798128,-1.6616866760369902,4,8,-0.59015134771122,-0.3911719139967662,0.8020647869257161
11244,"11244, 157378, 157769, 29028, 4715, 79139, 83940",27085,False,2.3509547372413104,0.0414789080939749,1.1886713539036056,5,12,-1.6009261291247352,-1.807983918626615,0.795059641297274
11244,"11244, 157378, 157769, 29028, 4715, 79139, 83940",26164,False,2.671884917225372,0.0176262732540995,1.162949468419244,5,12,-0.147108215354374,-0.4183928037446349,0.7134390816796584
11244,"11244, 157378, 157769, 29028, 4715, 79139, 83940",55149,False,2.651734420031824,0.0207862504938137,1.273581570490341,5,12,-0.2659340088772779,-0.6712954087244057,0.7292762103763515
11244,"11244, 157378, 157769, 29028, 4715, 79139, 83940",10135,False,2.2102070958893063,0.0450222729014945,0.9341932595847529,5,12,-0.2096735015310707,-0.4965747502214361,0.7982670741340606
11244,"11244, 157378, 157769, 29028, 4715, 79139, 83940",4714,False,2.6951636964408765,0.0170363571111111,1.1635169091315,5,12,-0.1761736591399684,-0.3635291110180574,0.7094815495777185
11244,"11244, 157378, 157769, 29028, 4715, 79139, 83940",4718,False,2.6500130200792498,0.0183487930960134,1.1569101328537992,5,12,-0.3307541775307459,-0.4769576677244377,0.7134390816796584
11244,"11244, 157378, 157769, 29028, 4715, 79139, 83940",8602,False,-2.554220941901937,0.0396096153143732,-1.3997987861611634,5,12,-1.3488623962352206,-1.0263727335042978,0.7924614775352322
11244,"11244, 157378, 157769, 29028, 4715, 79139, 83940",51070,False,3.4660086042005243,0.003533742310475,1.5098129774578697,5,12,-0.1435253749852576,-0.3216429308895971,0.506575498552766
11244,"11244, 157378, 157769, 29028, 4715, 79139, 83940",56160,False,2.453244978909796,0.0289368568141691,1.1599025805358762,5,12,-0.8131829523686891,-1.0770915831205203,0.7627438360397004
11244,"11244, 157378, 157769, 29028, 4715, 79139, 83940",9972,False,2.5030512181801363,0.0343273781474373,1.2904282391730966,5,12,-0.5006804984316728,-0.7818872880007143,0.7760302177369495
11244,"11244, 157378, 157769, 29028, 4715, 79139, 83940",79902,False,3.004511482333784,0.0098666540917248,1.4115468224006456,5,12,-1.347394566063929,-1.6519130550140677,0.6262169779905742
11244,"11244, 157378, 157769, 29028, 4715, 79139, 83940",5031,False,2.8496557432577148,0.0138500873090682,1.35481810891054,5,12,-0.1205317035448009,-0.2899996090345736,0.6751793909154472
11244,"11244, 157378, 157769, 29028, 4715, 79139, 83940",54623,False,2.4961546565253827,0.0329001062454384,1.2669474080194312,5,12,-0.6360763219466603,-0.904640052922541,0.7722938751587749
11244,"11244, 157378, 157769, 29028, 4715, 79139, 83940",5073,False,-2.4888911145579757,0.0329201121709123,-1.258918259670023,5,12,-0.4298903950363861,-0.1853928619262024,0.7722938751587749
11244,"11244, 157378, 157769, 29028, 4715, 79139, 83940",23047,False,-2.978095275909532,0.0242393003504003,-1.665949755900799,5,12,-0.4528016595637917,-0.1294504062739382,0.7555168658866813
11244,"11244, 157378, 157769, 29028, 4715, 79139, 83940",5245,False,2.674247589889245,0.0207981145722222,1.3009637337184567,5,12,-1.7341932847284358,-2.279498407620134,0.7292762103763515
11244,"11244, 157378, 157769, 29028, 4715, 79139, 83940",11331,False,2.273993707518386,0.0481988320787109,1.1587109131235016,5,12,-1.9818615435004263,-2.377466551790724,0.8037156778640308
11244,"11244, 157378, 157769, 29028, 4715, 79139, 83940",94005,False,-2.388414579338359,0.0328256859688066,-1.131626590632297,5,12,-0.443507321631528,-0.2792171038336942,0.7722938751587749
11244,"11244, 157378, 157769, 29028, 4715, 79139, 83940",9512,False,2.2753632155334147,0.038963563822161,1.051233612807317,5,12,-1.6623248987063188,-1.9154295463554316,0.7897130757303121
11244,"11244, 157378, 157769, 29028, 4715, 79139, 83940",56902,False,-2.501703668455745,0.0245032954725456,-1.1247641262910208,5,12,-1.3162699655073578,-1.0837176268957245,0.7555168658866813
11244,"11244, 157378, 157769, 29028, 4715, 79139, 83940",5442,False,2.4579910888619336,0.0276756329800771,1.0488066257092994,5,12,-0.3456345789906078,-0.599821434593789,0.7581377630197409
11244,"11244, 157378, 157769, 29028, 4715, 79139, 83940",60490,False,3.102519881158419,0.0074970178802352,1.41663921356024,5,12,0.1001773542480696,-0.125259494721067,0.599751615526626
11244,"11244, 157378, 157769, 29028, 4715, 79139, 83940",51645,False,2.406113736949897,0.0300428272856219,1.1029165304243465,5,12,-0.4820207431290249,-0.9662409694836056,0.7684580593452173
11244,"11244, 157378, 157769, 29028, 4715, 79139, 83940",24148,False,2.6633488581922284,0.0303288579233094,1.4195923521484743,5,12,-1.1342316548864249,-1.389517928535376,0.7689044219165413
11244,"11244, 157378, 157769, 29028, 4715, 79139, 83940",81876,False,-2.560411775395284,0.0401751434740833,-1.412030055334288,5,12,-0.5447937597281302,-0.3804291003403732,0.7947636811015407
11244,"11244, 157378, 157769, 29028, 4715, 79139, 83940",29127,False,3.355315641582126,0.0043438914426472,1.4985395362534537,5,12,-1.1302296293757368,-1.6428584795354604,0.5375383092681167
11244,"11244, 157378, 157769, 29028, 4715, 79139, 83940",56852,False,2.878924183107505,0.0121774573207949,1.336405660173271,5,12,0.0062242500118229,-0.1829079616178593,0.6597696498523294
11244,"11244, 157378, 157769, 29028, 4715, 79139, 83940",57038,False,2.8686410903511668,0.0133253161877556,1.2012267676948036,5,12,-0.1468690742213683,-0.4107700971421249,0.6751793909154472
11244,"11244, 157378, 157769, 29028, 4715, 79139, 83940",79171,False,2.5746375776664747,0.0278147600309391,1.293703713310461,5,12,-0.4151476485558316,-0.6855669823111218,0.7581377630197409
11244,"11244, 157378, 157769, 29028, 4715, 79139, 83940",27316,False,2.1969958355527788,0.0445082638576746,0.9549557656178972,5,12,-1.6516980829795955,-1.9599755878596472,0.7982670741340606
11244,"11244, 157378, 157769, 29028, 4715, 79139, 83940",81554,False,2.283356775079569,0.0447041089465724,1.137692561719153,5,12,-0.0425008315923257,-0.2336980462715099,0.7982670741340606
11244,"11244, 157378, 157769, 29028, 4715, 79139, 83940",114822,False,-3.1739010108781702,0.0174210651313911,-1.7510944178491556,5,12,-0.4478757262101897,-0.2424878297083269,0.7128658384945291
11244,"11244, 157378, 157769, 29028, 4715, 79139, 83940",6047,False,3.5901285859252883,0.0026920803082329,1.580990309286022,5,12,-0.392630476994309,-0.8261861815080885,0.4724836524595978
11244,"11244, 157378, 157769, 29028, 4715, 79139, 83940",6154,False,-2.856932815862395,0.0204098871841864,-1.4891996319840657,5,12,-2.2000864165016014,-1.6744755427124902,0.7263711305001938
11244,"11244, 157378, 157769, 29028, 4715, 79139, 83940",6158,False,-2.62066446580851,0.0271137845289212,-1.3354302559152025,5,12,-1.036757320237683,-0.6422699812858921,0.7578267072412546
11244,"11244, 157378, 157769, 29028, 4715, 79139, 83940",6228,False,-2.360077590472857,0.0339924002866884,-1.1076803056709257,5,12,-2.45621650886589,-2.104048729801104,0.7760302177369495
11244,"11244, 157378, 157769, 29028, 4715, 79139, 83940",6229,False,-3.2927734643121176,0.0070191573850043,-1.6138989744272163,5,12,-1.914976524244749,-1.4308620229806082,0.592252413130497
11244,"11244, 157378, 157769, 29028, 4715, 79139, 83940",6203,False,-2.450075988136605,0.0411312694937246,-1.2992621140335627,5,12,-1.8555920260863372,-1.533196109620698,0.7950058640262805
11244,"11244, 157378, 157769, 29028, 4715, 79139, 83940",25914,False,2.155673550784875,0.0495922489142812,1.009105690703514,5,12,-0.3761215633440634,-0.5837154828932849,0.8046714497212784
11244,"11244, 157378, 157769, 29028, 4715, 79139, 83940",388228,False,3.204687353650367,0.0059827838290134,1.4003670075178878,5,12,-0.1347507405316667,-0.2864272122886208,0.5795206013161482
11244,"11244, 157378, 157769, 29028, 4715, 79139, 83940",6389,False,3.1954805411524174,0.0061620101526562,1.3881992290601497,5,12,0.0001303002042717,-0.2582630794339027,0.5814955949380457
11244,"11244, 157378, 157769, 29028, 4715, 79139, 83940",644096,False,3.81595119182458,0.0016907666118281,1.6861680071264364,5,12,-0.1952455128472744,-0.4488402106706,0.412438948003986
11244,"11244, 157378, 157769, 29028, 4715, 79139, 83940",6390,False,2.6469651976180444,0.0183714032962258,1.1900406810397215,5,12,-0.0843547118946118,-0.3590823977535949,0.7134390816796584
11244,"11244, 157378, 157769, 29028, 4715, 79139, 83940",9919,False,2.917605009598206,0.0179142678862832,1.5101375708785172,5,12,-0.346561846805018,-0.689121954197964,0.7134390816796584
11244,"11244, 157378, 157769, 29028, 4715, 79139, 83940",51639,False,2.5261740049796564,0.049923757807959,1.4637610294047498,5,12,-1.7241139988526677,-2.092149387565968,0.8046714497212784
11244,"11244, 157378, 157769, 29028, 4715, 79139, 83940",81894,False,2.4312832814213885,0.0283463009451895,1.104636424360989,5,12,-0.3316218566254327,-0.6713135475729609,0.7594499544525949
11244,"11244, 157378, 157769, 29028, 4715, 79139, 83940",10463,False,2.2351467098907225,0.0441630948866838,1.066214167649404,5,12,-0.0701255280866116,-0.3147252248098571,0.7982670741340606
11244,"11244, 157378, 157769, 29028, 4715, 79139, 83940",10051,False,3.256087013605465,0.0098403859895686,1.6680967238273745,5,12,-1.406152086570892,-1.641340400210976,0.6262169779905742
11244,"11244, 157378, 157769, 29028, 4715, 79139, 83940",23381,False,2.475001940725265,0.0262042625146805,1.1316905045850492,5,12,-0.951103585495042,-1.158341003026468,0.7568854103964252
11244,"11244, 157378, 157769, 29028, 4715, 79139, 83940",9887,False,2.2067210709043064,0.0455122268789222,0.9305773350818068,5,12,-0.4292294941656241,-0.5634266745365438,0.7982670741340606
11244,"11244, 157378, 157769, 29028, 4715, 79139, 83940",6618,False,3.334446954298337,0.0045759599369452,1.5034703682020223,5,12,-1.003794764231031,-1.5024476720540616,0.5463305204322857
11244,"11244, 157378, 157769, 29028, 4715, 79139, 83940",6619,False,2.737695422086986,0.0161749828258734,1.1654616847377064,5,12,-1.1190496618121837,-1.4547763431922396,0.7006147533828275
11244,"11244, 157378, 157769, 29028, 4715, 79139, 83940",11017,False,4.1118362236222925,0.0042557254440538,2.2127242273661363,5,12,-0.9373826502131688,-1.213607075302923,0.5353838715904888
11244,"11244, 157378, 157769, 29028, 4715, 79139, 83940",6632,False,3.3926243129258538,0.0112604728019554,1.8295013428198568,5,12,-2.243745843956087,-2.932121837959451,0.6469955634805488
11244,"11244, 157378, 157769, 29028, 4715, 79139, 83940",57405,False,2.302911736570328,0.0362053722297003,1.0404716132853915,5,12,-1.3315479726408614,-1.6636911142750417,0.7797765726372132
11244,"11244, 157378, 157769, 29028, 4715, 79139, 83940",55133,False,2.2929759988481626,0.0441491164334234,1.1442650115624562,5,12,-1.2117456574743066,-1.53635199331201,0.7982670741340606
11244,"11244, 157378, 157769, 29028, 4715, 79139, 83940",10847,False,2.8105141186288995,0.0281704212083425,1.5472147017215536,5,12,-0.8935458589970977,-1.29866730989766,0.7586792529741281
11244,"11244, 157378, 157769, 29028, 4715, 79139, 83940",58477,False,2.365673168528712,0.0332439362955966,1.0058866241426945,5,12,-0.567508945074076,-0.722753263848727,0.7722938751587749
11244,"11244, 157378, 157769, 29028, 4715, 79139, 83940",6432,False,2.468364070888101,0.0355952317469004,1.265009884749988,5,12,-1.906520691632538,-2.270498775278547,0.7792678241219885
11244,"11244, 157378, 157769, 29028, 4715, 79139, 83940",57794,False,2.817955833162518,0.014675695970517,1.3387502464508303,5,12,-0.565087022849924,-0.7606625399042392,0.6858173473649897
11244,"11244, 157378, 157769, 29028, 4715, 79139, 83940",8464,False,4.600540707586628,0.0003475066035462,2.033863796112644,5,12,0.0859411090007263,-0.3378600148204799,0.2401799444901326
11244,"11244, 157378, 157769, 29028, 4715, 79139, 83940",9913,False,2.8868490953462738,0.0113087429533543,1.291072335980804,5,12,0.2537231452234461,-0.1433935116407575,0.6476956922501441
11244,"11244, 157378, 157769, 29028, 4715, 79139, 83940",117143,False,2.317475951886681,0.0380307102166085,1.10632709997851,5,12,0.3915090848075708,-0.0805340668103873,0.7880363045296338
11244,"11244, 157378, 157769, 29028, 4715, 79139, 83940",10474,False,2.6483444736411217,0.020973722186949,1.2730478182550264,5,12,-0.0072377007380139,-0.2764057543945565,0.7306333539722384
11244,"11244, 157378, 157769, 29028, 4715, 79139, 83940",6873,False,2.7322330118865388,0.0284231893659272,1.4693510505139606,5,12,-0.6358374323192546,-0.8926398298058172,0.7599647358586262
11244,"11244, 157378, 157769, 29028, 4715, 79139, 83940",10629,False,2.327277397150008,0.0344990521639095,1.0192902468263052,5,12,-0.0338956145333988,-0.4209791239619471,0.7760302177369495
11244,"11244, 157378, 157769, 29028, 4715, 79139, 83940",6879,False,3.657895750807665,0.0030137151385703,1.527889715406798,5,12,-0.6047839875930443,-0.8280132334065443,0.492940809773446
11244,"11244, 157378, 157769, 29028, 4715, 79139, 83940",23435,False,2.629891334235251,0.01896074445706,1.1764874799842826,5,12,-0.64380693400073,-0.9748400204773444,0.7147554854282848
11244,"11244, 157378, 157769, 29028, 4715, 79139, 83940",10607,False,-3.197379585127121,0.006436303717308,-1.3668069760395047,5,12,-1.4507589992257583,-1.1229809861419875,0.5853481090725166
11244,"11244, 157378, 157769, 29028, 4715, 79139, 83940",6950,False,-3.101502489754843,0.0090444906668614,-1.49275883575852,5,12,-2.268094605128644,-1.8126513590524516,0.6154412706398456
11244,"11244, 157378, 157769, 29028, 4715, 79139, 83940",79736,False,2.490646836411436,0.0253312449959712,1.1355312632871062,5,12,-0.2459769053928182,-0.5051230361379788,0.7568854103964252
11244,"11244, 157378, 157769, 29028, 4715, 79139, 83940",7019,False,2.417465853144567,0.0295602009337222,1.1131520377183657,5,12,-0.4071632479214851,-0.6178903845746028,0.7673596757763704
11244,"11244, 157378, 157769, 29028, 4715, 79139, 83940",64216,False,2.4376276945123667,0.0280056423449396,1.1078567471126446,5,12,-0.3547765737556712,-0.5522260382162513,0.7586792529741281
11244,"11244, 157378, 157769, 29028, 4715, 79139, 83940",7050,False,2.568232527311023,0.0214459846284691,1.1316760360837963,5,12,0.1265928544477904,-0.1417748019565554,0.7331528917128181
11244,"11244, 157378, 157769, 29028, 4715, 79139, 83940",79228,False,2.8227852535254074,0.0225266569962826,1.4856826203485445,5,12,-0.2509864970190424,-0.4306522624133411,0.743696768553327
11244,"11244, 157378, 157769, 29028, 4715, 79139, 83940",9967,False,2.534147775920528,0.0229633294848465,1.1374122443408283,5,12,-0.2348250646061483,-0.4291654740560549,0.7472601170027895
11244,"11244, 157378, 157769, 29028, 4715, 79139, 83940",23534,False,2.471545338989769,0.0354588196065748,1.2671612997672423,5,12,-1.3516057013296812,-1.5555922724975888,0.7792678241219885
11244,"11244, 157378, 157769, 29028, 4715, 79139, 83940",7161,False,2.556793575854776,0.0231812285283205,1.0847442634022149,5,12,0.0279169537825421,-0.1111469272499435,0.7485525004632818
11244,"11244, 157378, 157769, 29028, 4715, 79139, 83940",54931,False,2.144045182174246,0.0488507570030266,0.946715089621685,5,12,-0.2186877040334241,-0.379679977407272,0.8037156778640308
11244,"11244, 157378, 157769, 29028, 4715, 79139, 83940",203068,False,-2.20467904733921,0.0442943210670288,-0.9485592389008036,5,12,-1.9137837426614912,-1.5088606579156192,0.7982670741340606
11244,"11244, 157378, 157769, 29028, 4715, 79139, 83940",10844,False,2.4256681823106687,0.0409248622208221,1.2698803733175554,5,12,-0.9525416081260624,-1.5641539564863889,0.7950058640262805
11244,"11244, 157378, 157769, 29028, 4715, 79139, 83940",10426,False,2.6009192831636287,0.0361556461657719,1.4160713131538618,5,12,-1.081619623011036,-1.4368948966926494,0.7797765726372132
11244,"11244, 157378, 157769, 29028, 4715, 79139, 83940",27229,False,3.6858401108582006,0.0027638001711053,1.5459251106659049,5,12,-1.2275839223015588,-1.5978785449417687,0.4762672597378408
11244,"11244, 157378, 157769, 29028, 4715, 79139, 83940",114791,False,2.8931161943208767,0.0119877475892493,1.349153736371102,5,12,-0.9591096752632116,-1.209561594308206,0.6578707579487993
11244,"11244, 157378, 157769, 29028, 4715, 79139, 83940",85378,False,2.9198352251171644,0.0155310320659178,1.4694562976351118,5,12,-0.8167796853849196,-1.064083048780598,0.6950759803779362
11244,"11244, 157378, 157769, 29028, 4715, 79139, 83940",11065,False,-2.313793847743894,0.0367966704367085,-0.9821205111540277,5,12,-0.6492306726897926,-0.3941226865139611,0.7836483879259681
11244,"11244, 157378, 157769, 29028, 4715, 79139, 83940",3093,False,4.322775469617454,0.0009546931140868,1.7936918995441806,5,12,-0.0031983804338817,-0.2455955917000694,0.3424241293940285
11244,"11244, 157378, 157769, 29028, 4715, 79139, 83940",27338,False,-2.370268057715461,0.0320988505887216,-1.0835029171581425,5,12,-0.4604042558001997,-0.3051326779980756,0.7715553047120207
11244,"11244, 157378, 157769, 29028, 4715, 79139, 83940",59286,False,2.732316520076024,0.0297134545638121,1.4847589551240086,5,12,-2.431674872948392,-2.9132992269993707,0.767444887438343
11244,"11244, 157378, 157769, 29028, 4715, 79139, 83940",5976,False,2.763411514029741,0.0237204880298628,1.4415270083656175,5,12,-1.1047228597451657,-1.4020134713936467,0.7523290425123269
11244,"11244, 157378, 157769, 29028, 4715, 79139, 83940",7385,False,2.581277745784716,0.0209894464341261,1.164942013553985,5,12,-0.1641797545393266,-0.3769700120574177,0.7306333539722384
11244,"11244, 157378, 157769, 29028, 4715, 79139, 83940",7386,False,4.14668320395466,0.0027663538294044,2.147509681162953,5,12,-0.2278996771766673,-0.5362771960787295,0.4762672597378408
11244,"11244, 157378, 157769, 29028, 4715, 79139, 83940",27089,False,2.7979634233077184,0.0150929567668014,1.1745574932297598,5,12,-0.205942479680363,-0.3726023470057654,0.6899999248277287
11244,"11244, 157378, 157769, 29028, 4715, 79139, 83940",57176,False,2.2865014110116024,0.0379792800610308,1.052461543379845,5,12,-0.227113192278823,-0.5231789169762733,0.7878263925491654
11244,"11244, 157378, 157769, 29028, 4715, 79139, 83940",55759,False,-2.595976188618218,0.0319672928052685,-1.366303598430724,5,12,-1.4972887322476751,-1.2303050620065543,0.7715553047120207
11244,"11244, 157378, 157769, 29028, 4715, 79139, 83940",79446,False,2.401726998274128,0.0434407825402751,1.265966524345429,5,12,-0.6405528841552148,-0.8735733419550082,0.7982670741340606
11244,"11244, 157378, 157769, 29028, 4715, 79139, 83940",9589,False,2.574784553299202,0.044799433080539,1.47177712602135,5,12,-0.6434235237572715,-0.9716280317875386,0.7982670741340606
11244,"11244, 157378, 157769, 29028, 4715, 79139, 83940",79844,False,-3.6908134847036127,0.0144783617875607,-2.347874055792499,4,8,-0.4855305248872119,-0.1837184094166302,0.6831241616173175
11244,"11244, 157378, 157769, 29028, 4715, 79139, 83940",7543,False,2.1813987704716347,0.0454802222486056,0.9683892117919412,5,12,-0.2057057136637331,-0.3679912007420851,0.7982670741340606
11244,"11244, 157378, 157769, 29028, 4715, 79139, 83940",63925,False,2.7886949352843007,0.0141429726763845,1.2768344563343452,5,12,-0.6274529431613401,-0.81798381323617,0.6787506880374049
11244,"11244, 157378, 157769, 29028, 4715, 79139, 83940",9745,False,2.598023214902599,0.0214220910114253,1.2145651298915192,5,12,-0.1101245708235737,-0.2892362219055008,0.7331528917128181
11244,"11244, 157378, 157769, 29028, 4715, 79139, 83940",9183,False,2.2234947761734145,0.0424573345024407,0.9628728446102498,5,12,-0.210894398186661,-0.4224883164649127,0.7975356290297795
113655,"113655, 28991, 414919, 65265, 9684",23141,False,3.529214397608347,0.011799583962511,1.9004303289200688,4,13,-1.844326474366392,-2.394333210172792,0.6546017798448555
113655,"113655, 28991, 414919, 65265, 9684",163,False,2.973034746845576,0.0094800673338227,1.2539602879126672,4,13,-0.0116520068050007,-0.1791497873384964,0.6200387134798324
113655,"113655, 28991, 414919, 65265, 9684",1175,False,3.525078713872196,0.0034573112689928,1.42158298285951,4,13,-0.2399116935338965,-0.6122696563420308,0.506575498552766
113655,"113655, 28991, 414919, 65265, 9684",506,False,2.682182305534982,0.0177997428929446,1.183086500298334,4,13,-0.8367629092027772,-1.1040218423020545,0.7134390816796584
113655,"113655, 28991, 414919, 65265, 9684",513,False,2.6818416581488016,0.018115278011326,1.0818260127450916,4,13,-0.6044759976702899,-0.8285117664815658,0.7134390816796584
113655,"113655, 28991, 414919, 65265, 9684",539,False,3.4526160128419274,0.0041615283444609,1.5511602838840084,4,13,-0.2473276232137991,-0.505569314363308,0.5320675763623917
113655,"113655, 28991, 414919, 65265, 9684",617,False,2.90406622723724,0.0144891451886875,1.370124854622348,4,13,-0.182920769263168,-0.3758003962021976,0.6831241616173175
113655,"113655, 28991, 414919, 65265, 9684",55814,False,3.1620742197442784,0.0180813618319229,1.6904403105347277,4,13,-0.7597139826083752,-1.0771806620796185,0.7134390816796584
113655,"113655, 28991, 414919, 65265, 9684",23774,False,2.2248511636883688,0.0419142232869617,0.949018731972256,4,13,0.0453187428475893,-0.0930530104078968,0.7956001194952814
113655,"113655, 28991, 414919, 65265, 9684",9044,False,2.5867855417002503,0.0269894612937422,1.2420376776432789,4,13,-0.2076491001308532,-0.5500118030602448,0.7578267072412546
113655,"113655, 28991, 414919, 65265, 9684",128061,False,-2.718650849244716,0.0273017550858449,-1.3866778168238785,4,13,-1.0064543731642734,-0.7725190229837134,0.7578267072412546
113655,"113655, 28991, 414919, 65265, 9684",4680,False,2.189613036464848,0.0447887323854521,0.929730336446436,4,13,-0.210821925610037,-0.346277956969128,0.7982670741340606
113655,"113655, 28991, 414919, 65265, 9684",55835,False,3.08755915456818,0.0077054036944359,1.2712486461601675,4,13,-0.1616555514333856,-0.3452873287986645,0.603363561959853
113655,"113655, 28991, 414919, 65265, 9684",55165,False,2.661518706713472,0.0202712115546598,1.0497360278811612,4,13,-0.0160263299203089,-0.1860021379523267,0.7251380775498089
113655,"113655, 28991, 414919, 65265, 9684",64377,False,2.573675839474065,0.0211949823835002,1.0938488293265594,4,13,-0.1232014263242385,-0.262972924029993,0.7324479075202417
113655,"113655, 28991, 414919, 65265, 9684",8533,False,3.013176643244932,0.0092075875874775,1.326278258564812,4,13,-0.5844607031430071,-0.8258379571468436,0.6177479122895033
113655,"113655, 28991, 414919, 65265, 9684",116228,False,-2.6085270168890773,0.0243788748645561,-1.228586791126833,4,13,-0.4650508429201437,-0.3413317257935911,0.7555168658866813
113655,"113655, 28991, 414919, 65265, 9684",1340,False,2.424892829134035,0.0304787125334601,0.9674153248370432,4,13,-0.3471751960029824,-0.4553357770424605,0.7689044219165413
113655,"113655, 28991, 414919, 65265, 9684",1398,False,-2.756716942406068,0.0238500501621726,-1.3798691216125538,4,13,-0.5321924848095887,-0.187961384864564,0.7534133533530972
113655,"113655, 28991, 414919, 65265, 9684",51379,False,2.2021065673634346,0.0439003494093067,0.9154213668531056,4,13,-0.1136464273509976,-0.2517212223906471,0.7982670741340606
113655,"113655, 28991, 414919, 65265, 9684",10664,False,2.945754829890624,0.0114930339487331,1.170077993576483,4,13,-1.5262601760329728,-1.819276525856352,0.6488452626579987
113655,"113655, 28991, 414919, 65265, 9684",7818,False,2.138680692315628,0.0495619498223335,0.921315071402076,4,13,-0.486410042990395,-0.710850882148158,0.8046714497212784
113655,"113655, 28991, 414919, 65265, 9684",8886,False,-2.368611395460706,0.0468710553936128,-1.2106329373442766,4,13,-1.7894460888700845,-1.5830419140307788,0.8015763446676192
113655,"113655, 28991, 414919, 65265, 9684",1655,False,2.4944820446597187,0.0296410764127414,1.171862288172714,4,13,-0.6554774953877022,-0.8739848510477916,0.7673596757763704
113655,"113655, 28991, 414919, 65265, 9684",27292,False,-2.5934415244648577,0.0278617594480127,-1.2610123932218595,4,13,-1.4183270196707336,-1.0889977860070703,0.7581377630197409
113655,"113655, 28991, 414919, 65265, 9684",55929,False,2.178127840130261,0.0463659133949251,0.9495257139284164,4,13,-1.0090998277344831,-1.1845971996007625,0.7991068205502883
113655,"113655, 28991, 414919, 65265, 9684",9093,False,3.595472595935146,0.00315331741972,1.4388352126662844,4,13,-0.8552713626021314,-1.119949219924185,0.4999281445021685
113655,"113655, 28991, 414919, 65265, 9684",5977,False,2.4815964803250563,0.0466202879829314,1.336755927370645,4,13,-0.0516356494147704,-0.4179209266715771,0.8008999365136923
113655,"113655, 28991, 414919, 65265, 9684",29102,False,4.2447483716724586,0.0008068546440448,1.7242228734306535,4,13,-0.4180151568905749,-0.6808963406860956,0.3260305687025182
113655,"113655, 28991, 414919, 65265, 9684",1841,False,2.525128431709412,0.0264810299585737,1.1618434799089383,4,13,-0.8022454411319644,-1.3433604164217396,0.7568854103964252
113655,"113655, 28991, 414919, 65265, 9684",8661,False,-3.807922042491704,0.0043564842686991,-1.883875581188902,4,13,-2.0522938993823776,-1.6408817536029474,0.5375383092681167
113655,"113655, 28991, 414919, 65265, 9684",8666,False,-3.9941165323037686,0.0056469706552568,-2.102811817950108,4,13,-1.6145104865696291,-1.210977262535753,0.5719910058128671
113655,"113655, 28991, 414919, 65265, 9684",8669,False,-3.266229556416901,0.0220609901068892,-1.8647432796838697,4,13,-0.7931318983343547,-0.481471380133154,0.7398212951771879
113655,"113655, 28991, 414919, 65265, 9684",9470,False,2.9988486137589656,0.011505630191379,1.3953413832948294,4,13,-0.0778812331378085,-0.3441273840209126,0.6488452626579987
113655,"113655, 28991, 414919, 65265, 9684",1981,False,-2.5510407774428048,0.0266228292933329,-1.1958557911994951,4,13,-0.7777457942830488,-0.6353493851839833,0.7568854103964252
113655,"113655, 28991, 414919, 65265, 9684",51575,False,-4.208626703652905,0.0009988665473369,-1.8965498257828768,4,13,-1.0599163197896382,-0.6809123661004899,0.3424241293940285
113655,"113655, 28991, 414919, 65265, 9684",2197,False,-2.582873383418705,0.0381594477247081,-1.3664648387277751,4,13,-2.950120571541939,-2.364843137454548,0.7887891891367923
113655,"113655, 28991, 414919, 65265, 9684",26268,False,3.024284773026695,0.0182511039251353,1.5601852352349217,4,13,-0.0883663090466645,-0.2590035316713437,0.7134390816796584
113655,"113655, 28991, 414919, 65265, 9684",55294,False,2.284188170811464,0.0377294463959271,0.9902257136802544,4,13,-0.0123388344683073,-0.3141247064228066,0.7860630991256311
113655,"113655, 28991, 414919, 65265, 9684",26127,False,-2.9668936027878563,0.0389727240531204,-1.8030841127794688,4,13,-0.4705311152312221,-0.2116792037038881,0.7897130757303121
113655,"113655, 28991, 414919, 65265, 9684",117246,False,-2.335792018551368,0.0437619256599664,-1.1439653748345786,4,13,-1.2779527575983791,-1.082254863666153,0.7982670741340606
113655,"113655, 28991, 414919, 65265, 9684",246176,False,2.847786117181519,0.0200395504780987,1.4155948725532284,4,13,-0.1592363124242505,-0.3127875218821054,0.7230822274212263
113655,"113655, 28991, 414919, 65265, 9684",3020,False,2.698552153934876,0.0381383614726303,1.6019251509486203,3,9,-1.07245423041454,-1.380994341773613,0.7887891891367923
113655,"113655, 28991, 414919, 65265, 9684",25988,False,2.6420259468796496,0.018872150086264,1.085214604740631,4,13,-1.531568975948148,-1.921708355668311,0.7134390816796584
113655,"113655, 28991, 414919, 65265, 9684",6928,False,2.2337895562438246,0.0412618930335277,0.9568088600111416,4,13,-0.0889587353323613,-0.4087649810240646,0.7950058640262805
113655,"113655, 28991, 414919, 65265, 9684",25764,False,-2.3779365541054047,0.0315838009245799,-1.0340962884615066,4,13,-1.0460060869597425,-0.8110647726462243,0.7715553047120207
113655,"113655, 28991, 414919, 65265, 9684",57461,False,-2.788841608580289,0.0263277355423822,-1.4464237854963826,4,13,-1.276658994190905,-0.973159352176898,0.7568854103964252
113655,"113655, 28991, 414919, 65265, 9684",10300,False,2.527585121253476,0.0232074445850988,1.066087763456157,4,13,-0.2922904033776091,-0.4838444706286198,0.7485525004632818
113655,"113655, 28991, 414919, 65265, 9684",3835,False,2.573656521919179,0.0232857063312946,1.1665592564671652,4,13,-0.2952489784601476,-0.4061334438581222,0.7485525004632818
113655,"113655, 28991, 414919, 65265, 9684",11004,False,-2.354969765326873,0.0403082809523828,-1.1322037110954342,4,13,-0.3862920127338242,-0.191877514942013,0.7950058640262805
113655,"113655, 28991, 414919, 65265, 9684",9757,False,2.2409227664692604,0.0414070749670263,0.9147109340660964,4,13,-0.1728026614476787,-0.3574068228433982,0.7950058640262805
113655,"113655, 28991, 414919, 65265, 9684",3845,False,-2.6894318256074943,0.0446554860310047,-1.5532322827277127,4,13,-1.3455584764427952,-0.3942496807277944,0.7982670741340606
113655,"113655, 28991, 414919, 65265, 9684",112970,False,-2.295367452288011,0.0495268564599619,-1.1486602319168293,4,13,-0.9336499418488188,-0.6775234135560588,0.8046714497212784
113655,"113655, 28991, 414919, 65265, 9684",374819,False,3.9847181439250616,0.0025828516735326,2.012207305407486,3,9,-0.3008044664644949,-0.5871421499718859,0.4653770951372328
113655,"113655, 28991, 414919, 65265, 9684",25804,False,2.6313299236496124,0.034836156066132,1.3833913341513129,4,13,-1.5725934492003908,-1.893050828854828,0.7760302177369495
113655,"113655, 28991, 414919, 65265, 9684",9477,False,2.925685560363477,0.0450717553091364,1.83705524217092,4,13,-1.042771806319107,-1.408125932469967,0.7982670741340606
113655,"113655, 28991, 414919, 65265, 9684",9443,False,2.5010078972956857,0.0408348170227003,1.3035509997155954,4,13,-0.6988120726865565,-0.9221005190644084,0.7950058640262805
113655,"113655, 28991, 414919, 65265, 9684",55090,False,2.74786634752098,0.0247795897414395,1.3836282964855051,4,13,-0.4814393135438125,-0.7473648301794722,0.7568854103964252
113655,"113655, 28991, 414919, 65265, 9684",64745,False,3.016553925175104,0.0098811745968799,1.20222862951563,4,13,-0.393980053428872,-0.6395269383197845,0.6262169779905742
113655,"113655, 28991, 414919, 65265, 9684",54148,False,2.1603869752330453,0.0499769355632508,0.8605008441141188,4,13,-0.269864318173166,-0.4987299927129622,0.8047864489426485
113655,"113655, 28991, 414919, 65265, 9684",84311,False,2.663063048118472,0.0177467923540916,1.1337679174041335,4,13,-0.5545443589172434,-0.7946216874421322,0.7134390816796584
113655,"113655, 28991, 414919, 65265, 9684",54460,False,2.263974593210398,0.039127467869095,0.9782717295673408,4,13,-0.7555132524072043,-0.9970249844406917,0.7911535136557265
113655,"113655, 28991, 414919, 65265, 9684",10240,False,2.399531310559207,0.0324545223005549,0.951706751740289,4,13,-0.229900385322831,-0.4363192299229975,0.7715553047120207
113655,"113655, 28991, 414919, 65265, 9684",64969,False,2.8966988983522106,0.0118263046278835,1.1710131752139792,4,13,-0.5840584551514757,-0.7984476490613586,0.6546611196186353
113655,"113655, 28991, 414919, 65265, 9684",4609,False,-2.2977607541480443,0.0367372905856106,-0.9953229802702936,4,13,-1.9812473608208452,-1.5451355870145391,0.7835344451621103
113655,"113655, 28991, 414919, 65265, 9684",122830,False,-2.8159197718328017,0.0227985791702549,-1.4252995347786144,4,13,-0.4999054056386709,-0.3010139239386747,0.7453133695795386
113655,"113655, 28991, 414919, 65265, 9684",10135,False,2.6913168975147443,0.0167627524096425,1.1306564741505674,4,13,-0.1587094336445123,-0.4901866750565029,0.7070974930710524
113655,"113655, 28991, 414919, 65265, 9684",55226,False,-3.4940208673119484,0.0033164996302955,-1.503584376594494,4,13,-1.427745322477946,-1.1126740375725492,0.5028055018374575
113655,"113655, 28991, 414919, 65265, 9684",8031,False,2.63385910401628,0.0187951737572183,1.117657492030761,4,13,-0.397735704180942,-0.5680946178655615,0.7134390816796584
113655,"113655, 28991, 414919, 65265, 9684",4798,False,3.206367116216106,0.0107886207486163,1.5794129345206929,4,13,-0.2974135500238509,-0.5412736150371096,0.6448011234352163
113655,"113655, 28991, 414919, 65265, 9684",64802,False,2.383390344200056,0.0422626227905797,1.1850841471036762,4,13,-0.052556638309649,-0.2396490928978756,0.7974289184896268
113655,"113655, 28991, 414919, 65265, 9684",9221,False,-2.260150089967904,0.0497136989175085,-1.1081338554310871,4,13,-0.5111159056735906,-0.3745468762065975,0.8046714497212784
113655,"113655, 28991, 414919, 65265, 9684",51070,False,2.5121244417948425,0.0252488230029027,1.1197441667163102,4,13,-0.1621690486952682,-0.3022050654477216,0.7568854103964252
113655,"113655, 28991, 414919, 65265, 9684",10412,False,-2.243661193572912,0.0404719256850366,-0.959981818115036,4,13,-1.4662946262670244,-1.306263714625119,0.7950058640262805
113655,"113655, 28991, 414919, 65265, 9684",197370,False,2.3583236542762047,0.0327005362885134,1.021940811785143,4,13,-0.3458024321080785,-0.4970243227340148,0.7722938751587749
113655,"113655, 28991, 414919, 65265, 9684",83540,False,-3.6575808034089703,0.0037282802695994,-1.7187129942874564,4,13,-2.110446568193794,-1.6843477472892596,0.513507943843382
113655,"113655, 28991, 414919, 65265, 9684",283092,False,2.322085027447978,0.0459101525101782,1.114582392079451,3,9,-0.0379434233437102,-0.1975133571917356,0.7982670741340606
113655,"113655, 28991, 414919, 65265, 9684",5094,False,3.6141415896509663,0.0141744007512362,2.039794069469467,4,13,-0.7445568650295034,-1.151513894862521,0.6787506880374049
113655,"113655, 28991, 414919, 65265, 9684",23047,False,-4.591379143916352,0.0074510008548655,-2.710970570419119,4,13,-0.5447523526961129,-0.1260310586401359,0.5992150173155361
113655,"113655, 28991, 414919, 65265, 9684",5229,False,-2.95171637302385,0.016173491562594,-1.4523483690184065,4,13,-0.718173662438321,-0.4272414072695737,0.7006147533828275
113655,"113655, 28991, 414919, 65265, 9684",5238,False,2.538827932208228,0.0244143627951373,1.0152940595844142,4,13,-0.038002642445363,-0.3614165315347601,0.7555168658866813
113655,"113655, 28991, 414919, 65265, 9684",221476,False,2.8313035511284284,0.0127345647346973,1.1774213686859645,4,13,-0.0627800769188948,-0.2140246133715764,0.6644475108483053
113655,"113655, 28991, 414919, 65265, 9684",56902,False,-2.5637715289071803,0.0251672448533828,-1.1882807850851234,4,13,-1.3369352835612376,-1.0952477089261947,0.7568854103964252
113655,"113655, 28991, 414919, 65265, 9684",5441,False,4.790745613645239,0.000238471606842,2.017492562417493,4,13,-1.993822821856877,-2.70544356368958,0.2067743944453128
113655,"113655, 28991, 414919, 65265, 9684",653269,False,2.5408079299558777,0.026129091315962,1.1757655067082209,4,13,-0.2888652463744443,-0.4774865858299242,0.7568854103964252
113655,"113655, 28991, 414919, 65265, 9684",6992,False,2.486114505132791,0.0266500587789953,1.110649971379691,4,13,-0.8144337565226876,-1.0960991730072516,0.7568854103964252
113655,"113655, 28991, 414919, 65265, 9684",7916,False,2.220009431064564,0.0440183301564582,0.9914736834022746,4,13,-0.4427118240173582,-0.652950829835847,0.7982670741340606
113655,"113655, 28991, 414919, 65265, 9684",5689,False,2.319092482038327,0.0497218263894327,1.1782026190740629,4,13,-1.492227382974857,-1.7736723172695137,0.8046714497212784
113655,"113655, 28991, 414919, 65265, 9684",9232,False,-2.3337348495105004,0.0346831090125111,-1.0231798207005287,4,13,-0.6500251179713377,-0.4849366822436938,0.7760302177369495
113655,"113655, 28991, 414919, 65265, 9684",11021,False,3.0695875461996214,0.0088910678603205,1.2242417760264508,4,13,0.0433122072446014,-0.2122331951522446,0.613409593830681
113655,"113655, 28991, 414919, 65265, 9684",29127,False,2.294302647749613,0.04525444975717,1.1084849879303975,4,13,-1.1766071181523512,-1.5891554945149848,0.7982670741340606
113655,"113655, 28991, 414919, 65265, 9684",5894,False,-3.4751915489299443,0.0188522115406588,-2.012076258791037,4,13,-0.5634015831387301,-0.1695043304782455,0.7134390816796584
113655,"113655, 28991, 414919, 65265, 9684",5902,False,3.308957693032724,0.0084621403324343,1.6090303018712648,4,13,-0.2207295427826872,-0.4634521554905556,0.61284015396147
113655,"113655, 28991, 414919, 65265, 9684",57038,False,2.2448898313111054,0.0403633710947472,0.9596298746734104,4,13,-0.1679789939037893,-0.3839746585536296,0.7950058640262805
113655,"113655, 28991, 414919, 65265, 9684",114822,False,-2.647971687630624,0.0447980712741823,-1.5073926080069937,4,13,-0.4454245715040561,-0.2590411001180498,0.7982670741340606
113655,"113655, 28991, 414919, 65265, 9684",57589,False,3.285948515859572,0.0055354086764119,1.325312406089997,4,13,-0.0452290922129309,-0.527025696836061,0.571156009807942
113655,"113655, 28991, 414919, 65265, 9684",6047,False,5.412439232520406,0.0001028364129431,2.175297387430159,4,13,-0.2992769097615912,-0.8215599172324802,0.1401204890014386
113655,"113655, 28991, 414919, 65265, 9684",6154,False,-3.377764008215862,0.0212920455239604,-1.963543781473166,4,13,-2.331042119646668,-1.674613085882401,0.7325802880632503
113655,"113655, 28991, 414919, 65265, 9684",6122,False,-4.152548523075011,0.0023442310686209,-2.0319226137664206,4,13,-2.883504230451758,-2.388548977313393,0.4587117602278026
113655,"113655, 28991, 414919, 65265, 9684",6160,False,-2.6148708304499717,0.022590563351507,-1.206019234820274,4,13,-2.83767646998199,-2.3532547186043766,0.743696768553327
113655,"113655, 28991, 414919, 65265, 9684",6167,False,-3.095352982727891,0.0119619194397848,-1.5032990671361162,4,13,-1.796338228851436,-1.4668311073291151,0.6572096280226033
113655,"113655, 28991, 414919, 65265, 9684",6218,False,-2.6777215400580388,0.0450844392215355,-1.6388340910978592,3,9,-1.7797589656728825,-1.4764708727506135,0.7982670741340606
113655,"113655, 28991, 414919, 65265, 9684",6223,False,-2.6804075473653417,0.0456635776766083,-1.5537384924052635,4,13,-3.2685449674443703,-2.742115091645107,0.7982670741340606
113655,"113655, 28991, 414919, 65265, 9684",6235,False,-3.887317778917249,0.0079454111943281,-2.103935902031051,4,13,-3.439464308653151,-2.834100456004771,0.606753867466964
113655,"113655, 28991, 414919, 65265, 9684",6188,False,-3.340995576703396,0.0044768893131417,-1.4021302254481256,4,13,-2.7172008889352357,-2.460813575953458,0.5434846091624829
113655,"113655, 28991, 414919, 65265, 9684",6201,False,-3.67423422134283,0.0244661119881683,-2.3466893335321406,4,13,-2.5998478710294792,-1.9343058346705424,0.7555168658866813
113655,"113655, 28991, 414919, 65265, 9684",88745,False,-3.056300395413848,0.0080646508884238,-1.272662120943468,4,13,-0.4955198800388815,-0.3209877959889711,0.606753867466964
113655,"113655, 28991, 414919, 65265, 9684",9136,False,-2.646176934484734,0.0233653909751759,-1.2553942205940265,4,13,-1.1937265799977697,-0.853733101694606,0.7485525004632818
113655,"113655, 28991, 414919, 65265, 9684",84324,False,-2.743622369432247,0.017505301387444,-1.2587932691121348,4,13,-0.5694353722536488,-0.3585137757498463,0.7128658384945291
113655,"113655, 28991, 414919, 65265, 9684",10463,False,2.6487929126925933,0.0197476695473314,1.1898269883531392,4,13,-0.0486107534657328,-0.3025297941760317,0.7200773977905233
113655,"113655, 28991, 414919, 65265, 9684",9197,False,2.5021148961658706,0.0264035488411728,1.1294835076568976,4,13,-0.1154108614597812,-0.3309407349539007,0.7568854103964252
113655,"113655, 28991, 414919, 65265, 9684",9126,False,2.4557370551091613,0.0267403383973385,1.0397952614765893,4,13,-1.2097759705458453,-1.3986494961694276,0.7568854103964252
113655,"113655, 28991, 414919, 65265, 9684",23381,False,2.8684965251999737,0.0124600081426076,1.2708751498095006,4,13,-0.9288513659697404,-1.1492464999933742,0.6614171738249465
113655,"113655, 28991, 414919, 65265, 9684",9887,False,2.4611331688551195,0.0267326703232923,1.017174632313756,4,13,-0.4159076767913455,-0.5572028352385587,0.7568854103964252
113655,"113655, 28991, 414919, 65265, 9684",6617,False,3.1320853301975875,0.0105555687580483,1.5030786099713376,4,13,-1.304362163527242,-1.6988912680807289,0.6407411172848906
113655,"113655, 28991, 414919, 65265, 9684",6618,False,2.794411361525544,0.0136353013418066,1.1718829529406127,4,13,-1.054610188558097,-1.4484542408901158,0.6751793909154472
113655,"113655, 28991, 414919, 65265, 9684",6619,False,3.0393398363012336,0.0086944883689392,1.239112277503722,4,13,-1.0936598831881503,-1.4367634534319376,0.613409593830681
113655,"113655, 28991, 414919, 65265, 9684",10302,False,3.043307663904393,0.0084047255079977,1.2546254004173272,4,13,-1.0113328682110208,-1.3286819989719982,0.6118431005322945
113655,"113655, 28991, 414919, 65265, 9684",6648,False,3.013669289206274,0.008812271383841,1.295426671053334,4,13,-0.7478264234893961,-1.27672949576464,0.613409593830681
113655,"113655, 28991, 414919, 65265, 9684",6654,False,-2.467165615611623,0.0265538342054546,-1.0727113068333456,4,13,-0.2899140159802885,-0.2133307534887525,0.7568854103964252
113655,"113655, 28991, 414919, 65265, 9684",283377,False,-2.4147793624204947,0.046333327932036,-1.2585015157639206,4,13,-0.5678149299832336,-0.435952044754248,0.798982756151779
113655,"113655, 28991, 414919, 65265, 9684",29101,False,2.5484804795178557,0.0392649924704691,1.3402135399333253,4,13,-1.3174769239920867,-1.5251557603064727,0.7920195618927413
113655,"113655, 28991, 414919, 65265, 9684",55240,False,2.5386326528402186,0.030986881151563,1.2397005865602142,4,13,-0.0699648024554122,-0.2752670113227992,0.7706098858578238
113655,"113655, 28991, 414919, 65265, 9684",85369,False,-2.6968826629990783,0.0495013447965836,-1.614784879356594,4,13,-0.8319619863151735,-0.4785596561035228,0.8046714497212784
113655,"113655, 28991, 414919, 65265, 9684",57794,False,2.72378530185464,0.0215254477936681,1.3110567042376915,4,13,-0.5579205528456235,-0.7478233370552307,0.7343771707527326
113655,"113655, 28991, 414919, 65265, 9684",8464,False,3.665210627653865,0.0024141655207847,1.5968718169524414,4,13,0.0614508598834412,-0.2977244671058378,0.4587117602278026
113655,"113655, 28991, 414919, 65265, 9684",6879,False,2.7816287773437494,0.0153296674385055,1.1124366896939375,4,13,-0.6329654886980985,-0.8021705218501046,0.6930559530626134
113655,"113655, 28991, 414919, 65265, 9684",6901,False,2.398511565870792,0.0329557714879572,1.0967779261610295,4,13,-0.1801734395702695,-0.4638038193835552,0.7722938751587749
113655,"113655, 28991, 414919, 65265, 9684",10607,False,-2.656651649229796,0.0182561085508166,-1.1530976313824932,4,13,-1.4362476113282598,-1.1526597218861236,0.7134390816796584
113655,"113655, 28991, 414919, 65265, 9684",79736,False,2.294438389876172,0.0437516499288781,1.0937044585218836,4,13,-0.237091164013247,-0.4879227926589884,0.7982670741340606
113655,"113655, 28991, 414919, 65265, 9684",7023,False,4.370525204099407,0.000574511187486,1.8915672233483545,4,13,-0.1191818180758251,-0.2908127234834283,0.2839400409879977
113655,"113655, 28991, 414919, 65265, 9684",9967,False,2.322288017706336,0.0398853027307737,1.0868884317230223,4,13,-0.2292465680384628,-0.4159326722730423,0.794033699908081
113655,"113655, 28991, 414919, 65265, 9684",11011,False,2.406043221594275,0.0328220382043714,0.9466941967534864,4,13,-0.4955372174894372,-0.6592744301626191,0.7722938751587749
113655,"113655, 28991, 414919, 65265, 9684",729515,False,3.0534159061483384,0.0094304321782036,1.3877425152458045,4,13,-0.3178282445204726,-0.4956236017001111,0.6196372357436517
113655,"113655, 28991, 414919, 65265, 9684",64759,False,2.742405813922804,0.0154946230919444,1.1252599527427911,4,13,-0.1730270713560559,-0.3508883016813448,0.6950759803779362
113655,"113655, 28991, 414919, 65265, 9684",4796,False,2.5556086692057023,0.0248172151710476,1.1720726220880715,4,13,-1.3632575032970684,-1.6624791436116622,0.7568854103964252
113655,"113655, 28991, 414919, 65265, 9684",7186,False,2.289789365310125,0.0473164596138735,1.122379433035479,4,13,-0.2597021538336474,-0.5593830414395654,0.8015763446676192
113655,"113655, 28991, 414919, 65265, 9684",10293,False,2.691011902774523,0.0193312205743986,1.2350650043283538,4,13,-0.4411573261191195,-0.8080129672409052,0.7181353628805818
113655,"113655, 28991, 414919, 65265, 9684",9319,False,3.223233387770145,0.0090143860885066,1.5461582576859982,4,13,-0.1580849863856134,-0.4001132555464348,0.6150093925147891
113655,"113655, 28991, 414919, 65265, 9684",55622,False,-2.5759441671962016,0.0292352844034039,-1.259356788385213,4,13,-2.0166958092386924,-1.5670753872463443,0.7647921533494975
113655,"113655, 28991, 414919, 65265, 9684",10844,False,3.2514344198721665,0.0066274188139353,1.4857539271145468,4,13,-0.9066854372179252,-1.531216443815021,0.5853481090725166
113655,"113655, 28991, 414919, 65265, 9684",85378,False,3.247243427777316,0.0155498022016212,1.7234533495734743,4,13,-0.7781567626236292,-1.0569436893690198,0.6950759803779362
113655,"113655, 28991, 414919, 65265, 9684",7295,False,2.4224665457624224,0.0449624230875891,1.2547587591532574,4,13,-0.9182825459488184,-1.2237628449651736,0.7982670741340606
113655,"113655, 28991, 414919, 65265, 9684",7307,False,2.7768345129390384,0.0300543062270509,1.4815550047748094,4,13,-1.401739668084276,-1.685017153844955,0.7684580593452173
113655,"113655, 28991, 414919, 65265, 9684",3093,False,3.622982425875209,0.0026561585098926,1.4832752551916493,4,13,-0.013513608804862,-0.223775735950061,0.4708510590636074
113655,"113655, 28991, 414919, 65265, 9684",9875,False,2.4677652542555424,0.0269686242828059,1.087203332644041,4,13,-0.8607628389133923,-1.0447407024782178,0.7578267072412546
113655,"113655, 28991, 414919, 65265, 9684",79650,False,-3.0904001240914325,0.0184004211231838,-1.62683998633016,4,13,-0.4165807680907266,-0.2289480870673291,0.7134390816796584
113655,"113655, 28991, 414919, 65265, 9684",124590,False,2.329111638353453,0.034355014805793,0.9707768082303416,4,13,-0.1648328422012371,-0.2707919100415488,0.7760302177369495
113655,"113655, 28991, 414919, 65265, 9684",27340,False,-2.569255965773126,0.0376858849753204,-1.346734630334953,4,13,-1.7188435563496236,-1.377894419559514,0.7858448431886305
113655,"113655, 28991, 414919, 65265, 9684",9525,False,2.15869872052183,0.0476863807796035,0.8967857745134998,4,13,-0.078101863157169,-0.3394580524914202,0.8019982402475438
113655,"113655, 28991, 414919, 65265, 9684",55759,False,-5.220691957818541,0.000262666331139,-2.4431240654351023,4,13,-1.5832822768949693,-1.2243827152105502,0.2103405602834605
113655,"113655, 28991, 414919, 65265, 9684",10885,False,-3.42541342541824,0.0056169883634784,-1.609758438611807,4,13,-1.6017619507506518,-1.2692011139168025,0.5716581178580962
113655,"113655, 28991, 414919, 65265, 9684",55100,False,3.740364156843493,0.0081183757883334,2.0279690791534524,3,7,-1.1417000543308164,-1.5221448147050476,0.606753867466964
113655,"113655, 28991, 414919, 65265, 9684",126248,False,2.2242940744420525,0.0489606096209597,1.056371035992962,4,13,-0.2140572192267654,-0.3927141265248,0.8037156778640308
113655,"113655, 28991, 414919, 65265, 9684",7520,False,-2.5943329033973392,0.0477266786651982,-1.4758925366499516,4,13,-1.6044439193192526,-1.2559814948179715,0.8019982402475438
113655,"113655, 28991, 414919, 65265, 9684",54464,False,2.616791990184101,0.0213218044012032,1.183011417799165,4,13,-0.4287446725001269,-0.6769174224939734,0.7325802880632503
113655,"113655, 28991, 414919, 65265, 9684",51441,False,3.238003573315372,0.0064215215197761,1.4607519499742885,4,13,0.016514148689975,-0.2371023942881352,0.5853481090725166
113655,"113655, 28991, 414919, 65265, 9684",6935,False,-2.720967826436125,0.0438694530709571,-1.5807387656758451,4,13,-0.3945745926232997,-0.1159870533050351,0.7982670741340606
113655,"113655, 28991, 414919, 65265, 9684",84527,False,2.184681957469452,0.0489099351701909,1.0012070777307291,4,13,-0.0120889804256922,-0.1712884403372913,0.8037156778640308
115908,"115908, 528, 55074, 56943, 81034, 84955",60,False,-2.255574759485213,0.0416255797928269,-0.9018252814490388,4,13,-0.6765799714880303,-0.486608713960121,0.7955525158072521
115908,"115908, 528, 55074, 56943, 81034, 84955",102157402,False,-3.6936165731678994,0.0041229960313184,-1.7739853924516154,4,13,-1.5009297165811644,-0.9233953166570028,0.5320675763623917
115908,"115908, 528, 55074, 56943, 81034, 84955",364,False,2.2997986210733465,0.038315411313783,1.0339344087147944,4,13,-0.2729969103174998,-0.4392767962347836,0.7891616186922428
115908,"115908, 528, 55074, 56943, 81034, 84955",382,False,2.548964467007324,0.0308733555708445,1.2497573754734277,4,13,-0.0445663257830288,-0.3082299017846636,0.7693126667133082
115908,"115908, 528, 55074, 56943, 81034, 84955",9411,False,2.427276042569471,0.0317747014601689,1.117913767187553,4,13,-0.2639180467412321,-0.6440786842684243,0.7715553047120207
115908,"115908, 528, 55074, 56943, 81034, 84955",285598,False,-3.101916915946524,0.0077843225149805,-1.3698712860837603,4,13,-0.4248269825564586,-0.2042728701263499,0.6039499425927941
115908,"115908, 528, 55074, 56943, 81034, 84955",84126,False,2.497807678750104,0.0325263868158439,1.2123177831587235,4,13,-0.4341671500001358,-0.6518619614589227,0.772109071206664
115908,"115908, 528, 55074, 56943, 81034, 84955",617,False,3.1167150290524592,0.0089266244795708,1.4382589094804985,4,13,-0.1787038095580216,-0.3770979222653195,0.613409593830681
115908,"115908, 528, 55074, 56943, 81034, 84955",23774,False,2.4516628919611168,0.0269532651870287,1.035588798506754,4,13,0.0533865405748546,-0.0955354097085937,0.7578267072412546
115908,"115908, 528, 55074, 56943, 81034, 84955",114049,False,-2.2958195612206738,0.0411147575847276,-1.0664793531443484,4,13,-1.6113828955596132,-1.384716575495183,0.7950058640262805
115908,"115908, 528, 55074, 56943, 81034, 84955",819,False,3.267978678790425,0.0052143214191426,1.3663826682795035,4,13,-0.2739047793976185,-0.4707818102044173,0.5679220261202397
115908,"115908, 528, 55074, 56943, 81034, 84955",124808,False,2.1826487173087963,0.0480479014196214,0.9872470817570508,4,13,-0.2724624166138313,-0.3817618884390615,0.8025850769705906
115908,"115908, 528, 55074, 56943, 81034, 84955",55835,False,3.632455948396418,0.0024703302835459,1.5199047538778407,4,13,-0.139408367331455,-0.3521326162146431,0.4610912565838169
115908,"115908, 528, 55074, 56943, 81034, 84955",91687,False,2.334334042334277,0.0375728270857802,1.074104559035744,4,13,-0.7064130320775162,-0.9044467160296862,0.7855967493217224
115908,"115908, 528, 55074, 56943, 81034, 84955",55125,False,3.251740113933575,0.0287861729492431,1.9672301432249677,4,13,-0.4943366153405474,-0.8988286097389853,0.7616078750973275
115908,"115908, 528, 55074, 56943, 81034, 84955",64377,False,2.4296007163070734,0.0282459454105319,1.0131205606496358,4,13,-0.1307697298470265,-0.2606442152537504,0.7586792529741281
115908,"115908, 528, 55074, 56943, 81034, 84955",57511,False,3.046739365204889,0.0083448179838627,1.3212382527852546,4,13,-0.3387816384362213,-0.5087266149350567,0.6113059865459624
115908,"115908, 528, 55074, 56943, 81034, 84955",91949,False,2.5843920044592217,0.0225590342029241,1.1658778968995165,4,13,-0.1551743492113708,-0.3432585053066657,0.743696768553327
115908,"115908, 528, 55074, 56943, 81034, 84955",64326,False,-2.3981891415326477,0.0450379525263818,-1.2279218767150726,4,13,-0.5176063300694116,-0.3297462237275592,0.7982670741340606
115908,"115908, 528, 55074, 56943, 81034, 84955",55352,False,2.801375668606481,0.013698027449648,1.2166867915796098,4,13,-0.0501348415372028,-0.2397021884975354,0.6751793909154472
115908,"115908, 528, 55074, 56943, 81034, 84955",8533,False,3.2656784186732706,0.0092423517843248,1.5925481503070418,4,13,-0.5477490086220986,-0.8371338631532771,0.6177479122895033
115908,"115908, 528, 55074, 56943, 81034, 84955",10987,False,2.566224870531709,0.0295919598576801,1.253129556845368,4,13,-1.677933832066278,-2.007320266783198,0.7673596757763704
115908,"115908, 528, 55074, 56943, 81034, 84955",90639,False,2.147911517890462,0.048576104791445,0.9194809115105896,4,13,-0.076001589504199,-0.2143462991992339,0.8037156778640308
115908,"115908, 528, 55074, 56943, 81034, 84955",116228,False,-2.788723541591046,0.0408936454368213,-1.6238440353149968,4,13,-0.5026602695701952,-0.3297595945166523,0.7950058640262805
115908,"115908, 528, 55074, 56943, 81034, 84955",6997,False,-2.661891227692033,0.0182434550050716,-1.1635887924776116,4,13,-0.699515359567053,-0.4738875705212442,0.7134390816796584
115908,"115908, 528, 55074, 56943, 81034, 84955",1398,False,-2.716006100232682,0.0311491620344782,-1.431164819829396,4,13,-0.5474738706659307,-0.1832594199856895,0.7710891626210068
115908,"115908, 528, 55074, 56943, 81034, 84955",10664,False,2.2718100878678125,0.0394636220532293,0.9202348668183914,4,13,-1.5677111745551826,-1.8065223724649029,0.7920294554796992
115908,"115908, 528, 55074, 56943, 81034, 84955",8450,False,2.2791225110647244,0.0467246955394843,1.1039593101451337,4,13,0.0725593759346845,-0.0812460600702503,0.8013944858587448
115908,"115908, 528, 55074, 56943, 81034, 84955",1616,False,-2.1530086922692235,0.0490172054407964,-0.9474182899699866,4,13,-0.4023974665603482,-0.2406671877974791,0.8037156778640308
115908,"115908, 528, 55074, 56943, 81034, 84955",1642,False,3.20757567643148,0.0065022004383138,1.4295871631003356,4,13,-1.7622757025918776,-2.138595055670645,0.5853481090725166
115908,"115908, 528, 55074, 56943, 81034, 84955",8886,False,-2.543914377863951,0.0422444957933291,-1.364861374197312,4,13,-1.8102141590760448,-1.576651738582791,0.7974289184896268
115908,"115908, 528, 55074, 56943, 81034, 84955",9093,False,3.813418177276468,0.0022359168440805,1.5116549071996557,4,13,-0.8478534351617475,-1.1222316591366108,0.4563336296853107
115908,"115908, 528, 55074, 56943, 81034, 84955",5977,False,3.768519024679775,0.0092912744903393,2.0446953743548906,4,13,0.0415394352930156,-0.446590183504742,0.6188494899539638
115908,"115908, 528, 55074, 56943, 81034, 84955",8655,False,-2.628260972608402,0.019067076084144,-1.097315124160816,4,13,-0.753202646856142,-0.453837795398215,0.7162657147812442
115908,"115908, 528, 55074, 56943, 81034, 84955",1871,False,-2.4185650804259198,0.0497432199174345,-1.293117289813835,4,13,-0.6999922109971617,-0.2948134487966227,0.8046714497212784
115908,"115908, 528, 55074, 56943, 81034, 84955",8666,False,-6.106909101517805,8.774725004562324e-05,-2.894819762057161,4,13,-1.6554887471343074,-1.198368566977391,0.1277728056223882
115908,"115908, 528, 55074, 56943, 81034, 84955",1973,False,-2.8783792235043677,0.026129784537683,-1.5352193176071385,4,13,-1.3297591474198196,-0.8251978148774988,0.7568854103964252
115908,"115908, 528, 55074, 56943, 81034, 84955",56943,False,4.474712679781542,0.0019501041437439,2.24873475410407,4,13,-0.4550304077583781,-0.8143603160479872,0.4386768469956549
115908,"115908, 528, 55074, 56943, 81034, 84955",91442,False,2.988052827277826,0.0149180899415273,1.463708725023318,4,13,-0.2708685245855393,-0.5982927007537961,0.6871175778752507
115908,"115908, 528, 55074, 56943, 81034, 84955",57697,False,2.268360120664396,0.0385136356492151,0.9548375879642704,4,13,-0.4237767755795413,-0.713133331042865,0.7891616186922428
115908,"115908, 528, 55074, 56943, 81034, 84955",2197,False,-2.8303605885715086,0.0251499469479024,-1.472968324871389,4,13,-2.9710880182118937,-2.3583916154022537,0.7568854103964252
115908,"115908, 528, 55074, 56943, 81034, 84955",80204,False,3.155075524339136,0.0069623555037905,1.2825488530295723,4,13,-0.0230454796822563,-0.2755707390160636,0.5918560655936175
115908,"115908, 528, 55074, 56943, 81034, 84955",26268,False,2.5543320461341024,0.0414594320308109,1.368636947229425,4,13,-0.0975482398749833,-0.2561783221857072,0.7950058640262805
115908,"115908, 528, 55074, 56943, 81034, 84955",2673,False,2.51422377177442,0.02559607884384,1.1306520592124618,4,13,-0.1918447484001848,-0.4643956773705304,0.7568854103964252
115908,"115908, 528, 55074, 56943, 81034, 84955",25988,False,2.3615864599336582,0.0350611205547068,0.9342762369811538,4,13,-1.5716273682798665,-1.9093826964893204,0.7760302177369495
115908,"115908, 528, 55074, 56943, 81034, 84955",10989,False,-2.578224248680125,0.024532746833896,-1.1953396509581902,4,13,-0.534712835326833,-0.4168207517674144,0.7555168658866813
115908,"115908, 528, 55074, 56943, 81034, 84955",3688,False,2.369653890519132,0.0439243765432638,1.1850094788230463,4,13,0.1363252493217232,-0.3707814772883185,0.7982670741340606
115908,"115908, 528, 55074, 56943, 81034, 84955",10300,False,3.76395260689627,0.0022214733354522,1.5116966275365074,4,13,-0.2464887183088988,-0.4979372968036076,0.4563336296853107
115908,"115908, 528, 55074, 56943, 81034, 84955",3765,False,2.8999663580753854,0.0338833265827741,1.6605022390454711,4,13,-0.0916717355589609,-0.3762866288675836,0.7757835416820886
115908,"115908, 528, 55074, 56943, 81034, 84955",83892,False,-2.3521671939028845,0.0412984435312339,-1.1390827626327922,4,13,-0.5394041165640128,-0.2398371131878594,0.7950058640262805
115908,"115908, 528, 55074, 56943, 81034, 84955",9493,False,4.26037472673415,0.0027047471062072,2.148466438227898,4,13,-1.7310708127137386,-2.1832264986614174,0.4724836524595978
115908,"115908, 528, 55074, 56943, 81034, 84955",79165,False,2.6611165283759552,0.02569630337252,1.3053314084560763,4,13,-0.1656330212538641,-0.3901341790157771,0.7568854103964252
115908,"115908, 528, 55074, 56943, 81034, 84955",92935,False,2.273688700636499,0.0452374519423715,1.082734824666043,4,13,-0.4100160455628315,-0.7794930158709602,0.7982670741340606
115908,"115908, 528, 55074, 56943, 81034, 84955",55388,False,2.2970786160839545,0.0428227829335993,1.0873221159353526,4,13,-0.5807547138036313,-0.7860153859090051,0.7975356290297795
115908,"115908, 528, 55074, 56943, 81034, 84955",55090,False,4.571241454264767,0.0003844807110105,1.9755858518832152,4,13,-0.4382735867427878,-0.7606465922720952,0.2496664154327569
115908,"115908, 528, 55074, 56943, 81034, 84955",64745,False,2.462814332723606,0.0280087304450712,0.9876911701496328,4,13,-0.4230857477905508,-0.6305713400546525,0.7586792529741281
115908,"115908, 528, 55074, 56943, 81034, 84955",55257,False,-2.6614612724044204,0.0483945436719723,-1.560851448659306,4,13,-0.9979233606876724,-0.6841358661477044,0.8037156778640308
115908,"115908, 528, 55074, 56943, 81034, 84955",64975,False,2.7157987199603024,0.02581312247042,1.36435711728285,4,13,-0.4420382306815374,-0.7033218047634375,0.7568854103964252
115908,"115908, 528, 55074, 56943, 81034, 84955",26589,False,2.4870588746067046,0.0252312773961523,1.0651712239263955,4,13,-0.0602051109820666,-0.2871216835205745,0.7568854103964252
115908,"115908, 528, 55074, 56943, 81034, 84955",63931,False,2.47452272847447,0.0258343889805746,1.0341699943625515,4,13,-0.3714540410902406,-0.6039546967314414,0.7568854103964252
115908,"115908, 528, 55074, 56943, 81034, 84955",51023,False,2.2380993738966626,0.049236327882734,1.0765961668050836,4,13,-0.0901972996654839,-0.3156199588570446,0.8046230511059362
115908,"115908, 528, 55074, 56943, 81034, 84955",28957,False,3.675403138485464,0.0022880178049085,1.580512113834459,4,13,-0.3230724847421816,-0.5613861434290673,0.4575028306380896
115908,"115908, 528, 55074, 56943, 81034, 84955",10240,False,2.5930967924961674,0.0214389208214106,1.0476068803423038,4,13,-0.2149001169006112,-0.4409346971298343,0.7331528917128181
115908,"115908, 528, 55074, 56943, 81034, 84955",65993,False,3.000786906048828,0.0110183013861534,1.383179866388841,4,13,-0.3281751047655257,-0.6383183413185951,0.64579115731803
115908,"115908, 528, 55074, 56943, 81034, 84955",26164,False,2.136903490166344,0.0495597928774234,0.912518385278064,4,13,-0.1747170485244595,-0.38902973289305,0.8046714497212784
115908,"115908, 528, 55074, 56943, 81034, 84955",4609,False,-2.1678636580872,0.0469922969340803,-0.9370891831484176,4,13,-1.9636370965813588,-1.5505541298574583,0.8015763446676192
115908,"115908, 528, 55074, 56943, 81034, 84955",10135,False,2.441082046097587,0.0278110513314518,1.0084760818693257,4,13,-0.183970728753251,-0.4824139688691987,0.7581377630197409
115908,"115908, 528, 55074, 56943, 81034, 84955",8031,False,2.355786612412385,0.033505609315085,0.9568315025513594,4,13,-0.4159821463002756,-0.5624803279826897,0.7736039978034098
115908,"115908, 528, 55074, 56943, 81034, 84955",4714,False,2.460118564690937,0.0272330346583129,1.0799644170621625,4,13,-0.1753130349898315,-0.3493819606120927,0.7578267072412546
115908,"115908, 528, 55074, 56943, 81034, 84955",8602,False,-3.177564171536287,0.0264317789317882,-1.8482805239685876,4,13,-1.4197751664282203,-1.0293603167319074,0.7568854103964252
115908,"115908, 528, 55074, 56943, 81034, 84955",51070,False,3.2992663775452167,0.0052742373531285,1.4585898740092025,4,13,-0.1369375156231281,-0.3099686140853032,0.5690627652760771
115908,"115908, 528, 55074, 56943, 81034, 84955",10412,False,-2.7040872877975253,0.0163646741813025,-1.131752522099789,4,13,-1.4840706020262897,-1.300794183622268,0.7016422622248645
115908,"115908, 528, 55074, 56943, 81034, 84955",286053,False,2.2565645480738628,0.0393946040310772,0.9504856328416696,4,13,-0.3376192508166531,-0.5012083387912083,0.7920294554796992
115908,"115908, 528, 55074, 56943, 81034, 84955",10726,False,2.2101002540101358,0.0453898529369997,0.9954608574798068,4,13,-0.6765282313640317,-0.8628494089967481,0.7982670741340606
115908,"115908, 528, 55074, 56943, 81034, 84955",79902,False,2.344282590216965,0.0448908632941205,1.1645766073734942,4,13,-1.3602920461742074,-1.6245201004455094,0.7982670741340606
115908,"115908, 528, 55074, 56943, 81034, 84955",5134,False,-2.7216214486088317,0.024930690337906,-1.3585383002930425,4,13,-1.4269549309258835,-0.831524597753342,0.7568854103964252
115908,"115908, 528, 55074, 56943, 81034, 84955",23047,False,-3.004959470073291,0.0386158379479271,-1.8421797630182664,4,13,-0.4990675637358194,-0.1400879167817646,0.7891616186922428
115908,"115908, 528, 55074, 56943, 81034, 84955",94005,False,-2.487831346762601,0.0362272804870688,-1.2423367688776157,4,13,-0.4634051908225577,-0.2857323916055184,0.7797765726372132
115908,"115908, 528, 55074, 56943, 81034, 84955",56902,False,-3.0082369468587897,0.0094263211302011,-1.331171776097786,4,13,-1.3510594950018988,-1.0909017977136837,0.6196372357436517
115908,"115908, 528, 55074, 56943, 81034, 84955",5441,False,3.1261199748204285,0.0073368272268676,1.375022987813175,4,13,-2.1199156982887857,-2.6666457555566856,0.5963678797152245
115908,"115908, 528, 55074, 56943, 81034, 84955",60490,False,2.375752311718039,0.0349602310336692,1.094852129376522,4,13,0.079456241344455,-0.101542471599252,0.7760302177369495
115908,"115908, 528, 55074, 56943, 81034, 84955",51645,False,2.379139492770255,0.0386931963572244,1.1439692695658712,4,13,-0.442116535597822,-0.941271477465931,0.789404272527965
115908,"115908, 528, 55074, 56943, 81034, 84955",8624,False,-2.677984898564428,0.0176581429085624,-1.096867915801201,4,13,-0.7942136873993217,-0.484519535252875,0.7134390816796584
115908,"115908, 528, 55074, 56943, 81034, 84955",118672,False,3.5331506065890594,0.005054572861593,1.6814656994005015,4,13,-0.348599359722735,-0.6839081816756263,0.5647706482767996
115908,"115908, 528, 55074, 56943, 81034, 84955",29127,False,3.256420101500931,0.0066699739187153,1.4929479580412195,4,13,-1.1010497200920786,-1.6124039246873765,0.5853481090725166
115908,"115908, 528, 55074, 56943, 81034, 84955",56852,False,2.4993121680916746,0.0343704145148036,1.2350226491186842,4,13,0.0102424406864404,-0.1695956963154584,0.7760302177369495
115908,"115908, 528, 55074, 56943, 81034, 84955",57038,False,2.5905338062336587,0.0207986055484574,1.0675400689794738,4,13,-0.1540855532857628,-0.3882495633591761,0.7292762103763515
115908,"115908, 528, 55074, 56943, 81034, 84955",27316,False,2.178223539961134,0.047076344397638,0.9645586591160366,4,13,-1.6349255198103898,-1.941422722305553,0.8015763446676192
115908,"115908, 528, 55074, 56943, 81034, 84955",55312,False,2.72101554723756,0.0158934157941897,1.1313360061389726,4,13,-0.0406529837128655,-0.2569408795806182,0.7006015786627908
115908,"115908, 528, 55074, 56943, 81034, 84955",114822,False,-4.342688001263879,0.0067526490768858,-2.4540806341343044,4,13,-0.4904786207584278,-0.2451783157320893,0.5853481090725166
115908,"115908, 528, 55074, 56943, 81034, 84955",165918,False,2.7132950341274933,0.0160299182611819,1.1502512289511415,4,13,-0.4100238828518401,-0.7639968092538519,0.7006015786627908
115908,"115908, 528, 55074, 56943, 81034, 84955",6047,False,3.1574169558873,0.0075952883505552,1.4287685722611465,4,13,-0.3905387726238408,-0.7934793440440958,0.6017422814857531
115908,"115908, 528, 55074, 56943, 81034, 84955",6160,False,-2.539485227317036,0.0260523830365436,-1.1728618162364195,4,13,-2.8294354552760934,-2.35579041543696,0.7568854103964252
115908,"115908, 528, 55074, 56943, 81034, 84955",11224,False,-2.9517385594545025,0.0387621571810455,-1.7827661076600814,4,13,-1.8306652909778391,-1.4385638320072778,0.789404272527965
115908,"115908, 528, 55074, 56943, 81034, 84955",6175,False,-2.266762845968469,0.045512422339956,-1.0767293858174982,4,13,-1.7061580778850445,-1.4358464865720912,0.7982670741340606
115908,"115908, 528, 55074, 56943, 81034, 84955",6205,False,-2.9051252824705327,0.012089425072034,-1.3065212003514788,4,13,-2.706949497086934,-2.3240069991500536,0.6581491289643457
115908,"115908, 528, 55074, 56943, 81034, 84955",6218,False,-2.5265688056406383,0.0474328404502463,-1.4984183808959677,3,9,-1.762474649375463,-1.48223231151642,0.8015763446676192
115908,"115908, 528, 55074, 56943, 81034, 84955",6223,False,-2.6755288919955937,0.0459038934374765,-1.550688305232906,4,13,-3.267974509972907,-2.742290617020942,0.7982670741340606
115908,"115908, 528, 55074, 56943, 81034, 84955",6229,False,-2.344033700286458,0.0435034413573433,-1.1512108454495464,4,13,-1.85507450993664,-1.4865329890188066,0.7982670741340606
115908,"115908, 528, 55074, 56943, 81034, 84955",6235,False,-2.858009401308916,0.0266486324940157,-1.521463881514778,4,13,-3.350063906274765,-2.861608272121196,0.7568854103964252
115908,"115908, 528, 55074, 56943, 81034, 84955",27341,False,-2.234220279033024,0.0415434464728985,-0.969620724316818,4,13,-0.9935429523345062,-0.8083006784790994,0.7953376919186252
115908,"115908, 528, 55074, 56943, 81034, 84955",388228,False,2.7198536529735677,0.0168169882692408,1.2095444713605197,4,13,-0.1392275497354376,-0.2733823116292333,0.7070974930710524
115908,"115908, 528, 55074, 56943, 81034, 84955",6389,False,2.612781151012198,0.0196732690034685,1.1187846077078352,4,13,-0.0194735175053782,-0.23235472170492,0.7200773977905233
115908,"115908, 528, 55074, 56943, 81034, 84955",644096,False,3.050984919794524,0.0081632400448547,1.310597689235295,4,13,-0.2164382769733648,-0.4228120757223163,0.606753867466964
115908,"115908, 528, 55074, 56943, 81034, 84955",6390,False,2.4831297119137714,0.0301471928102332,1.1651618927731142,4,13,-0.0718912379468473,-0.3417844139022161,0.7686204498923369
115908,"115908, 528, 55074, 56943, 81034, 84955",6400,False,2.292928064025106,0.0368820658605614,0.9849730595849367,4,13,-0.0770488758970202,-0.2434433253107025,0.7836483879259681
115908,"115908, 528, 55074, 56943, 81034, 84955",10463,False,2.6465525900209634,0.0262012639307038,1.296585686926549,4,13,-0.0261998604857201,-0.3094254535544972,0.7568854103964252
115908,"115908, 528, 55074, 56943, 81034, 84955",9197,False,2.6633597093089474,0.0188182622585431,1.185845092995643,4,13,-0.1094876132841877,-0.3327632728540833,0.7134390816796584
115908,"115908, 528, 55074, 56943, 81034, 84955",9126,False,2.472617754902595,0.0258681842970877,1.0474720974146603,4,13,-1.2088203196963607,-1.3989435425846537,0.7568854103964252
115908,"115908, 528, 55074, 56943, 81034, 84955",10051,False,3.4408426120694786,0.013853427568139,1.868851363795056,4,13,-1.3754065857810942,-1.6327091455585996,0.6751793909154472
115908,"115908, 528, 55074, 56943, 81034, 84955",9887,False,2.435327308169719,0.0282371815659331,1.0022167250433147,4,13,-0.4174625464105997,-0.5567244138172499,0.7586792529741281
115908,"115908, 528, 55074, 56943, 81034, 84955",8773,False,-2.466414099813244,0.0428358619734786,-1.284347380469148,4,13,-1.1403695943588896,-0.5032229717992305,0.7975356290297795
115908,"115908, 528, 55074, 56943, 81034, 84955",6618,False,3.305915357959727,0.0063940443441861,1.5304999563695865,4,13,-0.9692733659324532,-1.4747117247749295,0.5853481090725166
115908,"115908, 528, 55074, 56943, 81034, 84955",6619,False,2.469669338485991,0.0260724222228457,1.054595967655492,4,13,-1.123721468279934,-1.4275137349421585,0.7568854103964252
115908,"115908, 528, 55074, 56943, 81034, 84955",11017,False,2.8024383684704954,0.028604210824269,1.4899300153015351,4,13,-0.9686874053337078,-1.18272681025893,0.7602841939596087
115908,"115908, 528, 55074, 56943, 81034, 84955",57405,False,2.3311274245312514,0.0395008124979558,1.0938022085376389,4,13,-1.302532920735961,-1.6470693501200744,0.7920294554796992
115908,"115908, 528, 55074, 56943, 81034, 84955",283377,False,-2.703205722923623,0.0273961795535505,-1.3718144427278132,4,13,-0.5731212036003147,-0.4343193451797615,0.7578267072412546
115908,"115908, 528, 55074, 56943, 81034, 84955",55133,False,2.877155844443865,0.0220109990626732,1.475353394444597,4,13,-1.1427500143203195,-1.5326117038334135,0.7398212951771879
115908,"115908, 528, 55074, 56943, 81034, 84955",58477,False,2.2313029831951887,0.0414122624907866,0.952737201088743,4,13,-0.5659297529617845,-0.7112972984390743,0.7950058640262805
115908,"115908, 528, 55074, 56943, 81034, 84955",10250,False,2.900472132607199,0.0112111821301502,1.2582311872490315,4,13,-0.6600153785967844,-0.8433756203735491,0.64579115731803
115908,"115908, 528, 55074, 56943, 81034, 84955",6432,False,3.481084475988381,0.0088314553930735,1.7751298265026876,4,13,-1.818828327790431,-2.2694827269495024,0.613409593830681
115908,"115908, 528, 55074, 56943, 81034, 84955",57794,False,3.218024055447229,0.0096460298776743,1.559717266863952,4,13,-0.5368952369896498,-0.7542926650109146,0.6229602688458178
115908,"115908, 528, 55074, 56943, 81034, 84955",8464,False,5.14822033608574,0.0001190477792069,2.171321155453766,4,13,0.1219067367210031,-0.3163262753635492,0.1461550205339268
115908,"115908, 528, 55074, 56943, 81034, 84955",9913,False,2.7264244555926425,0.018749493487893,1.265032824187903,4,13,0.2720113435985147,-0.1184732144589168,0.7134390816796584
115908,"115908, 528, 55074, 56943, 81034, 84955",6879,False,3.4391486351018083,0.0037994724750856,1.4135079547659122,4,13,-0.6032424148538885,-0.8113160830329385,0.5147583596607811
115908,"115908, 528, 55074, 56943, 81034, 84955",10607,False,-3.6844776998781463,0.0023869693996984,-1.5024373718669917,4,13,-1.482671910204793,-1.1383753222318056,0.4587117602278026
115908,"115908, 528, 55074, 56943, 81034, 84955",6950,False,-2.961059684479819,0.019448134729034,-1.5185245642969412,4,13,-2.3049778924048443,-1.8363367511271735,0.7181353628805818
115908,"115908, 528, 55074, 56943, 81034, 84955",79736,False,2.4768436446782225,0.031764261260632,1.1789442468266194,4,13,-0.2248068689288914,-0.491702575761867,0.7715553047120207
115908,"115908, 528, 55074, 56943, 81034, 84955",7050,False,2.284813401836227,0.0403116739693991,1.0407275117762802,4,13,0.127212457004277,-0.1213217830197554,0.7950058640262805
115908,"115908, 528, 55074, 56943, 81034, 84955",8563,False,3.019324093119048,0.0093573023880665,1.3429875871106498,4,13,-1.2021141430784748,-1.4463624327168143,0.6196372357436517
115908,"115908, 528, 55074, 56943, 81034, 84955",79228,False,2.599135961284742,0.0498762980477764,1.5030133706677788,4,13,-0.2335900626350583,-0.4221845679626979,0.8046714497212784
115908,"115908, 528, 55074, 56943, 81034, 84955",9967,False,2.5178283164525177,0.0275548634586684,1.1698763781754515,4,13,-0.2206324111498832,-0.4185831820849129,0.7578267072412546
115908,"115908, 528, 55074, 56943, 81034, 84955",10469,False,2.6461501325217904,0.0314967881210896,1.3615854578809017,4,13,-0.7319694260832141,-0.971330692058056,0.7710891626210068
115908,"115908, 528, 55074, 56943, 81034, 84955",64759,False,2.1836785322817143,0.045486344759245,0.9069652397173732,4,13,-0.1960889636017913,-0.3437923348365031,0.7982670741340606
115908,"115908, 528, 55074, 56943, 81034, 84955",7161,False,2.614192596817063,0.0195444152296082,1.1008840632909134,4,13,0.0353473734967026,-0.1027359886210324,0.7183532871617752
115908,"115908, 528, 55074, 56943, 81034, 84955",7186,False,2.349545612810258,0.0422650316577918,1.1456591893970436,4,13,-0.2563952791013606,-0.5604005413571922,0.7974289184896268
115908,"115908, 528, 55074, 56943, 81034, 84955",10293,False,3.012961198175912,0.0098572111247377,1.3568779373205082,4,13,-0.4214016043880372,-0.8140916508504689,0.6262169779905742
115908,"115908, 528, 55074, 56943, 81034, 84955",9319,False,2.800368753117831,0.0134735413466005,1.1927727723247703,4,13,-0.1992530417271737,-0.3874461615951855,0.6751793909154472
115908,"115908, 528, 55074, 56943, 81034, 84955",80705,False,2.388538091891371,0.030716322582519,0.9902281268816496,4,13,-0.2338081944989554,-0.3295146244620627,0.7689044219165413
115908,"115908, 528, 55074, 56943, 81034, 84955",10844,False,5.561083272855638,5.4556862839841565e-05,2.3418639936380066,4,13,-0.7521092999189266,-1.578778332214713,0.1096423598059726
115908,"115908, 528, 55074, 56943, 81034, 84955",27229,False,3.3679914324092173,0.0043095520755765,1.3948871838945365,4,13,-1.2297634505625734,-1.5687237191199015,0.5373081927011933
115908,"115908, 528, 55074, 56943, 81034, 84955",85378,False,2.782969906907463,0.0323540435207158,1.51614359568729,4,13,-0.79283541305794,-1.052427181543078,0.7715553047120207
115908,"115908, 528, 55074, 56943, 81034, 84955",7307,False,2.335879284933537,0.0393097211633322,1.0976589543995685,4,13,-1.4588397346817816,-1.667447902584184,0.7920195618927413
115908,"115908, 528, 55074, 56943, 81034, 84955",3093,False,4.329399134371901,0.0007757569722603,1.7328924326108848,4,13,0.0052406400230766,-0.2295462740509652,0.3259895048147984
115908,"115908, 528, 55074, 56943, 81034, 84955",55245,False,2.208697940359634,0.0431740400912512,0.9347783352847872,4,13,-0.0834024511000105,-0.2075011511717614,0.7982670741340606
115908,"115908, 528, 55074, 56943, 81034, 84955",7385,False,2.2203551874157545,0.0490376860872338,1.051998007174425,4,13,-0.164806650959658,-0.3604086395036164,0.8037156778640308
115908,"115908, 528, 55074, 56943, 81034, 84955",7386,False,3.182726894300897,0.006553167268075,1.4000187816433478,4,13,-0.2805584322260404,-0.496353154609533,0.5853481090725166
115908,"115908, 528, 55074, 56943, 81034, 84955",27089,False,2.6184207137368034,0.0194958624292106,1.0890537000472271,4,13,-0.2061659873524489,-0.3597135856200926,0.7182293791563088
115908,"115908, 528, 55074, 56943, 81034, 84955",8239,False,2.5825405563595965,0.0437444809767949,1.422758507365314,4,13,-0.3315825095279644,-0.7617978390197669,0.7982670741340606
115908,"115908, 528, 55074, 56943, 81034, 84955",6944,False,3.025762114892216,0.0338235442985053,1.7975569979906798,4,13,-0.2503333909827765,-0.5718776028621361,0.7756806519949839
115908,"115908, 528, 55074, 56943, 81034, 84955",55759,False,-4.3284650764178005,0.0020833106095731,-2.147585981011697,4,13,-1.5694523127406748,-1.228638088796487,0.4465260283830929
115908,"115908, 528, 55074, 56943, 81034, 84955",54464,False,2.734987890924617,0.0168784612947766,1.2325669830326995,4,13,-0.4224418636229718,-0.6788567483023288,0.7070974930710524
1207,"1207, 283219, 28971, 51773, 79053, 9846",49,False,2.758208753766882,0.0235998178317847,1.2843213508200848,3,14,-0.0609193823121287,-0.204182061002128,0.7509897022166259
1207,"1207, 283219, 28971, 51773, 79053, 9846",2181,False,2.473108171473505,0.0258453205784126,0.9908551468357014,3,14,-0.053087792327578,-0.4821955248397123,0.7568854103964252
1207,"1207, 283219, 28971, 51773, 79053, 9846",60,False,3.237923501970506,0.0177952582304079,1.6246357972171848,3,14,-0.2585508584140383,-0.5897557565851128,0.7134390816796584
1207,"1207, 283219, 28971, 51773, 79053, 9846",90956,False,2.3885162533344384,0.0377733343507554,1.0715143907978522,3,14,-0.0505593786819472,-0.1799331674722897,0.7866294065922688
1207,"1207, 283219, 28971, 51773, 79053, 9846",144245,False,3.705195824916948,0.0419118040221622,2.4787482752885666,3,14,-0.1859561285067782,-0.4585022818663167,0.7956001194952814
1207,"1207, 283219, 28971, 51773, 79053, 9846",79087,False,2.3862507178055004,0.0310008506278789,0.9316314378513072,3,14,-0.033757297146054,-0.1628501403142429,0.7706098858578238
1207,"1207, 283219, 28971, 51773, 79053, 9846",79053,False,2.8715071458566075,0.0154017445053286,1.270362664991784,3,14,-0.1817161265175944,-0.3679595175439,0.6945640610750541
1207,"1207, 283219, 28971, 51773, 79053, 9846",279,False,-2.714153978760486,0.0446840733409532,-1.4492195037350009,3,14,-0.6236515746469107,-0.4100250821324076,0.7982670741340606
1207,"1207, 283219, 28971, 51773, 79053, 9846",51529,False,-2.8838648893373926,0.0281797335901224,-1.4490145631840687,3,14,-1.6832586603203508,-1.3294556176027064,0.7586792529741281
1207,"1207, 283219, 28971, 51773, 79053, 9846",284615,False,2.5974350840041747,0.0205452030988812,1.012633953390347,3,14,-0.0989969213962572,-0.2243683920837521,0.7284687458617813
1207,"1207, 283219, 28971, 51773, 79053, 9846",148741,False,2.8194804196438183,0.0182519671735236,1.2690908035928372,3,14,-0.2160559285961911,-0.3540026200926411,0.7134390816796584
1207,"1207, 283219, 28971, 51773, 79053, 9846",89872,False,2.5632579466187777,0.0234815011995712,1.0876383675458186,3,14,-0.0360005532599948,-0.17878439941631,0.7490441815765564
1207,"1207, 283219, 28971, 51773, 79053, 9846",364,False,3.866029511887634,0.0015435529963972,1.5242686750910872,3,14,-0.2203456405480263,-0.4386820764770078,0.3942663363598785
1207,"1207, 283219, 28971, 51773, 79053, 9846",515,False,-4.395459931299502,0.0012097470703641,-1.959182789815348,3,14,-0.8828544535934487,-0.6156413106548758,0.3748120081084212
1207,"1207, 283219, 28971, 51773, 79053, 9846",51382,False,4.238616783792114,0.0010106132674709,1.8108179186434696,3,14,-0.6977642663452276,-1.007165831953586,0.3424241293940285
1207,"1207, 283219, 28971, 51773, 79053, 9846",578,False,2.83779405392434,0.0243992909131811,1.3653113992980506,3,14,-0.2280453999749109,-0.4425297984228069,0.7555168658866813
1207,"1207, 283219, 28971, 51773, 79053, 9846",9564,False,3.2898710838022054,0.0109435897939994,1.546112785389086,3,14,-0.0345838972645682,-0.2671562429217315,0.64579115731803
1207,"1207, 283219, 28971, 51773, 79053, 9846",617,False,-5.222666362831643,0.0023555527008402,-2.656800471690612,3,14,-0.5841165340136495,-0.2760527589743065,0.4587117602278026
1207,"1207, 283219, 28971, 51773, 79053, 9846",10282,False,-3.718437469219474,0.0024292217673087,-1.5654784996930056,3,14,-0.6943470921541112,-0.3990302954759075,0.4587117602278026
1207,"1207, 283219, 28971, 51773, 79053, 9846",284018,False,2.516557796632387,0.026496173507222,1.0814103244747764,3,14,-0.2527138013459313,-0.4143636533079083,0.7568854103964252
1207,"1207, 283219, 28971, 51773, 79053, 9846",79587,False,-4.448160097672652,0.0169237264920637,-2.674548614128742,3,14,-0.5404903209882045,-0.0806792441958044,0.7078056318891092
1207,"1207, 283219, 28971, 51773, 79053, 9846",22794,False,-2.485578710735832,0.0343205560143362,-1.1383440561760758,3,14,-0.590467243431115,-0.3901108579114649,0.7760302177369495
1207,"1207, 283219, 28971, 51773, 79053, 9846",339230,False,2.8798533899305583,0.0128606974043054,1.2232672894017158,3,14,-0.2414805559434446,-0.3721620425259954,0.6662903083787362
1207,"1207, 283219, 28971, 51773, 79053, 9846",891,False,3.227779656872529,0.0074093535682401,1.4034760751443074,3,14,-0.7087493218812618,-1.0897538941448637,0.5983884284379138
1207,"1207, 283219, 28971, 51773, 79053, 9846",7203,False,-2.7502465652020742,0.0479650620926003,-1.514745222539395,3,14,-2.3094888385107137,-2.0180165116647784,0.8025850769705906
1207,"1207, 283219, 28971, 51773, 79053, 9846",9398,False,-2.777633604392167,0.0206127026597059,-1.264276052749367,3,14,-0.2896913096154404,-0.2168513212270627,0.7292355218768894
1207,"1207, 283219, 28971, 51773, 79053, 9846",994,False,3.039651292394767,0.0102606578639746,1.3158435468856784,3,14,-0.1955567585018959,-0.415833131002321,0.6326123376910391
1207,"1207, 283219, 28971, 51773, 79053, 9846",51755,False,-2.845909603455152,0.0283157442977189,-1.4161789258578452,3,14,-0.9195561650971172,-0.6964211020919188,0.758844443768512
1207,"1207, 283219, 28971, 51773, 79053, 9846",4680,False,2.3975341811071487,0.0478227370845499,1.1618816295445449,3,14,-0.1755552978772673,-0.3441596606719293,0.8023368232871229
1207,"1207, 283219, 28971, 51773, 79053, 9846",10390,False,3.4493851962915727,0.0036009959123944,1.3630529622036731,3,14,-0.1857268706752457,-0.4807011674983237,0.5071411507405079
1207,"1207, 283219, 28971, 51773, 79053, 9846",57680,False,-2.5422535527503403,0.0232936924728769,-1.054162691606823,3,14,-0.6211963047641739,-0.3810510695030041,0.7485525004632818
1207,"1207, 283219, 28971, 51773, 79053, 9846",57019,False,2.6365614261151147,0.0248186062567597,1.1849316538105696,3,14,-0.771452312168195,-0.9515310685282596,0.7568854103964252
1207,"1207, 283219, 28971, 51773, 79053, 9846",148523,False,2.929458789000895,0.043115238756286,1.6492401696194494,3,14,-0.0580573985130247,-0.2568146087188739,0.7982670741340606
1207,"1207, 283219, 28971, 51773, 79053, 9846",22858,False,-3.638080201979925,0.0025607350686553,-1.4133265824832355,3,14,-0.1503217315910689,-0.0452767629228574,0.4653770951372328
1207,"1207, 283219, 28971, 51773, 79053, 9846",9793,False,-3.299044198324929,0.0071609990961247,-1.4575757880965647,3,14,-2.458798216093633,-2.050751048084533,0.5941524798038766
1207,"1207, 283219, 28971, 51773, 79053, 9846",1207,True,4.079737191779669,0.0012745619998915,1.5452850360803652,3,14,-0.996757053839896,-1.4478617626844943,0.3748120081084212
1207,"1207, 283219, 28971, 51773, 79053, 9846",9382,False,3.9149077076423984,0.0014804222022115,1.5182914274274233,3,14,-0.4096715016524099,-0.6382649270344437,0.3879153550130214
1207,"1207, 283219, 28971, 51773, 79053, 9846",10980,False,-2.8406079417850787,0.0124063861440624,-1.1303166600482049,3,14,-1.8434477953321944,-1.558300168061857,0.6614171738249465
1207,"1207, 283219, 28971, 51773, 79053, 9846",9377,False,2.257737983760264,0.0416355676617292,0.9576233215035154,3,14,-0.3954356419628446,-0.5013699655586518,0.7955525158072521
1207,"1207, 283219, 28971, 51773, 79053, 9846",1340,False,-3.3602011807953724,0.016752270284439,-1.711166865216326,3,14,-0.5824809138534395,-0.3971873674288284,0.7070974930710524
1207,"1207, 283219, 28971, 51773, 79053, 9846",1350,False,-2.842415841184064,0.0344837725952686,-1.4768147091720911,3,14,-0.61784354609853,-0.3543222973711609,0.7760302177369495
1207,"1207, 283219, 28971, 51773, 79053, 9846",1398,False,2.8823630599384824,0.0292781069741164,1.4595858450062589,3,14,0.0211373980817486,-0.3311200097659237,0.7650310867873422
1207,"1207, 283219, 28971, 51773, 79053, 9846",7812,False,2.5934933246964933,0.0265446999718395,1.163456986326998,3,14,-0.0805174097010685,-0.3217705110496561,0.7568854103964252
1207,"1207, 283219, 28971, 51773, 79053, 9846",80169,False,2.9868784846288494,0.0489452533916735,1.7719915044780417,3,14,-0.049069548629179,-0.4705366417624934,0.8037156778640308
1207,"1207, 283219, 28971, 51773, 79053, 9846",23399,False,-2.823897705070596,0.0202414240335392,-1.301397847277077,3,14,-0.6122536402273734,-0.33170182251385,0.7250345459575449
1207,"1207, 283219, 28971, 51773, 79053, 9846",1503,False,2.7162341214831605,0.0179858805890577,1.1620372307495632,3,14,-0.3023634974239591,-0.6106015415292549,0.7134390816796584
1207,"1207, 283219, 28971, 51773, 79053, 9846",8453,False,2.562725631884584,0.0378124448157033,1.24401096090958,3,14,-0.2428993478753838,-0.4771056672795652,0.7866294065922688
1207,"1207, 283219, 28971, 51773, 79053, 9846",30827,False,2.2688455403565326,0.0397787817848276,0.9475286472845365,3,14,-0.236384192413141,-0.4337866199095775,0.7935704722558191
1207,"1207, 283219, 28971, 51773, 79053, 9846",1603,False,3.326414906813486,0.0326498917368104,1.918146791101208,3,14,-1.5866050093232709,-2.1784514150265606,0.7722938751587749
1207,"1207, 283219, 28971, 51773, 79053, 9846",55661,False,2.504514693064192,0.0247841244378531,0.9729081482580394,3,14,-0.9211328872039672,-1.123967556418885,0.7568854103964252
1207,"1207, 283219, 28971, 51773, 79053, 9846",55794,False,-2.7600283941673265,0.021896252500303,-1.2649707304296405,3,14,-0.5817836648937807,-0.3250385992279324,0.7387487326587916
1207,"1207, 283219, 28971, 51773, 79053, 9846",51202,False,3.505445918172526,0.0041548567799617,1.507906563090988,3,14,-1.2722148945645264,-1.7178294333031083,0.5320675763623917
1207,"1207, 283219, 28971, 51773, 79053, 9846",9231,False,2.761077555998656,0.027180852656247,1.3272453072121244,3,14,-0.0329189739478756,-0.3029741917555097,0.7578267072412546
1207,"1207, 283219, 28971, 51773, 79053, 9846",10059,False,-4.18550997065292,0.0008051404281075,-1.6912135153078498,3,14,-1.153888507534806,-0.7001775541053237,0.3260305687025182
1207,"1207, 283219, 28971, 51773, 79053, 9846",22845,False,2.2909343263437765,0.0387663534063535,0.8713041089728394,3,14,-0.4113075493349858,-0.5309513725801389,0.789404272527965
1207,"1207, 283219, 28971, 51773, 79053, 9846",8818,False,2.222868093635136,0.0434420719936797,0.929462407648406,3,14,-0.2942180396072949,-0.4903891012998183,0.7982670741340606
1207,"1207, 283219, 28971, 51773, 79053, 9846",29102,False,-2.3908373991883822,0.0372163591385634,-1.0686891438560515,3,14,-0.767869101201813,-0.5871504109197218,0.7855967493217224
1207,"1207, 283219, 28971, 51773, 79053, 9846",124454,False,-3.0350474274659014,0.0129041338569705,-1.3714823191032903,3,14,-0.4515248205345012,-0.1094843875761606,0.6663689134509992
1207,"1207, 283219, 28971, 51773, 79053, 9846",23644,False,3.2214669976393933,0.0073689562294538,1.3963470810567231,3,14,-0.2711653453613408,-0.4500283138028492,0.59714840799412
1207,"1207, 283219, 28971, 51773, 79053, 9846",1933,False,3.251689053873711,0.0092335607665853,1.4760368919954323,3,14,-0.5508983069979642,-0.90358844458703,0.6177479122895033
1207,"1207, 283219, 28971, 51773, 79053, 9846",9343,False,-2.857724806722691,0.0187569322695621,-1.3112532292679635,3,14,-2.14180108176794,-1.85936619683865,0.7134390816796584
1207,"1207, 283219, 28971, 51773, 79053, 9846",54583,False,2.3894760266740867,0.0430171140822529,1.117317574679974,3,14,0.0554445125281199,-0.2152659499754542,0.7982670741340606
1207,"1207, 283219, 28971, 51773, 79053, 9846",8666,False,2.738429830984407,0.0156839907232704,1.128876684828367,3,14,-1.1179054872411185,-1.3462164212514254,0.697400163727184
1207,"1207, 283219, 28971, 51773, 79053, 9846",8669,False,3.1781243937981274,0.0365219515679262,1.82308951629074,3,14,-0.3072428895481549,-0.6078519190302826,0.7828467321786678
1207,"1207, 283219, 28971, 51773, 79053, 9846",1973,False,5.5008612697699695,8.975537567703593e-05,2.094624412365224,3,14,-0.4818097197998783,-1.0429413588347949,0.1277728056223882
1207,"1207, 283219, 28971, 51773, 79053, 9846",1977,False,2.4046585598621952,0.0296846109923004,0.9472941224887268,3,14,-1.3523236215948324,-1.5853240347455153,0.767444887438343
1207,"1207, 283219, 28971, 51773, 79053, 9846",63916,False,3.803739528489858,0.0017366347962264,1.508516204790098,3,14,0.0939437407013371,-0.3409190778484685,0.4157785292209414
1207,"1207, 283219, 28971, 51773, 79053, 9846",84337,False,-4.002508852948625,0.0033383222807098,-1.852110141760391,3,14,-0.6424876535486361,-0.3702332312725285,0.5028055018374575
1207,"1207, 283219, 28971, 51773, 79053, 9846",26284,False,-2.913441181254944,0.0221959941251194,-1.4058733583028276,3,14,-0.5902070232930678,-0.3322425097582445,0.7415172412118289
1207,"1207, 283219, 28971, 51773, 79053, 9846",51575,False,2.582806785146439,0.0209946861451893,1.0516568751339035,3,14,-0.5830175974888568,-0.8101766604284535,0.7306333539722384
1207,"1207, 283219, 28971, 51773, 79053, 9846",9700,False,-3.9369814732086055,0.0018433693676319,-1.690982884339434,3,14,-2.528575720448132,-1.9400147905842895,0.4288261632082206
1207,"1207, 283219, 28971, 51773, 79053, 9846",23404,False,-2.517930106072154,0.0310388618903932,-1.1380706369184033,3,14,-1.2641773089513604,-0.9377379071178862,0.7710891626210068
1207,"1207, 283219, 28971, 51773, 79053, 9846",5393,False,-2.816286150949288,0.0329098075736286,-1.4366818093306857,3,14,-1.3235565102137885,-1.107878050323709,0.7722938751587749
1207,"1207, 283219, 28971, 51773, 79053, 9846",51059,False,2.1575742413064014,0.0499444844499309,0.9135964044053811,3,14,0.0196410262976271,-0.1005664492601634,0.8046714497212784
1207,"1207, 283219, 28971, 51773, 79053, 9846",84908,False,3.0914438745085784,0.0083137823829336,1.17615859892553,3,14,-0.3523402244206793,-0.4738495319637237,0.6104389914563702
1207,"1207, 283219, 28971, 51773, 79053, 9846",147965,False,-4.162866620315344,0.0408655824025022,-3.0224771588046693,3,14,-0.6720779788644166,-0.2067539702489972,0.7950058640262805
1207,"1207, 283219, 28971, 51773, 79053, 9846",2197,False,2.4586072517172304,0.0458272677865826,1.2075585910065985,3,14,-2.096419208975693,-2.589584674724986,0.7982670741340606
1207,"1207, 283219, 28971, 51773, 79053, 9846",51077,False,2.954499068442377,0.016704071023009,1.3664392439782174,3,14,-1.1107423591154182,-1.461532288542596,0.7070974930710524
1207,"1207, 283219, 28971, 51773, 79053, 9846",26127,False,2.7113558480770323,0.0245581532573531,1.252614783521404,3,14,-0.1364595902010595,-0.3017553813194468,0.7555909998493834
1207,"1207, 283219, 28971, 51773, 79053, 9846",2305,False,6.867975640899376,5.451410851248855e-06,2.718597364802691,3,14,-0.1154747408308846,-0.6023791833064526,0.0866583525968774
1207,"1207, 283219, 28971, 51773, 79053, 9846",2539,False,3.4694157499344342,0.0137067173504639,1.747387025996565,3,14,0.0824758399056135,-0.2819948278940246,0.6751793909154472
1207,"1207, 283219, 28971, 51773, 79053, 9846",2553,False,2.8830456269374864,0.0124615131356318,1.215187417242623,3,14,-0.3621931489283669,-0.8121493321874727,0.6614171738249465
1207,"1207, 283219, 28971, 51773, 79053, 9846",2618,False,2.4651856325648898,0.0275449792165876,1.0330317748863551,3,14,-0.1595779305566674,-0.4033995785794337,0.7578267072412546
1207,"1207, 283219, 28971, 51773, 79053, 9846",3012,False,2.20118789664011,0.0439105565552825,0.8686806310207515,3,14,-0.2230242222077907,-0.3574835292631413,0.7982670741340606
1207,"1207, 283219, 28971, 51773, 79053, 9846",55766,False,3.4554694348726174,0.0060671142409882,1.5503972032344744,3,14,-0.2744480321643897,-0.4120285106030331,0.581002650342814
1207,"1207, 283219, 28971, 51773, 79053, 9846",115106,False,-2.887521221917298,0.0398288421621582,-1.5737417616875968,3,14,-1.8931703118304155,-1.503223003716725,0.7937271295907964
1207,"1207, 283219, 28971, 51773, 79053, 9846",79441,False,-2.538142967238288,0.0321809599556263,-1.1694597615209783,3,14,-1.2186591282607515,-0.9448431082270776,0.7715553047120207
1207,"1207, 283219, 28971, 51773, 79053, 9846",3099,False,-2.2050113525454944,0.0448670151273983,-0.9212130746771306,3,14,-0.4147076539305345,-0.3056887109493563,0.7982670741340606
1207,"1207, 283219, 28971, 51773, 79053, 9846",3146,False,2.3936070493625428,0.0428083065364263,1.1198156413004732,3,14,-0.3027837957939195,-0.5417456938377042,0.7975356290297795
1207,"1207, 283219, 28971, 51773, 79053, 9846",3187,False,2.6957887939509013,0.0189518438055182,1.1582715041397642,3,14,-1.046893604240304,-1.3312199010737067,0.7147520404612578
1207,"1207, 283219, 28971, 51773, 79053, 9846",9394,False,5.43924895879685,0.0003659421881791,2.4814152518800303,3,14,-0.2213838664805144,-0.5048374587559172,0.2458985483956318
1207,"1207, 283219, 28971, 51773, 79053, 9846",9670,False,-2.49284265106001,0.0488818676438757,-1.2644363321267251,3,14,-1.4536624799937563,-1.093838802960987,0.8037156778640308
1207,"1207, 283219, 28971, 51773, 79053, 9846",3843,False,3.449744864744724,0.0039431908876163,1.439780103162896,3,14,-0.0429857931651334,-0.2939922209031328,0.5246654091329729
1207,"1207, 283219, 28971, 51773, 79053, 9846",122961,False,-3.5185473241946177,0.0138649578690816,-1.790906259793018,3,14,-1.0344360740040504,-0.5784845341328886,0.6753962291088558
1207,"1207, 283219, 28971, 51773, 79053, 9846",57498,False,-3.172067342768621,0.007043838657248,-1.334644393702859,3,14,-0.5193468964862508,-0.1013443841109575,0.5929693621267941
1207,"1207, 283219, 28971, 51773, 79053, 9846",10112,False,3.311139996082907,0.0172996993592602,1.6787738885567085,3,14,-0.3903880714196536,-0.6696696153435459,0.7112864518483171
1207,"1207, 283219, 28971, 51773, 79053, 9846",3845,False,2.316127111108169,0.0359727659655508,0.8943707065124694,3,14,-0.2158380883313565,-0.7042832493027458,0.7796065223202716
1207,"1207, 283219, 28971, 51773, 79053, 9846",386676,False,2.213854404252414,0.0444960953536696,0.93033651985872,3,14,-0.2599563086566144,-0.3846203502585988,0.7982670741340606
1207,"1207, 283219, 28971, 51773, 79053, 9846",440051,False,-3.4654571449437417,0.0446450812415664,-2.2475770114498075,3,14,-0.6305423618661067,-0.2953923612194482,0.7982670741340606
1207,"1207, 283219, 28971, 51773, 79053, 9846",84456,False,-3.369908001180423,0.0107629424101829,-1.607143970927692,3,14,-0.2351594931495129,0.0516867237640323,0.6448011234352163
1207,"1207, 283219, 28971, 51773, 79053, 9846",353139,False,2.8032935615702894,0.0312888968001736,1.4083622199228527,3,14,-0.2598851904947396,-0.4581004327775931,0.7710891626210068
1207,"1207, 283219, 28971, 51773, 79053, 9846",114823,False,-3.294069351652173,0.034939909040372,-1.9179887872667247,3,14,-0.6202165829359052,-0.3165905383689477,0.7760302177369495
1207,"1207, 283219, 28971, 51773, 79053, 9846",10128,False,-2.7943998474531724,0.0373134126747195,-1.4592644415681968,3,14,-0.8932879222594821,-0.515659603052473,0.7855967493217224
1207,"1207, 283219, 28971, 51773, 79053, 9846",54799,False,2.905919930535982,0.0262415154767748,1.4472086435816824,3,14,-0.3400826771672889,-0.571157696538349,0.7568854103964252
1207,"1207, 283219, 28971, 51773, 79053, 9846",4176,False,-3.4266863312730367,0.007820150967216,-1.581544194178183,3,14,-2.320575220165064,-1.9190961359035512,0.6039499425927941
1207,"1207, 283219, 28971, 51773, 79053, 9846",64745,False,-3.765969411120654,0.0387754014698572,-2.4873471063118946,3,14,-0.9942911190873946,-0.4933497896150358,0.789404272527965
1207,"1207, 283219, 28971, 51773, 79053, 9846",57534,False,-2.7673384018452523,0.0428934906133776,-1.4854927225376475,3,14,-0.4649433925261149,-0.225741006703413,0.7975356290297795
1207,"1207, 283219, 28971, 51773, 79053, 9846",27304,False,3.619706103397701,0.0032859679635115,1.5520696293523926,3,14,-0.394836817095874,-0.7595746949416115,0.5028055018374575
1207,"1207, 283219, 28971, 51773, 79053, 9846",10199,False,3.2526830727735487,0.0084488786911258,1.45653763326479,3,14,-0.8630709774748011,-1.1892413599132223,0.6128103427231133
1207,"1207, 283219, 28971, 51773, 79053, 9846",64928,False,-2.448705230171804,0.0370783547394294,-1.1268916856958633,3,14,-0.4076519874522528,-0.2024446696038912,0.7846674942738053
1207,"1207, 283219, 28971, 51773, 79053, 9846",29088,False,-4.8068171673098,0.0017299595858173,-2.304999753798426,3,14,-0.5844471973099116,-0.210789610897587,0.4157785292209414
1207,"1207, 283219, 28971, 51773, 79053, 9846",29074,False,-2.698877014365229,0.0165200403983938,-1.0706862655663292,3,14,-0.5524347763344625,-0.3033893895966268,0.7037360130229586
1207,"1207, 283219, 28971, 51773, 79053, 9846",219927,False,-3.2253004076862,0.0057138571943048,-1.271155241565831,3,14,-0.7894131647794674,-0.5157090302129469,0.5745320491000993
1207,"1207, 283219, 28971, 51773, 79053, 9846",79590,False,-3.0246900656508653,0.0330941245452108,-1.6333270073047024,3,14,-0.5944490235182697,-0.3637310728987775,0.7722938751587749
1207,"1207, 283219, 28971, 51773, 79053, 9846",9553,False,-3.608064188656077,0.0036016210230805,-1.5631305107638822,3,14,-0.558310863498754,-0.1784292236579962,0.5071411507405079
1207,"1207, 283219, 28971, 51773, 79053, 9846",51318,False,-2.2613157087453577,0.0410850637192334,-0.9554589702545948,3,14,-0.6452204833320447,-0.4965875203816975,0.7950058640262805
1207,"1207, 283219, 28971, 51773, 79053, 9846",51073,False,-2.727418580381389,0.0187348307391506,-1.1878888565512573,3,14,-0.8050605147322507,-0.5415560024076513,0.7134390816796584
1207,"1207, 283219, 28971, 51773, 79053, 9846",128308,False,-2.47811656757399,0.0283780710987325,-1.0637603085152694,3,14,-0.6892131736386276,-0.4303597743741638,0.7598320119768825
1207,"1207, 283219, 28971, 51773, 79053, 9846",51649,False,-3.945886506558282,0.0019227862860481,-1.7068439963907156,3,14,-0.8452263707975208,-0.4253787956422587,0.4369898510325081
1207,"1207, 283219, 28971, 51773, 79053, 9846",64968,False,-2.5151722250256263,0.040983802232034,-1.2247586256706795,3,14,-0.5046773757639128,-0.2027759835748561,0.7950058640262805
1207,"1207, 283219, 28971, 51773, 79053, 9846",27085,False,-2.854581242710979,0.0351184140896938,-1.4946282673915867,3,14,-1.9427099269615875,-1.705164849161306,0.7760302177369495
1207,"1207, 283219, 28971, 51773, 79053, 9846",55149,False,-2.6950421959249864,0.0468963615592481,-1.4495943423403972,3,14,-0.9231597366649164,-0.4725525527917507,0.8015763446676192
1207,"1207, 283219, 28971, 51773, 79053, 9846",4605,False,-4.8145513262366855,0.0019142990488149,-2.3286491677702035,3,14,-0.7863750424738676,-0.3929616399183989,0.4368036578395338
1207,"1207, 283219, 28971, 51773, 79053, 9846",80018,False,2.459812432288294,0.0412683391552822,1.1731772555908613,3,14,-0.6217566422751936,-0.8520432980232268,0.7950058640262805
1207,"1207, 283219, 28971, 51773, 79053, 9846",112939,False,3.045799409490125,0.0085316157701791,1.179211923156587,3,14,-0.0153679424464053,-0.2009313598733876,0.613409593830681
1207,"1207, 283219, 28971, 51773, 79053, 9846",54892,False,3.8814089082702647,0.0025850752134879,1.7142214041293002,3,14,-0.4679665052290451,-1.0489386356666814,0.4653770951372328
1207,"1207, 283219, 28971, 51773, 79053, 9846",4691,False,4.528153634108039,0.0004039616433229,1.7922806431029192,3,14,-0.6991782335766116,-1.0789559540567404,0.2534832735427311
1207,"1207, 283219, 28971, 51773, 79053, 9846",11188,False,3.64233559065914,0.006226371453049,1.7026091434947344,3,14,-0.2320806469723035,-0.4081191115529596,0.5850887515471597
1207,"1207, 283219, 28971, 51773, 79053, 9846",29959,False,4.163649832285619,0.0021778035309347,1.8928303753291225,3,14,-0.5204420235811424,-0.9922440357422804,0.4563336296853107
1207,"1207, 283219, 28971, 51773, 79053, 9846",387338,False,-2.348707186141691,0.0449014386546061,-1.0907171049925577,3,14,-0.4866812070272539,-0.3346017537786316,0.7982670741340606
1207,"1207, 283219, 28971, 51773, 79053, 9846",11051,False,-3.231316071486935,0.0110214236077057,-1.4997627203938284,3,14,-1.975181498616556,-1.6689330703644871,0.64579115731803
1207,"1207, 283219, 28971, 51773, 79053, 9846",133060,False,2.6047579738283937,0.0210586612651756,1.091541936493697,3,14,-0.2042769560564921,-0.3909792301090471,0.7309148663796158
1207,"1207, 283219, 28971, 51773, 79053, 9846",26986,False,-2.90803406742065,0.0234449621258293,-1.4163925468851146,3,14,-1.4023747301753895,-0.9162211940592406,0.7486042675123634
1207,"1207, 283219, 28971, 51773, 79053, 9846",5062,False,2.7374504808595788,0.0177941782283859,1.181370328568333,3,14,-0.1030406515324105,-0.4600656371302219,0.7134390816796584
1207,"1207, 283219, 28971, 51773, 79053, 9846",51025,False,-2.6687812713844288,0.0454826264526668,-1.411319565667111,3,14,-1.7908122238334252,-1.390378177005373,0.7982670741340606
1207,"1207, 283219, 28971, 51773, 79053, 9846",84612,False,-2.2775133628976936,0.0382241754703892,-0.9318521640627496,3,14,-0.759900699943579,-0.4554243592985315,0.7887891891367923
1207,"1207, 283219, 28971, 51773, 79053, 9846",5073,False,2.67445966757576,0.0271207443537516,1.247155130199478,3,14,-0.0752765041153182,-0.2963097718536004,0.7578267072412546
1207,"1207, 283219, 28971, 51773, 79053, 9846",5111,False,-2.667741769609898,0.0194135799417033,-1.135454680315256,3,14,-3.0357950208527904,-2.72410581784264,0.7181353628805818
1207,"1207, 283219, 28971, 51773, 79053, 9846",22984,False,3.033095578465345,0.0116620357879825,1.3441591229109189,3,14,-1.0689045710084588,-1.3734084299600404,0.6512373017693148
1207,"1207, 283219, 28971, 51773, 79053, 9846",53918,False,2.760484995860598,0.0210428901892632,1.254223737505103,3,14,-0.5460001645643987,-1.0076335885312988,0.7306333539722384
1207,"1207, 283219, 28971, 51773, 79053, 9846",5198,False,2.95565676191745,0.0098964578782402,1.1642455436009589,3,14,-0.0558480184293269,-0.3120577295222602,0.6267690942687079
1207,"1207, 283219, 28971, 51773, 79053, 9846",11331,False,-2.99159123896136,0.0277235893862791,-1.5411903102340447,3,14,-2.646726500929333,-2.1784804883002016,0.7581377630197409
1207,"1207, 283219, 28971, 51773, 79053, 9846",56902,False,2.9258391746883685,0.0251670858372189,1.4525755507052651,3,14,-0.9166929401945751,-1.2025630378358396,0.7568854103964252
1207,"1207, 283219, 28971, 51773, 79053, 9846",25885,False,2.723431724364513,0.0422541339339086,1.4367138223539937,3,14,-1.163828852581673,-1.4856441426055635,0.7974289184896268
1207,"1207, 283219, 28971, 51773, 79053, 9846",9533,False,4.032938233021918,0.0013044973937661,1.5389136716356815,3,14,-1.3834107816045826,-1.750333149955124,0.3748120081084212
1207,"1207, 283219, 28971, 51773, 79053, 9846",25913,False,3.3933586772085573,0.0113021694476471,1.6374864520550267,3,14,-0.0589069659107017,-0.4293254744338978,0.6476956922501441
1207,"1207, 283219, 28971, 51773, 79053, 9846",56342,False,3.231443884344232,0.008862634346557,1.449682229499142,3,14,-0.7029175994820477,-1.144544414217636,0.613409593830681
1207,"1207, 283219, 28971, 51773, 79053, 9846",10450,False,2.815694639240806,0.0201711140863188,1.293041928585266,3,14,-0.6113106036191499,-0.7361341346669033,0.7240875763790006
1207,"1207, 283219, 28971, 51773, 79053, 9846",8493,False,2.365664384270248,0.0384890291619775,1.0538479963897982,3,14,-0.0988326522016818,-0.2992972483931282,0.7891616186922428
1207,"1207, 283219, 28971, 51773, 79053, 9846",10848,False,3.739640611677877,0.0024127785994555,1.4179949841762396,3,14,-0.0222914533042441,-0.1876322054472015,0.4587117602278026
1207,"1207, 283219, 28971, 51773, 79053, 9846",23398,False,-5.429329036137782,0.0006331116431637,-2.5566737034084133,3,14,-2.5235123103039747,-1.9139110667341808,0.2960076245750824
1207,"1207, 283219, 28971, 51773, 79053, 9846",5573,False,2.405476385115508,0.0330701851497001,1.0403273220267528,3,14,-0.0193254479489485,-0.1906925503111233,0.7722938751587749
1207,"1207, 283219, 28971, 51773, 79053, 9846",79706,False,-2.685408016011407,0.0433438838074492,-1.40923311553173,3,14,-0.4929726406915037,-0.304380088442541,0.7982670741340606
1207,"1207, 283219, 28971, 51773, 79053, 9846",5694,False,-2.874218973879401,0.01234476104522,-1.1021954052664142,3,14,-2.460777105053507,-1.8633846395205984,0.66067505824945
1207,"1207, 283219, 28971, 51773, 79053, 9846",5704,False,-2.317720716470172,0.0380436995915891,-0.9934619167438982,3,14,-1.540227957223424,-1.3462930660247192,0.7881342361742361
1207,"1207, 283219, 28971, 51773, 79053, 9846",10197,False,3.127321162935735,0.0069403017521013,1.2392360592686478,3,14,-0.0962858514156713,-0.2969092619989876,0.5918560655936175
1207,"1207, 283219, 28971, 51773, 79053, 9846",5757,False,3.206354690207628,0.0455711165637731,1.9695083819546764,3,14,-0.0330453182251615,-0.4582755585016769,0.7982670741340606
1207,"1207, 283219, 28971, 51773, 79053, 9846",9232,False,3.678149785380762,0.0037342598050447,1.6278112622595893,3,14,-0.3265661024018151,-0.5660413595605661,0.513507943843382
1207,"1207, 283219, 28971, 51773, 79053, 9846",29127,False,-4.8844694240482,0.0057836278794027,-2.633852112222489,3,14,-2.13771963223484,-1.3537350717571204,0.5764228249838603
1207,"1207, 283219, 28971, 51773, 79053, 9846",5908,False,3.3392607238692404,0.0109929451371141,1.5872708441958867,3,14,-0.2424510094507871,-0.4858577985352364,0.64579115731803
1207,"1207, 283219, 28971, 51773, 79053, 9846",11079,False,2.81873290321347,0.0178071442753243,1.2615395179707047,3,14,-0.0781693285618514,-0.305000281813292,0.7134390816796584
1207,"1207, 283219, 28971, 51773, 79053, 9846",9827,False,2.454110750584505,0.0367158894819914,1.129052765305246,3,14,-0.2935545612308154,-0.4982842146640367,0.7835344451621103
1207,"1207, 283219, 28971, 51773, 79053, 9846",114822,False,5.169168809327329,0.000814060256436,2.424343627908706,3,14,-0.1128358872733633,-0.3436232089807702,0.3262363579773769
1207,"1207, 283219, 28971, 51773, 79053, 9846",9810,False,-3.134825977766303,0.0073067434677347,-1.3052720268741422,3,14,-0.6040409315770513,-0.4178904384298474,0.5963678797152245
1207,"1207, 283219, 28971, 51773, 79053, 9846",9025,False,2.874160877794833,0.0445830568529759,1.6082881073612452,3,14,-0.3839068391017918,-0.6619304260793903,0.7982670741340606
1207,"1207, 283219, 28971, 51773, 79053, 9846",6120,False,3.3793820123260647,0.004660129727932,1.289603371738708,3,14,-0.3456383904826857,-0.6873237489098497,0.547298838941751
1207,"1207, 283219, 28971, 51773, 79053, 9846",9045,False,2.3685731628433704,0.0473629234947434,1.129469600667811,3,14,-1.5467619936714403,-1.8516205400429635,0.8015763446676192
1207,"1207, 283219, 28971, 51773, 79053, 9846",6141,False,4.1215048752011,0.0063288264601688,2.071294111396711,3,14,-1.087009638573735,-1.625892485452482,0.5853481090725166
1207,"1207, 283219, 28971, 51773, 79053, 9846",6155,False,2.783685602738089,0.0265922494075927,1.341359614729799,3,14,-1.6139254806432777,-2.0160426629216013,0.7568854103964252
1207,"1207, 283219, 28971, 51773, 79053, 9846",6157,False,3.353202525810232,0.0046918070743968,1.2917665482814962,3,14,-1.7000786448811738,-2.010191987434797,0.547298838941751
1207,"1207, 283219, 28971, 51773, 79053, 9846",6161,False,3.180054540322265,0.0062852926707155,1.2506553888039973,3,14,-1.90698988743574,-2.2703977413035425,0.5851271518693187
1207,"1207, 283219, 28971, 51773, 79053, 9846",25873,False,2.5541029073959125,0.0236191613396397,1.0785726721923976,3,14,-1.8212428378891987,-2.067197928776366,0.7509897022166259
1207,"1207, 283219, 28971, 51773, 79053, 9846",6175,False,2.267631624106916,0.0428599323713224,0.9845418505764748,3,14,-1.3064112873355125,-1.5408144839264877,0.7975356290297795
1207,"1207, 283219, 28971, 51773, 79053, 9846",6184,False,3.020894367446788,0.0094471891670297,1.2701668477254957,3,14,-0.8371205324489864,-1.1097677638908174,0.6200387134798324
1207,"1207, 283219, 28971, 51773, 79053, 9846",6185,False,3.375606306105164,0.0184385353615439,1.7521352626586044,3,14,-0.4325357355097803,-0.6856740073207576,0.7134390816796584
1207,"1207, 283219, 28971, 51773, 79053, 9846",6210,False,3.1299252767709675,0.0076361427484738,1.1933479943776844,3,14,-2.0843375012636445,-2.33368036179969,0.6024215543479616
1207,"1207, 283219, 28971, 51773, 79053, 9846",6223,False,2.477971674691785,0.0275112436163173,1.0500280231247958,3,14,-2.6029320717379454,-2.9223485604250032,0.7578267072412546
1207,"1207, 283219, 28971, 51773, 79053, 9846",6229,False,3.2392858706657397,0.0071872652371603,1.406124254985967,3,14,-1.239290169499232,-1.6448111706066677,0.5941524798038766
1207,"1207, 283219, 28971, 51773, 79053, 9846",6233,False,5.12707261842086,0.0010104704261068,2.431137595138648,3,14,-1.4570416705734788,-2.026443941414453,0.3424241293940285
1207,"1207, 283219, 28971, 51773, 79053, 9846",55316,False,4.572410345727332,0.0006933113892969,1.9934563330443145,3,14,-0.215635810165221,-0.4113452324564991,0.3100955882162747
1207,"1207, 283219, 28971, 51773, 79053, 9846",6282,False,2.8609893915629514,0.0121477208305259,1.1716790537356725,3,14,-0.115779280602416,-0.2617215197924539,0.65921818780919
1207,"1207, 283219, 28971, 51773, 79053, 9846",163786,False,-3.2910178258627734,0.0102259267255786,-1.531520435908749,3,14,-1.1020100555262171,-0.6877226090951621,0.6318573443728646
1207,"1207, 283219, 28971, 51773, 79053, 9846",200172,False,3.2452899052137787,0.0138876915481887,1.5662671624903246,3,14,-0.172427151762624,-0.3395558051538725,0.6754959025012585
1207,"1207, 283219, 28971, 51773, 79053, 9846",85395,False,3.9483899675611194,0.0013085293147807,1.600193513543414,3,14,-0.0992909113184539,-0.3634519544475649,0.3748120081084212
1207,"1207, 283219, 28971, 51773, 79053, 9846",10051,False,-4.145126515280265,0.0018192974481733,-1.8479150561624316,3,14,-1.765575811611079,-1.5307227000394952,0.4253009100718784
1207,"1207, 283219, 28971, 51773, 79053, 9846",23293,False,-3.7997965473610296,0.0389941591866883,-2.530927858665742,3,14,-1.7426476313782704,-0.8833922161505765,0.7899795898613308
1207,"1207, 283219, 28971, 51773, 79053, 9846",6628,False,-3.869864461231559,0.0054553369050504,-1.8487966055788887,3,14,-2.001567632015701,-1.6120712149731276,0.571156009807942
1207,"1207, 283219, 28971, 51773, 79053, 9846",6632,False,-4.140193223955683,0.0025621505461491,-1.9045168273299389,3,14,-3.264711955693928,-2.6150039577294337,0.4653770951372328
1207,"1207, 283219, 28971, 51773, 79053, 9846",65124,False,2.9446674321825275,0.0264175795747922,1.4838841971069312,3,14,-0.2499678327358072,-0.3949737637266651,0.7568854103964252
1207,"1207, 283219, 28971, 51773, 79053, 9846",147841,False,-4.222260761285706,0.0064416901573046,-2.15239811514084,3,14,-2.5277145870982047,-1.907366812623056,0.5853481090725166
1207,"1207, 283219, 28971, 51773, 79053, 9846",283377,False,3.4845572363487096,0.0040983194213706,1.4856599395624734,3,14,-0.3550769330870156,-0.4909575358912223,0.5320675763623917
1207,"1207, 283219, 28971, 51773, 79053, 9846",55133,False,-3.5037483451064264,0.0120787383882314,-1.7428367210285451,3,14,-1.7922375865092384,-1.3655885319705667,0.6581491289643457
1207,"1207, 283219, 28971, 51773, 79053, 9846",6726,False,-3.921231087024256,0.0013985645230471,-1.5378754383018691,3,14,-1.2228556863059952,-1.0388123407076697,0.3758375691415674
1207,"1207, 283219, 28971, 51773, 79053, 9846",6491,False,-2.665676148796232,0.0483741454287749,-1.4328176354805264,3,14,-0.8303486070518543,-0.5901900106871105,0.8037156778640308
1207,"1207, 283219, 28971, 51773, 79053, 9846",79991,False,2.9319115892276764,0.0487591296021256,1.7111763091311796,3,14,-0.0331569332461439,-0.4310933761319851,0.8037156778640308
1207,"1207, 283219, 28971, 51773, 79053, 9846",23512,False,-4.019412868143026,0.0032390132047044,-1.85894985249492,3,14,-0.7275656954756037,-0.382593107592289,0.5028055018374575
1207,"1207, 283219, 28971, 51773, 79053, 9846",10492,False,2.7657934758729548,0.0295443706968663,1.3562835153243338,3,14,-0.0557447396875947,-0.3096995486061874,0.7673596757763704
1207,"1207, 283219, 28971, 51773, 79053, 9846",9066,False,-3.5526631470740786,0.0029355919591803,-1.441496495994886,3,14,-0.2027186791706661,-0.1176839303230045,0.4907776445806566
1207,"1207, 283219, 28971, 51773, 79053, 9846",117143,False,-2.340540947035441,0.0334900831577005,-0.9333469073775394,3,14,-0.2394543532166598,0.1221071201402275,0.7736039978034098
1207,"1207, 283219, 28971, 51773, 79053, 9846",6901,False,-2.7826803583082427,0.0320500272436112,-1.3970409006478544,3,14,-0.6863732004314068,-0.3350731292123626,0.7715553047120207
1207,"1207, 283219, 28971, 51773, 79053, 9846",80222,False,-3.5655899810083387,0.0032433397715407,-1.3600778636502189,3,14,-0.5880685121349548,-0.3482979006827856,0.5028055018374575
1207,"1207, 283219, 28971, 51773, 79053, 9846",114034,False,-2.7501728865650823,0.0319157730466251,-1.365746124403476,3,14,-1.154057733216549,-0.6254995078620856,0.7715553047120207
1207,"1207, 283219, 28971, 51773, 79053, 9846",9804,False,-4.579409444591759,0.0011637524948823,-2.081863860629375,3,14,-0.9042650412347888,-0.5545451280582785,0.3712292615698381
1207,"1207, 283219, 28971, 51773, 79053, 9846",7171,False,3.336660930477076,0.0046339486787418,1.3647197424954447,3,14,-0.1360362919722879,-0.3032889697660403,0.5463305204322857
1207,"1207, 283219, 28971, 51773, 79053, 9846",7175,False,-2.3774072891475067,0.0314016626305719,-0.932462857289795,3,14,-1.2216214399857015,-1.0572754234082675,0.7710891626210068
1207,"1207, 283219, 28971, 51773, 79053, 9846",10221,False,2.322879477465195,0.0355476235492918,0.8963789696689848,3,14,-0.0402280112499563,-0.1625536387401234,0.7792678241219885
1207,"1207, 283219, 28971, 51773, 79053, 9846",9819,False,4.38853363075038,0.0053996300830317,2.2362481196296766,3,14,-0.144185053943607,-0.491280086573178,0.5707131014504023
1207,"1207, 283219, 28971, 51773, 79053, 9846",115939,False,2.2423875451798314,0.0404760791122603,0.8966894882085846,3,14,0.0716389008273074,-0.1352369636290601,0.7950058640262805
1207,"1207, 283219, 28971, 51773, 79053, 9846",7268,False,3.605712812124156,0.0026859954656155,1.4079134524936707,3,14,-0.2040566057540376,-0.5447960320323344,0.4724836524595978
1207,"1207, 283219, 28971, 51773, 79053, 9846",8458,False,-4.5389547335635685,0.0005722962855729,-1.935016845007436,3,14,-0.9252620632827492,-0.5499518745860387,0.2839400409879977
1207,"1207, 283219, 28971, 51773, 79053, 9846",79876,False,2.715516590170855,0.0295219928214381,1.3100389533948589,3,14,-0.2797898467493836,-0.6781563829302378,0.7672420036283235
1207,"1207, 283219, 28971, 51773, 79053, 9846",118424,False,3.236259841482865,0.0055571223969822,1.304087775692688,3,14,-0.0974732392363769,-0.2793062912303841,0.571156009807942
1207,"1207, 283219, 28971, 51773, 79053, 9846",63893,False,5.009916860428572,0.0029656734068875,2.555663982059589,3,14,-0.189396200298079,-0.4092993440019595,0.492940809773446
1207,"1207, 283219, 28971, 51773, 79053, 9846",23376,False,4.173902939530349,0.0010386309278586,1.585329100170474,3,14,-0.2283933404458439,-0.5604898519397562,0.3451692657429625
1207,"1207, 283219, 28971, 51773, 79053, 9846",51569,False,2.789514028385165,0.0232751234893669,1.30881537985316,3,14,-0.2787074240106368,-0.6076868442168025,0.7485525004632818
1207,"1207, 283219, 28971, 51773, 79053, 9846",7381,False,-3.428470030184007,0.0156040106851566,-1.7486012304338296,3,14,-0.5441371485185386,-0.2780202594576881,0.6964103403990867
1207,"1207, 283219, 28971, 51773, 79053, 9846",7385,False,-4.933240539116682,0.0001866612679594,-1.9391136635144932,3,14,-0.559478142636949,-0.2618646063910571,0.1798339906737506
1207,"1207, 283219, 28971, 51773, 79053, 9846",51096,False,2.202551693960373,0.0437595797437369,0.8888879496662722,3,14,-0.9539328592454128,-1.1247698789903486,0.7982670741340606
1207,"1207, 283219, 28971, 51773, 79053, 9846",7419,False,2.748766038898758,0.0151865487642573,1.0730694976219013,3,14,-0.1529618072740073,-0.256253438258573,0.690986871254628
1207,"1207, 283219, 28971, 51773, 79053, 9846",203547,False,2.757693714679249,0.0371113632215776,1.4225304682169535,3,14,-0.159210311479369,-0.423766325498924,0.7848436170090578
1207,"1207, 283219, 28971, 51773, 79053, 9846",55187,False,2.2562265707815143,0.0470139347084889,1.0092561074873951,3,14,-0.6119712368296181,-0.8661217576075957,0.8015763446676192
1207,"1207, 283219, 28971, 51773, 79053, 9846",64601,False,3.39116632019663,0.0396414165305381,2.086132182292692,3,14,-0.1344910009466468,-0.5421248249991152,0.7924876686787258
1207,"1207, 283219, 28971, 51773, 79053, 9846",57617,False,3.008486431019062,0.0337095847668233,1.6249612353473066,3,14,-0.538523483392906,-0.9678300659623246,0.7753041923016267
1207,"1207, 283219, 28971, 51773, 79053, 9846",65082,False,4.154051625013955,0.0034868644120293,1.9710109753700624,3,14,-0.1146155969902366,-0.5460670684697977,0.506575498552766
1207,"1207, 283219, 28971, 51773, 79053, 9846",27183,False,2.6295702538632004,0.0289510432351866,1.2244927775722003,3,14,-0.1609378444760166,-0.5155975218667194,0.7627438360397004
1207,"1207, 283219, 28971, 51773, 79053, 9846",7443,False,3.568932867870164,0.0203299702965198,1.952594255870829,3,14,-0.2298904811358938,-0.6840535689923533,0.7252738741274658
1207,"1207, 283219, 28971, 51773, 79053, 9846",55339,False,2.541101265600481,0.0305995036513296,1.1564942531105713,3,14,-1.6972302025529755,-1.8782390090702588,0.7689044219165413
1207,"1207, 283219, 28971, 51773, 79053, 9846",84292,False,2.5208595042120634,0.0237151107277377,0.9890281448974516,3,14,-0.2628506583276155,-0.4542617271829285,0.7523290425123269
1207,"1207, 283219, 28971, 51773, 79053, 9846",65125,False,5.1795388783088585,0.0001558531431684,2.178905019257745,3,14,-0.3713712259563729,-0.8221820789013509,0.1633529334314231
1207,"1207, 283219, 28971, 51773, 79053, 9846",9213,False,-2.340027440614269,0.0345512777463958,-0.9005662061843509,3,14,-0.7510139383846804,-0.377043188459075,0.7760302177369495
1207,"1207, 283219, 28971, 51773, 79053, 9846",678,False,2.408247729083912,0.0293493005651367,0.9634862534286298,3,14,-0.2337961475995514,-0.3520768116922966,0.7657110203205958
1207,"1207, 283219, 28971, 51773, 79053, 9846",23613,False,2.5262110522619845,0.0477728855882845,1.2890541323466571,3,14,-0.0161283184781295,-0.2338497292740844,0.8020647869257161
1207,"1207, 283219, 28971, 51773, 79053, 9846",57567,False,3.348336556842231,0.004401129883726,1.3350862642154393,3,14,-0.0092175683725528,-0.1304392208133956,0.5402514378119786
1207,"1207, 283219, 28971, 51773, 79053, 9846",26149,False,3.6791439293500576,0.0022468503224297,1.4555078721142205,3,14,-0.1785782225440276,-0.3564050898581359,0.4563336296853107
137695,"137695, 4067, 96764",50,False,2.45310717752461,0.0461293750836088,1.3000401638425376,4,13,-0.4473769909626364,-1.081890584416347,0.7982670741340606
137695,"137695, 4067, 96764",49,False,-2.194172885911396,0.0456827822647746,-0.971415421730286,4,13,-0.2654954606178225,-0.1522557814226837,0.7982670741340606
137695,"137695, 4067, 96764",102157402,False,-3.2144904625640187,0.0100455636172079,-1.5674682670760782,4,13,-1.4669508953555557,-0.9338503385725748,0.6281078729508837
137695,"137695, 4067, 96764",29880,False,2.8601237126002865,0.0192320210667427,1.4149143526117256,4,13,-0.0753573843013826,-0.3800553100934947,0.7165355223925216
137695,"137695, 4067, 96764",1175,False,2.169863386017263,0.0490217540497855,0.9792743113266869,4,13,-0.3079021092488942,-0.5913495284297239,0.8037156778640308
137695,"137695, 4067, 96764",9411,False,2.725771846324023,0.0177952430017499,1.243729514975348,4,13,-0.2382230024913466,-0.6519848517299275,0.7134390816796584
137695,"137695, 4067, 96764",506,False,3.721076169351897,0.0021327813953094,1.53288629513619,4,13,-0.7953262380180758,-1.1167715872819626,0.4536114781928963
137695,"137695, 4067, 96764",513,False,2.8356850403377245,0.0144388385650828,1.2932317922732677,4,13,-0.567836949276791,-0.8397853198334116,0.6830391367880794
137695,"137695, 4067, 96764",521,False,2.503826961738091,0.026578304174638,1.1352602935663307,4,13,-0.2926434722068371,-0.5261348763595705,0.7568854103964252
137695,"137695, 4067, 96764",9551,False,2.214533165049064,0.0459725760150794,1.010331307195908,4,13,-0.9148528325553597,-1.1107816862298103,0.7982670741340606
137695,"137695, 4067, 96764",10476,False,2.8462642226813664,0.0319678307373705,1.578398509841325,4,13,-0.2969927277909364,-0.5623334780702398,0.7715553047120207
137695,"137695, 4067, 96764",539,False,3.666931098165892,0.0027881835403404,1.6517677848751249,4,13,-0.2378290883676634,-0.5084919404698113,0.4778811447535703
137695,"137695, 4067, 96764",56970,False,2.55872677187906,0.0498223435141816,1.4553072632587107,4,13,0.1186196909411046,-0.3720207346701504,0.8046714497212784
137695,"137695, 4067, 96764",617,False,5.55203122052274,7.141913617768011e-05,2.251124873981899,4,13,-0.1317913292550464,-0.3915325315893119,0.1261460331387213
137695,"137695, 4067, 96764",55814,False,3.150774088639088,0.0089410429766611,1.4735996894902534,4,13,-0.7963129751358768,-1.065919433609618,0.6139580547667101
137695,"137695, 4067, 96764",23774,False,2.182641237334436,0.0454673462639458,0.9336132551797212,4,13,0.0438937096028925,-0.0926145386402977,0.7982670741340606
137695,"137695, 4067, 96764",2972,False,2.4216485357568804,0.0291453591213675,0.9923646010430844,4,13,-1.1763803122163006,-1.4041001064591092,0.7641180140251493
137695,"137695, 4067, 96764",9184,False,2.447691025417388,0.0364410148084495,1.1995206230806168,4,13,-1.9772262587697325,-2.493811080460017,0.7822319428767802
137695,"137695, 4067, 96764",59285,False,2.33263219720744,0.0422159830938904,1.1249641360617535,4,13,0.0285021128114298,-0.1661222826746716,0.7974289184896268
137695,"137695, 4067, 96764",124808,False,3.2006315989137453,0.0067814362925046,1.4374873563524666,4,13,-0.2422276635394581,-0.3910648893850225,0.5864067199844073
137695,"137695, 4067, 96764",57018,False,-2.4059383041836577,0.0375660118472387,-1.1634685052463722,4,13,-0.759060725803927,-0.4519552964663246,0.7855967493217224
137695,"137695, 4067, 96764",55835,False,3.7016130439515735,0.0039181646017775,1.7690824040936306,4,13,-0.1118921646294455,-0.3605991401229537,0.5246654091329729
137695,"137695, 4067, 96764",401541,False,-2.530467047450216,0.0256497101538353,-1.154294484048434,4,13,-0.5409912023467978,-0.3511408864069116,0.7568854103964252
137695,"137695, 4067, 96764",56683,False,2.4293697311539915,0.02840039340628,1.0057375839583147,4,13,-0.9745509033549784,-1.1948908337876505,0.7598320119768825
137695,"137695, 4067, 96764",64377,False,2.551053527812976,0.0221525626073284,1.0794820474367015,4,13,-0.1245784392557027,-0.2625492277433885,0.7403256022860466
137695,"137695, 4067, 96764",57511,False,2.40484990396607,0.0302441385865388,1.0541059532679038,4,13,-0.3607541770515946,-0.501965833822634,0.7688185734422155
137695,"137695, 4067, 96764",91949,False,2.6362337511226785,0.020778509784202,1.1969392413333262,4,13,-0.1515943256871221,-0.3443600510064345,0.7292762103763515
137695,"137695, 4067, 96764",10063,False,2.6427907993922712,0.020477469328273,1.0495030061139985,4,13,-0.4516743588676598,-0.6804371481782352,0.7274191981606521
137695,"137695, 4067, 96764",1340,False,3.0392235162376235,0.012065197239058,1.4510694261524355,4,13,-0.3058258318029989,-0.4680586583347632,0.6581491289643457
137695,"137695, 4067, 96764",1345,False,3.29740202232921,0.0072152812859894,1.5558788303700015,4,13,-0.2012725936580522,-0.4016515483919476,0.5953168804294041
137695,"137695, 4067, 96764",6997,False,-2.2688804706480794,0.0408835533034332,-1.0245706270971682,4,13,-0.6837572703616963,-0.4787362133536618,0.7950058640262805
137695,"137695, 4067, 96764",51379,False,2.4820872599489587,0.02612833851954,1.0116567024569625,4,13,-0.1045789574635203,-0.2545112131252555,0.7568854103964252
137695,"137695, 4067, 96764",1460,False,3.58878775939128,0.0192788960346769,2.136000431470295,4,13,-0.578111542075427,-1.1087314460656683,0.7174412114285806
137695,"137695, 4067, 96764",10664,False,2.774712478018383,0.0163268146543521,1.0954880214167173,4,13,-1.5389588988270964,-1.8153692265350831,0.7016422622248645
137695,"137695, 4067, 96764",7818,False,2.6096045967512054,0.0201246301018096,1.136689750852645,4,13,-0.4509661633530507,-0.721756691267341,0.7230843984880345
137695,"137695, 4067, 96764",1642,False,3.7288934167132273,0.0039275628998119,1.7931597522802325,4,13,-1.7007091817708548,-2.1575386005386523,0.5246654091329729
137695,"137695, 4067, 96764",1662,False,-2.2685683388064906,0.0456630782489723,-1.0805402463181517,4,13,-1.543273911096125,-1.3350416636829294,0.7982670741340606
137695,"137695, 4067, 96764",1655,False,2.5987536849630413,0.0245563117309974,1.220080671889974,4,13,-0.6498797666568438,-0.8757072291188247,0.7555909998493834
137695,"137695, 4067, 96764",1659,False,-3.141226083125825,0.020822171622863,-1.7181507109392062,4,13,-1.836948933049223,-1.5270885484982597,0.7292762103763515
137695,"137695, 4067, 96764",55735,False,-2.296169631110259,0.0385111783987885,-0.9190360217840906,4,13,-0.7741005739713644,-0.5722607788792581,0.7891616186922428
137695,"137695, 4067, 96764",1778,False,3.02787640645858,0.0121121428876334,1.4409383661758473,4,13,-1.3245691370232446,-1.6161275267364492,0.658481084743995
137695,"137695, 4067, 96764",8655,False,-2.7223864300927767,0.0178520918641617,-1.2408579334007106,4,13,-0.7866836434039508,-0.4435359503065816,0.7134390816796584
137695,"137695, 4067, 96764",8661,False,-4.779340456814514,0.0012728917440248,-2.397400785555756,4,13,-2.10145214004332,-1.6257561410918886,0.3748120081084212
137695,"137695, 4067, 96764",8669,False,-2.813811154919962,0.0383118920029232,-1.621250607303873,4,13,-0.774850881625881,-0.487096308351146,0.7891616186922428
137695,"137695, 4067, 96764",9470,False,2.428434317381375,0.0361985289551758,1.174740842340986,4,13,-0.1008915682296765,-0.3370472809157224,0.7797765726372132
137695,"137695, 4067, 96764",56943,False,2.8578184290049853,0.0186812461404134,1.4033847637475831,4,13,-0.5307640588246545,-0.7910576541814407,0.7134390816796584
137695,"137695, 4067, 96764",2068,False,2.6931267988964063,0.0253329538748669,1.3342497626755516,4,13,-0.5975389560270978,-0.9412445391309064,0.7568854103964252
137695,"137695, 4067, 96764",23197,False,2.6487332226641245,0.0270466196045767,1.3100560022922432,4,13,-0.1482074434664394,-0.5048183737438386,0.7578267072412546
137695,"137695, 4067, 96764",147965,False,2.692915879819372,0.0177654106911507,1.1988905068271445,4,13,-0.1315089183057999,-0.3372887574504624,0.7134390816796584
137695,"137695, 4067, 96764",2193,False,3.0952168001694504,0.0165871124706889,1.5988858081581214,4,13,-0.7798655277749138,-1.0187823763589454,0.7049997375906594
137695,"137695, 4067, 96764",2197,False,-4.059545096904203,0.0046338170400453,-2.108140892627132,4,13,-3.093920568256216,-2.320596984619385,0.5463305204322857
137695,"137695, 4067, 96764",80204,False,3.172253795932099,0.0066069358061734,1.2971094119627475,4,13,-0.0208998831629282,-0.2762309225604723,0.5853481090725166
137695,"137695, 4067, 96764",10116,False,2.684421239919024,0.0198107699029581,1.2369679817613477,4,13,-0.1885369891227051,-0.3123956707718771,0.720370347912408
137695,"137695, 4067, 96764",2271,False,2.307677885591634,0.0406957831752574,1.0772920169124451,4,13,-0.0162144725340094,-0.2073170892298124,0.7950058640262805
137695,"137695, 4067, 96764",246176,False,4.932567719439281,0.0001822550247409,2.0653801120634365,4,13,-0.1329543674523433,-0.3208742741811538,0.1784498206797833
137695,"137695, 4067, 96764",57798,False,-2.9853546328416787,0.0144308274263563,-1.451127572387598,4,13,-0.3750171315343286,-0.1270622095408514,0.6830391367880794
137695,"137695, 4067, 96764",8487,False,2.478394773008953,0.0356382914958458,1.2255249227019982,4,13,-0.5049405374544366,-0.8329149479472271,0.7792678241219885
137695,"137695, 4067, 96764",439,False,2.5730606197632326,0.0281844305182261,1.242753015028445,4,13,-0.2793740432357524,-0.7068113810672292,0.7586792529741281
137695,"137695, 4067, 96764",51218,False,2.781494090253916,0.0153452695433897,1.2508386063607102,4,13,-0.2906187372095318,-0.5110109861835006,0.6930559530626134
137695,"137695, 4067, 96764",2976,False,2.552249998656494,0.0412371059684958,1.3641260477962651,4,13,-0.8204676752077482,-1.0433551423819667,0.7950058640262805
137695,"137695, 4067, 96764",25988,False,2.747071507748133,0.0168806654685285,1.248198902888527,4,13,-1.4815343074865746,-1.937103638271872,0.7070974930710524
137695,"137695, 4067, 96764",51124,False,2.5665616607378947,0.0215978420793793,1.0681337910175843,4,13,-0.0571416096400545,-0.2837119087247536,0.7343959285879217
137695,"137695, 4067, 96764",3633,False,-2.668795341399275,0.0185173819979357,-1.1851540005571832,4,13,-0.3661835443300137,-0.2375236230125263,0.7134390816796584
137695,"137695, 4067, 96764",81689,False,2.640210439330774,0.0299109849736596,1.336633293562896,4,13,-0.16656354484835,-0.495622885070918,0.7683489996775338
137695,"137695, 4067, 96764",56888,False,2.5459741001216862,0.033744375789699,1.2794488197377998,4,13,-0.7909270625569748,-1.0811094830178014,0.7753695800268566
137695,"137695, 4067, 96764",146909,False,-2.7133900935902924,0.0285866272412084,-1.397363307197969,4,13,-0.5359407072472772,-0.3536897634932864,0.7602841939596087
137695,"137695, 4067, 96764",11004,False,-2.925936406173302,0.0395105437168811,-1.763123805586357,4,13,-0.4755698232306923,-0.1644074194045151,0.7920294554796992
137695,"137695, 4067, 96764",8085,False,2.4673880500097543,0.0269655188501622,1.0038075314690331,4,13,-0.4224162555614961,-0.6248264042146862,0.7578267072412546
137695,"137695, 4067, 96764",3837,False,2.23129163465145,0.0417789443119204,0.9192588820123716,4,13,-1.856960087534731,-2.089494796038845,0.7956001194952814
137695,"137695, 4067, 96764",84456,False,2.2616953809686167,0.0451014473650824,1.065965578355114,4,13,0.1607729722630005,-0.0480735566003144,0.7982670741340606
137695,"137695, 4067, 96764",8270,False,-2.9627235215403838,0.0180394816370157,-1.496578183823175,4,13,-0.4855444646775407,-0.2352786475114028,0.7134390816796584
137695,"137695, 4067, 96764",3980,False,2.631140340615412,0.0375785983726989,1.4128165906153654,4,13,-0.1914979920111135,-0.3847495572823798,0.7855967493217224
137695,"137695, 4067, 96764",51631,False,2.3493720873527795,0.0399383538243105,1.121479468155802,4,13,-0.1297000825336051,-0.3002748689273031,0.7944208237294973
137695,"137695, 4067, 96764",9587,False,-2.5267960010725723,0.030886662498617,-1.2252875878933838,4,13,-0.5612003385573008,-0.3173964348935995,0.7693126667133082
137695,"137695, 4067, 96764",10459,False,2.210363489274158,0.0435740342587415,0.9622090967291038,4,13,-0.6638334757489004,-1.107348642403746,0.7982670741340606
137695,"137695, 4067, 96764",92935,False,2.4618843868957145,0.0395472953529044,1.2474590904417622,4,13,-0.3643638488037067,-0.7935398456429985,0.7922666421895971
137695,"137695, 4067, 96764",55388,False,2.316844841579815,0.0430198412397171,1.1139314365511104,4,13,-0.5762711284494139,-0.7873949506333797,0.7982670741340606
137695,"137695, 4067, 96764",4172,False,3.2820058009304893,0.0050634302012402,1.4009730974703254,4,13,-0.8169185625274273,-1.0530011788449205,0.5648478469755486
137695,"137695, 4067, 96764",55588,False,2.4779407331016827,0.0417185400447969,1.2865301182380415,4,13,-0.6205359437839221,-0.9462449016738912,0.7956001194952814
137695,"137695, 4067, 96764",55090,False,5.8564414066360815,3.2206244433487424e-05,2.447335744326211,4,13,-0.4065858885446253,-0.7703966532561453,0.1096423598059726
137695,"137695, 4067, 96764",23173,False,-3.24553687859308,0.0185229159395371,-1.7794396470542435,4,13,-1.2384428806457444,-0.6837356497392277,0.7134390816796584
137695,"137695, 4067, 96764",64745,False,2.963279886197675,0.0111457385019251,1.1763205588887269,4,13,-0.3976232647551836,-0.638405950219381,0.64579115731803
137695,"137695, 4067, 96764",56339,False,2.7342422729623723,0.0329074844969534,1.47115097580418,4,13,-0.3766257676244796,-0.6026990351171194,0.7722938751587749
137695,"137695, 4067, 96764",64978,False,2.4219863607203065,0.0436160439652028,1.2417840869712964,4,13,-0.2957766437552513,-0.6454347878385052,0.7982670741340606
137695,"137695, 4067, 96764",54148,False,2.427046901765148,0.0282903836090311,1.0231312604574023,4,13,-0.2365711072599442,-0.5089740576093382,0.758844443768512
137695,"137695, 4067, 96764",64975,False,2.424028462300225,0.0284760064209568,1.0180726038417842,4,13,-0.4969026995821909,-0.6864404297170826,0.7602841939596087
137695,"137695, 4067, 96764",84545,False,2.248107811980608,0.0458429594458785,1.055962278670823,4,13,-0.2695395333442844,-0.5117415740402336,0.7982670741340606
137695,"137695, 4067, 96764",84311,False,2.697747997729586,0.0176300622121948,1.2019746141108811,4,13,-0.5419761724228445,-0.798488821748101,0.7134390816796584
137695,"137695, 4067, 96764",26589,False,2.517372622754056,0.0244906944412245,1.108820692858392,4,13,-0.05218167047122,-0.2895904344469888,0.7555168658866813
137695,"137695, 4067, 96764",63931,False,2.6795809568020057,0.0206249191308792,1.2469456186955514,4,13,-0.3319773636634863,-0.6161013667089043,0.7292549862539954
137695,"137695, 4067, 96764",51021,False,2.829848556344336,0.014059976775553,1.275107724548748,4,13,-0.2479489626970394,-0.4887727386087686,0.6786571482163333
137695,"137695, 4067, 96764",28973,False,2.577747563957678,0.0210346262016519,1.0813715914494706,4,13,-0.2624699484875369,-0.4830931579172245,0.7306333539722384
137695,"137695, 4067, 96764",51116,False,2.3443566902580857,0.0384660507140883,1.098592286880005,4,13,-0.2097782031444078,-0.3933669748943676,0.7891616186922428
137695,"137695, 4067, 96764",54460,False,2.5427261072006058,0.0243126756929018,1.1449063923763263,4,13,-0.7251130742015626,-1.0063788854270432,0.7555168658866813
137695,"137695, 4067, 96764",51649,False,3.226983666814533,0.0058484048160086,1.4056230206806772,4,13,-0.2206309406647065,-0.5852660375942583,0.5783460537391655
137695,"137695, 4067, 96764",28957,False,2.7465855554329406,0.0149893502170198,1.159303359883599,4,13,-0.3639482136011129,-0.5488089960878576,0.6883861680286661
137695,"137695, 4067, 96764",64969,False,2.864770429143801,0.0125848325542711,1.1583487671895605,4,13,-0.5855561861806291,-0.797986808744696,0.6635316441093568
137695,"137695, 4067, 96764",64968,False,2.5156121636717126,0.0288732132581458,1.1863930688928734,4,13,-0.0279113116529792,-0.3262500500559851,0.7622192658036793
137695,"137695, 4067, 96764",51081,False,2.303431106687336,0.0359858150934561,0.9721332047833569,4,13,-0.3177716472329711,-0.5010246570500204,0.7796065223202716
137695,"137695, 4067, 96764",4502,False,-3.20579915937612,0.0473716492959939,-2.2118642522874707,3,9,-0.6369047887624572,-0.3976962596146264,0.8015763446676192
137695,"137695, 4067, 96764",26164,False,2.586109570932525,0.0216887322781933,1.1470024155229794,4,13,-0.1355418098310805,-0.4010836524910128,0.7360494304129221
137695,"137695, 4067, 96764",4528,False,2.588561952570448,0.0258866851707865,1.2284925834928897,4,13,-0.2366787813289685,-0.3950974339202284,0.7568854103964252
137695,"137695, 4067, 96764",55149,False,2.395883301029209,0.04682806836879,1.241443538479187,4,13,-0.2424889613463156,-0.6473276233610766,0.8015763446676192
137695,"137695, 4067, 96764",55226,False,-2.299888888514936,0.0450193149144836,-1.1130203502194902,4,13,-1.3854414261711625,-1.1256906210515594,0.7982670741340606
137695,"137695, 4067, 96764",4702,False,2.267954989373459,0.0396112482272532,0.920893446016836,4,13,-0.2760794775264647,-0.4577538563209788,0.7924614775352322
137695,"137695, 4067, 96764",4714,False,2.190817673348397,0.0446714118029001,0.9264273713691372,4,13,-0.1937428434117357,-0.3437112503284299,0.7982670741340606
137695,"137695, 4067, 96764",4718,False,2.2898251338782045,0.0386310990645119,1.0226500170502626,4,13,-0.3342149560435021,-0.4646463904748441,0.7891616186922428
137695,"137695, 4067, 96764",25871,False,-2.255405626881384,0.0400990714282109,-0.9244226470385234,4,13,-1.4437465740906232,-1.1855007352251556,0.7947636811015407
137695,"137695, 4067, 96764",9221,False,-3.3228055743360607,0.0064256907232142,-1.5484482810326603,4,13,-0.5395782254121211,-0.3657892393639728,0.5853481090725166
137695,"137695, 4067, 96764",51070,False,2.8786311851230733,0.0118558986840446,1.2578459475231356,4,13,-0.1521490659659935,-0.3052881370567292,0.6549405099746355
137695,"137695, 4067, 96764",79902,False,3.9703901455086297,0.0015266235580964,1.7823121209675976,4,13,-1.2951889587098284,-1.6445518196653184,0.3942287434805286
137695,"137695, 4067, 96764",8106,False,2.7677438029754566,0.022741507177695,1.3753453881454856,4,13,-1.3492223945896558,-1.7237369903496913,0.7452362303744248
137695,"137695, 4067, 96764",5091,False,2.4462359728382324,0.0349632683932946,1.181524627620046,4,13,-0.2143873408963195,-0.3542318392037904,0.7760302177369495
137695,"137695, 4067, 96764",23047,False,-3.127307654717636,0.0336250280907382,-1.908132998505221,4,13,-0.503214451688364,-0.1388119512579047,0.774370199859026
137695,"137695, 4067, 96764",5229,False,-2.3918103054216733,0.0400659788541321,-1.1731533410650503,4,13,-0.6834274275750465,-0.4379325564582736,0.7947636811015407
137695,"137695, 4067, 96764",221476,False,3.945216690327338,0.0013815406118383,1.7209840881005891,4,13,-0.0203662035113232,-0.2270750359585216,0.3758375691415674
137695,"137695, 4067, 96764",5289,False,2.3908638694906195,0.0349275729037092,1.1142062327628082,4,13,-0.3247753910848934,-0.5887932411525804,0.7760302177369495
137695,"137695, 4067, 96764",23203,False,-2.507336030865534,0.0265329180610277,-1.1392620770505348,4,13,-1.5687549943208106,-1.1708145491921056,0.7568854103964252
137695,"137695, 4067, 96764",56902,False,-2.582003002977828,0.0241990378380983,-1.1942871996321822,4,13,-1.3375403944055546,-1.095061520974097,0.7555168658866813
137695,"137695, 4067, 96764",84172,False,-3.001017678354531,0.0156517100338513,-1.4907031025698376,4,13,-1.806948971083943,-1.3663897731115806,0.6969395197566322
137695,"137695, 4067, 96764",5442,False,2.274640485771344,0.0382139656527664,0.977674665636946,4,13,-0.3451543888987116,-0.5804163503448969,0.7887891891367923
137695,"137695, 4067, 96764",60490,False,2.376771650243763,0.0349469703729105,1.0960364229742656,4,13,0.0796241863098956,-0.1015941469732337,0.7760302177369495
137695,"137695, 4067, 96764",26472,False,-2.1909981336937627,0.0446557573263708,-0.926024494767812,4,13,-0.5565802806030846,-0.4512513934306567,0.7982670741340606
137695,"137695, 4067, 96764",55278,False,2.3472903893796557,0.0374875393079226,1.0904208389466123,4,13,-0.0629733091682465,-0.3531729149805175,0.7855967493217224
137695,"137695, 4067, 96764",29127,False,2.859899634667434,0.0145777005190858,1.324617870241187,4,13,-1.1342169628401404,-1.6021986192264346,0.6842551662450265
137695,"137695, 4067, 96764",56852,False,2.999331418880069,0.0133531869291749,1.4417233926773012,4,13,0.0258517906353804,-0.1743985732228246,0.6751793909154472
137695,"137695, 4067, 96764",57038,False,3.285403106427536,0.0059801533474447,1.3057023121121532,4,13,-0.1231831321793236,-0.3977580006226959,0.5795206013161482
137695,"137695, 4067, 96764",6047,False,4.624180337914778,0.0004170967094972,1.86362059157478,4,13,-0.3375210940147153,-0.8097924759238266,0.2600148173538169
137695,"137695, 4067, 96764",6135,False,-3.983645219273335,0.0013720113159378,-1.763904594357946,4,13,-2.5363738731619474,-2.219408502806578,0.3758375691415674
137695,"137695, 4067, 96764",6154,False,-2.748244722601565,0.0395190881728717,-1.5625184425073673,4,13,-2.258773829484844,-1.6968494828552705,0.7920342741837216
137695,"137695, 4067, 96764",6228,False,-2.483147812355281,0.0347843776334157,-1.2215362552773088,4,13,-2.499196280582526,-2.1179140138163537,0.7760302177369495
137695,"137695, 4067, 96764",6229,False,-2.368046948849293,0.0456962715468823,-1.199444946331972,4,13,-1.869743251137782,-1.482019530187686,0.7982670741340606
137695,"137695, 4067, 96764",88745,False,-3.4824372290179237,0.0033483095826493,-1.4808074423984547,4,13,-0.5136823326212128,-0.3153993490405615,0.5028055018374575
137695,"137695, 4067, 96764",9136,False,-3.0306723785001624,0.0197366885418242,-1.5914345470128022,4,13,-1.2614251059006687,-0.8329027860321757,0.7200773977905233
137695,"137695, 4067, 96764",65117,False,2.938788230876239,0.0329888312160373,1.6907571150896146,4,13,-0.2803170574351963,-0.4435376347186394,0.7722938751587749
137695,"137695, 4067, 96764",388228,False,2.685627817343068,0.0178143449733688,1.189209003571292,4,13,-0.1408340597390465,-0.2728880008588921,0.7134390816796584
137695,"137695, 4067, 96764",6389,False,2.784115477713053,0.0146332437335105,1.230652837206239,4,13,-0.0037993312530082,-0.2371775482441108,0.6857144437477962
137695,"137695, 4067, 96764",644096,False,3.0812832402397,0.0081216439596509,1.361448247191037,4,13,-0.2098962762818211,-0.4248249990120222,0.606753867466964
137695,"137695, 4067, 96764",6390,False,2.9035197546945803,0.012520722258874,1.3187440215262072,4,13,-0.0531372095782981,-0.347554884169462,0.6630760309431742
137695,"137695, 4067, 96764",22928,False,2.673088963768073,0.0173706462511274,1.1288896287820074,4,13,-0.4368907210674061,-0.8476787396147424,0.712599943563994
137695,"137695, 4067, 96764",10723,False,2.1737658910818265,0.0470328614311497,0.954152135953962,4,13,0.1087438215216892,-0.0402864132321636,0.8015763446676192
137695,"137695, 4067, 96764",10051,False,2.353487112066333,0.0350018391868892,1.0639158534559794,4,13,-1.454634777337641,-1.6083312404642776,0.7760302177369495
137695,"137695, 4067, 96764",23381,False,3.5164570995103377,0.0031211080366623,1.4939891202571398,4,13,-0.9085940143401944,-1.1554795312640038,0.4999281445021685
137695,"137695, 4067, 96764",6618,False,2.59656922378012,0.0202368978147868,1.096573387920226,4,13,-1.0705083061350598,-1.4435625124048963,0.7250345459575449
137695,"137695, 4067, 96764",6619,False,3.2523731308847723,0.0058464038612823,1.315385815042355,4,13,-1.0810800478400062,-1.4406341720005975,0.5783460537391655
137695,"137695, 4067, 96764",10302,False,2.450699881614332,0.0270696334073666,1.0471950848040972,4,13,-1.043325966737136,-1.3188379686562706,0.7578267072412546
137695,"137695, 4067, 96764",11017,False,2.997482101672553,0.0315129679379883,1.7338472245666017,4,13,-0.940714440449104,-1.1913338763772696,0.7710891626210068
137695,"137695, 4067, 96764",6648,False,3.0296465206850614,0.008546402701878,1.3042546442795344,4,13,-0.7453749956066648,-1.2774837812670188,0.613409593830681
137695,"137695, 4067, 96764",8464,False,3.676438924847172,0.0023536503874108,1.600347333423796,4,13,0.0618124113092534,-0.2978357136983954,0.4587117602278026
137695,"137695, 4067, 96764",9913,False,2.26337446539459,0.042858321302104,0.8884476444062799,4,13,0.1803129915534596,-0.0902583369065922,0.7975356290297795
137695,"137695, 4067, 96764",84447,False,2.3024082259948613,0.0366031654401398,0.9450139207330396,4,13,-0.3629384594331719,-0.6835815663422546,0.7828467321786678
137695,"137695, 4067, 96764",6879,False,3.1585698418077506,0.0077355459720366,1.2520117963898187,4,13,-0.6197016279144908,-0.8062517097835223,0.603363561959853
137695,"137695, 4067, 96764",6901,False,3.121728453280834,0.0070623705242239,1.3398467009591628,4,13,-0.1472809517450639,-0.473924584868234,0.5933632169363596
137695,"137695, 4067, 96764",23435,False,2.720445890348895,0.0181618991451803,1.2455544616190366,4,13,-0.6145360646026828,-0.9583823582554656,0.7134390816796584
137695,"137695, 4067, 96764",10607,False,-2.797058502325561,0.0136041879947452,-1.1974920301436471,4,13,-1.4421327367785093,-1.1508489140552776,0.6751793909154472
137695,"137695, 4067, 96764",6908,False,2.630712975096055,0.0459438055537128,1.4995875153155551,4,13,-0.6940591802711663,-1.0293127085023983,0.7982670741340606
137695,"137695, 4067, 96764",6950,False,-2.6308704088776844,0.0332862830641553,-1.36572556338567,4,13,-2.280183559351809,-1.8439657766819535,0.7722938751587749
137695,"137695, 4067, 96764",7019,False,2.7104404802888187,0.020219285343233,1.274662352548491,4,13,-0.3780929532345244,-0.6106253108895816,0.7249982017865495
137695,"137695, 4067, 96764",7023,False,3.066946384237409,0.0079994439196415,1.3288785895678763,4,13,-0.149367160591527,-0.2815249257862892,0.606753867466964
137695,"137695, 4067, 96764",84321,False,2.9252412961172287,0.0104608550760352,1.2444960553502316,4,13,-1.129861373886427,-1.4658338089107823,0.6389455841823463
137695,"137695, 4067, 96764",9967,False,2.2488330110366057,0.0458403558554483,1.0568922527668965,4,13,-0.2323428500217687,-0.4149799701243327,0.7982670741340606
137695,"137695, 4067, 96764",11011,False,2.690867129552082,0.0173874535592408,1.0963410636899311,4,13,-0.4766957655571448,-0.66507179998794,0.7128658384945291
137695,"137695, 4067, 96764",9777,False,-3.839917960264787,0.0035926581653098,-1.867197486221212,4,13,-0.2263354250910309,-0.0822166230005661,0.5071411507405079
137695,"137695, 4067, 96764",7161,False,2.713007906289647,0.0160898055597263,1.133613213947405,4,13,0.0377419438249318,-0.1034727794912568,0.7006015786627908
137695,"137695, 4067, 96764",22878,False,2.4365020672748763,0.0277729299326146,1.0328699351533508,4,13,-1.4493415591624776,-1.6858302372408116,0.7581377630197409
137695,"137695, 4067, 96764",90121,False,-2.750379873420462,0.0165914585239308,-1.0940737046581868,4,13,-1.8763585644863647,-1.6083043218347868,0.7049997375906594
137695,"137695, 4067, 96764",203068,False,-2.218283832295465,0.0428343376112135,-0.9630721418513546,4,13,-1.936209747693575,-1.5331082782708143,0.7975356290297795
137695,"137695, 4067, 96764",27229,False,3.457307364504006,0.0035910172230706,1.432181313339314,4,13,-1.224282214505488,-1.570410253291313,0.5071411507405079
137695,"137695, 4067, 96764",85378,False,2.9941265806472277,0.0232209611269069,1.610298188125055,4,13,-0.7860570673398777,-1.0545128263794048,0.7485525004632818
137695,"137695, 4067, 96764",11065,False,-2.626337340075118,0.0193591292729592,-1.0831319615098765,4,13,-0.6754721498725984,-0.4056720770866233,0.7181353628805818
137695,"137695, 4067, 96764",3093,False,3.869265042677216,0.0017532132286614,1.5614587975735164,4,13,-0.0077240172198971,-0.2255571487454348,0.4159694640211481
137695,"137695, 4067, 96764",59286,False,4.046832911356495,0.00698245877924,2.2058764083859503,4,13,-2.313223923867798,-2.912697645635632,0.592252413130497
137695,"137695, 4067, 96764",7381,False,2.662342607789808,0.0265782699850473,1.3183914415044484,4,13,-0.1593428927203133,-0.3759479620832305,0.7568854103964252
137695,"137695, 4067, 96764",7386,False,3.760324486476693,0.0110656428668366,2.0918631974232187,4,13,-0.2047986132684746,-0.5196638681349378,0.64579115731803
137695,"137695, 4067, 96764",27089,False,2.446316804199528,0.0277416849558649,1.0036505479160889,4,13,-0.2147510907952485,-0.3570720153300005,0.7581377630197409
137695,"137695, 4067, 96764",9875,False,2.80478620782194,0.0139526987406224,1.2357555706544106,4,13,-0.8447435647321236,-1.0496697099186083,0.6757656294720714
137695,"137695, 4067, 96764",79650,False,-2.824232462567646,0.0155078882464756,-1.3067051704468775,4,13,-0.3874459186649653,-0.2379126561214095,0.6950759803779362
137695,"137695, 4067, 96764",9100,False,-3.0295902592617003,0.0085401104043462,-1.303316110448785,4,13,-0.7159239919140646,-0.5289802129165199,0.613409593830681
137695,"137695, 4067, 96764",10813,False,-2.4870234876344064,0.0255577858018866,-1.0225487828294617,4,13,-0.4109321009297789,-0.2577395038605239,0.7568854103964252
137695,"137695, 4067, 96764",57176,False,2.490194476004122,0.0308556816059829,1.1830103130168763,4,13,-0.1886998981257034,-0.5122241055851217,0.7693126667133082
137695,"137695, 4067, 96764",9525,False,2.3593999700306347,0.0324411818118449,1.0139085695901384,4,13,-0.0522470887428169,-0.3474133676958362,0.7715553047120207
137695,"137695, 4067, 96764",126248,False,2.5074841196822697,0.0376717054096504,1.279064370221439,4,13,-0.1845151904040084,-0.4018039815471867,0.7858448431886305
137695,"137695, 4067, 96764",10413,False,2.1757403659121106,0.0460623082211876,0.9088698640796752,4,13,-0.2420198457212539,-0.5786076367384614,0.7982670741340606
137695,"137695, 4067, 96764",7525,False,2.343577103362312,0.0335028308508175,0.9720871022390896,4,13,0.1011566563719412,-0.0600780561433471,0.7736039978034098
137695,"137695, 4067, 96764",23091,False,2.907357009172836,0.0357682393214006,1.6931065772356555,4,13,-0.2292216637925074,-0.6099045699463717,0.7792678241219885
137695,"137695, 4067, 96764",7543,False,2.215754079247277,0.0459941159596485,1.0124458838195858,4,13,-0.1926507268440304,-0.359524620757505,0.7982670741340606
137695,"137695, 4067, 96764",55954,False,2.724876855377796,0.0476588051257804,1.627631663614613,4,13,-0.6201534483374243,-0.977895340891518,0.8019982402475438
137695,"137695, 4067, 96764",7776,False,-2.7925249600454807,0.0264296805646096,-1.4515437914476983,4,13,-0.6498759902642475,-0.383390881722328,0.7568854103964252
137695,"137695, 4067, 96764",84527,False,2.209625310247589,0.0495348816444104,1.0427778743151697,4,13,-0.0059710277238985,-0.1731708873224585,0.8046714497212784
1537,"1537, 26873, 81858, 84232, 84875",60,False,-2.255574759485213,0.0416255797928269,-0.9018252814490388,4,13,-0.6765799714880303,-0.486608713960121,0.7955525158072521
1537,"1537, 26873, 81858, 84232, 84875",102157402,False,-3.6936165731678994,0.0041229960313184,-1.7739853924516154,4,13,-1.5009297165811644,-0.9233953166570028,0.5320675763623917
1537,"1537, 26873, 81858, 84232, 84875",364,False,2.2997986210733465,0.038315411313783,1.0339344087147944,4,13,-0.2729969103174998,-0.4392767962347836,0.7891616186922428
1537,"1537, 26873, 81858, 84232, 84875",382,False,2.548964467007324,0.0308733555708445,1.2497573754734277,4,13,-0.0445663257830288,-0.3082299017846636,0.7693126667133082
1537,"1537, 26873, 81858, 84232, 84875",9411,False,2.427276042569471,0.0317747014601689,1.117913767187553,4,13,-0.2639180467412321,-0.6440786842684243,0.7715553047120207
1537,"1537, 26873, 81858, 84232, 84875",285598,False,-3.101916915946524,0.0077843225149805,-1.3698712860837603,4,13,-0.4248269825564586,-0.2042728701263499,0.6039499425927941
1537,"1537, 26873, 81858, 84232, 84875",84126,False,2.497807678750104,0.0325263868158439,1.2123177831587235,4,13,-0.4341671500001358,-0.6518619614589227,0.772109071206664
1537,"1537, 26873, 81858, 84232, 84875",617,False,3.1167150290524592,0.0089266244795708,1.4382589094804985,4,13,-0.1787038095580216,-0.3770979222653195,0.613409593830681
1537,"1537, 26873, 81858, 84232, 84875",23774,False,2.4516628919611168,0.0269532651870287,1.035588798506754,4,13,0.0533865405748546,-0.0955354097085937,0.7578267072412546
1537,"1537, 26873, 81858, 84232, 84875",114049,False,-2.2958195612206738,0.0411147575847276,-1.0664793531443484,4,13,-1.6113828955596132,-1.384716575495183,0.7950058640262805
1537,"1537, 26873, 81858, 84232, 84875",819,False,3.267978678790425,0.0052143214191426,1.3663826682795035,4,13,-0.2739047793976185,-0.4707818102044173,0.5679220261202397
1537,"1537, 26873, 81858, 84232, 84875",124808,False,2.1826487173087963,0.0480479014196214,0.9872470817570508,4,13,-0.2724624166138313,-0.3817618884390615,0.8025850769705906
1537,"1537, 26873, 81858, 84232, 84875",55835,False,3.632455948396418,0.0024703302835459,1.5199047538778407,4,13,-0.139408367331455,-0.3521326162146431,0.4610912565838169
1537,"1537, 26873, 81858, 84232, 84875",91687,False,2.334334042334277,0.0375728270857802,1.074104559035744,4,13,-0.7064130320775162,-0.9044467160296862,0.7855967493217224
1537,"1537, 26873, 81858, 84232, 84875",55125,False,3.251740113933575,0.0287861729492431,1.9672301432249677,4,13,-0.4943366153405474,-0.8988286097389853,0.7616078750973275
1537,"1537, 26873, 81858, 84232, 84875",64377,False,2.4296007163070734,0.0282459454105319,1.0131205606496358,4,13,-0.1307697298470265,-0.2606442152537504,0.7586792529741281
1537,"1537, 26873, 81858, 84232, 84875",57511,False,3.046739365204889,0.0083448179838627,1.3212382527852546,4,13,-0.3387816384362213,-0.5087266149350567,0.6113059865459624
1537,"1537, 26873, 81858, 84232, 84875",91949,False,2.5843920044592217,0.0225590342029241,1.1658778968995165,4,13,-0.1551743492113708,-0.3432585053066657,0.743696768553327
1537,"1537, 26873, 81858, 84232, 84875",64326,False,-2.3981891415326477,0.0450379525263818,-1.2279218767150726,4,13,-0.5176063300694116,-0.3297462237275592,0.7982670741340606
1537,"1537, 26873, 81858, 84232, 84875",55352,False,2.801375668606481,0.013698027449648,1.2166867915796098,4,13,-0.0501348415372028,-0.2397021884975354,0.6751793909154472
1537,"1537, 26873, 81858, 84232, 84875",8533,False,3.2656784186732706,0.0092423517843248,1.5925481503070418,4,13,-0.5477490086220986,-0.8371338631532771,0.6177479122895033
1537,"1537, 26873, 81858, 84232, 84875",10987,False,2.566224870531709,0.0295919598576801,1.253129556845368,4,13,-1.677933832066278,-2.007320266783198,0.7673596757763704
1537,"1537, 26873, 81858, 84232, 84875",90639,False,2.147911517890462,0.048576104791445,0.9194809115105896,4,13,-0.076001589504199,-0.2143462991992339,0.8037156778640308
1537,"1537, 26873, 81858, 84232, 84875",116228,False,-2.788723541591046,0.0408936454368213,-1.6238440353149968,4,13,-0.5026602695701952,-0.3297595945166523,0.7950058640262805
1537,"1537, 26873, 81858, 84232, 84875",6997,False,-2.661891227692033,0.0182434550050716,-1.1635887924776116,4,13,-0.699515359567053,-0.4738875705212442,0.7134390816796584
1537,"1537, 26873, 81858, 84232, 84875",1398,False,-2.716006100232682,0.0311491620344782,-1.431164819829396,4,13,-0.5474738706659307,-0.1832594199856895,0.7710891626210068
1537,"1537, 26873, 81858, 84232, 84875",10664,False,2.2718100878678125,0.0394636220532293,0.9202348668183914,4,13,-1.5677111745551826,-1.8065223724649029,0.7920294554796992
1537,"1537, 26873, 81858, 84232, 84875",8450,False,2.2791225110647244,0.0467246955394843,1.1039593101451337,4,13,0.0725593759346845,-0.0812460600702503,0.8013944858587448
1537,"1537, 26873, 81858, 84232, 84875",1616,False,-2.1530086922692235,0.0490172054407964,-0.9474182899699866,4,13,-0.4023974665603482,-0.2406671877974791,0.8037156778640308
1537,"1537, 26873, 81858, 84232, 84875",1642,False,3.20757567643148,0.0065022004383138,1.4295871631003356,4,13,-1.7622757025918776,-2.138595055670645,0.5853481090725166
1537,"1537, 26873, 81858, 84232, 84875",8886,False,-2.543914377863951,0.0422444957933291,-1.364861374197312,4,13,-1.8102141590760448,-1.576651738582791,0.7974289184896268
1537,"1537, 26873, 81858, 84232, 84875",9093,False,3.813418177276468,0.0022359168440805,1.5116549071996557,4,13,-0.8478534351617475,-1.1222316591366108,0.4563336296853107
1537,"1537, 26873, 81858, 84232, 84875",5977,False,3.768519024679775,0.0092912744903393,2.0446953743548906,4,13,0.0415394352930156,-0.446590183504742,0.6188494899539638
1537,"1537, 26873, 81858, 84232, 84875",8655,False,-2.628260972608402,0.019067076084144,-1.097315124160816,4,13,-0.753202646856142,-0.453837795398215,0.7162657147812442
1537,"1537, 26873, 81858, 84232, 84875",1871,False,-2.4185650804259198,0.0497432199174345,-1.293117289813835,4,13,-0.6999922109971617,-0.2948134487966227,0.8046714497212784
1537,"1537, 26873, 81858, 84232, 84875",8666,False,-6.106909101517805,8.774725004562324e-05,-2.894819762057161,4,13,-1.6554887471343074,-1.198368566977391,0.1277728056223882
1537,"1537, 26873, 81858, 84232, 84875",1973,False,-2.8783792235043677,0.026129784537683,-1.5352193176071385,4,13,-1.3297591474198196,-0.8251978148774988,0.7568854103964252
1537,"1537, 26873, 81858, 84232, 84875",56943,False,4.474712679781542,0.0019501041437439,2.24873475410407,4,13,-0.4550304077583781,-0.8143603160479872,0.4386768469956549
1537,"1537, 26873, 81858, 84232, 84875",91442,False,2.988052827277826,0.0149180899415273,1.463708725023318,4,13,-0.2708685245855393,-0.5982927007537961,0.6871175778752507
1537,"1537, 26873, 81858, 84232, 84875",57697,False,2.268360120664396,0.0385136356492151,0.9548375879642704,4,13,-0.4237767755795413,-0.713133331042865,0.7891616186922428
1537,"1537, 26873, 81858, 84232, 84875",2197,False,-2.8303605885715086,0.0251499469479024,-1.472968324871389,4,13,-2.9710880182118937,-2.3583916154022537,0.7568854103964252
1537,"1537, 26873, 81858, 84232, 84875",80204,False,3.155075524339136,0.0069623555037905,1.2825488530295723,4,13,-0.0230454796822563,-0.2755707390160636,0.5918560655936175
1537,"1537, 26873, 81858, 84232, 84875",26268,False,2.5543320461341024,0.0414594320308109,1.368636947229425,4,13,-0.0975482398749833,-0.2561783221857072,0.7950058640262805
1537,"1537, 26873, 81858, 84232, 84875",2673,False,2.51422377177442,0.02559607884384,1.1306520592124618,4,13,-0.1918447484001848,-0.4643956773705304,0.7568854103964252
1537,"1537, 26873, 81858, 84232, 84875",25988,False,2.3615864599336582,0.0350611205547068,0.9342762369811538,4,13,-1.5716273682798665,-1.9093826964893204,0.7760302177369495
1537,"1537, 26873, 81858, 84232, 84875",10989,False,-2.578224248680125,0.024532746833896,-1.1953396509581902,4,13,-0.534712835326833,-0.4168207517674144,0.7555168658866813
1537,"1537, 26873, 81858, 84232, 84875",3688,False,2.369653890519132,0.0439243765432638,1.1850094788230463,4,13,0.1363252493217232,-0.3707814772883185,0.7982670741340606
1537,"1537, 26873, 81858, 84232, 84875",10300,False,3.76395260689627,0.0022214733354522,1.5116966275365074,4,13,-0.2464887183088988,-0.4979372968036076,0.4563336296853107
1537,"1537, 26873, 81858, 84232, 84875",3765,False,2.8999663580753854,0.0338833265827741,1.6605022390454711,4,13,-0.0916717355589609,-0.3762866288675836,0.7757835416820886
1537,"1537, 26873, 81858, 84232, 84875",83892,False,-2.3521671939028845,0.0412984435312339,-1.1390827626327922,4,13,-0.5394041165640128,-0.2398371131878594,0.7950058640262805
1537,"1537, 26873, 81858, 84232, 84875",9493,False,4.26037472673415,0.0027047471062072,2.148466438227898,4,13,-1.7310708127137386,-2.1832264986614174,0.4724836524595978
1537,"1537, 26873, 81858, 84232, 84875",79165,False,2.6611165283759552,0.02569630337252,1.3053314084560763,4,13,-0.1656330212538641,-0.3901341790157771,0.7568854103964252
1537,"1537, 26873, 81858, 84232, 84875",92935,False,2.273688700636499,0.0452374519423715,1.082734824666043,4,13,-0.4100160455628315,-0.7794930158709602,0.7982670741340606
1537,"1537, 26873, 81858, 84232, 84875",55388,False,2.2970786160839545,0.0428227829335993,1.0873221159353526,4,13,-0.5807547138036313,-0.7860153859090051,0.7975356290297795
1537,"1537, 26873, 81858, 84232, 84875",55090,False,4.571241454264767,0.0003844807110105,1.9755858518832152,4,13,-0.4382735867427878,-0.7606465922720952,0.2496664154327569
1537,"1537, 26873, 81858, 84232, 84875",64745,False,2.462814332723606,0.0280087304450712,0.9876911701496328,4,13,-0.4230857477905508,-0.6305713400546525,0.7586792529741281
1537,"1537, 26873, 81858, 84232, 84875",55257,False,-2.6614612724044204,0.0483945436719723,-1.560851448659306,4,13,-0.9979233606876724,-0.6841358661477044,0.8037156778640308
1537,"1537, 26873, 81858, 84232, 84875",64975,False,2.7157987199603024,0.02581312247042,1.36435711728285,4,13,-0.4420382306815374,-0.7033218047634375,0.7568854103964252
1537,"1537, 26873, 81858, 84232, 84875",26589,False,2.4870588746067046,0.0252312773961523,1.0651712239263955,4,13,-0.0602051109820666,-0.2871216835205745,0.7568854103964252
1537,"1537, 26873, 81858, 84232, 84875",63931,False,2.47452272847447,0.0258343889805746,1.0341699943625515,4,13,-0.3714540410902406,-0.6039546967314414,0.7568854103964252
1537,"1537, 26873, 81858, 84232, 84875",51023,False,2.2380993738966626,0.049236327882734,1.0765961668050836,4,13,-0.0901972996654839,-0.3156199588570446,0.8046230511059362
1537,"1537, 26873, 81858, 84232, 84875",28957,False,3.675403138485464,0.0022880178049085,1.580512113834459,4,13,-0.3230724847421816,-0.5613861434290673,0.4575028306380896
1537,"1537, 26873, 81858, 84232, 84875",10240,False,2.5930967924961674,0.0214389208214106,1.0476068803423038,4,13,-0.2149001169006112,-0.4409346971298343,0.7331528917128181
1537,"1537, 26873, 81858, 84232, 84875",65993,False,3.000786906048828,0.0110183013861534,1.383179866388841,4,13,-0.3281751047655257,-0.6383183413185951,0.64579115731803
1537,"1537, 26873, 81858, 84232, 84875",26164,False,2.136903490166344,0.0495597928774234,0.912518385278064,4,13,-0.1747170485244595,-0.38902973289305,0.8046714497212784
1537,"1537, 26873, 81858, 84232, 84875",4609,False,-2.1678636580872,0.0469922969340803,-0.9370891831484176,4,13,-1.9636370965813588,-1.5505541298574583,0.8015763446676192
1537,"1537, 26873, 81858, 84232, 84875",10135,False,2.441082046097587,0.0278110513314518,1.0084760818693257,4,13,-0.183970728753251,-0.4824139688691987,0.7581377630197409
1537,"1537, 26873, 81858, 84232, 84875",8031,False,2.355786612412385,0.033505609315085,0.9568315025513594,4,13,-0.4159821463002756,-0.5624803279826897,0.7736039978034098
1537,"1537, 26873, 81858, 84232, 84875",4714,False,2.460118564690937,0.0272330346583129,1.0799644170621625,4,13,-0.1753130349898315,-0.3493819606120927,0.7578267072412546
1537,"1537, 26873, 81858, 84232, 84875",8602,False,-3.177564171536287,0.0264317789317882,-1.8482805239685876,4,13,-1.4197751664282203,-1.0293603167319074,0.7568854103964252
1537,"1537, 26873, 81858, 84232, 84875",51070,False,3.2992663775452167,0.0052742373531285,1.4585898740092025,4,13,-0.1369375156231281,-0.3099686140853032,0.5690627652760771
1537,"1537, 26873, 81858, 84232, 84875",10412,False,-2.7040872877975253,0.0163646741813025,-1.131752522099789,4,13,-1.4840706020262897,-1.300794183622268,0.7016422622248645
1537,"1537, 26873, 81858, 84232, 84875",286053,False,2.2565645480738628,0.0393946040310772,0.9504856328416696,4,13,-0.3376192508166531,-0.5012083387912083,0.7920294554796992
1537,"1537, 26873, 81858, 84232, 84875",10726,False,2.2101002540101358,0.0453898529369997,0.9954608574798068,4,13,-0.6765282313640317,-0.8628494089967481,0.7982670741340606
1537,"1537, 26873, 81858, 84232, 84875",79902,False,2.344282590216965,0.0448908632941205,1.1645766073734942,4,13,-1.3602920461742074,-1.6245201004455094,0.7982670741340606
1537,"1537, 26873, 81858, 84232, 84875",5134,False,-2.7216214486088317,0.024930690337906,-1.3585383002930425,4,13,-1.4269549309258835,-0.831524597753342,0.7568854103964252
1537,"1537, 26873, 81858, 84232, 84875",23047,False,-3.004959470073291,0.0386158379479271,-1.8421797630182664,4,13,-0.4990675637358194,-0.1400879167817646,0.7891616186922428
1537,"1537, 26873, 81858, 84232, 84875",94005,False,-2.487831346762601,0.0362272804870688,-1.2423367688776157,4,13,-0.4634051908225577,-0.2857323916055184,0.7797765726372132
1537,"1537, 26873, 81858, 84232, 84875",56902,False,-3.0082369468587897,0.0094263211302011,-1.331171776097786,4,13,-1.3510594950018988,-1.0909017977136837,0.6196372357436517
1537,"1537, 26873, 81858, 84232, 84875",5441,False,3.1261199748204285,0.0073368272268676,1.375022987813175,4,13,-2.1199156982887857,-2.6666457555566856,0.5963678797152245
1537,"1537, 26873, 81858, 84232, 84875",60490,False,2.375752311718039,0.0349602310336692,1.094852129376522,4,13,0.079456241344455,-0.101542471599252,0.7760302177369495
1537,"1537, 26873, 81858, 84232, 84875",51645,False,2.379139492770255,0.0386931963572244,1.1439692695658712,4,13,-0.442116535597822,-0.941271477465931,0.789404272527965
1537,"1537, 26873, 81858, 84232, 84875",8624,False,-2.677984898564428,0.0176581429085624,-1.096867915801201,4,13,-0.7942136873993217,-0.484519535252875,0.7134390816796584
1537,"1537, 26873, 81858, 84232, 84875",118672,False,3.5331506065890594,0.005054572861593,1.6814656994005015,4,13,-0.348599359722735,-0.6839081816756263,0.5647706482767996
1537,"1537, 26873, 81858, 84232, 84875",29127,False,3.256420101500931,0.0066699739187153,1.4929479580412195,4,13,-1.1010497200920786,-1.6124039246873765,0.5853481090725166
1537,"1537, 26873, 81858, 84232, 84875",56852,False,2.4993121680916746,0.0343704145148036,1.2350226491186842,4,13,0.0102424406864404,-0.1695956963154584,0.7760302177369495
1537,"1537, 26873, 81858, 84232, 84875",57038,False,2.5905338062336587,0.0207986055484574,1.0675400689794738,4,13,-0.1540855532857628,-0.3882495633591761,0.7292762103763515
1537,"1537, 26873, 81858, 84232, 84875",27316,False,2.178223539961134,0.047076344397638,0.9645586591160366,4,13,-1.6349255198103898,-1.941422722305553,0.8015763446676192
1537,"1537, 26873, 81858, 84232, 84875",55312,False,2.72101554723756,0.0158934157941897,1.1313360061389726,4,13,-0.0406529837128655,-0.2569408795806182,0.7006015786627908
1537,"1537, 26873, 81858, 84232, 84875",114822,False,-4.342688001263879,0.0067526490768858,-2.4540806341343044,4,13,-0.4904786207584278,-0.2451783157320893,0.5853481090725166
1537,"1537, 26873, 81858, 84232, 84875",165918,False,2.7132950341274933,0.0160299182611819,1.1502512289511415,4,13,-0.4100238828518401,-0.7639968092538519,0.7006015786627908
1537,"1537, 26873, 81858, 84232, 84875",6047,False,3.1574169558873,0.0075952883505552,1.4287685722611465,4,13,-0.3905387726238408,-0.7934793440440958,0.6017422814857531
1537,"1537, 26873, 81858, 84232, 84875",6160,False,-2.539485227317036,0.0260523830365436,-1.1728618162364195,4,13,-2.8294354552760934,-2.35579041543696,0.7568854103964252
1537,"1537, 26873, 81858, 84232, 84875",11224,False,-2.9517385594545025,0.0387621571810455,-1.7827661076600814,4,13,-1.8306652909778391,-1.4385638320072778,0.789404272527965
1537,"1537, 26873, 81858, 84232, 84875",6175,False,-2.266762845968469,0.045512422339956,-1.0767293858174982,4,13,-1.7061580778850445,-1.4358464865720912,0.7982670741340606
1537,"1537, 26873, 81858, 84232, 84875",6205,False,-2.9051252824705327,0.012089425072034,-1.3065212003514788,4,13,-2.706949497086934,-2.3240069991500536,0.6581491289643457
1537,"1537, 26873, 81858, 84232, 84875",6218,False,-2.5265688056406383,0.0474328404502463,-1.4984183808959677,3,9,-1.762474649375463,-1.48223231151642,0.8015763446676192
1537,"1537, 26873, 81858, 84232, 84875",6223,False,-2.6755288919955937,0.0459038934374765,-1.550688305232906,4,13,-3.267974509972907,-2.742290617020942,0.7982670741340606
1537,"1537, 26873, 81858, 84232, 84875",6229,False,-2.344033700286458,0.0435034413573433,-1.1512108454495464,4,13,-1.85507450993664,-1.4865329890188066,0.7982670741340606
1537,"1537, 26873, 81858, 84232, 84875",6235,False,-2.858009401308916,0.0266486324940157,-1.521463881514778,4,13,-3.350063906274765,-2.861608272121196,0.7568854103964252
1537,"1537, 26873, 81858, 84232, 84875",27341,False,-2.234220279033024,0.0415434464728985,-0.969620724316818,4,13,-0.9935429523345062,-0.8083006784790994,0.7953376919186252
1537,"1537, 26873, 81858, 84232, 84875",388228,False,2.7198536529735677,0.0168169882692408,1.2095444713605197,4,13,-0.1392275497354376,-0.2733823116292333,0.7070974930710524
1537,"1537, 26873, 81858, 84232, 84875",6389,False,2.612781151012198,0.0196732690034685,1.1187846077078352,4,13,-0.0194735175053782,-0.23235472170492,0.7200773977905233
1537,"1537, 26873, 81858, 84232, 84875",644096,False,3.050984919794524,0.0081632400448547,1.310597689235295,4,13,-0.2164382769733648,-0.4228120757223163,0.606753867466964
1537,"1537, 26873, 81858, 84232, 84875",6390,False,2.4831297119137714,0.0301471928102332,1.1651618927731142,4,13,-0.0718912379468473,-0.3417844139022161,0.7686204498923369
1537,"1537, 26873, 81858, 84232, 84875",6400,False,2.292928064025106,0.0368820658605614,0.9849730595849367,4,13,-0.0770488758970202,-0.2434433253107025,0.7836483879259681
1537,"1537, 26873, 81858, 84232, 84875",10463,False,2.6465525900209634,0.0262012639307038,1.296585686926549,4,13,-0.0261998604857201,-0.3094254535544972,0.7568854103964252
1537,"1537, 26873, 81858, 84232, 84875",9197,False,2.6633597093089474,0.0188182622585431,1.185845092995643,4,13,-0.1094876132841877,-0.3327632728540833,0.7134390816796584
1537,"1537, 26873, 81858, 84232, 84875",9126,False,2.472617754902595,0.0258681842970877,1.0474720974146603,4,13,-1.2088203196963607,-1.3989435425846537,0.7568854103964252
1537,"1537, 26873, 81858, 84232, 84875",10051,False,3.4408426120694786,0.013853427568139,1.868851363795056,4,13,-1.3754065857810942,-1.6327091455585996,0.6751793909154472
1537,"1537, 26873, 81858, 84232, 84875",9887,False,2.435327308169719,0.0282371815659331,1.0022167250433147,4,13,-0.4174625464105997,-0.5567244138172499,0.7586792529741281
1537,"1537, 26873, 81858, 84232, 84875",8773,False,-2.466414099813244,0.0428358619734786,-1.284347380469148,4,13,-1.1403695943588896,-0.5032229717992305,0.7975356290297795
1537,"1537, 26873, 81858, 84232, 84875",6618,False,3.305915357959727,0.0063940443441861,1.5304999563695865,4,13,-0.9692733659324532,-1.4747117247749295,0.5853481090725166
1537,"1537, 26873, 81858, 84232, 84875",6619,False,2.469669338485991,0.0260724222228457,1.054595967655492,4,13,-1.123721468279934,-1.4275137349421585,0.7568854103964252
1537,"1537, 26873, 81858, 84232, 84875",11017,False,2.8024383684704954,0.028604210824269,1.4899300153015351,4,13,-0.9686874053337078,-1.18272681025893,0.7602841939596087
1537,"1537, 26873, 81858, 84232, 84875",57405,False,2.3311274245312514,0.0395008124979558,1.0938022085376389,4,13,-1.302532920735961,-1.6470693501200744,0.7920294554796992
1537,"1537, 26873, 81858, 84232, 84875",283377,False,-2.703205722923623,0.0273961795535505,-1.3718144427278132,4,13,-0.5731212036003147,-0.4343193451797615,0.7578267072412546
1537,"1537, 26873, 81858, 84232, 84875",55133,False,2.877155844443865,0.0220109990626732,1.475353394444597,4,13,-1.1427500143203195,-1.5326117038334135,0.7398212951771879
1537,"1537, 26873, 81858, 84232, 84875",58477,False,2.2313029831951887,0.0414122624907866,0.952737201088743,4,13,-0.5659297529617845,-0.7112972984390743,0.7950058640262805
1537,"1537, 26873, 81858, 84232, 84875",10250,False,2.900472132607199,0.0112111821301502,1.2582311872490315,4,13,-0.6600153785967844,-0.8433756203735491,0.64579115731803
1537,"1537, 26873, 81858, 84232, 84875",6432,False,3.481084475988381,0.0088314553930735,1.7751298265026876,4,13,-1.818828327790431,-2.2694827269495024,0.613409593830681
1537,"1537, 26873, 81858, 84232, 84875",57794,False,3.218024055447229,0.0096460298776743,1.559717266863952,4,13,-0.5368952369896498,-0.7542926650109146,0.6229602688458178
1537,"1537, 26873, 81858, 84232, 84875",8464,False,5.14822033608574,0.0001190477792069,2.171321155453766,4,13,0.1219067367210031,-0.3163262753635492,0.1461550205339268
1537,"1537, 26873, 81858, 84232, 84875",9913,False,2.7264244555926425,0.018749493487893,1.265032824187903,4,13,0.2720113435985147,-0.1184732144589168,0.7134390816796584
1537,"1537, 26873, 81858, 84232, 84875",6879,False,3.4391486351018083,0.0037994724750856,1.4135079547659122,4,13,-0.6032424148538885,-0.8113160830329385,0.5147583596607811
1537,"1537, 26873, 81858, 84232, 84875",10607,False,-3.6844776998781463,0.0023869693996984,-1.5024373718669917,4,13,-1.482671910204793,-1.1383753222318056,0.4587117602278026
1537,"1537, 26873, 81858, 84232, 84875",6950,False,-2.961059684479819,0.019448134729034,-1.5185245642969412,4,13,-2.3049778924048443,-1.8363367511271735,0.7181353628805818
1537,"1537, 26873, 81858, 84232, 84875",79736,False,2.4768436446782225,0.031764261260632,1.1789442468266194,4,13,-0.2248068689288914,-0.491702575761867,0.7715553047120207
1537,"1537, 26873, 81858, 84232, 84875",7050,False,2.284813401836227,0.0403116739693991,1.0407275117762802,4,13,0.127212457004277,-0.1213217830197554,0.7950058640262805
1537,"1537, 26873, 81858, 84232, 84875",8563,False,3.019324093119048,0.0093573023880665,1.3429875871106498,4,13,-1.2021141430784748,-1.4463624327168143,0.6196372357436517
1537,"1537, 26873, 81858, 84232, 84875",79228,False,2.599135961284742,0.0498762980477764,1.5030133706677788,4,13,-0.2335900626350583,-0.4221845679626979,0.8046714497212784
1537,"1537, 26873, 81858, 84232, 84875",9967,False,2.5178283164525177,0.0275548634586684,1.1698763781754515,4,13,-0.2206324111498832,-0.4185831820849129,0.7578267072412546
1537,"1537, 26873, 81858, 84232, 84875",10469,False,2.6461501325217904,0.0314967881210896,1.3615854578809017,4,13,-0.7319694260832141,-0.971330692058056,0.7710891626210068
1537,"1537, 26873, 81858, 84232, 84875",64759,False,2.1836785322817143,0.045486344759245,0.9069652397173732,4,13,-0.1960889636017913,-0.3437923348365031,0.7982670741340606
1537,"1537, 26873, 81858, 84232, 84875",7161,False,2.614192596817063,0.0195444152296082,1.1008840632909134,4,13,0.0353473734967026,-0.1027359886210324,0.7183532871617752
1537,"1537, 26873, 81858, 84232, 84875",7186,False,2.349545612810258,0.0422650316577918,1.1456591893970436,4,13,-0.2563952791013606,-0.5604005413571922,0.7974289184896268
1537,"1537, 26873, 81858, 84232, 84875",10293,False,3.012961198175912,0.0098572111247377,1.3568779373205082,4,13,-0.4214016043880372,-0.8140916508504689,0.6262169779905742
1537,"1537, 26873, 81858, 84232, 84875",9319,False,2.800368753117831,0.0134735413466005,1.1927727723247703,4,13,-0.1992530417271737,-0.3874461615951855,0.6751793909154472
1537,"1537, 26873, 81858, 84232, 84875",80705,False,2.388538091891371,0.030716322582519,0.9902281268816496,4,13,-0.2338081944989554,-0.3295146244620627,0.7689044219165413
1537,"1537, 26873, 81858, 84232, 84875",10844,False,5.561083272855638,5.4556862839841565e-05,2.3418639936380066,4,13,-0.7521092999189266,-1.578778332214713,0.1096423598059726
1537,"1537, 26873, 81858, 84232, 84875",27229,False,3.3679914324092173,0.0043095520755765,1.3948871838945365,4,13,-1.2297634505625734,-1.5687237191199015,0.5373081927011933
1537,"1537, 26873, 81858, 84232, 84875",85378,False,2.782969906907463,0.0323540435207158,1.51614359568729,4,13,-0.79283541305794,-1.052427181543078,0.7715553047120207
1537,"1537, 26873, 81858, 84232, 84875",7307,False,2.335879284933537,0.0393097211633322,1.0976589543995685,4,13,-1.4588397346817816,-1.667447902584184,0.7920195618927413
1537,"1537, 26873, 81858, 84232, 84875",3093,False,4.329399134371901,0.0007757569722603,1.7328924326108848,4,13,0.0052406400230766,-0.2295462740509652,0.3259895048147984
1537,"1537, 26873, 81858, 84232, 84875",55245,False,2.208697940359634,0.0431740400912512,0.9347783352847872,4,13,-0.0834024511000105,-0.2075011511717614,0.7982670741340606
1537,"1537, 26873, 81858, 84232, 84875",7385,False,2.2203551874157545,0.0490376860872338,1.051998007174425,4,13,-0.164806650959658,-0.3604086395036164,0.8037156778640308
1537,"1537, 26873, 81858, 84232, 84875",7386,False,3.182726894300897,0.006553167268075,1.4000187816433478,4,13,-0.2805584322260404,-0.496353154609533,0.5853481090725166
1537,"1537, 26873, 81858, 84232, 84875",27089,False,2.6184207137368034,0.0194958624292106,1.0890537000472271,4,13,-0.2061659873524489,-0.3597135856200926,0.7182293791563088
1537,"1537, 26873, 81858, 84232, 84875",8239,False,2.5825405563595965,0.0437444809767949,1.422758507365314,4,13,-0.3315825095279644,-0.7617978390197669,0.7982670741340606
1537,"1537, 26873, 81858, 84232, 84875",6944,False,3.025762114892216,0.0338235442985053,1.7975569979906798,4,13,-0.2503333909827765,-0.5718776028621361,0.7756806519949839
1537,"1537, 26873, 81858, 84232, 84875",55759,False,-4.3284650764178005,0.0020833106095731,-2.147585981011697,4,13,-1.5694523127406748,-1.228638088796487,0.4465260283830929
1537,"1537, 26873, 81858, 84232, 84875",54464,False,2.734987890924617,0.0168784612947766,1.2325669830326995,4,13,-0.4224418636229718,-0.6788567483023288,0.7070974930710524
170506,"170506, 51319, 57018, 5806, 79718, 85476, 8833, 9197",93973,False,2.7180022628183544,0.0180280037176557,1.2395030471840052,4,13,-0.4231409565764574,-0.6920824108801961,0.7134390816796584
170506,"170506, 51319, 57018, 5806, 79718, 85476, 8833, 9197",5832,False,2.2922140950394483,0.0369478373708261,0.9526809907516232,4,13,-0.022190001963348,-0.198396428288706,0.7836483879259681
170506,"170506, 51319, 57018, 5806, 79718, 85476, 8833, 9197",1175,False,3.207232579450775,0.0070229031469253,1.2721657492280634,4,13,-0.2656421389347502,-0.6043525962186913,0.592252413130497
170506,"170506, 51319, 57018, 5806, 79718, 85476, 8833, 9197",7984,False,2.709994534193906,0.0342284790196296,1.4606750778578677,4,13,-0.2845798952021071,-0.4730642897223604,0.7760302177369495
170506,"170506, 51319, 57018, 5806, 79718, 85476, 8833, 9197",196528,False,-3.962600602844167,0.0032820793855812,-1.9491825475061608,4,13,-0.8002707501387891,-0.3988111548850263,0.5028055018374575
170506,"170506, 51319, 57018, 5806, 79718, 85476, 8833, 9197",402,False,-2.383922763139177,0.0377165308385581,-1.1389923573748937,4,13,-1.951198857734248,-1.6558099151725112,0.7860630991256311
170506,"170506, 51319, 57018, 5806, 79718, 85476, 8833, 9197",79798,False,2.8871934380036377,0.0130078796542755,1.1437134994723637,4,13,-0.1626129019855502,-0.4113778883798142,0.670637055970348
170506,"170506, 51319, 57018, 5806, 79718, 85476, 8833, 9197",527,False,2.53739200376293,0.0441765036088539,1.3764355370622228,4,13,-1.5026740486297876,-2.2072978560419587,0.7982670741340606
170506,"170506, 51319, 57018, 5806, 79718, 85476, 8833, 9197",9550,False,2.673255297019824,0.0449009512177906,1.5373453841967992,4,13,-0.6863389244080169,-1.0753632584498851,0.7982670741340606
170506,"170506, 51319, 57018, 5806, 79718, 85476, 8833, 9197",552,False,2.5202179453492963,0.0265221331074743,1.156221062978725,4,13,-0.1778829721706122,-0.3782260507894344,0.7568854103964252
170506,"170506, 51319, 57018, 5806, 79718, 85476, 8833, 9197",598,False,2.6023262313566926,0.0201865711913932,1.1218276282852917,4,13,-0.7134409852051922,-1.0073247412035338,0.7242211310824441
170506,"170506, 51319, 57018, 5806, 79718, 85476, 8833, 9197",10282,False,-2.582125017667472,0.0214803152200547,-1.1336462163632322,4,13,-0.6289040375721437,-0.3964499432951127,0.7340634128891451
170506,"170506, 51319, 57018, 5806, 79718, 85476, 8833, 9197",55290,False,3.394281660004429,0.0041885040253829,1.4809462547538188,4,13,-1.5981893303820212,-2.010313677631484,0.5343784274162012
170506,"170506, 51319, 57018, 5806, 79718, 85476, 8833, 9197",91408,False,-2.3354167082069965,0.0354953899010962,-1.043739930648283,4,13,-0.7064753714184857,-0.52889000765437,0.7792678241219885
170506,"170506, 51319, 57018, 5806, 79718, 85476, 8833, 9197",23523,False,3.1176172995322635,0.0139379897143658,1.5683252830535,4,13,0.0430054112673003,-0.1946064980807831,0.6757656294720714
170506,"170506, 51319, 57018, 5806, 79718, 85476, 8833, 9197",1058,False,-4.137663854677981,0.002847674882464,-2.061043302503541,4,13,-1.5595650969263497,-0.9299383258291865,0.4834001367331073
170506,"170506, 51319, 57018, 5806, 79718, 85476, 8833, 9197",387103,False,-3.233043097304163,0.0061002918125676,-1.4353155248432123,4,13,-2.3183522347339887,-1.9175417912917403,0.581002650342814
170506,"170506, 51319, 57018, 5806, 79718, 85476, 8833, 9197",149465,False,-2.795200220047802,0.0135951371046602,-1.1852060076655755,4,13,-0.3570251763317488,-0.2102314674892905,0.6751793909154472
170506,"170506, 51319, 57018, 5806, 79718, 85476, 8833, 9197",27243,False,3.1731769439159727,0.0304833297452997,1.9094089940699637,4,13,-1.4053099899385864,-2.075198745280509,0.7689044219165413
170506,"170506, 51319, 57018, 5806, 79718, 85476, 8833, 9197",23070,False,2.327779828771108,0.0410382257581954,1.1067475328784873,4,13,-0.6924955837846515,-0.8940743334474539,0.7950058640262805
170506,"170506, 51319, 57018, 5806, 79718, 85476, 8833, 9197",4849,False,2.286595548267543,0.0449254647771549,1.0957752689937903,4,13,-1.2834465408655849,-1.6392442683937472,0.7982670741340606
170506,"170506, 51319, 57018, 5806, 79718, 85476, 8833, 9197",9125,False,-2.3047096569808727,0.0360003842374077,-0.9869558053433644,4,13,-0.6514690333940338,-0.4468949781435481,0.7796731717029314
170506,"170506, 51319, 57018, 5806, 79718, 85476, 8833, 9197",9382,False,2.6489630101995614,0.0196651930513335,1.1879646774227255,4,13,-0.447257951921167,-0.6442839750580596,0.7200773977905233
170506,"170506, 51319, 57018, 5806, 79718, 85476, 8833, 9197",83548,False,2.930389922039472,0.0148534339190288,1.405039163451464,4,13,-0.7552900368814818,-1.1497053279911231,0.6870363619667661
170506,"170506, 51319, 57018, 5806, 79718, 85476, 8833, 9197",1315,False,3.344412016030238,0.004689568570849,1.3660632239111858,4,13,-1.928106271158207,-2.5169539340469917,0.547298838941751
170506,"170506, 51319, 57018, 5806, 79718, 85476, 8833, 9197",57703,False,-2.8692402510306443,0.0234654083261972,-1.4886829419515666,4,13,-1.7299136968762163,-1.387115140765573,0.7487812581948361
170506,"170506, 51319, 57018, 5806, 79718, 85476, 8833, 9197",23191,False,3.476134761304789,0.0048464074475612,1.6186134700697563,4,13,-0.1820291947788624,-0.4071363230276844,0.5510473205342038
170506,"170506, 51319, 57018, 5806, 79718, 85476, 8833, 9197",51164,False,-2.620458681765604,0.0412422404828089,-1.439561894618481,4,13,-1.0190696698348622,-0.8592145976247854,0.7950058640262805
170506,"170506, 51319, 57018, 5806, 79718, 85476, 8833, 9197",30836,False,-2.9386420426415216,0.0224496085266956,-1.5432676728708483,4,13,-0.9666341880426952,-0.7350711429153407,0.743696768553327
170506,"170506, 51319, 57018, 5806, 79718, 85476, 8833, 9197",283417,False,2.9078267326775684,0.0135503302660826,1.3520244152536052,4,13,-0.1130829235445392,-0.276659800842363,0.6751793909154472
170506,"170506, 51319, 57018, 5806, 79718, 85476, 8833, 9197",1841,False,2.7777074835317235,0.0291894846686479,1.4716972505617976,4,13,-0.6801066770726442,-1.3809415745938385,0.7643730927910956
170506,"170506, 51319, 57018, 5806, 79718, 85476, 8833, 9197",196483,False,2.3808615548814376,0.0312661657867101,1.0301775892474987,4,13,-0.5716016114221376,-0.7628466492479505,0.7710891626210068
170506,"170506, 51319, 57018, 5806, 79718, 85476, 8833, 9197",1965,False,-4.180050686670998,0.000859161248175,-1.820264480876211,4,13,-1.835721939968972,-1.588008770421371,0.3324764278827098
170506,"170506, 51319, 57018, 5806, 79718, 85476, 8833, 9197",1968,False,2.1919297799134623,0.0457440104679691,0.9679870084262427,4,13,-1.6331800634972893,-1.8180742322443215,0.7982670741340606
170506,"170506, 51319, 57018, 5806, 79718, 85476, 8833, 9197",55140,False,-4.078231028849845,0.0046861280298125,-2.1264268285797896,4,13,-1.2197596563441049,-0.7223734116053003,0.547298838941751
170506,"170506, 51319, 57018, 5806, 79718, 85476, 8833, 9197",23587,False,-3.796471980640295,0.0020578597670968,-1.6935760899151466,4,13,-1.2655160175282305,-0.8357293863802373,0.4465260283830929
170506,"170506, 51319, 57018, 5806, 79718, 85476, 8833, 9197",2033,False,-2.395219703277853,0.0383233297088327,-1.159034919542542,4,13,-0.4923029766944803,-0.1705322482607401,0.7891616186922428
170506,"170506, 51319, 57018, 5806, 79718, 85476, 8833, 9197",2130,False,-2.3924288607251696,0.0345779297012226,-1.1116323348753807,4,13,-1.0949694258543743,-0.9275221462423192,0.7760302177369495
170506,"170506, 51319, 57018, 5806, 79718, 85476, 8833, 9197",10116,False,2.1526800255857825,0.0494802592229849,0.9551060839841116,4,13,-0.2085208844530157,-0.3062467799010122,0.8046714497212784
170506,"170506, 51319, 57018, 5806, 79718, 85476, 8833, 9197",221937,False,2.609801365903002,0.0369626269482567,1.3831436368111991,4,13,-0.0026578177914212,-0.2660533729312673,0.7836483879259681
170506,"170506, 51319, 57018, 5806, 79718, 85476, 8833, 9197",54584,False,3.635213411465153,0.0031233988732617,1.652705913714528,4,13,-0.4838245011472458,-0.8656485350329378,0.4999281445021685
170506,"170506, 51319, 57018, 5806, 79718, 85476, 8833, 9197",8335,False,2.2249604968593863,0.0440336448203355,1.0002622436477264,4,13,-0.4411910595280706,-0.6169957829230017,0.7982670741340606
170506,"170506, 51319, 57018, 5806, 79718, 85476, 8833, 9197",8334,False,3.1484038480695014,0.0071176972147535,1.391789139441478,4,13,-0.4959320581341216,-0.6964987371958858,0.5938700354709747
170506,"170506, 51319, 57018, 5806, 79718, 85476, 8833, 9197",8347,False,2.580449216949524,0.0221458986785595,1.1503318049803326,4,13,-1.2644886012942402,-1.537290242044454,0.7403256022860466
170506,"170506, 51319, 57018, 5806, 79718, 85476, 8833, 9197",3020,False,3.755022659904136,0.0062873290636386,2.0971381040534887,3,9,-1.0366769948037466,-1.3929200869772111,0.5851271518693187
170506,"170506, 51319, 57018, 5806, 79718, 85476, 8833, 9197",8355,False,3.007099849656562,0.0322755715395545,1.755025521155934,4,13,-0.282326601580283,-0.5013355487716049,0.7715553047120207
170506,"170506, 51319, 57018, 5806, 79718, 85476, 8833, 9197",55355,False,-4.201215612573222,0.0016641494032012,-2.0008726375195947,4,13,-1.2260801368303942,-0.8719960344014358,0.4095104635285345
170506,"170506, 51319, 57018, 5806, 79718, 85476, 8833, 9197",3187,False,2.771796785531305,0.0142475863098174,1.170108940436694,4,13,-1.058801549319187,-1.3494271715750814,0.6798001674057433
170506,"170506, 51319, 57018, 5806, 79718, 85476, 8833, 9197",3611,False,2.8261130676472344,0.0159093920587931,1.3178659858674908,4,13,-0.3159714732870879,-0.6635511955493549,0.7006015786627908
170506,"170506, 51319, 57018, 5806, 79718, 85476, 8833, 9197",54973,False,3.104642152466249,0.0306794681563088,1.8375802949555624,4,13,-1.4098226430022738,-2.033679368844292,0.7689044219165413
170506,"170506, 51319, 57018, 5806, 79718, 85476, 8833, 9197",65123,False,3.6406884379768414,0.0033021669393551,1.431926501950791,4,13,-1.3935249362080626,-1.685100132705662,0.5028055018374575
170506,"170506, 51319, 57018, 5806, 79718, 85476, 8833, 9197",3685,False,2.77505628223252,0.0154889213504389,1.246527923565232,4,13,-0.5530365871613587,-0.9734797628271687,0.6950759803779362
170506,"170506, 51319, 57018, 5806, 79718, 85476, 8833, 9197",3787,False,2.4858695087385168,0.0267682027603303,0.9975334611727402,4,13,0.0232147480914132,-0.0785950422373972,0.7568854103964252
170506,"170506, 51319, 57018, 5806, 79718, 85476, 8833, 9197",2531,False,2.366262044013781,0.0378884441286442,1.1193954675721125,4,13,-0.0946621919798187,-0.4418054371900274,0.7870864484879649
170506,"170506, 51319, 57018, 5806, 79718, 85476, 8833, 9197",3832,False,-5.152095786603094,0.0004447294090385,-2.482458330066095,4,13,-3.1659333826731246,-2.21238137440159,0.2701773649980128
170506,"170506, 51319, 57018, 5806, 79718, 85476, 8833, 9197",55083,False,2.350857874382738,0.032849169347612,1.000076644832969,4,13,0.0032066678028721,-0.1314074249719095,0.7722938751587749
170506,"170506, 51319, 57018, 5806, 79718, 85476, 8833, 9197",1241,False,3.248383799218854,0.0133091373436724,1.6775064580224264,4,13,-0.2302469102321879,-0.4094432525083971,0.6751793909154472
170506,"170506, 51319, 57018, 5806, 79718, 85476, 8833, 9197",4173,False,-3.0343170592747786,0.0134112796659974,-1.4773681248208417,4,13,-1.490414944543483,-1.2210855141015229,0.6751793909154472
170506,"170506, 51319, 57018, 5806, 79718, 85476, 8833, 9197",4174,False,-3.6893674028913774,0.0073504064035353,-1.909943013742696,4,13,-1.9806284814988624,-1.4281905564416928,0.5963678797152245
170506,"170506, 51319, 57018, 5806, 79718, 85476, 8833, 9197",4176,False,-2.495901543345924,0.0275497985287268,-1.1418348818062989,4,13,-2.229131695423243,-1.9163495985732255,0.7578267072412546
170506,"170506, 51319, 57018, 5806, 79718, 85476, 8833, 9197",219541,False,-2.9857851369922312,0.0155205770567159,-1.4733425237746929,4,13,-0.7819217804662246,-0.2962669481334801,0.6950759803779362
170506,"170506, 51319, 57018, 5806, 79718, 85476, 8833, 9197",9862,False,-3.24209873903016,0.0215510930177177,-1.8312764891196216,4,13,-0.5038010669886768,-0.2006701858426425,0.7343771707527326
170506,"170506, 51319, 57018, 5806, 79718, 85476, 8833, 9197",4221,False,-2.730163878343215,0.0260216275024299,-1.3820110427199672,4,13,-0.5606370850423483,-0.3057065271091206,0.7568854103964252
170506,"170506, 51319, 57018, 5806, 79718, 85476, 8833, 9197",440574,False,2.453330434734499,0.0268688390265465,1.0339666801672254,4,13,-0.2111493692515852,-0.3785886845037475,0.7578267072412546
170506,"170506, 51319, 57018, 5806, 79718, 85476, 8833, 9197",4605,False,-2.504356555807282,0.0452336001323089,-1.3494701375912854,4,13,-0.6817373794351016,-0.3948952745029831,0.7982670741340606
170506,"170506, 51319, 57018, 5806, 79718, 85476, 8833, 9197",64005,False,2.310499222636752,0.0358102962577357,0.9548346701728662,4,13,-0.1186877621506195,-0.243325041108641,0.7792678241219885
170506,"170506, 51319, 57018, 5806, 79718, 85476, 8833, 9197",653784,False,2.5304176782038628,0.0312072602653553,1.3343533552066738,3,9,-0.2563530805136917,-0.4001662110871951,0.7710891626210068
170506,"170506, 51319, 57018, 5806, 79718, 85476, 8833, 9197",10135,False,3.260402207170705,0.0060706389035831,1.3035451502756543,4,13,-0.1310508703101179,-0.4986970022363166,0.581002650342814
170506,"170506, 51319, 57018, 5806, 79718, 85476, 8833, 9197",51103,False,-2.8709848482924394,0.0330116477190145,-1.6180164943031845,4,13,-0.5722369231596901,-0.3916731878229577,0.7722938751587749
170506,"170506, 51319, 57018, 5806, 79718, 85476, 8833, 9197",4712,False,-2.672488021583161,0.0396261283939446,-1.4799299909823365,4,13,-0.4644865755810661,-0.198546377481639,0.7924614775352322
170506,"170506, 51319, 57018, 5806, 79718, 85476, 8833, 9197",11097,False,-2.820128286903808,0.0194833537417557,-1.3785188412558544,4,13,-0.3345314592570423,-0.1386768283207299,0.7182293791563088
170506,"170506, 51319, 57018, 5806, 79718, 85476, 8833, 9197",5238,False,2.5775188911272244,0.0215792939468879,1.0539323792958375,4,13,-0.0279500600362251,-0.3645096338144948,0.7343931726444771
170506,"170506, 51319, 57018, 5806, 79718, 85476, 8833, 9197",5313,False,2.48522786018534,0.0259834287988914,1.092311616763135,4,13,-0.122630263824701,-0.2690487440104495,0.7568854103964252
170506,"170506, 51319, 57018, 5806, 79718, 85476, 8833, 9197",5424,False,2.555757847978356,0.0226865259788838,1.040514621693264,4,13,-1.9968114675929405,-2.2872309161356585,0.7438357378274207
170506,"170506, 51319, 57018, 5806, 79718, 85476, 8833, 9197",5426,False,4.722331660019203,0.0002745246172942,1.9785925126221235,4,13,-1.2608522008890704,-1.7812286854698307,0.2111584150833162
170506,"170506, 51319, 57018, 5806, 79718, 85476, 8833, 9197",5451,False,2.490775950490944,0.0254864540686909,1.0205594482141969,4,13,-0.1674065091765733,-0.2731166813378382,0.7568854103964252
170506,"170506, 51319, 57018, 5806, 79718, 85476, 8833, 9197",85313,False,2.591793055573278,0.0210887216088725,1.056738853362872,4,13,-0.9756955827805854,-1.1911595096903125,0.7310134273261127
170506,"170506, 51319, 57018, 5806, 79718, 85476, 8833, 9197",84366,False,2.8926416859013973,0.0146310280147371,1.3612811982245727,4,13,-0.3589709312311036,-0.5309423953757239,0.6857144437477962
170506,"170506, 51319, 57018, 5806, 79718, 85476, 8833, 9197",7916,False,3.4630785510431097,0.0036067679763344,1.5049573310338609,4,13,-0.3789786724292936,-0.6725610303244823,0.5071411507405079
170506,"170506, 51319, 57018, 5806, 79718, 85476, 8833, 9197",5689,False,3.942205463010511,0.0088841238465582,2.186240764477989,4,13,-1.3626948691189602,-1.8135284753790204,0.613409593830681
170506,"170506, 51319, 57018, 5806, 79718, 85476, 8833, 9197",5889,False,2.7156728793946168,0.0160713881300028,1.1675975099868543,4,13,-0.6476966162686877,-0.8538438134267842,0.7006015786627908
170506,"170506, 51319, 57018, 5806, 79718, 85476, 8833, 9197",5883,False,-2.243092359408664,0.0496264291959681,-1.086416469789517,4,13,-1.3713240295125644,-1.0732114089176836,0.8046714497212784
170506,"170506, 51319, 57018, 5806, 79718, 85476, 8833, 9197",10156,False,3.171473241793234,0.0100819289223731,1.6310744898712468,3,9,-0.2894826395336689,-0.5470902897175075,0.6281800518245034
170506,"170506, 51319, 57018, 5806, 79718, 85476, 8833, 9197",401466,False,-2.6731510476618627,0.0455197706981465,-1.5438386629986736,4,13,-0.4384669454926527,-0.0113848871628216,0.7982670741340606
170506,"170506, 51319, 57018, 5806, 79718, 85476, 8833, 9197",5970,False,-2.369501466409694,0.0380293950755376,-1.1249950168895335,4,13,-0.6250393506656945,-0.4528918240234428,0.7880363045296338
170506,"170506, 51319, 57018, 5806, 79718, 85476, 8833, 9197",9025,False,2.7701245780363557,0.0221272089582936,1.3687308105651257,4,13,-0.4311925265166452,-0.6687674135654047,0.7402564234419811
170506,"170506, 51319, 57018, 5806, 79718, 85476, 8833, 9197",6136,False,-2.8959511272552354,0.0159154494536973,-1.391595499032635,4,13,-2.800182626126821,-2.290480070311162,0.7006015786627908
170506,"170506, 51319, 57018, 5806, 79718, 85476, 8833, 9197",6167,False,-3.3127488961098748,0.0077429727700946,-1.589138970337384,4,13,-1.8053408476078665,-1.4640610707886752,0.603363561959853
170506,"170506, 51319, 57018, 5806, 79718, 85476, 8833, 9197",6193,False,3.2616916211233407,0.01233304039889,1.6678994120284791,4,13,-1.5875294218431826,-1.910034454514009,0.66067505824945
170506,"170506, 51319, 57018, 5806, 79718, 85476, 8833, 9197",29072,False,-3.203571861657766,0.0061219730086762,-1.3944275995425055,4,13,-0.6658317243536491,-0.4929897040179956,0.581002650342814
170506,"170506, 51319, 57018, 5806, 79718, 85476, 8833, 9197",112869,False,-2.470739137479623,0.0269413452872781,-1.091917417427132,4,13,-0.5934348509428392,-0.2917825671909301,0.7578267072412546
170506,"170506, 51319, 57018, 5806, 79718, 85476, 8833, 9197",10723,False,2.9958788774880154,0.009626669257027,1.2150122054068155,4,13,0.1313544281179103,-0.0472435229540778,0.6229602688458178
170506,"170506, 51319, 57018, 5806, 79718, 85476, 8833, 9197",9197,False,3.029927160501153,0.0105882991947292,1.401350077431439,4,13,-0.0818297814960281,-0.3412733749427478,0.640790363198445
170506,"170506, 51319, 57018, 5806, 79718, 85476, 8833, 9197",10302,False,3.1642051606070303,0.0080968164195647,1.457235251132779,4,13,-0.9695349637349588,-1.3415428926569402,0.606753867466964
170506,"170506, 51319, 57018, 5806, 79718, 85476, 8833, 9197",23020,False,2.8599639779592865,0.0339971420858044,1.6186697737364095,4,13,-2.079718231702373,-2.37923254183928,0.7760302177369495
170506,"170506, 51319, 57018, 5806, 79718, 85476, 8833, 9197",55240,False,4.23247152452664,0.000891918038911,1.889501005125669,4,13,-0.020230597334699,-0.2905698436676339,0.3338525584572977
170506,"170506, 51319, 57018, 5806, 79718, 85476, 8833, 9197",6821,False,2.536873323987819,0.0291773122657273,1.2150859429600642,4,13,-0.1707441282788825,-0.3205284754652371,0.764323775499261
170506,"170506, 51319, 57018, 5806, 79718, 85476, 8833, 9197",10460,False,-2.723385593597832,0.023943801484026,-1.346687043345313,4,13,-0.7062257485714518,-0.3451713744299254,0.7544104754566708
170506,"170506, 51319, 57018, 5806, 79718, 85476, 8833, 9197",254272,False,-2.8252846372409297,0.0465289108835792,-1.7342370021307612,4,13,-0.5132067456524618,-0.2346489654700692,0.799906451183292
170506,"170506, 51319, 57018, 5806, 79718, 85476, 8833, 9197",57215,False,3.6665891449564296,0.0076441600788667,1.9003741451342155,4,13,-0.2518994211550333,-0.4830903522275017,0.6025556563324229
170506,"170506, 51319, 57018, 5806, 79718, 85476, 8833, 9197",79228,False,-3.060473231626325,0.0228701441398621,-1.6713165469464668,4,13,-0.5264934036188158,-0.3320604630446186,0.7454994798072138
170506,"170506, 51319, 57018, 5806, 79718, 85476, 8833, 9197",64759,False,2.399268198774941,0.0303788596361068,1.0458258584100495,4,13,-0.1785903584814282,-0.3491765210273841,0.7689044219165413
170506,"170506, 51319, 57018, 5806, 79718, 85476, 8833, 9197",114034,False,-3.8781832659366886,0.0017250190785658,-1.7245123245865646,4,13,-1.1898308236099402,-0.573834078098391,0.4157785292209414
170506,"170506, 51319, 57018, 5806, 79718, 85476, 8833, 9197",27095,False,2.710891868017196,0.0206712529969362,1.2830602097936292,4,13,-1.40272572913866,-1.6605930064415628,0.7292762103763515
170506,"170506, 51319, 57018, 5806, 79718, 85476, 8833, 9197",126003,False,3.25723685480331,0.0253731739138985,1.9140828285637064,4,13,-0.5323173768937695,-0.812749583036646,0.7568854103964252
170506,"170506, 51319, 57018, 5806, 79718, 85476, 8833, 9197",80746,False,2.3466581456464626,0.0368549153916395,1.081345477556702,4,13,-0.5375483613259772,-0.6885436508975763,0.7836483879259681
170506,"170506, 51319, 57018, 5806, 79718, 85476, 8833, 9197",64852,False,2.9404872266324533,0.0145115245800713,1.4080570100611547,4,13,-1.161079278739293,-1.6981052636535048,0.68375579582279
170506,"170506, 51319, 57018, 5806, 79718, 85476, 8833, 9197",7295,False,2.471247195677563,0.0407825923670064,1.2700254482312197,4,13,-0.9171537866913578,-1.2241101555059308,0.7950058640262805
170506,"170506, 51319, 57018, 5806, 79718, 85476, 8833, 9197",7317,False,3.003979865355485,0.0090140158054671,1.2457348209954089,4,13,-1.6318597927855327,-1.9356922113326636,0.6150093925147891
170506,"170506, 51319, 57018, 5806, 79718, 85476, 8833, 9197",118424,False,3.3346571530006406,0.0047081901757867,1.3690689712417734,4,13,-0.1002027169779608,-0.2924536097709742,0.5476371594833734
170506,"170506, 51319, 57018, 5806, 79718, 85476, 8833, 9197",7334,False,2.167739409002989,0.0468103047134736,0.9033251082860748,4,13,-1.131347040519905,-1.3409340411477524,0.8015763446676192
170506,"170506, 51319, 57018, 5806, 79718, 85476, 8833, 9197",55585,False,3.532546884715533,0.0185335948468101,2.0624911817962017,4,13,-0.1391009412993787,-0.4124885965190253,0.7134390816796584
170506,"170506, 51319, 57018, 5806, 79718, 85476, 8833, 9197",9875,False,2.5879382004944844,0.0205873218923295,1.0930400037518364,4,13,-0.862320666421088,-1.0442613709373885,0.7286224885389405
170506,"170506, 51319, 57018, 5806, 79718, 85476, 8833, 9197",81605,False,-2.8456687683609947,0.0124422328746469,-1.1776031238525495,4,13,-0.9069412588699826,-0.6462054113824579,0.6614171738249465
170506,"170506, 51319, 57018, 5806, 79718, 85476, 8833, 9197",7392,False,-2.382005767101555,0.0391080966648472,-1.1517971289350224,4,13,-0.3358509778809401,-0.1724127036816691,0.7911535136557265
170506,"170506, 51319, 57018, 5806, 79718, 85476, 8833, 9197",124590,False,3.220732107000236,0.0100943856496416,1.5746150089097406,4,13,-0.1176315112789888,-0.2853153964791636,0.6284545749850954
170506,"170506, 51319, 57018, 5806, 79718, 85476, 8833, 9197",9097,False,2.749838500339744,0.0161495414494438,1.1027928463288408,4,13,0.0693136480621611,-0.2388014678198991,0.7006015786627908
170506,"170506, 51319, 57018, 5806, 79718, 85476, 8833, 9197",11274,False,2.230938274783131,0.0420319067422977,0.9138772616764592,4,13,-0.2524372057818386,-0.6717273702789744,0.7964297787163211
170506,"170506, 51319, 57018, 5806, 79718, 85476, 8833, 9197",80146,False,2.241641291706325,0.043384410117271,1.0177414772379472,4,13,-0.0688443312342287,-0.3516718882029092,0.7982670741340606
170506,"170506, 51319, 57018, 5806, 79718, 85476, 8833, 9197",203547,False,2.4030775947215943,0.0413557900594664,1.1988810860334809,4,13,-0.1981730106278456,-0.432128265300897,0.7950058640262805
170506,"170506, 51319, 57018, 5806, 79718, 85476, 8833, 9197",55187,False,2.5622988922256424,0.021704089442579,1.0729850856878012,4,13,-0.6157886549472424,-0.8844972074774019,0.7360494304129221
170506,"170506, 51319, 57018, 5806, 79718, 85476, 8833, 9197",84313,False,3.911113576285728,0.0052099414555315,2.0126373595749927,4,13,-1.6592011032708167,-2.4222673617625543,0.5679220261202397
170506,"170506, 51319, 57018, 5806, 79718, 85476, 8833, 9197",79726,False,-2.818152411150105,0.0133052363836172,-1.2275458065104392,4,13,-0.5116623734255509,-0.3477575213405623,0.6751793909154472
170506,"170506, 51319, 57018, 5806, 79718, 85476, 8833, 9197",56949,False,2.3791609461904346,0.0324172269085505,1.0579839596107978,4,13,-1.939713358994934,-2.247097042011146,0.7715553047120207
170506,"170506, 51319, 57018, 5806, 79718, 85476, 8833, 9197",26149,False,2.5885348734922475,0.0218013817139982,1.1538824210120642,4,13,-0.2073645491356327,-0.3612267483925734,0.7366843825848629
170506,"170506, 51319, 57018, 5806, 79718, 85476, 8833, 9197",10534,False,-2.849906696269866,0.0457907331187276,-1.7546696775789197,4,13,-0.4606254141969579,-0.2781765313471589,0.7982670741340606
170506,"170506, 51319, 57018, 5806, 79718, 85476, 8833, 9197",26009,False,-3.0322808553429907,0.0132506526276994,-1.4718510307665602,4,13,-0.5006423889624944,-0.2859820315722935,0.6749214675397516
203054,"203054, 26233",23141,False,3.529214397608347,0.011799583962511,1.9004303289200688,4,13,-1.844326474366392,-2.394333210172792,0.6546017798448555
203054,"203054, 26233",163,False,2.973034746845576,0.0094800673338227,1.2539602879126672,4,13,-0.0116520068050007,-0.1791497873384964,0.6200387134798324
203054,"203054, 26233",1175,False,3.525078713872196,0.0034573112689928,1.42158298285951,4,13,-0.2399116935338965,-0.6122696563420308,0.506575498552766
203054,"203054, 26233",506,False,2.682182305534982,0.0177997428929446,1.183086500298334,4,13,-0.8367629092027772,-1.1040218423020545,0.7134390816796584
203054,"203054, 26233",513,False,2.6818416581488016,0.018115278011326,1.0818260127450916,4,13,-0.6044759976702899,-0.8285117664815658,0.7134390816796584
203054,"203054, 26233",539,False,3.4526160128419274,0.0041615283444609,1.5511602838840084,4,13,-0.2473276232137991,-0.505569314363308,0.5320675763623917
203054,"203054, 26233",617,False,2.90406622723724,0.0144891451886875,1.370124854622348,4,13,-0.182920769263168,-0.3758003962021976,0.6831241616173175
203054,"203054, 26233",55814,False,3.1620742197442784,0.0180813618319229,1.6904403105347277,4,13,-0.7597139826083752,-1.0771806620796185,0.7134390816796584
203054,"203054, 26233",23774,False,2.2248511636883688,0.0419142232869617,0.949018731972256,4,13,0.0453187428475893,-0.0930530104078968,0.7956001194952814
203054,"203054, 26233",9044,False,2.5867855417002503,0.0269894612937422,1.2420376776432789,4,13,-0.2076491001308532,-0.5500118030602448,0.7578267072412546
203054,"203054, 26233",128061,False,-2.718650849244716,0.0273017550858449,-1.3866778168238785,4,13,-1.0064543731642734,-0.7725190229837134,0.7578267072412546
203054,"203054, 26233",4680,False,2.189613036464848,0.0447887323854521,0.929730336446436,4,13,-0.210821925610037,-0.346277956969128,0.7982670741340606
203054,"203054, 26233",55835,False,3.08755915456818,0.0077054036944359,1.2712486461601675,4,13,-0.1616555514333856,-0.3452873287986645,0.603363561959853
203054,"203054, 26233",55165,False,2.661518706713472,0.0202712115546598,1.0497360278811612,4,13,-0.0160263299203089,-0.1860021379523267,0.7251380775498089
203054,"203054, 26233",64377,False,2.573675839474065,0.0211949823835002,1.0938488293265594,4,13,-0.1232014263242385,-0.262972924029993,0.7324479075202417
203054,"203054, 26233",8533,False,3.013176643244932,0.0092075875874775,1.326278258564812,4,13,-0.5844607031430071,-0.8258379571468436,0.6177479122895033
203054,"203054, 26233",116228,False,-2.6085270168890773,0.0243788748645561,-1.228586791126833,4,13,-0.4650508429201437,-0.3413317257935911,0.7555168658866813
203054,"203054, 26233",1340,False,2.424892829134035,0.0304787125334601,0.9674153248370432,4,13,-0.3471751960029824,-0.4553357770424605,0.7689044219165413
203054,"203054, 26233",1398,False,-2.756716942406068,0.0238500501621726,-1.3798691216125538,4,13,-0.5321924848095887,-0.187961384864564,0.7534133533530972
203054,"203054, 26233",51379,False,2.2021065673634346,0.0439003494093067,0.9154213668531056,4,13,-0.1136464273509976,-0.2517212223906471,0.7982670741340606
203054,"203054, 26233",10664,False,2.945754829890624,0.0114930339487331,1.170077993576483,4,13,-1.5262601760329728,-1.819276525856352,0.6488452626579987
203054,"203054, 26233",7818,False,2.138680692315628,0.0495619498223335,0.921315071402076,4,13,-0.486410042990395,-0.710850882148158,0.8046714497212784
203054,"203054, 26233",8886,False,-2.368611395460706,0.0468710553936128,-1.2106329373442766,4,13,-1.7894460888700845,-1.5830419140307788,0.8015763446676192
203054,"203054, 26233",1655,False,2.4944820446597187,0.0296410764127414,1.171862288172714,4,13,-0.6554774953877022,-0.8739848510477916,0.7673596757763704
203054,"203054, 26233",27292,False,-2.5934415244648577,0.0278617594480127,-1.2610123932218595,4,13,-1.4183270196707336,-1.0889977860070703,0.7581377630197409
203054,"203054, 26233",55929,False,2.178127840130261,0.0463659133949251,0.9495257139284164,4,13,-1.0090998277344831,-1.1845971996007625,0.7991068205502883
203054,"203054, 26233",9093,False,3.595472595935146,0.00315331741972,1.4388352126662844,4,13,-0.8552713626021314,-1.119949219924185,0.4999281445021685
203054,"203054, 26233",5977,False,2.4815964803250563,0.0466202879829314,1.336755927370645,4,13,-0.0516356494147704,-0.4179209266715771,0.8008999365136923
203054,"203054, 26233",29102,False,4.2447483716724586,0.0008068546440448,1.7242228734306535,4,13,-0.4180151568905749,-0.6808963406860956,0.3260305687025182
203054,"203054, 26233",1841,False,2.525128431709412,0.0264810299585737,1.1618434799089383,4,13,-0.8022454411319644,-1.3433604164217396,0.7568854103964252
203054,"203054, 26233",8661,False,-3.807922042491704,0.0043564842686991,-1.883875581188902,4,13,-2.0522938993823776,-1.6408817536029474,0.5375383092681167
203054,"203054, 26233",8666,False,-3.9941165323037686,0.0056469706552568,-2.102811817950108,4,13,-1.6145104865696291,-1.210977262535753,0.5719910058128671
203054,"203054, 26233",8669,False,-3.266229556416901,0.0220609901068892,-1.8647432796838697,4,13,-0.7931318983343547,-0.481471380133154,0.7398212951771879
203054,"203054, 26233",9470,False,2.9988486137589656,0.011505630191379,1.3953413832948294,4,13,-0.0778812331378085,-0.3441273840209126,0.6488452626579987
203054,"203054, 26233",1981,False,-2.5510407774428048,0.0266228292933329,-1.1958557911994951,4,13,-0.7777457942830488,-0.6353493851839833,0.7568854103964252
203054,"203054, 26233",51575,False,-4.208626703652905,0.0009988665473369,-1.8965498257828768,4,13,-1.0599163197896382,-0.6809123661004899,0.3424241293940285
203054,"203054, 26233",2197,False,-2.582873383418705,0.0381594477247081,-1.3664648387277751,4,13,-2.950120571541939,-2.364843137454548,0.7887891891367923
203054,"203054, 26233",26268,False,3.024284773026695,0.0182511039251353,1.5601852352349217,4,13,-0.0883663090466645,-0.2590035316713437,0.7134390816796584
203054,"203054, 26233",55294,False,2.284188170811464,0.0377294463959271,0.9902257136802544,4,13,-0.0123388344683073,-0.3141247064228066,0.7860630991256311
203054,"203054, 26233",26127,False,-2.9668936027878563,0.0389727240531204,-1.8030841127794688,4,13,-0.4705311152312221,-0.2116792037038881,0.7897130757303121
203054,"203054, 26233",117246,False,-2.335792018551368,0.0437619256599664,-1.1439653748345786,4,13,-1.2779527575983791,-1.082254863666153,0.7982670741340606
203054,"203054, 26233",246176,False,2.847786117181519,0.0200395504780987,1.4155948725532284,4,13,-0.1592363124242505,-0.3127875218821054,0.7230822274212263
203054,"203054, 26233",3020,False,2.698552153934876,0.0381383614726303,1.6019251509486203,3,9,-1.07245423041454,-1.380994341773613,0.7887891891367923
203054,"203054, 26233",25988,False,2.6420259468796496,0.018872150086264,1.085214604740631,4,13,-1.531568975948148,-1.921708355668311,0.7134390816796584
203054,"203054, 26233",6928,False,2.2337895562438246,0.0412618930335277,0.9568088600111416,4,13,-0.0889587353323613,-0.4087649810240646,0.7950058640262805
203054,"203054, 26233",25764,False,-2.3779365541054047,0.0315838009245799,-1.0340962884615066,4,13,-1.0460060869597425,-0.8110647726462243,0.7715553047120207
203054,"203054, 26233",57461,False,-2.788841608580289,0.0263277355423822,-1.4464237854963826,4,13,-1.276658994190905,-0.973159352176898,0.7568854103964252
203054,"203054, 26233",10300,False,2.527585121253476,0.0232074445850988,1.066087763456157,4,13,-0.2922904033776091,-0.4838444706286198,0.7485525004632818
203054,"203054, 26233",3835,False,2.573656521919179,0.0232857063312946,1.1665592564671652,4,13,-0.2952489784601476,-0.4061334438581222,0.7485525004632818
203054,"203054, 26233",11004,False,-2.354969765326873,0.0403082809523828,-1.1322037110954342,4,13,-0.3862920127338242,-0.191877514942013,0.7950058640262805
203054,"203054, 26233",9757,False,2.2409227664692604,0.0414070749670263,0.9147109340660964,4,13,-0.1728026614476787,-0.3574068228433982,0.7950058640262805
203054,"203054, 26233",3845,False,-2.6894318256074943,0.0446554860310047,-1.5532322827277127,4,13,-1.3455584764427952,-0.3942496807277944,0.7982670741340606
203054,"203054, 26233",112970,False,-2.295367452288011,0.0495268564599619,-1.1486602319168293,4,13,-0.9336499418488188,-0.6775234135560588,0.8046714497212784
203054,"203054, 26233",374819,False,3.9847181439250616,0.0025828516735326,2.012207305407486,3,9,-0.3008044664644949,-0.5871421499718859,0.4653770951372328
203054,"203054, 26233",25804,False,2.6313299236496124,0.034836156066132,1.3833913341513129,4,13,-1.5725934492003908,-1.893050828854828,0.7760302177369495
203054,"203054, 26233",9477,False,2.925685560363477,0.0450717553091364,1.83705524217092,4,13,-1.042771806319107,-1.408125932469967,0.7982670741340606
203054,"203054, 26233",9443,False,2.5010078972956857,0.0408348170227003,1.3035509997155954,4,13,-0.6988120726865565,-0.9221005190644084,0.7950058640262805
203054,"203054, 26233",55090,False,2.74786634752098,0.0247795897414395,1.3836282964855051,4,13,-0.4814393135438125,-0.7473648301794722,0.7568854103964252
203054,"203054, 26233",64745,False,3.016553925175104,0.0098811745968799,1.20222862951563,4,13,-0.393980053428872,-0.6395269383197845,0.6262169779905742
203054,"203054, 26233",54148,False,2.1603869752330453,0.0499769355632508,0.8605008441141188,4,13,-0.269864318173166,-0.4987299927129622,0.8047864489426485
203054,"203054, 26233",84311,False,2.663063048118472,0.0177467923540916,1.1337679174041335,4,13,-0.5545443589172434,-0.7946216874421322,0.7134390816796584
203054,"203054, 26233",54460,False,2.263974593210398,0.039127467869095,0.9782717295673408,4,13,-0.7555132524072043,-0.9970249844406917,0.7911535136557265
203054,"203054, 26233",10240,False,2.399531310559207,0.0324545223005549,0.951706751740289,4,13,-0.229900385322831,-0.4363192299229975,0.7715553047120207
203054,"203054, 26233",64969,False,2.8966988983522106,0.0118263046278835,1.1710131752139792,4,13,-0.5840584551514757,-0.7984476490613586,0.6546611196186353
203054,"203054, 26233",4609,False,-2.2977607541480443,0.0367372905856106,-0.9953229802702936,4,13,-1.9812473608208452,-1.5451355870145391,0.7835344451621103
203054,"203054, 26233",122830,False,-2.8159197718328017,0.0227985791702549,-1.4252995347786144,4,13,-0.4999054056386709,-0.3010139239386747,0.7453133695795386
203054,"203054, 26233",10135,False,2.6913168975147443,0.0167627524096425,1.1306564741505674,4,13,-0.1587094336445123,-0.4901866750565029,0.7070974930710524
203054,"203054, 26233",55226,False,-3.4940208673119484,0.0033164996302955,-1.503584376594494,4,13,-1.427745322477946,-1.1126740375725492,0.5028055018374575
203054,"203054, 26233",8031,False,2.63385910401628,0.0187951737572183,1.117657492030761,4,13,-0.397735704180942,-0.5680946178655615,0.7134390816796584
203054,"203054, 26233",4798,False,3.206367116216106,0.0107886207486163,1.5794129345206929,4,13,-0.2974135500238509,-0.5412736150371096,0.6448011234352163
203054,"203054, 26233",64802,False,2.383390344200056,0.0422626227905797,1.1850841471036762,4,13,-0.052556638309649,-0.2396490928978756,0.7974289184896268
203054,"203054, 26233",9221,False,-2.260150089967904,0.0497136989175085,-1.1081338554310871,4,13,-0.5111159056735906,-0.3745468762065975,0.8046714497212784
203054,"203054, 26233",51070,False,2.5121244417948425,0.0252488230029027,1.1197441667163102,4,13,-0.1621690486952682,-0.3022050654477216,0.7568854103964252
203054,"203054, 26233",10412,False,-2.243661193572912,0.0404719256850366,-0.959981818115036,4,13,-1.4662946262670244,-1.306263714625119,0.7950058640262805
203054,"203054, 26233",197370,False,2.3583236542762047,0.0327005362885134,1.021940811785143,4,13,-0.3458024321080785,-0.4970243227340148,0.7722938751587749
203054,"203054, 26233",83540,False,-3.6575808034089703,0.0037282802695994,-1.7187129942874564,4,13,-2.110446568193794,-1.6843477472892596,0.513507943843382
203054,"203054, 26233",283092,False,2.322085027447978,0.0459101525101782,1.114582392079451,3,9,-0.0379434233437102,-0.1975133571917356,0.7982670741340606
203054,"203054, 26233",5094,False,3.6141415896509663,0.0141744007512362,2.039794069469467,4,13,-0.7445568650295034,-1.151513894862521,0.6787506880374049
203054,"203054, 26233",23047,False,-4.591379143916352,0.0074510008548655,-2.710970570419119,4,13,-0.5447523526961129,-0.1260310586401359,0.5992150173155361
203054,"203054, 26233",5229,False,-2.95171637302385,0.016173491562594,-1.4523483690184065,4,13,-0.718173662438321,-0.4272414072695737,0.7006147533828275
203054,"203054, 26233",5238,False,2.538827932208228,0.0244143627951373,1.0152940595844142,4,13,-0.038002642445363,-0.3614165315347601,0.7555168658866813
203054,"203054, 26233",221476,False,2.8313035511284284,0.0127345647346973,1.1774213686859645,4,13,-0.0627800769188948,-0.2140246133715764,0.6644475108483053
203054,"203054, 26233",56902,False,-2.5637715289071803,0.0251672448533828,-1.1882807850851234,4,13,-1.3369352835612376,-1.0952477089261947,0.7568854103964252
203054,"203054, 26233",5441,False,4.790745613645239,0.000238471606842,2.017492562417493,4,13,-1.993822821856877,-2.70544356368958,0.2067743944453128
203054,"203054, 26233",653269,False,2.5408079299558777,0.026129091315962,1.1757655067082209,4,13,-0.2888652463744443,-0.4774865858299242,0.7568854103964252
203054,"203054, 26233",6992,False,2.486114505132791,0.0266500587789953,1.110649971379691,4,13,-0.8144337565226876,-1.0960991730072516,0.7568854103964252
203054,"203054, 26233",7916,False,2.220009431064564,0.0440183301564582,0.9914736834022746,4,13,-0.4427118240173582,-0.652950829835847,0.7982670741340606
203054,"203054, 26233",5689,False,2.319092482038327,0.0497218263894327,1.1782026190740629,4,13,-1.492227382974857,-1.7736723172695137,0.8046714497212784
203054,"203054, 26233",9232,False,-2.3337348495105004,0.0346831090125111,-1.0231798207005287,4,13,-0.6500251179713377,-0.4849366822436938,0.7760302177369495
203054,"203054, 26233",11021,False,3.0695875461996214,0.0088910678603205,1.2242417760264508,4,13,0.0433122072446014,-0.2122331951522446,0.613409593830681
203054,"203054, 26233",29127,False,2.294302647749613,0.04525444975717,1.1084849879303975,4,13,-1.1766071181523512,-1.5891554945149848,0.7982670741340606
203054,"203054, 26233",5894,False,-3.4751915489299443,0.0188522115406588,-2.012076258791037,4,13,-0.5634015831387301,-0.1695043304782455,0.7134390816796584
203054,"203054, 26233",5902,False,3.308957693032724,0.0084621403324343,1.6090303018712648,4,13,-0.2207295427826872,-0.4634521554905556,0.61284015396147
203054,"203054, 26233",57038,False,2.2448898313111054,0.0403633710947472,0.9596298746734104,4,13,-0.1679789939037893,-0.3839746585536296,0.7950058640262805
203054,"203054, 26233",114822,False,-2.647971687630624,0.0447980712741823,-1.5073926080069937,4,13,-0.4454245715040561,-0.2590411001180498,0.7982670741340606
203054,"203054, 26233",57589,False,3.285948515859572,0.0055354086764119,1.325312406089997,4,13,-0.0452290922129309,-0.527025696836061,0.571156009807942
203054,"203054, 26233",6047,False,5.412439232520406,0.0001028364129431,2.175297387430159,4,13,-0.2992769097615912,-0.8215599172324802,0.1401204890014386
203054,"203054, 26233",6154,False,-3.377764008215862,0.0212920455239604,-1.963543781473166,4,13,-2.331042119646668,-1.674613085882401,0.7325802880632503
203054,"203054, 26233",6122,False,-4.152548523075011,0.0023442310686209,-2.0319226137664206,4,13,-2.883504230451758,-2.388548977313393,0.4587117602278026
203054,"203054, 26233",6160,False,-2.6148708304499717,0.022590563351507,-1.206019234820274,4,13,-2.83767646998199,-2.3532547186043766,0.743696768553327
203054,"203054, 26233",6167,False,-3.095352982727891,0.0119619194397848,-1.5032990671361162,4,13,-1.796338228851436,-1.4668311073291151,0.6572096280226033
203054,"203054, 26233",6218,False,-2.6777215400580388,0.0450844392215355,-1.6388340910978592,3,9,-1.7797589656728825,-1.4764708727506135,0.7982670741340606
203054,"203054, 26233",6223,False,-2.6804075473653417,0.0456635776766083,-1.5537384924052635,4,13,-3.2685449674443703,-2.742115091645107,0.7982670741340606
203054,"203054, 26233",6235,False,-3.887317778917249,0.0079454111943281,-2.103935902031051,4,13,-3.439464308653151,-2.834100456004771,0.606753867466964
203054,"203054, 26233",6188,False,-3.340995576703396,0.0044768893131417,-1.4021302254481256,4,13,-2.7172008889352357,-2.460813575953458,0.5434846091624829
203054,"203054, 26233",6201,False,-3.67423422134283,0.0244661119881683,-2.3466893335321406,4,13,-2.5998478710294792,-1.9343058346705424,0.7555168658866813
203054,"203054, 26233",88745,False,-3.056300395413848,0.0080646508884238,-1.272662120943468,4,13,-0.4955198800388815,-0.3209877959889711,0.606753867466964
203054,"203054, 26233",9136,False,-2.646176934484734,0.0233653909751759,-1.2553942205940265,4,13,-1.1937265799977697,-0.853733101694606,0.7485525004632818
203054,"203054, 26233",84324,False,-2.743622369432247,0.017505301387444,-1.2587932691121348,4,13,-0.5694353722536488,-0.3585137757498463,0.7128658384945291
203054,"203054, 26233",10463,False,2.6487929126925933,0.0197476695473314,1.1898269883531392,4,13,-0.0486107534657328,-0.3025297941760317,0.7200773977905233
203054,"203054, 26233",9197,False,2.5021148961658706,0.0264035488411728,1.1294835076568976,4,13,-0.1154108614597812,-0.3309407349539007,0.7568854103964252
203054,"203054, 26233",9126,False,2.4557370551091613,0.0267403383973385,1.0397952614765893,4,13,-1.2097759705458453,-1.3986494961694276,0.7568854103964252
203054,"203054, 26233",23381,False,2.8684965251999737,0.0124600081426076,1.2708751498095006,4,13,-0.9288513659697404,-1.1492464999933742,0.6614171738249465
203054,"203054, 26233",9887,False,2.4611331688551195,0.0267326703232923,1.017174632313756,4,13,-0.4159076767913455,-0.5572028352385587,0.7568854103964252
203054,"203054, 26233",6617,False,3.1320853301975875,0.0105555687580483,1.5030786099713376,4,13,-1.304362163527242,-1.6988912680807289,0.6407411172848906
203054,"203054, 26233",6618,False,2.794411361525544,0.0136353013418066,1.1718829529406127,4,13,-1.054610188558097,-1.4484542408901158,0.6751793909154472
203054,"203054, 26233",6619,False,3.0393398363012336,0.0086944883689392,1.239112277503722,4,13,-1.0936598831881503,-1.4367634534319376,0.613409593830681
203054,"203054, 26233",10302,False,3.043307663904393,0.0084047255079977,1.2546254004173272,4,13,-1.0113328682110208,-1.3286819989719982,0.6118431005322945
203054,"203054, 26233",6648,False,3.013669289206274,0.008812271383841,1.295426671053334,4,13,-0.7478264234893961,-1.27672949576464,0.613409593830681
203054,"203054, 26233",6654,False,-2.467165615611623,0.0265538342054546,-1.0727113068333456,4,13,-0.2899140159802885,-0.2133307534887525,0.7568854103964252
203054,"203054, 26233",283377,False,-2.4147793624204947,0.046333327932036,-1.2585015157639206,4,13,-0.5678149299832336,-0.435952044754248,0.798982756151779
203054,"203054, 26233",29101,False,2.5484804795178557,0.0392649924704691,1.3402135399333253,4,13,-1.3174769239920867,-1.5251557603064727,0.7920195618927413
203054,"203054, 26233",55240,False,2.5386326528402186,0.030986881151563,1.2397005865602142,4,13,-0.0699648024554122,-0.2752670113227992,0.7706098858578238
203054,"203054, 26233",85369,False,-2.6968826629990783,0.0495013447965836,-1.614784879356594,4,13,-0.8319619863151735,-0.4785596561035228,0.8046714497212784
203054,"203054, 26233",57794,False,2.72378530185464,0.0215254477936681,1.3110567042376915,4,13,-0.5579205528456235,-0.7478233370552307,0.7343771707527326
203054,"203054, 26233",8464,False,3.665210627653865,0.0024141655207847,1.5968718169524414,4,13,0.0614508598834412,-0.2977244671058378,0.4587117602278026
203054,"203054, 26233",6879,False,2.7816287773437494,0.0153296674385055,1.1124366896939375,4,13,-0.6329654886980985,-0.8021705218501046,0.6930559530626134
203054,"203054, 26233",6901,False,2.398511565870792,0.0329557714879572,1.0967779261610295,4,13,-0.1801734395702695,-0.4638038193835552,0.7722938751587749
203054,"203054, 26233",10607,False,-2.656651649229796,0.0182561085508166,-1.1530976313824932,4,13,-1.4362476113282598,-1.1526597218861236,0.7134390816796584
203054,"203054, 26233",79736,False,2.294438389876172,0.0437516499288781,1.0937044585218836,4,13,-0.237091164013247,-0.4879227926589884,0.7982670741340606
203054,"203054, 26233",7023,False,4.370525204099407,0.000574511187486,1.8915672233483545,4,13,-0.1191818180758251,-0.2908127234834283,0.2839400409879977
203054,"203054, 26233",9967,False,2.322288017706336,0.0398853027307737,1.0868884317230223,4,13,-0.2292465680384628,-0.4159326722730423,0.794033699908081
203054,"203054, 26233",11011,False,2.406043221594275,0.0328220382043714,0.9466941967534864,4,13,-0.4955372174894372,-0.6592744301626191,0.7722938751587749
203054,"203054, 26233",729515,False,3.0534159061483384,0.0094304321782036,1.3877425152458045,4,13,-0.3178282445204726,-0.4956236017001111,0.6196372357436517
203054,"203054, 26233",64759,False,2.742405813922804,0.0154946230919444,1.1252599527427911,4,13,-0.1730270713560559,-0.3508883016813448,0.6950759803779362
203054,"203054, 26233",4796,False,2.5556086692057023,0.0248172151710476,1.1720726220880715,4,13,-1.3632575032970684,-1.6624791436116622,0.7568854103964252
203054,"203054, 26233",7186,False,2.289789365310125,0.0473164596138735,1.122379433035479,4,13,-0.2597021538336474,-0.5593830414395654,0.8015763446676192
203054,"203054, 26233",10293,False,2.691011902774523,0.0193312205743986,1.2350650043283538,4,13,-0.4411573261191195,-0.8080129672409052,0.7181353628805818
203054,"203054, 26233",9319,False,3.223233387770145,0.0090143860885066,1.5461582576859982,4,13,-0.1580849863856134,-0.4001132555464348,0.6150093925147891
203054,"203054, 26233",55622,False,-2.5759441671962016,0.0292352844034039,-1.259356788385213,4,13,-2.0166958092386924,-1.5670753872463443,0.7647921533494975
203054,"203054, 26233",10844,False,3.2514344198721665,0.0066274188139353,1.4857539271145468,4,13,-0.9066854372179252,-1.531216443815021,0.5853481090725166
203054,"203054, 26233",85378,False,3.247243427777316,0.0155498022016212,1.7234533495734743,4,13,-0.7781567626236292,-1.0569436893690198,0.6950759803779362
203054,"203054, 26233",7295,False,2.4224665457624224,0.0449624230875891,1.2547587591532574,4,13,-0.9182825459488184,-1.2237628449651736,0.7982670741340606
203054,"203054, 26233",7307,False,2.7768345129390384,0.0300543062270509,1.4815550047748094,4,13,-1.401739668084276,-1.685017153844955,0.7684580593452173
203054,"203054, 26233",3093,False,3.622982425875209,0.0026561585098926,1.4832752551916493,4,13,-0.013513608804862,-0.223775735950061,0.4708510590636074
203054,"203054, 26233",9875,False,2.4677652542555424,0.0269686242828059,1.087203332644041,4,13,-0.8607628389133923,-1.0447407024782178,0.7578267072412546
203054,"203054, 26233",79650,False,-3.0904001240914325,0.0184004211231838,-1.62683998633016,4,13,-0.4165807680907266,-0.2289480870673291,0.7134390816796584
203054,"203054, 26233",124590,False,2.329111638353453,0.034355014805793,0.9707768082303416,4,13,-0.1648328422012371,-0.2707919100415488,0.7760302177369495
203054,"203054, 26233",27340,False,-2.569255965773126,0.0376858849753204,-1.346734630334953,4,13,-1.7188435563496236,-1.377894419559514,0.7858448431886305
203054,"203054, 26233",9525,False,2.15869872052183,0.0476863807796035,0.8967857745134998,4,13,-0.078101863157169,-0.3394580524914202,0.8019982402475438
203054,"203054, 26233",55759,False,-5.220691957818541,0.000262666331139,-2.4431240654351023,4,13,-1.5832822768949693,-1.2243827152105502,0.2103405602834605
203054,"203054, 26233",10885,False,-3.42541342541824,0.0056169883634784,-1.609758438611807,4,13,-1.6017619507506518,-1.2692011139168025,0.5716581178580962
203054,"203054, 26233",55100,False,3.740364156843493,0.0081183757883334,2.0279690791534524,3,7,-1.1417000543308164,-1.5221448147050476,0.606753867466964
203054,"203054, 26233",126248,False,2.2242940744420525,0.0489606096209597,1.056371035992962,4,13,-0.2140572192267654,-0.3927141265248,0.8037156778640308
203054,"203054, 26233",7520,False,-2.5943329033973392,0.0477266786651982,-1.4758925366499516,4,13,-1.6044439193192526,-1.2559814948179715,0.8019982402475438
203054,"203054, 26233",54464,False,2.616791990184101,0.0213218044012032,1.183011417799165,4,13,-0.4287446725001269,-0.6769174224939734,0.7325802880632503
203054,"203054, 26233",51441,False,3.238003573315372,0.0064215215197761,1.4607519499742885,4,13,0.016514148689975,-0.2371023942881352,0.5853481090725166
203054,"203054, 26233",6935,False,-2.720967826436125,0.0438694530709571,-1.5807387656758451,4,13,-0.3945745926232997,-0.1159870533050351,0.7982670741340606
203054,"203054, 26233",84527,False,2.184681957469452,0.0489099351701909,1.0012070777307291,4,13,-0.0120889804256922,-0.1712884403372913,0.8037156778640308
208,"208, 55095, 55588, 5704, 6829, 8857, 9149, 92609",90956,False,2.517794044276476,0.0288843936798462,1.1141691965748286,3,14,-0.0472680906184141,-0.180638443485904,0.7623034268926543
208,"208, 55095, 55588, 5704, 6829, 8857, 9149, 92609",79087,False,2.4865748707156503,0.041740326793074,1.2031056240773952,3,14,0.0024513278258845,-0.1706091313796583,0.7956001194952814
208,"208, 55095, 55588, 5704, 6829, 8857, 9149, 92609",79053,False,2.590137424508689,0.0265211535160188,1.1598509842983822,3,14,-0.1928248639397267,-0.3655790738105859,0.7568854103964252
208,"208, 55095, 55588, 5704, 6829, 8857, 9149, 92609",279,False,-3.057940043585137,0.0247093500730988,-1.5643229192874792,3,14,-0.6310530109001266,-0.408439060078147,0.7568854103964252
208,"208, 55095, 55588, 5704, 6829, 8857, 9149, 92609",284615,False,2.700267837969032,0.0220403558058481,1.2108413005435812,3,14,-0.0765977750642282,-0.2291682091549012,0.7398212951771879
208,"208, 55095, 55588, 5704, 6829, 8857, 9149, 92609",27301,False,3.723452937778017,0.0184546097948909,2.0545233972293606,3,14,0.0977162278181289,-0.3048683486559298,0.7134390816796584
208,"208, 55095, 55588, 5704, 6829, 8857, 9149, 92609",89872,False,2.409027958843714,0.0331226289042669,1.0451305408533824,3,14,-0.0394066140149565,-0.1780545292545325,0.7722938751587749
208,"208, 55095, 55588, 5704, 6829, 8857, 9149, 92609",372,False,3.9352972912226263,0.002582959003943,1.7550981831646462,3,14,-1.3166063254523923,-1.5568520073326506,0.4653770951372328
208,"208, 55095, 55588, 5704, 6829, 8857, 9149, 92609",10139,False,2.652361566974416,0.0278211316549596,1.234043467890832,3,14,-0.4864205526823282,-0.8124876698336204,0.7581377630197409
208,"208, 55095, 55588, 5704, 6829, 8857, 9149, 92609",8874,False,4.566034369587638,0.0004827669382994,1.7391926116738483,3,14,0.0911407430197095,-0.360097506665435,0.2821218668066492
208,"208, 55095, 55588, 5704, 6829, 8857, 9149, 92609",196528,False,-3.440898315096181,0.0058656109925566,-1.5312811940712394,3,14,-0.7598062106889164,-0.4361578129995536,0.5783460537391655
208,"208, 55095, 55588, 5704, 6829, 8857, 9149, 92609",537,False,5.30540902315505,0.0001661036085903,2.279894917464216,3,14,-0.6454176636646473,-1.2324312215066442,0.170352646061666
208,"208, 55095, 55588, 5704, 6829, 8857, 9149, 92609",57099,False,3.0908403831036133,0.0084169695514654,1.1731507781529051,3,14,0.0590521933147649,-0.13987986011675,0.6118431005322945
208,"208, 55095, 55588, 5704, 6829, 8857, 9149, 92609",552,False,2.832626000201871,0.0167120441162512,1.2567229116645988,3,14,-0.1600284784898521,-0.3677417938196813,0.7070974930710524
208,"208, 55095, 55588, 5704, 6829, 8857, 9149, 92609",10134,False,2.3881499241665525,0.0319529452383708,1.0015946612362217,3,14,-0.1019886519583117,-0.2819280829121486,0.7715553047120207
208,"208, 55095, 55588, 5704, 6829, 8857, 9149, 92609",598,False,2.3497396476887364,0.0330557799466753,0.9245349655069256,3,14,-0.7439275135940521,-0.9798002168346108,0.7722938751587749
208,"208, 55095, 55588, 5704, 6829, 8857, 9149, 92609",221927,False,2.9247040240655244,0.0437175100675221,1.6507102258000497,3,14,0.0544116568019192,-0.3300578508338359,0.7982670741340606
208,"208, 55095, 55588, 5704, 6829, 8857, 9149, 92609",83990,False,3.9402896670855294,0.0013554883065261,1.541882648496834,3,14,-0.1294204099830657,-0.2993565295439985,0.3758375691415674
208,"208, 55095, 55588, 5704, 6829, 8857, 9149, 92609",7862,False,-3.6331502606656665,0.0078140414370861,-1.7436072299237475,3,14,-0.6355848855819963,-0.3361673241708834,0.6039499425927941
208,"208, 55095, 55588, 5704, 6829, 8857, 9149, 92609",91408,False,-4.066713456621468,0.0010124810884768,-1.62257448898427,3,14,-0.7719824198491164,-0.5275374518309573,0.3424241293940285
208,"208, 55095, 55588, 5704, 6829, 8857, 9149, 92609",284018,False,2.528920160713368,0.0261589246622064,1.0906929999868518,3,14,-0.2515538660904012,-0.4146122108626646,0.7568854103964252
208,"208, 55095, 55588, 5704, 6829, 8857, 9149, 92609",28974,False,2.672138577570005,0.0233438970814482,1.2008885255363408,3,14,-0.4522885499173628,-0.7642473808989142,0.7485525004632818
208,"208, 55095, 55588, 5704, 6829, 8857, 9149, 92609",819,False,2.489788569538617,0.0498342030621703,1.268544224020964,3,14,-0.2636371626939094,-0.4589193687261551,0.8046714497212784
208,"208, 55095, 55588, 5704, 6829, 8857, 9149, 92609",51244,False,-3.754738617994773,0.0051330408476824,-1.7495430414921451,3,14,-1.0357336607013083,-0.7281929697614135,0.5679220261202397
208,"208, 55095, 55588, 5704, 6829, 8857, 9149, 92609",283234,False,-2.903783313325395,0.0299562929907027,-1.4864284905869904,3,14,-0.3951835878323106,-0.2618399177759388,0.7684580593452173
208,"208, 55095, 55588, 5704, 6829, 8857, 9149, 92609",891,False,3.232810130630653,0.007348138654049,1.4059049915158095,3,14,-0.7082830348383299,-1.0898538127969204,0.5963678797152245
208,"208, 55095, 55588, 5704, 6829, 8857, 9149, 92609",595,False,2.747940423281789,0.0164147647900729,1.163759337187604,3,14,-0.2463224938821335,-1.004327500839426,0.7016422622248645
208,"208, 55095, 55588, 5704, 6829, 8857, 9149, 92609",896,False,2.219431032693993,0.0486363247728482,0.9809428286714724,3,14,-0.1230535563484903,-0.2608473377103462,0.8037156778640308
208,"208, 55095, 55588, 5704, 6829, 8857, 9149, 92609",898,False,-3.161594840130713,0.0365738891714149,-1.8072912511595356,3,14,-1.3823724082757367,-0.4840505482754227,0.7828467321786678
208,"208, 55095, 55588, 5704, 6829, 8857, 9149, 92609",1000,False,2.532524912393626,0.0243473561792542,0.9661848994578116,3,14,0.0056590690918963,-0.2448240145417428,0.7555168658866813
208,"208, 55095, 55588, 5704, 6829, 8857, 9149, 92609",1017,False,-3.557505501465927,0.0220286354037096,-1.97184328114314,3,14,-1.8347773854392369,-0.9708083866259134,0.7398212951771879
208,"208, 55095, 55588, 5704, 6829, 8857, 9149, 92609",1021,False,2.908009289410204,0.0115244508060515,1.1159243464992834,3,14,-0.0322300010340348,-0.3198653931272323,0.6488452626579987
208,"208, 55095, 55588, 5704, 6829, 8857, 9149, 92609",8760,False,2.320535776104922,0.035395642436548,0.9012820709697508,3,14,-0.2108364281394448,-0.4947653289981621,0.7792678241219885
208,"208, 55095, 55588, 5704, 6829, 8857, 9149, 92609",4680,False,2.316478731034056,0.0449705694534973,1.057817680561291,3,14,-0.1892982882299885,-0.3412147341677748,0.7982670741340606
208,"208, 55095, 55588, 5704, 6829, 8857, 9149, 92609",1060,False,-2.564159862150173,0.0281674971277206,-1.1530850495376224,3,14,-1.0614438169630385,-0.936228530989571,0.7586792529741281
208,"208, 55095, 55588, 5704, 6829, 8857, 9149, 92609",401541,False,3.027909752423643,0.0445301813359533,1.765788244609341,3,14,-0.1574123571971947,-0.4468970900775327,0.7982670741340606
208,"208, 55095, 55588, 5704, 6829, 8857, 9149, 92609",10390,False,3.258123182839169,0.0053138974806378,1.3128671099252929,3,14,-0.1923259419500244,-0.4792870807965855,0.5705647490366753
208,"208, 55095, 55588, 5704, 6829, 8857, 9149, 92609",57680,False,-2.2616116115806277,0.0417590169124044,-0.9645689919321786,3,14,-0.6073007693163665,-0.3840286842418199,0.7956001194952814
208,"208, 55095, 55588, 5704, 6829, 8857, 9149, 92609",57019,False,2.4137731233224766,0.0290933517023403,0.9737394496672264,3,14,-0.7990455558517651,-0.945618230596066,0.7637693482646525
208,"208, 55095, 55588, 5704, 6829, 8857, 9149, 92609",9793,False,-3.412180770915462,0.0056219431379118,-1.4980330575202117,3,14,-2.465779445656117,-2.049255070321144,0.5716581178580962
208,"208, 55095, 55588, 5704, 6829, 8857, 9149, 92609",80790,False,3.1867175018121463,0.0081823988258697,1.391689265911447,3,14,-0.0623136673891827,-0.3392667443518452,0.6073377568969885
208,"208, 55095, 55588, 5704, 6829, 8857, 9149, 92609",23019,False,2.3584825644015552,0.0323709466562713,0.9358476380687324,3,14,-0.5199912662224218,-0.7366647469398669,0.7715553047120207
208,"208, 55095, 55588, 5704, 6829, 8857, 9149, 92609",80347,False,2.57908184270407,0.0211945571395027,1.0095119987792611,3,14,-0.2724485439585304,-0.5033803872734767,0.7324479075202417
208,"208, 55095, 55588, 5704, 6829, 8857, 9149, 92609",9382,False,3.536960972100569,0.0029900107732523,1.4083514852446233,3,14,-0.420050958824361,-0.636040757640454,0.492940809773446
208,"208, 55095, 55588, 5704, 6829, 8857, 9149, 92609",1297,False,-5.6758176213883225,0.0001355885799179,-2.49620646209538,3,14,-0.0988007354490253,0.0097826434112539,0.1521447431058082
208,"208, 55095, 55588, 5704, 6829, 8857, 9149, 92609",10920,False,3.015833638626503,0.0298033724726787,1.5873660149996072,3,14,-0.8560138944944723,-1.1720458253704162,0.767444887438343
208,"208, 55095, 55588, 5704, 6829, 8857, 9149, 92609",9377,False,3.7241877623068262,0.0020766921520581,1.513687132465179,3,14,-0.3540984522183621,-0.5102279347896123,0.4465260283830929
208,"208, 55095, 55588, 5704, 6829, 8857, 9149, 92609",11052,False,2.4508519227458825,0.0271643873573817,0.9954710638332104,3,14,-0.7212327679661087,-0.8891988155700884,0.7578267072412546
208,"208, 55095, 55588, 5704, 6829, 8857, 9149, 92609",1398,False,5.591000524939541,5.425630824881277e-05,2.274107823433924,3,14,0.1092952015114869,-0.3500109676437248,0.1096423598059726
208,"208, 55095, 55588, 5704, 6829, 8857, 9149, 92609",7812,False,2.583973348284093,0.0353504257966382,1.2426943386035163,3,14,-0.063796207840156,-0.3253536257341373,0.7792207677507641
208,"208, 55095, 55588, 5704, 6829, 8857, 9149, 92609",23399,False,-2.4950298993173106,0.0258537030605866,-0.956695911488714,3,14,-0.5485533813611823,-0.3453518779851766,0.7568854103964252
208,"208, 55095, 55588, 5704, 6829, 8857, 9149, 92609",1503,False,3.586609274817506,0.0027221158641595,1.416253513959468,3,14,-0.2611922796551436,-0.6194239453368582,0.472919287809963
208,"208, 55095, 55588, 5704, 6829, 8857, 9149, 92609",57703,False,-3.228029002428356,0.0294553379830916,-1.7800430305175976,3,14,-1.7908191764351131,-1.398549577725141,0.7663258759299784
208,"208, 55095, 55588, 5704, 6829, 8857, 9149, 92609",1553,False,2.979851891881478,0.0104339804427937,1.1311694146544902,3,14,-0.0876081659664135,-0.233399921923689,0.6383467739918075
208,"208, 55095, 55588, 5704, 6829, 8857, 9149, 92609",1639,False,-3.012845286031822,0.0125460493858877,-1.3448063082172987,3,14,-0.588170452024125,-0.4040646927597143,0.6630760309431742
208,"208, 55095, 55588, 5704, 6829, 8857, 9149, 92609",9188,False,2.1706158010432355,0.0489899135793334,0.8210797397913804,3,14,-1.0350071387367838,-1.2425428134757113,0.8037156778640308
208,"208, 55095, 55588, 5704, 6829, 8857, 9149, 92609",51202,False,2.602711143291632,0.0225965174227821,1.118925070971678,3,14,-1.3546259557491789,-1.7001699201921114,0.743696768553327
208,"208, 55095, 55588, 5704, 6829, 8857, 9149, 92609",57696,False,3.850484703111715,0.02711843255391,2.3447131984344103,3,14,-0.5703526788822811,-1.0298709171661693,0.7578267072412546
208,"208, 55095, 55588, 5704, 6829, 8857, 9149, 92609",170506,False,3.058630277535572,0.0375010725614262,1.716523285332167,3,14,-0.5438798028863422,-0.8482593782829408,0.7855967493217224
208,"208, 55095, 55588, 5704, 6829, 8857, 9149, 92609",9231,False,2.9749247498024896,0.0170494999172549,1.3894468419431756,3,14,-0.0265827804270476,-0.3043319475099729,0.7094815495777185
208,"208, 55095, 55588, 5704, 6829, 8857, 9149, 92609",54919,False,3.2605658163445503,0.0059888442388452,1.375488944821401,3,14,-0.0984176340593852,-0.2788344421662629,0.5795206013161482
208,"208, 55095, 55588, 5704, 6829, 8857, 9149, 92609",55192,False,-3.363230696718852,0.00585383466097,-1.465489413954688,3,14,-1.4415201680024472,-1.1643580495973738,0.5783460537391655
208,"208, 55095, 55588, 5704, 6829, 8857, 9149, 92609",10059,False,-4.551375949159363,0.0005358961565151,-1.932025709443181,3,14,-1.197829200185632,-0.6907616913944324,0.2839400409879977
208,"208, 55095, 55588, 5704, 6829, 8857, 9149, 92609",8818,False,2.663257963800382,0.0301105808229837,1.2677069264451186,3,14,-0.2340283876759179,-0.503286883856542,0.7686204498923369
208,"208, 55095, 55588, 5704, 6829, 8857, 9149, 92609",29102,False,-2.8463735623084068,0.0359891330143549,-1.4956118317181213,3,14,-0.8293191801620736,-0.5739825368568088,0.7796065223202716
208,"208, 55095, 55588, 5704, 6829, 8857, 9149, 92609",1869,False,3.47403115140712,0.0036687920045028,1.441325597322045,3,14,-0.0031024461093749,-0.2216296009526093,0.5093532934461028
208,"208, 55095, 55588, 5704, 6829, 8857, 9149, 92609",1968,False,3.442955977863507,0.0052230246532246,1.5073537697829913,3,14,-1.5577291069894403,-1.8210355680140728,0.5679220261202397
208,"208, 55095, 55588, 5704, 6829, 8857, 9149, 92609",8669,False,3.246334214759289,0.0063585836080461,1.3793933298687444,3,14,-0.376479851861955,-0.5930154271058969,0.5853481090725166
208,"208, 55095, 55588, 5704, 6829, 8857, 9149, 92609",1973,False,5.221918168104576,0.00012757698354,2.009816128992626,3,14,-0.4944125781018145,-1.0402407463415229,0.1461550205339268
208,"208, 55095, 55588, 5704, 6829, 8857, 9149, 92609",63916,False,3.884738146388876,0.0014906233071435,1.5294460338978195,3,14,0.0974421926336701,-0.3416687461196828,0.3893294951828329
208,"208, 55095, 55588, 5704, 6829, 8857, 9149, 92609",84337,False,-2.631819753430703,0.0276001285594645,-1.2123371925401918,3,14,-0.5775829903315458,-0.3841413733904764,0.7578267072412546
208,"208, 55095, 55588, 5704, 6829, 8857, 9149, 92609",51234,False,6.189319247585658,0.0006737484344589,3.066533444328704,3,14,-0.2239870310400273,-0.5400112417451826,0.305714791791246
208,"208, 55095, 55588, 5704, 6829, 8857, 9149, 92609",11340,False,-2.671315907957936,0.0395821133342947,-1.362795906212754,3,14,-1.4624910995092737,-1.1391974392014592,0.7924614775352322
208,"208, 55095, 55588, 5704, 6829, 8857, 9149, 92609",8772,False,2.6500509222840547,0.0493075694948383,1.4249354176792788,3,14,-0.0376402130052515,-0.2614538165462449,0.8046714497212784
208,"208, 55095, 55588, 5704, 6829, 8857, 9149, 92609",84908,False,3.2148589371681946,0.0067221884661288,1.2166480549776204,3,14,-0.3494266207860896,-0.4744738755997073,0.5853481090725166
208,"208, 55095, 55588, 5704, 6829, 8857, 9149, 92609",2176,False,2.406631650310109,0.0393969276870068,1.104792124117707,3,14,0.0375878843372493,-0.1868714791726328,0.7920294554796992
208,"208, 55095, 55588, 5704, 6829, 8857, 9149, 92609",55120,False,2.8775201032814075,0.0139130326941109,1.2465860226498555,3,14,-0.0586529149919995,-0.3088239177090775,0.6756675892727139
208,"208, 55095, 55588, 5704, 6829, 8857, 9149, 92609",57697,False,2.5587973763418472,0.0223365472321957,0.99260407939706,3,14,-0.4087811772165194,-0.6956783481589895,0.7433487573131884
208,"208, 55095, 55588, 5704, 6829, 8857, 9149, 92609",2197,False,4.107694182624418,0.0015704534123168,1.7936359993489353,3,14,-1.9638518182001607,-2.617991972748314,0.3942663363598785
208,"208, 55095, 55588, 5704, 6829, 8857, 9149, 92609",51077,False,2.9590746817262965,0.0212551980261198,1.4339230133216143,3,14,-1.094190445721697,-1.4650791271269643,0.7325802880632503
208,"208, 55095, 55588, 5704, 6829, 8857, 9149, 92609",128486,False,2.9394953066768714,0.0118046431744215,1.2582517491698166,3,14,0.1204113912043636,-0.041650998975054,0.6546017798448555
208,"208, 55095, 55588, 5704, 6829, 8857, 9149, 92609",2539,False,2.860393669636064,0.0371474764002468,1.5205241847424522,3,14,0.0584691144173601,-0.2768505295751132,0.7852591204741021
208,"208, 55095, 55588, 5704, 6829, 8857, 9149, 92609",2553,False,3.079653700443813,0.0087803450297961,1.3090700053690771,3,14,-0.3367715709287451,-0.8175968131873915,0.613409593830681
208,"208, 55095, 55588, 5704, 6829, 8857, 9149, 92609",439,False,2.2084476865943983,0.0432797944526692,0.891826874931197,3,14,-0.3656639323336738,-0.6577894521297118,0.7982670741340606
208,"208, 55095, 55588, 5704, 6829, 8857, 9149, 92609",51608,False,2.170721823042565,0.0483076439586782,0.827142925668296,3,14,0.0154019473074682,-0.1992503817680346,0.8037156778640308
208,"208, 55095, 55588, 5704, 6829, 8857, 9149, 92609",2735,False,3.6388957749946056,0.0027725158944286,1.5255115475216154,3,14,-0.1723668752626717,-0.3162863757784494,0.4764680963868702
208,"208, 55095, 55588, 5704, 6829, 8857, 9149, 92609",54584,False,6.034823706950973,2.3684615247284707e-05,2.444552456830171,3,14,-0.375027087565301,-0.8616891212372336,0.098218039898729
208,"208, 55095, 55588, 5704, 6829, 8857, 9149, 92609",2885,False,4.024777667838417,0.0066143646322259,2.0077342803539104,3,14,-0.2425580687446679,-0.8635636793256307,0.5853481090725166
208,"208, 55095, 55588, 5704, 6829, 8857, 9149, 92609",55766,False,3.808227682541364,0.0024251206582539,1.643484158042033,3,14,-0.2703371224599517,-0.4129094198254126,0.4587117602278026
208,"208, 55095, 55588, 5704, 6829, 8857, 9149, 92609",57817,False,-3.800573717344755,0.0359377599655392,-2.469417165925891,3,14,-0.5935242886604265,-0.2527355088687666,0.7796065223202716
208,"208, 55095, 55588, 5704, 6829, 8857, 9149, 92609",115106,False,-2.7554859465524184,0.0484540992298697,-1.524531811105784,3,14,-1.887828177243744,-1.50436774684244,0.8037156778640308
208,"208, 55095, 55588, 5704, 6829, 8857, 9149, 92609",9146,False,3.2283615650864106,0.0132381328997199,1.5405837977192742,3,14,-0.4896652389365643,-0.8522845368395788,0.6748476097500755
208,"208, 55095, 55588, 5704, 6829, 8857, 9149, 92609",3156,False,4.732196129124352,0.0002806353770835,1.8529797232885408,3,14,-0.7213002286361786,-1.0942484031250015,0.2111584150833162
208,"208, 55095, 55588, 5704, 6829, 8857, 9149, 92609",79664,False,3.358523404181177,0.0053302092444596,1.4378846689578255,3,14,-0.2928875708686884,-0.4745750923765856,0.5705647490366753
208,"208, 55095, 55588, 5704, 6829, 8857, 9149, 92609",3611,False,2.6235926491854125,0.0232275138961346,1.1510547930834705,3,14,-0.3372612554221918,-0.6341619763588137,0.7485525004632818
208,"208, 55095, 55588, 5704, 6829, 8857, 9149, 92609",3633,False,2.8232397267798217,0.026155745678974,1.3721928143435114,3,14,-0.1467099787817141,-0.2937436671526968,0.7568854103964252
208,"208, 55095, 55588, 5704, 6829, 8857, 9149, 92609",26512,False,3.643659373678332,0.0147929625420432,1.913299203463636,3,14,-0.1609446341083203,-0.70041394620233,0.6866898379200101
208,"208, 55095, 55588, 5704, 6829, 8857, 9149, 92609",3843,False,4.486301457557941,0.0005588833082718,1.7092373429516694,3,14,-0.0169067711625891,-0.2995805827608208,0.2839400409879977
208,"208, 55095, 55588, 5704, 6829, 8857, 9149, 92609",3725,False,3.1498872372080995,0.0068082584834975,1.2919772658376791,3,14,-0.1414888171164223,-0.3924295408362083,0.5871291915890718
208,"208, 55095, 55588, 5704, 6829, 8857, 9149, 92609",3787,False,2.595346249312289,0.024135834675335,1.1344187128345014,3,14,0.0398539139242552,-0.0748884498923768,0.7555168658866813
208,"208, 55095, 55588, 5704, 6829, 8857, 9149, 92609",10945,False,-2.637873696570061,0.0421987317408297,-1.3532159006236797,3,14,-0.1382375703657503,-0.0278766147098583,0.7974289184896268
208,"208, 55095, 55588, 5704, 6829, 8857, 9149, 92609",83855,False,3.3820808535432447,0.0042489044372145,1.3863742164452315,3,14,-0.219788484024607,-0.3985234055042875,0.5353838715904888
208,"208, 55095, 55588, 5704, 6829, 8857, 9149, 92609",688,False,-2.3221134093429066,0.0369781506492447,-0.9854536069458668,3,14,-0.6334512456059463,-0.3556928987599744,0.7836483879259681
208,"208, 55095, 55588, 5704, 6829, 8857, 9149, 92609",3837,False,3.100255478777464,0.023954512072292,1.592233692043143,3,14,-1.7119079418065402,-2.1039677766588776,0.7544104754566708
208,"208, 55095, 55588, 5704, 6829, 8857, 9149, 92609",3845,False,2.425733054795628,0.0286835850083338,0.9479438877343236,3,14,-0.1924531031093498,-0.7092943175646044,0.7610046326870308
208,"208, 55095, 55588, 5704, 6829, 8857, 9149, 92609",386676,False,3.286236418696012,0.0052740896964399,1.2716891956676182,3,14,-0.2295237985672941,-0.3911416024205959,0.5690627652760771
208,"208, 55095, 55588, 5704, 6829, 8857, 9149, 92609",51520,False,2.706828875756248,0.0485397040779442,1.47579189823861,3,14,-1.4796918188145811,-1.736098023632834,0.8037156778640308
208,"208, 55095, 55588, 5704, 6829, 8857, 9149, 92609",5594,False,3.1960197820990786,0.0172370299341467,1.5805268764512723,3,14,0.0162121592634262,-0.2958715827993198,0.7112864518483171
208,"208, 55095, 55588, 5704, 6829, 8857, 9149, 92609",4193,False,2.157969349354577,0.0482257261707342,0.8377035857159545,3,14,-0.2803142543962276,-0.5300959788859089,0.8037156778640308
208,"208, 55095, 55588, 5704, 6829, 8857, 9149, 92609",6837,False,-2.541264601920784,0.038960719515033,-1.233198767827358,3,14,-1.4423096061241232,-1.2488890314199577,0.7897130757303121
208,"208, 55095, 55588, 5704, 6829, 8857, 9149, 92609",23173,False,2.314205391619921,0.0496659870605495,1.0909587224327153,3,14,-0.5317473183662007,-0.8747923581495954,0.8046714497212784
208,"208, 55095, 55588, 5704, 6829, 8857, 9149, 92609",79066,False,3.7908184904797326,0.0020765628035459,1.591513129544016,3,14,-0.5945323866038957,-1.147812501446847,0.4465260283830929
208,"208, 55095, 55588, 5704, 6829, 8857, 9149, 92609",57534,False,-3.45021295094278,0.0131281657634309,-1.7204232205750896,3,14,-0.4817370870250099,-0.2221423578822212,0.6728146664077681
208,"208, 55095, 55588, 5704, 6829, 8857, 9149, 92609",55320,False,-2.539827593852119,0.0236446892344628,-1.0592363129196969,3,14,-1.0481513057578848,-0.9068751019287948,0.7509897022166259
208,"208, 55095, 55588, 5704, 6829, 8857, 9149, 92609",93380,False,2.3919685658640724,0.0455144986541608,1.1391413839236044,3,14,-0.1087097116725396,-0.3357974887017394,0.7982670741340606
208,"208, 55095, 55588, 5704, 6829, 8857, 9149, 92609",10200,False,-3.404006974642409,0.0108773201090293,-1.637070350457097,3,14,-0.5740478490634514,-0.249817046787947,0.64579115731803
208,"208, 55095, 55588, 5704, 6829, 8857, 9149, 92609",65003,False,-4.3755379911552765,0.0147635219027757,-2.544673438203973,3,14,-0.5686731220652183,-0.1828147982670329,0.6865339775569129
208,"208, 55095, 55588, 5704, 6829, 8857, 9149, 92609",219927,False,-2.816278490177187,0.0131347666556712,-1.107659991892913,3,14,-0.7636104459894297,-0.5212381842393836,0.6728146664077681
208,"208, 55095, 55588, 5704, 6829, 8857, 9149, 92609",9553,False,-2.872357901772038,0.0215111192476362,-1.3610837126035449,3,14,-0.5325661827065491,-0.1839459409706116,0.7343771707527326
208,"208, 55095, 55588, 5704, 6829, 8857, 9149, 92609",28977,False,-2.227331297036105,0.043224153965304,-0.8515975328481166,3,14,-0.4531879348469669,-0.3414864701439308,0.7982670741340606
208,"208, 55095, 55588, 5704, 6829, 8857, 9149, 92609",63931,False,-4.665424887241243,0.0017103368408277,-2.205122745594796,3,14,-0.904285347321114,-0.4731693699933114,0.4157785292209414
208,"208, 55095, 55588, 5704, 6829, 8857, 9149, 92609",51154,False,4.642813893639999,0.0024112382066871,2.251263315948598,3,14,-0.567676959475122,-1.0185067798730574,0.4587117602278026
208,"208, 55095, 55588, 5704, 6829, 8857, 9149, 92609",27085,False,-6.360406520784468,2.13934987999222e-05,-2.420616050357783,3,14,-2.0012949388706627,-1.6926109180379332,0.098218039898729
208,"208, 55095, 55588, 5704, 6829, 8857, 9149, 92609",4598,False,4.3963190583040666,0.0007230844315114,1.869091719435015,3,14,-0.2543078992021526,-0.8326282413086686,0.3167218602697025
208,"208, 55095, 55588, 5704, 6829, 8857, 9149, 92609",4605,False,-4.996156885544776,0.0012570978153218,-2.3792808949350905,3,14,-0.78935830151676,-0.3923223701234933,0.3748120081084212
208,"208, 55095, 55588, 5704, 6829, 8857, 9149, 92609",4609,False,4.87697676276798,0.0028342856475882,2.450089079732648,3,14,-0.9093589781904328,-1.8059767957072212,0.4834001367331073
208,"208, 55095, 55588, 5704, 6829, 8857, 9149, 92609",80155,False,-2.331055988176905,0.034649816180536,-0.9583435872780762,3,14,-1.322285818114312,-1.1104230018516412,0.7760302177369495
208,"208, 55095, 55588, 5704, 6829, 8857, 9149, 92609",80018,False,3.643601964875872,0.0191467568741791,1.997302750001308,3,14,-0.5078218390209012,-0.876457898720575,0.7163662249874128
208,"208, 55095, 55588, 5704, 6829, 8857, 9149, 92609",10135,False,2.78391515368934,0.0145312175440379,1.0731623017657457,3,14,-0.1617114356903302,-0.4658664430886854,0.68375579582279
208,"208, 55095, 55588, 5704, 6829, 8857, 9149, 92609",54892,False,3.697423112714174,0.0035366351747077,1.6320913112264277,3,14,-0.4858947946145402,-1.0450968593697896,0.506575498552766
208,"208, 55095, 55588, 5704, 6829, 8857, 9149, 92609",27158,False,3.2658062156959398,0.0145711506581474,1.5952443476277227,3,14,-0.4842369643143847,-0.8284047088230312,0.6842551662450265
208,"208, 55095, 55588, 5704, 6829, 8857, 9149, 92609",4697,False,-3.251086599255029,0.0087349288335424,-1.462849076437863,3,14,-0.5335014185007821,-0.3108709316866376,0.613409593830681
208,"208, 55095, 55588, 5704, 6829, 8857, 9149, 92609",121441,False,-2.971420964544069,0.0125307892486584,-1.3068298866386534,3,14,-2.026827519273956,-1.6542582660994225,0.6630760309431742
208,"208, 55095, 55588, 5704, 6829, 8857, 9149, 92609",79954,False,3.0724980606082184,0.007885393156504,1.2539311897568837,3,14,-1.1057197067153026,-1.3685149917962711,0.6064951466791169
208,"208, 55095, 55588, 5704, 6829, 8857, 9149, 92609",65083,False,2.217075034101241,0.0455661465367107,0.9483884055937544,3,14,-0.939024693380405,-1.2430922575830614,0.7982670741340606
208,"208, 55095, 55588, 5704, 6829, 8857, 9149, 92609",79707,False,3.11755497549382,0.0071873304822876,1.2209498102252003,3,14,-0.798580696458654,-1.1054416514264973,0.5941524798038766
208,"208, 55095, 55588, 5704, 6829, 8857, 9149, 92609",51602,False,2.9443327915817337,0.0438729331188965,1.6723247855898602,3,14,-1.2487942600603663,-1.767602371978925,0.7982670741340606
208,"208, 55095, 55588, 5704, 6829, 8857, 9149, 92609",286053,False,-5.287005392387173,0.0012225978336573,-2.5716893646329555,3,14,-0.7599651634166267,-0.3990207083787456,0.3748120081084212
208,"208, 55095, 55588, 5704, 6829, 8857, 9149, 92609",10101,False,2.9473150845672484,0.0340113994813056,1.570469673299191,3,14,-0.3752377364574562,-0.7685248790303852,0.7760302177369495
208,"208, 55095, 55588, 5704, 6829, 8857, 9149, 92609",11051,False,-2.384512300745909,0.0307678378997865,-0.946506436473262,3,14,-1.8847576493702276,-1.6883096094887002,0.7690631820319243
208,"208, 55095, 55588, 5704, 6829, 8857, 9149, 92609",54623,False,-3.2145383917785373,0.0075561487858612,-1.3965068217708263,3,14,-1.039389682108412,-0.7798495141770398,0.6015842362659898
208,"208, 55095, 55588, 5704, 6829, 8857, 9149, 92609",10606,False,2.324230752008419,0.0356337876601321,0.9671360213477606,3,14,-0.2435785261111031,-0.4856678110475568,0.7792678241219885
208,"208, 55095, 55588, 5704, 6829, 8857, 9149, 92609",5062,False,2.2749012777839384,0.0459184301925355,1.020847874091846,3,14,-0.1357560323582445,-0.453055198381829,0.7982670741340606
208,"208, 55095, 55588, 5704, 6829, 8857, 9149, 92609",5073,False,2.433743246464344,0.0386179744613856,1.1254117978111935,3,14,-0.0912912612722061,-0.2928780381771244,0.7891616186922428
208,"208, 55095, 55588, 5704, 6829, 8857, 9149, 92609",5091,False,-3.115039934565159,0.0196001794058501,-1.5465064793340904,3,14,-0.4624121844361217,-0.2910947657090134,0.7192941560410089
208,"208, 55095, 55588, 5704, 6829, 8857, 9149, 92609",5111,False,-2.856478727665537,0.0133647572437472,-1.2109861888583335,3,14,-3.0504319562857227,-2.72096933167844,0.6751793909154472
208,"208, 55095, 55588, 5704, 6829, 8857, 9149, 92609",5130,False,3.5296057594557224,0.0085100534660425,1.6813308421447966,3,14,-0.478416594671419,-0.9304851203093571,0.613409593830681
208,"208, 55095, 55588, 5704, 6829, 8857, 9149, 92609",22984,False,2.4037685849068757,0.0369346763898794,1.0796630728358378,3,14,-1.1114666123098738,-1.364287992538309,0.7836483879259681
208,"208, 55095, 55588, 5704, 6829, 8857, 9149, 92609",57595,False,2.1607226916676288,0.0473714272273566,0.8713696593985154,3,14,-0.1504353001293118,-0.2560445498246044,0.8015763446676192
208,"208, 55095, 55588, 5704, 6829, 8857, 9149, 92609",53918,False,2.733101014612678,0.022396562742872,1.246462425403612,3,14,-0.5475628865739453,-1.007298719529253,0.743696768553327
208,"208, 55095, 55588, 5704, 6829, 8857, 9149, 92609",5216,False,6.095742008354785,2.064134813294497e-05,2.450835207868991,3,14,-0.0056045397507937,-0.6719803467952252,0.098218039898729
208,"208, 55095, 55588, 5704, 6829, 8857, 9149, 92609",5226,False,2.742251286415676,0.0152157466378505,1.1112928986028767,3,14,-0.5535471765128247,-0.8181170754902488,0.6914067168039761
208,"208, 55095, 55588, 5704, 6829, 8857, 9149, 92609",5238,False,2.486849577326804,0.0281245058521056,1.0704488749792165,3,14,-0.0056128576879415,-0.3452562076192507,0.7586792529741281
208,"208, 55095, 55588, 5704, 6829, 8857, 9149, 92609",30849,False,3.5767053486766307,0.0035142547715293,1.5303399510846687,3,14,-0.2157706073716595,-0.4328805574463968,0.506575498552766
208,"208, 55095, 55588, 5704, 6829, 8857, 9149, 92609",5303,False,-2.3051906152255754,0.0419086320304718,-1.0192891170290392,3,14,-0.2826926705380696,-0.1505569218777204,0.7956001194952814
208,"208, 55095, 55588, 5704, 6829, 8857, 9149, 92609",10654,False,2.710832273769206,0.0264441683029805,1.273422605592893,3,14,-0.0022244407580043,-0.2984895139484191,0.7568854103964252
208,"208, 55095, 55588, 5704, 6829, 8857, 9149, 92609",56902,False,2.433028827477123,0.0392574718368755,1.130159708328463,3,14,-0.9662734579432556,-1.191938641175408,0.7920195618927413
208,"208, 55095, 55588, 5704, 6829, 8857, 9149, 92609",5424,False,3.538905334464125,0.0095350122708124,1.7142463331578823,3,14,-1.8434799641108188,-2.299343420557347,0.6216267500873687
208,"208, 55095, 55588, 5704, 6829, 8857, 9149, 92609",10721,False,3.117033170148039,0.0110504172723874,1.4044333175481176,3,14,-0.1337797524108768,-0.3632713376454454,0.64579115731803
208,"208, 55095, 55588, 5704, 6829, 8857, 9149, 92609",9533,False,4.323090921924991,0.0006473026710185,1.6820042651533538,3,14,-1.3598816244020382,-1.7553751122128125,0.3011662510199029
208,"208, 55095, 55588, 5704, 6829, 8857, 9149, 92609",5437,False,-3.25099285366133,0.0055548085747167,-1.2659890068108963,3,14,-1.860007580862656,-1.5709213864034957,0.571156009807942
208,"208, 55095, 55588, 5704, 6829, 8857, 9149, 92609",171568,False,3.367694882952532,0.0050468626422062,1.4317012120368504,3,14,-1.3415181625063577,-1.7014288327513252,0.5647706482767996
208,"208, 55095, 55588, 5704, 6829, 8857, 9149, 92609",5442,False,-2.2644872523797503,0.0391118438905133,-0.9242056158766933,3,14,-0.7020364054075916,-0.4871372067039808,0.7911535136557265
208,"208, 55095, 55588, 5704, 6829, 8857, 9149, 92609",85313,False,2.7843962489203995,0.0239106737753733,1.3117302307431566,3,14,-0.920853319713064,-1.187521142711229,0.7544104754566708
208,"208, 55095, 55588, 5704, 6829, 8857, 9149, 92609",8493,False,2.327237129666941,0.041235036504625,1.0375782892527037,3,14,-0.1010797975797539,-0.2988157172406842,0.7950058640262805
208,"208, 55095, 55588, 5704, 6829, 8857, 9149, 92609",5501,False,3.2165222026659497,0.0102443762196405,1.47063478861064,3,14,-0.0916772289916105,-0.2588849053250837,0.6320170500990252
208,"208, 55095, 55588, 5704, 6829, 8857, 9149, 92609",10848,False,3.798255177413516,0.0021888573279834,1.4375943946511065,3,14,-0.020765711546194,-0.1879591501096409,0.4563336296853107
208,"208, 55095, 55588, 5704, 6829, 8857, 9149, 92609",5537,False,-3.1076486750485413,0.0172495480613126,-1.5059527541333024,3,14,-0.5964983620188732,-0.3643103711746615,0.7112864518483171
208,"208, 55095, 55588, 5704, 6829, 8857, 9149, 92609",23082,False,5.720835340941905,0.0021353920014742,2.9892247420816047,3,14,-0.2314313184103543,-0.5697979369117289,0.4536114781928963
208,"208, 55095, 55588, 5704, 6829, 8857, 9149, 92609",5573,False,2.319474184040794,0.0396819793728249,1.0138699519891226,3,14,-0.0221300221202538,-0.1900915701315579,0.7928000650608871
208,"208, 55095, 55588, 5704, 6829, 8857, 9149, 92609",5581,False,2.578022334690373,0.0498655365767605,1.3569879900728077,3,14,-0.0027228550915816,-0.1879993739610582,0.8046714497212784
208,"208, 55095, 55588, 5704, 6829, 8857, 9149, 92609",5704,False,-3.2270203778018502,0.0060732006264563,-1.2411634097250466,3,14,-1.5701226123741472,-1.3398870684924211,0.581002650342814
208,"208, 55095, 55588, 5704, 6829, 8857, 9149, 92609",10213,False,-3.893150372187852,0.0015749323661719,-1.6114508310636757,3,14,-1.8778368550482916,-1.555778828699858,0.3942663363598785
208,"208, 55095, 55588, 5704, 6829, 8857, 9149, 92609",118672,False,2.627284559663264,0.0192677079729402,1.0283181496047376,3,14,-0.43407553669157,-0.6416412278999551,0.7173047301916754
208,"208, 55095, 55588, 5704, 6829, 8857, 9149, 92609",375743,False,4.592636267596308,0.0003604091505697,1.8618070821948536,3,14,-0.0234387188774919,-0.3084924610188402,0.2455390312299697
208,"208, 55095, 55588, 5704, 6829, 8857, 9149, 92609",5747,False,3.0083261673969366,0.0296332667060842,1.5785083027025428,3,14,-0.3898391856686292,-0.7671582164841718,0.7673596757763704
208,"208, 55095, 55588, 5704, 6829, 8857, 9149, 92609",114971,False,2.5626614628564823,0.0484413893781433,1.3304014117709269,3,14,-0.4229449792442603,-0.6459949219806566,0.8037156778640308
208,"208, 55095, 55588, 5704, 6829, 8857, 9149, 92609",5781,False,3.8427109260681807,0.0024828265347804,1.6761415180460562,3,14,-0.4255798185123967,-0.8129302883334893,0.4614828656242039
208,"208, 55095, 55588, 5704, 6829, 8857, 9149, 92609",5888,False,3.872786431958792,0.0083031601210602,1.943883323805428,3,14,-1.010061925476143,-1.4841667383431147,0.6104389914563702
208,"208, 55095, 55588, 5704, 6829, 8857, 9149, 92609",5890,False,3.009820355410782,0.0113643125199184,1.315990859094489,3,14,-0.0988390769303522,-0.3215660073618853,0.6476956922501441
208,"208, 55095, 55588, 5704, 6829, 8857, 9149, 92609",5889,False,3.0322117676057387,0.0145403885020714,1.3986822495446825,3,14,-0.606911890718732,-0.8478585976761964,0.6838499580567421
208,"208, 55095, 55588, 5704, 6829, 8857, 9149, 92609",5894,False,2.563894360978961,0.0358579831164798,1.2281242191359507,3,14,-0.0609423956800948,-0.3053096744094162,0.7794208230781056
208,"208, 55095, 55588, 5704, 6829, 8857, 9149, 92609",65059,False,3.932419152198056,0.0079878838387253,1.9809950872677704,3,14,0.0164077756438459,-0.3035512878123422,0.606753867466964
208,"208, 55095, 55588, 5704, 6829, 8857, 9149, 92609",5931,False,2.586673203599501,0.0270785875096936,1.1629577004258702,3,14,0.1324461496398906,-0.1365573823107407,0.7578267072412546
208,"208, 55095, 55588, 5704, 6829, 8857, 9149, 92609",11079,False,2.80927879400588,0.0132101888714012,1.121545553217622,3,14,-0.1015338831330813,-0.2999935915480285,0.6746356030159332
208,"208, 55095, 55588, 5704, 6829, 8857, 9149, 92609",5980,False,2.6948394137524896,0.0279292828022705,1.2746177844392048,3,14,-0.3168444570763282,-0.5873824502896595,0.7586792529741281
208,"208, 55095, 55588, 5704, 6829, 8857, 9149, 92609",9827,False,2.517144142483014,0.0475310926825634,1.2782307858924933,3,14,-0.2673293961716768,-0.5039038928909949,0.8019982402475438
208,"208, 55095, 55588, 5704, 6829, 8857, 9149, 92609",83547,False,2.2135560327814505,0.0434433852235428,0.9119071773905952,3,14,-0.2368749470837763,-0.3357305618796936,0.7982670741340606
208,"208, 55095, 55588, 5704, 6829, 8857, 9149, 92609",8731,False,2.2631894618196537,0.0484025186472743,1.0280214586019996,3,14,-0.9764268508185784,-1.233141582650499,0.8037156778640308
208,"208, 55095, 55588, 5704, 6829, 8857, 9149, 92609",6120,False,3.844966327537753,0.0017147809727972,1.488941781859529,3,14,-0.3083844414017877,-0.6953067379986135,0.4157785292209414
208,"208, 55095, 55588, 5704, 6829, 8857, 9149, 92609",6141,False,2.983239951872688,0.0412117035248874,1.6831283714179552,3,14,-1.1278965880762102,-1.6171309962733798,0.7950058640262805
208,"208, 55095, 55588, 5704, 6829, 8857, 9149, 92609",6154,False,2.525554272820925,0.0236183922545014,0.9861729169330246,3,14,-1.566321850910209,-1.885369503023376,0.7509897022166259
208,"208, 55095, 55588, 5704, 6829, 8857, 9149, 92609",6157,False,2.4529754679738383,0.0273945778593113,1.009097831230524,3,14,-1.7471275721964985,-2.000110074438656,0.7578267072412546
208,"208, 55095, 55588, 5704, 6829, 8857, 9149, 92609",25873,False,2.618785199971795,0.0250649182205741,1.170539930300019,3,14,-1.802388256435678,-2.071238196230692,0.7568854103964252
208,"208, 55095, 55588, 5704, 6829, 8857, 9149, 92609",6185,False,3.30494011259908,0.0117476032847758,1.5748996112328983,3,14,-0.4546795452881088,-0.6809289052254013,0.6529572574001379
208,"208, 55095, 55588, 5704, 6829, 8857, 9149, 92609",6210,False,2.673378063584741,0.0178208503671954,1.0373170128138849,3,14,-2.107822666632105,-2.3286478263635915,0.7134390816796584
208,"208, 55095, 55588, 5704, 6829, 8857, 9149, 92609",6233,False,4.381319864846113,0.0041580372844711,2.1721583672740663,3,14,-1.4836065142650938,-2.020751474909107,0.5320675763623917
208,"208, 55095, 55588, 5704, 6829, 8857, 9149, 92609",9136,False,2.7705758550850823,0.0322169589093677,1.3875320993733726,3,14,-0.6308591241149238,-0.9986328049768706,0.7715553047120207
208,"208, 55095, 55588, 5704, 6829, 8857, 9149, 92609",6256,False,2.554051862067944,0.0221202889581398,1.0070479566723016,3,14,0.0083307130856335,-0.1565922870112592,0.7402564234419811
208,"208, 55095, 55588, 5704, 6829, 8857, 9149, 92609",83443,False,2.3864445862259984,0.0330687990687019,1.0168107675913618,3,14,-2.643638109869228,-2.911736678283951,0.7722938751587749
208,"208, 55095, 55588, 5704, 6829, 8857, 9149, 92609",1317,False,3.40487336915856,0.0070618002583057,1.542069585623506,3,14,-0.0790005682977401,-0.2890550074599133,0.5933632169363596
208,"208, 55095, 55588, 5704, 6829, 8857, 9149, 92609",8140,False,2.6126925937330125,0.0411006057696028,1.31966051960679,3,14,0.0970246729650344,-0.132457909921795,0.7950058640262805
208,"208, 55095, 55588, 5704, 6829, 8857, 9149, 92609",84138,False,-2.67341200633431,0.0244606606204002,-1.215956679401634,3,14,-1.2484480718018534,-1.037718779941805,0.7555168658866813
208,"208, 55095, 55588, 5704, 6829, 8857, 9149, 92609",200172,False,2.794465480840828,0.0136250226765365,1.1226083525676869,3,14,-0.2115139985811767,-0.3311800522641826,0.6751793909154472
208,"208, 55095, 55588, 5704, 6829, 8857, 9149, 92609",6598,False,-4.02389331255484,0.0165025623864743,-2.277873642264119,3,14,-1.3273396580948276,-0.8356205483101872,0.7036199811620634
208,"208, 55095, 55588, 5704, 6829, 8857, 9149, 92609",10051,False,-2.5556161070474133,0.026697352209988,-1.1269515259633316,3,14,-1.700824624518613,-1.5445979544164523,0.7568854103964252
208,"208, 55095, 55588, 5704, 6829, 8857, 9149, 92609",10285,False,-3.119780115623834,0.036485022323051,-1.7647962395332826,3,14,-1.3315463767903504,-0.9802360999806228,0.7825286584552016
208,"208, 55095, 55588, 5704, 6829, 8857, 9149, 92609",147841,False,-3.407061024456437,0.0247559816495966,-1.879109161766376,3,14,-2.498034092501459,-1.9137269186080723,0.7568854103964252
208,"208, 55095, 55588, 5704, 6829, 8857, 9149, 92609",6431,False,-2.421134462285837,0.0416492198988202,-1.1380646548842577,3,14,-0.7399158827038641,-0.557949280435195,0.7955525158072521
208,"208, 55095, 55588, 5704, 6829, 8857, 9149, 92609",23512,False,-4.955703479472585,0.0002609194397856,-2.1054928707823857,3,14,-0.7473854735725965,-0.3783460122857905,0.2103405602834605
208,"208, 55095, 55588, 5704, 6829, 8857, 9149, 92609",10492,False,2.6690134510478263,0.0356112448473821,1.3251741695162649,3,14,-0.0587410732613835,-0.3090574771260898,0.7792678241219885
208,"208, 55095, 55588, 5704, 6829, 8857, 9149, 92609",57215,False,4.204916146086807,0.0126130574660796,2.334567978564672,3,14,-0.2075196994814689,-0.4760866546523749,0.6638619145533403
208,"208, 55095, 55588, 5704, 6829, 8857, 9149, 92609",79228,False,-4.587567540932214,0.0008430370658231,-2.035998346054717,3,14,-0.5452712452004586,-0.3419247070324235,0.3324504056560358
208,"208, 55095, 55588, 5704, 6829, 8857, 9149, 92609",7153,False,3.0824768144879355,0.0083954671046727,1.2969878506062713,3,14,-1.6989143115011185,-2.2098986412562325,0.6118431005322945
208,"208, 55095, 55588, 5704, 6829, 8857, 9149, 92609",27010,False,2.854800773996127,0.0176429983010049,1.2921701539070394,3,14,0.0572921930910971,-0.0789687242268776,0.7134390816796584
208,"208, 55095, 55588, 5704, 6829, 8857, 9149, 92609",7175,False,-2.9695419583330223,0.0098260035210812,-1.155092081920816,3,14,-1.2502615137433697,-1.0511382647459102,0.6262169779905742
208,"208, 55095, 55588, 5704, 6829, 8857, 9149, 92609",27095,False,3.1757997596920395,0.0064824416638583,1.2355554723678397,3,14,-1.4099346371164587,-1.6406291492103988,0.5853481090725166
208,"208, 55095, 55588, 5704, 6829, 8857, 9149, 92609",283989,False,4.519568137122544,0.000723905320236,1.9624993938902235,3,14,-0.5116453206524031,-0.8288060118681834,0.3167218602697025
208,"208, 55095, 55588, 5704, 6829, 8857, 9149, 92609",115939,False,2.399567081774788,0.0299738802597043,0.945636459549172,3,14,0.0795836428492418,-0.1369394083480461,0.7684580593452173
208,"208, 55095, 55588, 5704, 6829, 8857, 9149, 92609",7268,False,2.8342018792574954,0.0131011845001627,1.174227987834408,3,14,-0.2412880804492209,-0.5368178588833665,0.672253504000227
208,"208, 55095, 55588, 5704, 6829, 8857, 9149, 92609",7270,False,-2.720526966309872,0.0427003173614145,-1.4378682176196074,3,14,-0.762161136053749,-0.6309248126629633,0.7975356290297795
208,"208, 55095, 55588, 5704, 6829, 8857, 9149, 92609",65264,False,4.188003511592527,0.0020323092940733,1.8983850463844296,3,14,-0.1513716076305835,-0.3374969756763531,0.4465260283830929
208,"208, 55095, 55588, 5704, 6829, 8857, 9149, 92609",29914,False,2.745358900563631,0.0166019023195932,1.039006415406649,3,14,-0.0886613597505779,-0.5136549969339267,0.7050190745060037
208,"208, 55095, 55588, 5704, 6829, 8857, 9149, 92609",59286,False,-2.9258460278329848,0.0400269488182947,-1.613401457106178,3,14,-3.171295580292373,-2.6860055962755203,0.7944208237294973
208,"208, 55095, 55588, 5704, 6829, 8857, 9149, 92609",7372,False,2.494494441397032,0.0290421612614888,1.0912507076769795,3,14,-0.0171952251520667,-0.3106431347175211,0.7632990628160774
208,"208, 55095, 55588, 5704, 6829, 8857, 9149, 92609",9101,False,2.878078238474036,0.0181450252049737,1.3206171164695095,3,14,-0.5540147130786511,-0.8829267301337361,0.7134390816796584
208,"208, 55095, 55588, 5704, 6829, 8857, 9149, 92609",7414,False,3.024356506596733,0.0086437236673739,1.2296516441129552,3,14,-0.2606354874032177,-0.4413879932855474,0.613409593830681
208,"208, 55095, 55588, 5704, 6829, 8857, 9149, 92609",154807,False,2.7324021454597647,0.0159881106518312,1.0560267185534982,3,14,0.0149676818002293,-0.1283198222494856,0.7006015786627908
208,"208, 55095, 55588, 5704, 6829, 8857, 9149, 92609",203547,False,5.544195242850398,6.325308085895694e-05,2.1571143563014785,3,14,-0.1015889238295082,-0.4361137657096084,0.1160195307547395
208,"208, 55095, 55588, 5704, 6829, 8857, 9149, 92609",81552,False,3.0326447036862745,0.0114040723636561,1.3379425487616363,3,14,-0.1610246666984837,-0.3851674005992488,0.6478314579947323
208,"208, 55095, 55588, 5704, 6829, 8857, 9149, 92609",55187,False,2.412565828632982,0.0336283811721247,1.055094009171612,3,14,-0.6049563735087733,-0.8676249426049195,0.774370199859026
208,"208, 55095, 55588, 5704, 6829, 8857, 9149, 92609",57617,False,2.3686141724547216,0.045214680778477,1.1133851551237397,3,14,-0.6475458275766667,-0.9444681350658044,0.7982670741340606
208,"208, 55095, 55588, 5704, 6829, 8857, 9149, 92609",7443,False,4.363654131783161,0.0062881276870805,2.2547171839555733,3,14,-0.2022082154499559,-0.6899854830679113,0.5851271518693187
208,"208, 55095, 55588, 5704, 6829, 8857, 9149, 92609",55759,False,3.2899421862007645,0.0388393138283476,1.9675971239871852,3,14,-1.02077055911297,-1.3705566234270086,0.7897130757303121
208,"208, 55095, 55588, 5704, 6829, 8857, 9149, 92609",57599,False,2.924980794464893,0.0126189376181885,1.264282485152066,3,14,-0.240864151142558,-0.6703760072682837,0.6638619145533403
208,"208, 55095, 55588, 5704, 6829, 8857, 9149, 92609",84942,False,2.784321866849279,0.0335678341555699,1.4135459646513016,3,14,-0.1634764068936207,-0.4705305988638149,0.773970996347516
208,"208, 55095, 55588, 5704, 6829, 8857, 9149, 92609",84128,False,2.817623045853909,0.0142475766731646,1.0702902970698605,3,14,-1.286048194728174,-1.6554407757085354,0.6798001674057433
208,"208, 55095, 55588, 5704, 6829, 8857, 9149, 92609",80335,False,2.380072953727967,0.0310758576748982,0.941310750958348,3,14,-1.1246535922980974,-1.3854266023755313,0.7710891626210068
208,"208, 55095, 55588, 5704, 6829, 8857, 9149, 92609",84292,False,2.645135393108299,0.0184403177682742,1.0691699568865205,3,14,-0.2501098151889033,-0.4569919078555097,0.7134390816796584
208,"208, 55095, 55588, 5704, 6829, 8857, 9149, 92609",147179,False,2.169986995633035,0.0477080921447124,0.9036593491627964,3,14,-0.099118132923598,-0.2091579090407518,0.8019982402475438
208,"208, 55095, 55588, 5704, 6829, 8857, 9149, 92609",7516,False,3.354589071287155,0.0088663304429487,1.551101823717272,3,14,-0.1507712343329741,-0.5294557061648566,0.613409593830681
208,"208, 55095, 55588, 5704, 6829, 8857, 9149, 92609",7528,False,2.573489751143572,0.0217212760740446,1.0611853798949302,3,14,-0.7724778817732402,-0.9588755201677036,0.7362308424542646
208,"208, 55095, 55588, 5704, 6829, 8857, 9149, 92609",7709,False,3.2287491030600024,0.0085593222320486,1.439284753158542,3,14,-0.5288106325209356,-0.7062129042215627,0.613409593830681
208,"208, 55095, 55588, 5704, 6829, 8857, 9149, 92609",677,False,2.857802228983236,0.0330657550060006,1.4767857622665554,3,14,0.1187028516805595,-0.3685401383883769,0.7722938751587749
23012,"23012, 3709, 3845, 586",2181,False,2.4728520070635125,0.027815370350884,0.9869490139912352,4,13,-0.0736337027857643,-0.5088819933535115,0.7581377630197409
23012,"23012, 3709, 3845, 586",71,False,2.1888613590099038,0.0489752985781291,1.0081469558184968,4,13,-0.6116877696896269,-0.9158933873165964,0.8037156778640308
23012,"23012, 3709, 3845, 586",158,False,2.715492604133156,0.0167311986008243,1.199874416336456,4,13,-0.3241676562874638,-0.7759598337764745,0.7070974930710524
23012,"23012, 3709, 3845, 586",191,False,2.671859694662997,0.019750045706552,1.2203218185293128,4,13,-0.0721034790638908,-0.344254748532822,0.7200773977905233
23012,"23012, 3709, 3845, 586",5832,False,2.790026620821575,0.014813608197565,1.12189482645131,4,13,-0.0030954197674465,-0.2042716843489833,0.6866898379200101
23012,"23012, 3709, 3845, 586",79053,False,2.8731278400379097,0.0175596125435923,1.3993135682855236,4,13,-0.171885193416044,-0.3853108347310159,0.7129920326927607
23012,"23012, 3709, 3845, 586",262,False,3.905928561121364,0.0035503392856399,1.9196380380868263,4,13,-0.1017847423858729,-0.425620899138833,0.5066348281898106
23012,"23012, 3709, 3845, 586",324,False,-5.482462808556721,0.0001527751847219,-2.543351695445191,4,13,-0.79250178432973,-0.343682820886526,0.161906048262174
23012,"23012, 3709, 3845, 586",27301,False,2.7672464076666605,0.0170686385194173,1.2768776858771622,4,13,-0.0292000707917678,-0.296785224197043,0.7094815495777185
23012,"23012, 3709, 3845, 586",139322,False,2.6333152586546587,0.0188165462293483,1.1177047540773162,4,13,-0.1036854244395016,-0.2357631828584421,0.7134390816796584
23012,"23012, 3709, 3845, 586",378,False,2.560682998558095,0.0225708144566504,1.1296532035126894,4,13,-0.4014827569796242,-0.9144416122815036,0.743696768553327
23012,"23012, 3709, 3845, 586",7984,False,2.838444756464679,0.0280583991573582,1.520072015799125,4,13,-0.2810191680018931,-0.474159898091657,0.7586792529741281
23012,"23012, 3709, 3845, 586",8874,False,2.798066233450464,0.0150049260668658,1.2625020022869744,4,13,0.0017851558284824,-0.3673141144285302,0.6883861680286661
23012,"23012, 3709, 3845, 586",79065,False,2.680809604919018,0.0251577624117493,1.3188871056183298,4,13,-0.0977621218198968,-0.2519198552003873,0.7568854103964252
23012,"23012, 3709, 3845, 586",515,False,-3.615293855157642,0.0053479789643295,-1.7673410258532087,4,13,-0.859410568448004,-0.6022999566274301,0.5705647490366753
23012,"23012, 3709, 3845, 586",522,False,-2.45713357177671,0.0322355328972068,-1.1615543814457332,4,13,-0.4732735661516038,-0.3281889988891671,0.7715553047120207
23012,"23012, 3709, 3845, 586",526,False,4.32413500758152,0.0019005064706628,2.1254650911940494,4,13,-0.6062767697423763,-1.8121490673276937,0.4346964188617464
23012,"23012, 3709, 3845, 586",552,False,2.211926280654162,0.0457584824256705,1.0035230039964764,4,13,-0.1960397650016589,-0.3726393453029585,0.7982670741340606
23012,"23012, 3709, 3845, 586",9564,False,2.6497418926290828,0.0259994554817448,1.297286093935984,4,13,-0.0654011873291227,-0.275564180260112,0.7568854103964252
23012,"23012, 3709, 3845, 586",10286,False,-2.990057350288445,0.0292443323303455,-1.693911690215581,4,13,-1.4801197065181109,-1.1907297865880488,0.7648190768675688
23012,"23012, 3709, 3845, 586",329,False,-3.294615467834108,0.020587735315032,-1.866318011599168,4,13,-0.4832254068884435,-0.1536456765486337,0.7286224885389405
23012,"23012, 3709, 3845, 586",675,False,2.211830468868272,0.0452069879920072,0.9956860053929376,4,13,-0.2496274818785069,-0.4633427871138776,0.7982670741340606
23012,"23012, 3709, 3845, 586",83990,False,3.5416996136583614,0.0029668221242592,1.5072224729991817,4,13,-0.1382921133831255,-0.3096987838486673,0.492940809773446
23012,"23012, 3709, 3845, 586",7862,False,-6.070729174954414,2.172461794045878e-05,-2.5419227656577297,4,13,-0.6682095447208778,-0.3030968474042189,0.098218039898729
23012,"23012, 3709, 3845, 586",8927,False,3.214114151613764,0.0060615385464816,1.405808911763201,4,13,-0.1534344995842444,-0.2735228555959977,0.581002650342814
23012,"23012, 3709, 3845, 586",28974,False,3.1650603465591955,0.0064137925375007,1.330105730535737,4,13,-0.4503980797564023,-0.7888258971777906,0.5853481090725166
23012,"23012, 3709, 3845, 586",784,False,2.592115476848576,0.0204528787739749,1.0859646923095267,4,13,-0.2986910076843957,-0.4094539774795319,0.7269435720776775
23012,"23012, 3709, 3845, 586",790,False,3.662688317168712,0.0024953000427615,1.608709854601059,4,13,-0.0520424932801045,-0.4072292575967449,0.4614828656242039
23012,"23012, 3709, 3845, 586",819,False,3.5655249559404245,0.0040660025991781,1.6565480105810917,4,13,-0.2436595926978609,-0.4800880214966504,0.5320675763623917
23012,"23012, 3709, 3845, 586",22794,False,-3.58866429797994,0.0078336403240813,-1.8386499497493585,4,13,-0.6628184351635968,-0.3524369231076513,0.6045022495716466
23012,"23012, 3709, 3845, 586",595,False,4.086797314548579,0.0014236983433237,1.6111146737794864,4,13,-0.1207653899077443,-1.1012685333667225,0.3760584785207648
23012,"23012, 3709, 3845, 586",898,False,-3.4280051844438337,0.02123607655973,-2.0137032942721387,4,13,-1.4063284078471796,-0.4075777899457238,0.7325802880632503
23012,"23012, 3709, 3845, 586",57018,False,2.507393124827462,0.0287597560568002,1.1749959883213803,4,13,-0.2910143295426756,-0.5959695722390174,0.7616078750973275
23012,"23012, 3709, 3845, 586",9398,False,-2.467938246322133,0.0280729302571251,-1.112349204085458,4,13,-0.2806440435746595,-0.2140320193635816,0.7586792529741281
23012,"23012, 3709, 3845, 586",994,False,3.2839571969170547,0.0054066751396373,1.3333852891560338,4,13,-0.2076298100401433,-0.429062682259816,0.5707131014504023
23012,"23012, 3709, 3845, 586",1000,False,2.784907489756895,0.0160816375948586,1.0984914903389698,4,13,0.0194802975745638,-0.2683446297389974,0.7006015786627908
23012,"23012, 3709, 3845, 586",1004,False,-2.1853487921185737,0.0487775256610263,-1.0006412390396502,4,13,-0.1642391481126216,0.0518486961257776,0.8037156778640308
23012,"23012, 3709, 3845, 586",983,False,2.272627555351688,0.0464238938941629,1.0930935938348665,4,13,-2.079759016837268,-2.4176704893599497,0.7994830307113179
23012,"23012, 3709, 3845, 586",51755,False,-5.000566960458035,0.0001631414313587,-2.1486644595211626,4,13,-0.956553067538015,-0.6678732041866273,0.169133332408277
23012,"23012, 3709, 3845, 586",1017,False,-3.7342113992557295,0.0113173114918405,-2.075246064939399,4,13,-1.813680848804621,-0.9108404749124624,0.6476956922501441
23012,"23012, 3709, 3845, 586",1019,False,2.682407610971997,0.0172594456861638,1.1592141053270455,4,13,-0.3865356673689679,-0.7070830199122297,0.7112864518483171
23012,"23012, 3709, 3845, 586",1021,False,2.6297725021437253,0.0197949451235395,1.0664265958925665,4,13,-0.0513741585229289,-0.3361006825224339,0.7200773977905233
23012,"23012, 3709, 3845, 586",81620,False,-3.442740557777576,0.0193674195898725,-1.9904561494207376,4,13,-2.137261336847012,-1.7313826611765322,0.7181353628805818
23012,"23012, 3709, 3845, 586",4680,False,2.2196219459653395,0.0422926028946272,0.9421226144059612,4,13,-0.2096027116815421,-0.3466530997163572,0.7974289184896268
23012,"23012, 3709, 3845, 586",338657,False,-2.4638581780906006,0.0416187159584963,-1.2698805666730284,4,13,-1.578271150360829,-1.249827674432151,0.7955525158072521
23012,"23012, 3709, 3845, 586",1062,False,-2.6666955043849807,0.0181416806747092,-1.1685914015723005,4,13,-1.1126598404396932,-0.8836008561566923,0.7134390816796584
23012,"23012, 3709, 3845, 586",2491,False,-3.429268650418729,0.020631852631611,-2.0027824767905504,4,13,-1.07369922953425,-0.6357221354993072,0.7292549862539954
23012,"23012, 3709, 3845, 586",29956,False,3.058129692773304,0.0092301765082776,1.2157668623973243,4,13,-0.1308285881962134,-0.3509217328927585,0.6177479122895033
23012,"23012, 3709, 3845, 586",10428,False,-3.1366161146333127,0.007102783938849,-1.3734487222010028,4,13,-0.6128192705337129,-0.3183076959731842,0.5938700354709747
23012,"23012, 3709, 3845, 586",57680,False,-3.615890819677845,0.0037783099444746,-1.6843631975157063,4,13,-0.7073641478107418,-0.3360651766224317,0.5147583596607811
23012,"23012, 3709, 3845, 586",10370,False,-5.275049930415358,0.0015435702567098,-2.815899509165502,4,13,-0.4714980133056702,-0.1707270195132922,0.3942663363598785
23012,"23012, 3709, 3845, 586",1163,False,-3.3636037587818635,0.0249635602173154,-2.115781973550143,3,9,-1.0608759226503623,-0.5938532782468107,0.7568854103964252
23012,"23012, 3709, 3845, 586",10978,False,-2.313624273921166,0.0418706786389678,-1.0980223476650666,4,13,-1.87493702706442,-1.6621766290920834,0.7956001194952814
23012,"23012, 3709, 3845, 586",80790,False,3.556774146669745,0.0029078050723121,1.479665596928267,4,13,-0.0687426887328679,-0.3585926667816854,0.4882808802677182
23012,"23012, 3709, 3845, 586",51727,False,3.9871521074520486,0.0073271355893945,2.1678689580282136,4,13,-0.4354422501948807,-0.9804605070241128,0.5963678797152245
23012,"23012, 3709, 3845, 586",23019,False,2.9119440831339194,0.0108774863618798,1.205897339298029,4,13,-0.4848449632221711,-0.7641461848412862,0.64579115731803
23012,"23012, 3709, 3845, 586",4849,False,3.0296834880207166,0.0132013198594039,1.4682190709976952,4,13,-1.2097676317294317,-1.6619147019741018,0.6746356030159332
23012,"23012, 3709, 3845, 586",80347,False,3.540143830374713,0.0042214374844284,1.642574536380149,4,13,-0.1801535768353594,-0.5495428266432945,0.5350216543327331
23012,"23012, 3709, 3845, 586",9318,False,-2.9722266063781797,0.0142933623900094,-1.435258188595809,4,13,-1.4491159608063748,-1.1541517917258366,0.6807296312349229
23012,"23012, 3709, 3845, 586",54675,False,-2.5457400349587576,0.0350027728258517,-1.2929097117912531,4,13,-0.6618091694353034,-0.4209783762251143,0.7760302177369495
23012,"23012, 3709, 3845, 586",1421,False,3.726107780222419,0.0023260705353497,1.65738342807827,4,13,-0.1898164169291428,-0.3999058061024779,0.4587117602278026
23012,"23012, 3709, 3845, 586",23399,False,-2.3935914250083674,0.0312012722672549,-0.9715442451722888,4,13,-0.544219798704698,-0.3310544031582483,0.7710891626210068
23012,"23012, 3709, 3845, 586",1503,False,3.697595700270223,0.0023257931554058,1.5077057317346465,4,13,-0.2640993526988874,-0.6460857432989151,0.4587117602278026
23012,"23012, 3709, 3845, 586",1553,False,3.118559055488829,0.0071018886399339,1.3374230844077204,4,13,-0.0730481114331249,-0.2490946891614143,0.5938700354709747
23012,"23012, 3709, 3845, 586",1603,False,2.6021771925086137,0.0390131693761149,1.3963716023089912,4,13,-1.716135182117707,-2.1841226238362177,0.7901968744796062
23012,"23012, 3709, 3845, 586",64858,False,2.3925312542750223,0.0410132668935972,1.1834423442633644,4,13,-0.4680482181754132,-0.7691743023635402,0.7950058640262805
23012,"23012, 3709, 3845, 586",51164,False,-3.949867021877989,0.0053325773946522,-2.050972135630777,4,13,-1.0460521922851191,-0.8509122830247062,0.5705647490366753
23012,"23012, 3709, 3845, 586",11218,False,-3.990298647779608,0.0020495394850676,-1.870529854323545,4,13,-1.622280675557005,-1.2395089121587104,0.4465260283830929
23012,"23012, 3709, 3845, 586",9188,False,2.176726653481937,0.0475784281961029,0.8766135361510995,4,13,-1.0308892231221618,-1.2597741471062815,0.8019982402475438
23012,"23012, 3709, 3845, 586",55661,False,3.673252060133709,0.0022602214035328,1.5557173483861484,4,13,-0.8488572530000504,-1.161808879959699,0.4567323246770265
23012,"23012, 3709, 3845, 586",11325,False,3.248685743125669,0.0135893345861075,1.683895697780391,4,13,-0.7628932584622624,-1.152118170170568,0.6751793909154472
23012,"23012, 3709, 3845, 586",1719,False,2.553632030351988,0.048039081278166,1.5317856017946618,3,9,-0.3158390567144213,-0.7465672228068541,0.8025850769705906
23012,"23012, 3709, 3845, 586",54505,False,2.3844844956149367,0.0364547854987711,1.125146912921735,4,13,0.0500687798755191,-0.1555106171184354,0.7822319428767802
23012,"23012, 3709, 3845, 586",170506,False,2.9078839384559867,0.0226215146874867,1.515133275110122,4,13,-0.5844159214923337,-0.8592005398962204,0.7437444055477078
23012,"23012, 3709, 3845, 586",1738,False,3.733707324284445,0.0022307717698976,1.513216315743664,4,13,0.0296076745731038,-0.3002688130816931,0.4563336296853107
23012,"23012, 3709, 3845, 586",9231,False,2.7763220495868666,0.0156489431163745,1.252830011249142,4,13,-0.0587727021234765,-0.3157926767636044,0.6969395197566322
23012,"23012, 3709, 3845, 586",54919,False,2.226548992805656,0.0454905642367215,1.0222177388250775,4,13,-0.1344531086885607,-0.2816248198270456,0.7982670741340606
23012,"23012, 3709, 3845, 586",3301,False,-2.9036781509206,0.0185014649189661,-1.4462482232112666,4,13,-0.5782896225891394,-0.2731000279282037,0.7134390816796584
23012,"23012, 3709, 3845, 586",23234,False,3.018315191168444,0.0189744166861092,1.5666749054718927,4,13,-0.7290374384405323,-1.5776952884560818,0.7147554854282848
23012,"23012, 3709, 3845, 586",10059,False,-2.6961744655596647,0.0171892502600108,-1.1844157892113547,4,13,-1.0493692186314918,-0.6974364927348448,0.7111524121769299
23012,"23012, 3709, 3845, 586",79980,False,-2.614208273510477,0.0331640043814489,-1.3465671470948024,4,13,-1.1142397834598878,-0.868454775162092,0.7722938751587749
23012,"23012, 3709, 3845, 586",1841,False,3.853782695402802,0.0037329918372748,1.8873707308452503,4,13,-0.6052373859319957,-1.4039782795601912,0.513507943843382
23012,"23012, 3709, 3845, 586",11266,False,2.9788789598837635,0.0098431706397266,1.212917582312671,4,13,-0.1122958984008384,-0.2713142478364972,0.6262169779905742
23012,"23012, 3709, 3845, 586",1877,False,-2.996681211749853,0.0222748146810611,-1.598390113225535,4,13,-0.6081691011304995,-0.3653618863619753,0.7425652669255384
23012,"23012, 3709, 3845, 586",1933,False,2.5843002504591097,0.0224628186986519,1.16360814964914,4,13,-0.6161126486592068,-0.910652503890422,0.743696768553327
23012,"23012, 3709, 3845, 586",8890,False,-2.7881339184983265,0.0330839359616487,-1.5304558380061302,4,13,-2.04514384706414,-1.7328327540365391,0.7722938751587749
23012,"23012, 3709, 3845, 586",8667,False,-3.0037331556978377,0.0403428592699229,-1.865255627127232,4,13,-1.2023964018115196,-0.807447462794937,0.7950058640262805
23012,"23012, 3709, 3845, 586",1973,False,3.227838458004092,0.0192102057662272,1.7748957711211577,4,13,-0.5109149994050857,-1.077149860420494,0.7163662249874128
23012,"23012, 3709, 3845, 586",63916,False,3.1353838856481158,0.0068268028608598,1.313543060741015,4,13,0.0397619849859398,-0.3576987544398698,0.5881026768672172
23012,"23012, 3709, 3845, 586",84337,False,-3.250690948457216,0.0053768783369544,-1.3768132282448424,4,13,-0.5810246924387581,-0.3682022637466365,0.5707131014504023
23012,"23012, 3709, 3845, 586",26610,False,-2.360886324473084,0.0391496168130418,-1.126944004477462,4,13,-0.7783155765809243,-0.621959729711234,0.7912802080972923
23012,"23012, 3709, 3845, 586",5393,False,-3.654400918468841,0.0075192289370735,-1.8854363984120452,4,13,-1.3514394760998114,-1.0827080254441572,0.599751615526626
23012,"23012, 3709, 3845, 586",80233,False,3.018600447743316,0.0125092594477913,1.4413432473554402,4,13,-0.244843269837397,-0.4294115819253817,0.6628448093727184
23012,"23012, 3709, 3845, 586",23197,False,2.405434618894288,0.0482678041760127,1.2651095636362495,4,13,-0.1460177368545033,-0.5054921296244345,0.8037156778640308
23012,"23012, 3709, 3845, 586",100128071,False,-2.9446173278559624,0.0418139515466193,-1.8157537256908407,4,13,-0.4368498120425574,-0.1783125748704465,0.7956001194952814
23012,"23012, 3709, 3845, 586",2176,False,2.88315382553413,0.0115239786808376,1.2439930394433716,4,13,0.0428112449352796,-0.2057447719343254,0.6488452626579987
23012,"23012, 3709, 3845, 586",2188,False,2.434479521817391,0.0293048551342478,1.085453021950674,4,13,-0.1005058828097865,-0.3818332706616021,0.7651431091840752
23012,"23012, 3709, 3845, 586",2189,False,2.177957317834036,0.0458265876967807,0.9282946577048758,4,13,0.0451461092013884,-0.1812366114362409,0.7982670741340606
23012,"23012, 3709, 3845, 586",55215,False,2.431858987206742,0.0286180243425539,1.0632454843079722,4,13,-0.1794683741626497,-0.4150782439317115,0.7602841939596087
23012,"23012, 3709, 3845, 586",55120,False,2.485603764772572,0.0253033040709788,1.0367452760310258,4,13,-0.1004531954499285,-0.3152062162387207,0.7568854103964252
23012,"23012, 3709, 3845, 586",2232,False,2.543326251908007,0.0275337931462415,1.2001088384797804,4,13,-0.2652365854352617,-0.7420850677033914,0.7578267072412546
23012,"23012, 3709, 3845, 586",2305,False,3.3891410051032462,0.0069437954410824,1.631020541097358,4,13,-0.2379189010318048,-0.6021582449735209,0.5918560655936175
23012,"23012, 3709, 3845, 586",2539,False,3.864062223178824,0.0026215248677265,1.817461326101472,4,13,0.0639954171235216,-0.30434474917643,0.468818622327553
23012,"23012, 3709, 3845, 586",2597,False,3.0107991955809044,0.0273405558948326,1.6882676226533104,4,13,-0.7621780198324494,-1.43551574817396,0.7578267072412546
23012,"23012, 3709, 3845, 586",10985,False,3.2913203838942517,0.0051066218309205,1.4301435363443966,4,13,-0.1401151699069303,-0.4208845256765648,0.5670133685813405
23012,"23012, 3709, 3845, 586",9453,False,2.475688479185952,0.0268063086876474,1.097179404747052,4,13,-0.8396748715540173,-1.3212584326935384,0.7568854103964252
23012,"23012, 3709, 3845, 586",9837,False,-2.857128387932637,0.0236967391306022,-1.4797905008441163,4,13,-2.621642151459384,-2.0890390019693608,0.7522218259536488
23012,"23012, 3709, 3845, 586",64785,False,-2.420068204764921,0.0437006399653267,-1.240404999033712,4,13,-1.5184939929317576,-1.1435130506178337,0.7982670741340606
23012,"23012, 3709, 3845, 586",29925,False,3.162235420589383,0.0110780327093395,1.5453463589338032,4,13,-0.63678068281283,-1.0184090095343383,0.64579115731803
23012,"23012, 3709, 3845, 586",8833,False,3.782105103978784,0.001825440913368,1.618445029965989,4,13,-0.4604938931814911,-1.118725596117892,0.42569371363358
23012,"23012, 3709, 3845, 586",54584,False,2.385240783718785,0.0424528492666423,1.1890364972245793,4,13,-0.5395308180568075,-0.8485081298299957,0.7975356290297795
23012,"23012, 3709, 3845, 586",727832,False,2.7217754772536398,0.0224696067185855,1.4299954045211711,3,9,-0.323285012544483,-0.5570676592375133,0.743696768553327
23012,"23012, 3709, 3845, 586",653720,False,3.762360239914471,0.0046940866159263,1.8034413952391648,3,9,-0.1959098539579815,-0.4155674977880771,0.547298838941751
23012,"23012, 3709, 3845, 586",54856,False,-2.3905670403546395,0.0393599496391156,-1.16448287357612,4,13,-0.5935854416282988,-0.4556310754356874,0.7920294554796992
23012,"23012, 3709, 3845, 586",51184,False,-3.201928915823764,0.0059646856841109,-1.3397128589323288,4,13,-1.5162233669620195,-1.1974149640333058,0.5795206013161482
23012,"23012, 3709, 3845, 586",80273,False,-3.6729077364263136,0.0044510471892628,-1.7739082938047963,4,13,-1.7446903926714783,-1.370364291942907,0.5434846091624829
23012,"23012, 3709, 3845, 586",2935,False,-3.692737317591032,0.0051825016848653,-1.826574261132008,4,13,-2.445702670668,-1.7151531230230173,0.5679220261202397
23012,"23012, 3709, 3845, 586",2959,False,-2.7053849398041105,0.0210264990157267,-1.283040859355384,4,13,-2.26311511316629,-1.9291493553119805,0.7306333539722384
23012,"23012, 3709, 3845, 586",2976,False,4.331201088191151,0.000675633318495,1.907460587277983,4,13,-0.7927774320927664,-1.0518752171865764,0.305714791791246
23012,"23012, 3709, 3845, 586",23560,False,2.7205841238584565,0.0217809990637078,1.3116755798136188,4,13,-1.4200994697291935,-1.905259379162266,0.7366843825848629
23012,"23012, 3709, 3845, 586",8349,False,2.558989930768313,0.0342505786730219,1.41508564789126,3,9,-0.4085108192218378,-0.5944837176161347,0.7760302177369495
23012,"23012, 3709, 3845, 586",60484,False,2.829107205836277,0.0374754953546888,1.6280818103437704,4,13,-0.370723737143243,-0.5565483497661712,0.7855967493217224
23012,"23012, 3709, 3845, 586",115106,False,-3.4927939615311523,0.0060457179589278,-1.689499518728676,4,13,-1.8753547450933263,-1.4787087697809298,0.581002650342814
23012,"23012, 3709, 3845, 586",55142,False,-3.279570274090601,0.0255527753468589,-1.9407687357080483,4,13,-0.9606629738845374,-0.6228536750677777,0.7568854103964252
23012,"23012, 3709, 3845, 586",79441,False,-2.815421457655716,0.0132821604725013,-1.2203985132667114,4,13,-1.2103526813880985,-0.9263361672622268,0.6751793909154472
23012,"23012, 3709, 3845, 586",54930,False,-3.1530052145182013,0.0376164601657839,-2.0010324569250457,4,13,-1.7257077484273178,-1.1706379924961288,0.7855967493217224
23012,"23012, 3709, 3845, 586",93323,False,-2.8785996437704457,0.0234328697844708,-1.4976270579110549,4,13,-1.0067999235814793,-0.7683160210572562,0.7486042675123634
23012,"23012, 3709, 3845, 586",8841,False,2.463691944647669,0.0356645562989987,1.2092692452114344,4,13,-0.6853177372260053,-1.0871412537579077,0.7792678241219885
23012,"23012, 3709, 3845, 586",3159,False,3.260632800983083,0.0061698439077501,1.472241840617067,4,13,-0.4556087895690541,-0.7489410824143304,0.5814955949380457
23012,"23012, 3709, 3845, 586",9394,False,3.387386429260153,0.0096190439062364,1.71400440590072,4,13,-0.2782806240836187,-0.5091348865915315,0.6229602688458178
23012,"23012, 3709, 3845, 586",23379,False,-2.717733309071236,0.0212441816215221,-1.3000574761719303,4,13,-1.1084323689821227,-0.8248163217338398,0.7325802880632503
23012,"23012, 3709, 3845, 586",3609,False,3.181273028344984,0.0170856404587083,1.6905264842860888,4,13,-0.5982209135793081,-1.101920793006366,0.7097610197348202
23012,"23012, 3709, 3845, 586",55272,False,-2.34770435608064,0.0332327444585638,-1.0112771817563662,4,13,-1.4638566313901171,-1.207195344973462,0.7722938751587749
23012,"23012, 3709, 3845, 586",3615,False,2.552719773555536,0.0232792549948914,1.1359321449697928,4,13,-0.3846292894087992,-0.7092843519807261,0.7485525004632818
23012,"23012, 3709, 3845, 586",3843,False,2.581833169764228,0.0237264571853036,1.1857248665773774,4,13,-0.078232728205084,-0.3024551968706865,0.7523290425123269
23012,"23012, 3709, 3845, 586",3705,False,2.684635339487046,0.0180226551437072,1.0828285278208338,4,13,-0.0989466688242762,-0.2672392134989925,0.7134390816796584
23012,"23012, 3709, 3845, 586",3725,False,3.1057600251827804,0.0074773755450611,1.2748704264442068,4,13,-0.1559644653260086,-0.4072786278270883,0.599751615526626
23012,"23012, 3709, 3845, 586",284058,False,-3.6331214777393934,0.0067304278617813,-1.8386978634617024,4,13,-1.410563762561205,-1.0211192433352092,0.5853481090725166
23012,"23012, 3709, 3845, 586",54934,False,-3.3166178803963624,0.0117211118337907,-1.7040354491137322,4,13,-1.446248586358672,-1.1729068985426747,0.6522264751810857
23012,"23012, 3709, 3845, 586",55683,False,-3.5075311738846304,0.0133998277755106,-1.9204003379399504,4,13,-1.4664265437641868,-1.0292586540608315,0.6751793909154472
23012,"23012, 3709, 3845, 586",22992,False,-5.067286536832337,0.0009654791876457,-2.560034971634773,4,13,-0.9507223039371548,-0.5122604196021217,0.3424241293940285
23012,"23012, 3709, 3845, 586",81930,False,-3.828499189871724,0.0026219775690187,-1.7866478262895524,4,13,-2.419563710064222,-1.695112135671338,0.468818622327553
23012,"23012, 3709, 3845, 586",24137,False,-3.204058572130761,0.0090465266089711,-1.528925086169164,4,13,-0.990562516124216,-0.6103633895555448,0.6154412706398456
23012,"23012, 3709, 3845, 586",688,False,-3.1751917985456064,0.0097554029036947,-1.522299069013081,4,13,-0.7310005189057984,-0.304311711064176,0.6262169779905742
23012,"23012, 3709, 3845, 586",3837,False,2.764276760495965,0.0146536770860834,1.1942962142951048,4,13,-1.807680138731389,-2.104657857209104,0.6857144437477962
23012,"23012, 3709, 3845, 586",85291,False,2.5486383332575517,0.0324947529377022,1.2683346265805844,4,13,-0.5353179721477218,-0.8090526605894918,0.772109071206664
23012,"23012, 3709, 3845, 586",440050,False,2.707041436040229,0.0437614590946386,1.6584765719467018,3,9,-0.508205598835865,-0.8600029536562356,0.7982670741340606
23012,"23012, 3709, 3845, 586",51520,False,2.603952818761824,0.0207558641913545,1.149024304378316,4,13,-1.5412156947239546,-1.7368911544928924,0.7292762103763515
23012,"23012, 3709, 3845, 586",114823,False,-4.585284879553581,0.0026280741974078,-2.4005534739203425,4,13,-0.6233481670659957,-0.292271124439154,0.468818622327553
23012,"23012, 3709, 3845, 586",11019,False,3.2822580525562883,0.0094976521078438,1.6151091431869429,4,13,-0.1644454238080455,-0.4918684038641788,0.6200387134798324
23012,"23012, 3709, 3845, 586",3978,False,2.7956673405535017,0.0135813073615405,1.1849070401228805,4,13,-0.1740121128184565,-0.4816752008080778,0.6751793909154472
23012,"23012, 3709, 3845, 586",10128,False,-2.5797207878682045,0.0303702732275146,-1.277341538811804,4,13,-0.8431080803781044,-0.5020512221538963,0.7689044219165413
23012,"23012, 3709, 3845, 586",1241,False,2.777476215521413,0.015968072290444,1.2628881140928,4,13,-0.2629146061424197,-0.3993916537667873,0.7006015786627908
23012,"23012, 3709, 3845, 586",84549,False,2.2900276260128303,0.0395795029955395,1.0381279368021612,4,13,-1.5213017714098394,-1.9362056164250756,0.7924614775352322
23012,"23012, 3709, 3845, 586",5594,False,2.4371892303223373,0.0345481362347102,1.1661719923172695,4,13,-0.051939959613706,-0.2989081417650288,0.7760302177369495
23012,"23012, 3709, 3845, 586",84930,False,4.6898771747273,0.0014272866063233,2.3518350511358546,4,13,-0.4798132450252946,-1.2782496763211904,0.3760584785207648
23012,"23012, 3709, 3845, 586",4144,False,2.3592843324914834,0.0346805023386259,1.0674319566596189,4,13,-1.4219774482647891,-1.8977402051647967,0.7760302177369495
23012,"23012, 3709, 3845, 586",4149,False,3.6566404517061977,0.0041046368670238,1.7407721402766516,4,13,-0.4824504283854687,-0.9112899830635252,0.5320675763623917
23012,"23012, 3709, 3845, 586",55388,False,-3.308533857596968,0.0275146705494498,-2.0067937136003997,4,13,-1.020299379314512,-0.6507708734441189,0.7578267072412546
23012,"23012, 3709, 3845, 586",10445,False,-2.5678095625874997,0.0395968771512073,-1.3647578098543522,4,13,-0.9236182356773044,-0.6394842918641152,0.7924614775352322
23012,"23012, 3709, 3845, 586",4191,False,2.283181519478058,0.0382222728440316,0.931804920266082,4,13,-0.066284941248988,-0.2037676070821515,0.7887891891367923
23012,"23012, 3709, 3845, 586",84246,False,-3.391932739236135,0.0041180925012286,-1.4662669602677836,4,13,-0.7318031970726727,-0.4898487860696183,0.5320675763623917
23012,"23012, 3709, 3845, 586",219541,False,-3.4777607467145644,0.0044778164384347,-1.5988609288948252,4,13,-0.7931170481886834,-0.2928222503727236,0.5434846091624829
23012,"23012, 3709, 3845, 586",9443,False,-2.2722974930591318,0.0462204430769623,-1.0907158556428993,4,13,-1.010651022249467,-0.8261500730450517,0.7987406983602949
23012,"23012, 3709, 3845, 586",4221,False,-3.1966278179141048,0.0109594881653207,-1.574650620076214,4,13,-0.577485895345949,-0.3005222777849358,0.64579115731803
23012,"23012, 3709, 3845, 586",79066,False,2.7352570848676323,0.0153348564545509,1.1574145630194923,4,13,-0.7199429663809125,-1.1517846395802995,0.6930559530626134
23012,"23012, 3709, 3845, 586",60672,False,2.197219699597774,0.0478339989941658,1.0071869850008628,4,13,-0.071732481930502,-0.2506230835069075,0.8023846271657664
23012,"23012, 3709, 3845, 586",93380,False,2.1533287927495786,0.0479726778146249,0.908583703769077,4,13,-0.1560873579920532,-0.3386880419133659,0.8025850769705906
23012,"23012, 3709, 3845, 586",27304,False,2.7159093873743734,0.0187043702394096,1.251821129917706,4,13,-0.4514465902915618,-0.7702130630233797,0.7134390816796584
23012,"23012, 3709, 3845, 586",55257,False,3.061585753396347,0.0123470312768066,1.479779983871006,4,13,-0.5529323907929538,-0.8210561645768485,0.66067505824945
23012,"23012, 3709, 3845, 586",28977,False,-2.2524545883028706,0.0404169664736863,-0.9212754729756266,4,13,-0.4566858032224258,-0.3318177825897099,0.7950058640262805
23012,"23012, 3709, 3845, 586",78988,False,-2.298318011278237,0.0437774066630301,-1.0988011284898158,4,13,-0.9446189352086436,-0.5594275668207216,0.7982670741340606
23012,"23012, 3709, 3845, 586",65005,False,-2.4145933178317374,0.0299433825828502,-1.0653988089609607,4,13,-0.4795644911885285,-0.3629494857032135,0.7684580593452173
23012,"23012, 3709, 3845, 586",64949,False,-2.5586859605133863,0.0321666621175573,-1.2755362310987997,4,13,-0.5436759781599961,-0.283360888568225,0.7715553047120207
23012,"23012, 3709, 3845, 586",23107,False,-2.5301703036043355,0.0412552109564148,-1.3399161895701104,4,13,-0.6688852659973522,-0.3855711493059024,0.7950058640262805
23012,"23012, 3709, 3845, 586",64965,False,-2.9560201166242925,0.0245384788365296,-1.5915361956573175,4,13,-0.406706600637328,-0.1023273721468039,0.7555168658866813
23012,"23012, 3709, 3845, 586",51154,False,2.924718775242106,0.0349598407058233,1.7016461721853104,4,13,-0.6208777678822257,-1.0368165173168669,0.7760302177369495
23012,"23012, 3709, 3845, 586",55149,False,-2.713157515589596,0.0250769246667501,-1.351722743862741,4,13,-0.8757147713756015,-0.4524889125828349,0.7568854103964252
23012,"23012, 3709, 3845, 586",4597,False,3.609133268440531,0.0043480514126215,1.712609304936931,4,13,-0.1178639209756576,-0.7131239887210727,0.5375383092681167
23012,"23012, 3709, 3845, 586",4598,False,3.5233734096234923,0.0046136851100466,1.649835583504043,4,13,-0.3133590818226211,-0.8589448268182565,0.5463305204322857
23012,"23012, 3709, 3845, 586",84073,False,2.602324233084701,0.0361400131378165,1.3663053785850798,4,13,-0.2260765734230286,-0.3828980807999089,0.7797765726372132
23012,"23012, 3709, 3845, 586",653784,False,2.9360587127025037,0.0344442270964316,1.807195851608317,3,9,-0.2205235783857599,-0.4121093784631724,0.7760302177369495
23012,"23012, 3709, 3845, 586",80018,False,2.473198127129347,0.0279500458462918,1.117667171362528,4,13,-0.641501001394559,-0.8636824687363477,0.7586792529741281
23012,"23012, 3709, 3845, 586",4666,False,2.5158428895377463,0.0237652680014913,1.0575282541941036,4,13,-1.1814158979536271,-1.3348719918644971,0.7530589690080541
23012,"23012, 3709, 3845, 586",10135,False,2.389803743579454,0.0306508010212732,0.9903294237786668,4,13,-0.1873665018033681,-0.4813691156230088,0.7689044219165413
23012,"23012, 3709, 3845, 586",4678,False,2.2025349696225374,0.0437086819311517,0.9365648443082766,4,13,-0.3546225016629477,-0.5525468492458293,0.7982670741340606
23012,"23012, 3709, 3845, 586",23310,False,2.749980011570563,0.0163021654148666,1.2365812388657405,4,13,-0.4946208287368719,-0.8821337551188715,0.7016422622248645
23012,"23012, 3709, 3845, 586",54892,False,2.920758539139459,0.011238153256801,1.293913084247187,4,13,-0.5861359754919343,-1.0572689625425338,0.6462509039920298
23012,"23012, 3709, 3845, 586",29781,False,2.345618245878333,0.0331602397808911,0.992420929676506,4,13,-0.4277470570913248,-0.8421361356456593,0.7722938751587749
23012,"23012, 3709, 3845, 586",4691,False,3.346295459572385,0.0046637148083231,1.4656794519705345,4,13,-0.7554288737144158,-1.0908617355897334,0.547298838941751
23012,"23012, 3709, 3845, 586",27158,False,2.5646690984277605,0.0287413331788826,1.240662774797784,4,13,-0.5479895210289283,-0.8352629794115292,0.7616078750973275
23012,"23012, 3709, 3845, 586",25915,False,-2.209822885125757,0.0459551376922834,-0.877338319587035,4,13,-0.3872644969398362,-0.2780106226794505,0.7982670741340606
23012,"23012, 3709, 3845, 586",284184,False,2.6463178290296465,0.0220483484132767,1.2338504245209705,4,13,-0.3579873977569963,-0.4948343393113517,0.7398212951771879
23012,"23012, 3709, 3845, 586",79707,False,2.4619228824123773,0.0281039569974554,1.1039253414031427,4,13,-0.823071197280978,-1.1215108015556166,0.7586792529741281
23012,"23012, 3709, 3845, 586",9520,False,2.2288855827360514,0.0479230742323351,1.0520986313267435,4,13,-0.2521839129610496,-0.4280778993001064,0.8025850769705906
23012,"23012, 3709, 3845, 586",29959,False,2.4428262626178943,0.0474931688365474,1.3007790179715797,4,13,-0.6120541757506593,-1.0003481437025163,0.8019982402475438
23012,"23012, 3709, 3845, 586",11051,False,-2.199933947620604,0.0465731881446422,-0.995394927761534,4,13,-1.8910406376858644,-1.6712649946314635,0.8003791192878986
23012,"23012, 3709, 3845, 586",4926,False,-2.3644976954567123,0.0497782804218122,-1.2313119668575747,4,13,-0.84203155181202,-0.6738608354094006,0.8046714497212784
23012,"23012, 3709, 3845, 586",9688,False,-3.442662663807221,0.0043276379281676,-1.3730205521014835,4,13,-1.797376879726602,-1.51915712705424,0.5375383092681167
23012,"23012, 3709, 3845, 586",4928,False,-3.512024330390489,0.0063907961993635,-1.7202220383660436,4,13,-1.2477711035287988,-0.8038217327831941,0.5853481090725166
23012,"23012, 3709, 3845, 586",403253,False,2.3338310491800662,0.0498385073506719,1.3023270476391795,3,9,-0.3880591119387133,-0.5219732564074799,0.8046714497212784
23012,"23012, 3709, 3845, 586",390892,False,-2.7318373264384834,0.0217364073327946,-1.4241625372517237,3,9,-0.6086653122491944,-0.5166969506957124,0.7364479522708632
23012,"23012, 3709, 3845, 586",23594,False,-3.055264172686134,0.0248843262233215,-1.6973313132956704,4,13,-2.451468160827427,-1.8919107997060984,0.7568854103964252
23012,"23012, 3709, 3845, 586",5018,False,-3.905731567818477,0.0022253662615585,-1.8163350459712109,4,13,-0.8835438050831398,-0.5839223896401131,0.4563336296853107
23012,"23012, 3709, 3845, 586",8106,False,4.093240575845918,0.00103034522024,1.678124656973329,4,13,-1.3264751898548723,-1.730736130268086,0.3451692657429625
23012,"23012, 3709, 3845, 586",54623,False,-3.12414379135171,0.0069926464943646,-1.333828879757282,4,13,-1.0183346091514038,-0.7663633698613984,0.592252413130497
23012,"23012, 3709, 3845, 586",5062,False,2.840888027320078,0.0124393659867038,1.1872519179905088,4,13,-0.1206938640460734,-0.4820973398643113,0.6614171738249465
23012,"23012, 3709, 3845, 586",51025,False,-3.7260336555501214,0.0055679565958904,-1.8720919350877143,4,13,-1.8356864609684296,-1.345768100438598,0.5713625183381494
23012,"23012, 3709, 3845, 586",7849,False,-3.877559701540387,0.0123023243248166,-2.2379364087129057,4,13,-1.7343250242629311,-0.6640248282991899,0.66067505824945
23012,"23012, 3709, 3845, 586",5130,False,3.206392775050725,0.0080423971736377,1.4980141420426156,4,13,-0.5320278709109523,-0.9487638449770348,0.606753867466964
23012,"23012, 3709, 3845, 586",5134,False,2.829277845711573,0.0376501785630731,1.6304029051276916,4,13,-0.4037779977157092,-1.1463482695103189,0.7858448431886305
23012,"23012, 3709, 3845, 586",27043,False,3.1614319643536284,0.0092324390331507,1.4934649297547102,4,13,-0.7727213805978923,-1.0721161616850263,0.6177479122895033
23012,"23012, 3709, 3845, 586",5216,False,6.051290261158326,2.267481689715898e-05,2.528064620247839,4,13,-0.043958616213505,-0.7114387699639627,0.098218039898729
23012,"23012, 3709, 3845, 586",5226,False,3.988182653842397,0.0012546206361931,1.6397443772766094,4,13,-0.4889084664674646,-0.8583574400409305,0.3748120081084212
23012,"23012, 3709, 3845, 586",5230,False,2.425763721668429,0.037261289205842,1.183214648183139,4,13,-0.4432131133834962,-0.9038052829171452,0.7855967493217224
23012,"23012, 3709, 3845, 586",5238,False,2.482652803591984,0.02622270289051,1.0090972589078857,4,13,-0.038065424244433,-0.3613972140581232,0.7568854103964252
23012,"23012, 3709, 3845, 586",51808,False,-2.6095451605910758,0.0313715811427557,-1.3211962345143935,4,13,-1.5280021803812025,-1.1102879305692084,0.7710891626210068
23012,"23012, 3709, 3845, 586",8394,False,-2.714172894331595,0.0267322659907575,-1.3747103276397972,4,13,-0.8144232607476155,-0.6278895078536255,0.7568854103964252
23012,"23012, 3709, 3845, 586",5315,False,2.392728808012117,0.0355633817002326,1.1245866819069743,4,13,-0.5630467440568812,-0.8638860467103506,0.7792678241219885
23012,"23012, 3709, 3845, 586",10654,False,4.136844813780067,0.0043418414275218,2.156362603314167,4,13,0.1039606374804958,-0.3539514667287588,0.5375383092681167
23012,"23012, 3709, 3845, 586",87178,False,-3.4375187614356264,0.003836556637016,-1.4995492811379223,4,13,-1.1976149459790428,-0.809100181093502,0.5168459540705521
23012,"23012, 3709, 3845, 586",10849,False,2.4279405866249024,0.0463734810780763,1.2737888016544447,4,13,-0.2756068944705717,-0.5446973464201389,0.7991068205502883
23012,"23012, 3709, 3845, 586",5436,False,-2.7867185327260144,0.0314626150762731,-1.5092394288372282,4,13,-1.9060063703080947,-1.5531354481290232,0.7710891626210068
23012,"23012, 3709, 3845, 586",5437,False,-3.1733956911557324,0.0063431069011249,-1.3233313312234027,4,13,-1.858167252367355,-1.5492502417513452,0.5853481090725166
23012,"23012, 3709, 3845, 586",55718,False,-2.138474607283855,0.0494368004392221,-0.8930568280685839,4,13,-1.1236557811220895,-0.9605154888270904,0.8046714497212784
23012,"23012, 3709, 3845, 586",100101267,False,2.272547881154773,0.0459470135715188,1.0883590366548472,4,13,-0.3228610355290223,-0.5319109743781054,0.7982670741340606
23012,"23012, 3709, 3845, 586",25913,False,3.366146412559385,0.0057224907646871,1.558294087498825,4,13,-0.0917371302268076,-0.4477176168384187,0.5745320491000993
23012,"23012, 3709, 3845, 586",56342,False,2.685313947989584,0.0186844307013329,1.0697814939236112,4,13,-0.8106663694595989,-1.145362239973435,0.7134390816796584
23012,"23012, 3709, 3845, 586",8493,False,2.509853533651796,0.0243799324087362,1.0892452675533006,4,13,-0.1037259647069875,-0.3132119673292993,0.7555168658866813
23012,"23012, 3709, 3845, 586",84919,False,-2.708026514454364,0.0468026505221646,-1.598245538460995,4,13,-1.3420275379708098,-0.8543458528169943,0.8015763446676192
23012,"23012, 3709, 3845, 586",56980,False,-2.728374567888701,0.02557763195425,-1.3742682831509352,4,13,-0.6299518725249075,-0.4322497639389275,0.7568854103964252
23012,"23012, 3709, 3845, 586",8559,False,-3.144301191030715,0.0067486632344227,-1.350163419033686,4,13,-0.997045015054578,-0.7347443053527343,0.5853481090725166
23012,"23012, 3709, 3845, 586",55015,False,-3.646925204943396,0.0056416357276882,-1.8074562505931149,4,13,-0.70353117386151,-0.3637258503799578,0.5719910058128671
23012,"23012, 3709, 3845, 586",5684,False,-2.854754931635005,0.0394909970764573,-1.681630467719902,4,13,-3.089753327771338,-2.490862727231815,0.7920294554796992
23012,"23012, 3709, 3845, 586",5685,False,-2.484931195717911,0.0449266285858427,-1.3247553304492423,4,13,-1.8138523536597235,-1.5146765399536763,0.7982670741340606
23012,"23012, 3709, 3845, 586",5687,False,-3.9169602038508686,0.0083946902169153,-2.14632193783057,4,13,-3.394976313984416,-2.7798989484452474,0.6118431005322945
23012,"23012, 3709, 3845, 586",5694,False,-2.703323466852953,0.0163589605185743,-1.1477892985972429,4,13,-2.4635145476643805,-1.816589082907029,0.7016422622248645
23012,"23012, 3709, 3845, 586",5701,False,-3.086093397936017,0.0323609074964117,-1.8427871481284597,4,13,-1.85399558932885,-1.3200201914223313,0.7715553047120207
23012,"23012, 3709, 3845, 586",10213,False,-3.669276186969212,0.0055985181628057,-1.8248397866840855,4,13,-1.9003759770440487,-1.5240700199051302,0.5716581178580962
23012,"23012, 3709, 3845, 586",5714,False,-3.267859589275373,0.0143302395195255,-1.7176653211505235,4,13,-1.1625815865965463,-0.8383196262747189,0.6816977132832042
23012,"23012, 3709, 3845, 586",10197,False,2.154333656605879,0.0484796242155719,0.9388783760354992,4,13,-0.1354340362246252,-0.3002962367180261,0.8037156778640308
23012,"23012, 3709, 3845, 586",375743,False,3.504432095591109,0.0038789995438584,1.5839617932839367,4,13,-0.058563048656283,-0.3196121858670082,0.5203587869109337
23012,"23012, 3709, 3845, 586",5725,False,2.7814864380535687,0.0139717319464339,1.1756194846737196,4,13,-0.171916346217629,-0.4911909405262736,0.6757656294720714
23012,"23012, 3709, 3845, 586",5757,False,3.7720312996985066,0.0096014186253236,2.057724387973097,4,13,-0.0657800608367259,-0.4809133484886198,0.6229602688458178
23012,"23012, 3709, 3845, 586",114971,False,2.1686425505357576,0.048796295961509,0.8679294406112487,4,13,-0.4973505449637847,-0.6402585896620642,0.8037156778640308
23012,"23012, 3709, 3845, 586",9698,False,-2.876476029077479,0.0264028258727975,-1.5370070903654407,4,13,-0.4867951704522627,-0.1322166716043279,0.7568854103964252
23012,"23012, 3709, 3845, 586",5888,False,2.6720843602118505,0.0362102155782903,1.442266845823631,4,13,-1.0908826818401929,-1.4957684142977894,0.7797765726372132
23012,"23012, 3709, 3845, 586",5903,False,-2.7437155373465574,0.0451759579864006,-1.6217026042289977,4,13,-0.788266118135428,-0.5167953915713486,0.7982670741340606
23012,"23012, 3709, 3845, 586",65059,False,3.163623904080527,0.0095192106483164,1.5043007291737551,4,13,-0.0484889577537237,-0.3081952978020276,0.621021061850733
23012,"23012, 3709, 3845, 586",5931,False,3.027399357436879,0.0084974867930414,1.287436267080192,4,13,0.1352644740910867,-0.1581171384457727,0.613409593830681
23012,"23012, 3709, 3845, 586",10432,False,2.420939291188138,0.0376112528412454,1.1813844616669271,4,13,-0.9700121388495526,-1.4968657292386252,0.7855967493217224
23012,"23012, 3709, 3845, 586",9827,False,3.041674228511861,0.0088300820639811,1.3463970985031657,4,13,-0.2792397108488071,-0.5184372188918256,0.613409593830681
23012,"23012, 3709, 3845, 586",387,False,-2.203459488480028,0.0473868011096747,-1.011115941020995,4,13,-0.5352882687313131,-0.2845859264474114,0.8015763446676192
23012,"23012, 3709, 3845, 586",6118,False,-3.020420341946964,0.0098788803047624,-1.3666441227896846,4,13,-2.121481956792474,-1.8918255600366405,0.6262169779905742
23012,"23012, 3709, 3845, 586",84268,False,-2.619823167663786,0.0242440823108757,-1.2393801007574936,4,13,-1.4848933612435211,-1.0548141787064582,0.7555168658866813
23012,"23012, 3709, 3845, 586",79657,False,-4.316915844418366,0.0015334493319417,-2.076929800095947,4,13,-1.0632137156829773,-0.7525653505421703,0.3942287434805286
23012,"23012, 3709, 3845, 586",6120,False,3.3410807133183944,0.0048101316247248,1.3576346686072762,4,13,-0.3475358608453058,-0.7130234009849793,0.5510473205342038
23012,"23012, 3709, 3845, 586",22934,False,2.830857360161909,0.0126475237113587,1.1980966354857998,4,13,-0.0908425193233166,-0.3032298412338128,0.6644475108483053
23012,"23012, 3709, 3845, 586",9045,False,3.845129405486073,0.002188675815937,1.7582100660560227,4,13,-1.4657924116559449,-1.8999849149993864,0.4563336296853107
23012,"23012, 3709, 3845, 586",6139,False,2.37758560527796,0.0407732053078211,1.163740513384013,4,13,-2.7876403467916724,-3.107765760149292,0.7950058640262805
23012,"23012, 3709, 3845, 586",6142,False,2.654524763714948,0.0242992019930756,1.2786445789052387,4,13,-2.125231147030687,-2.469609848967392,0.7555168658866813
23012,"23012, 3709, 3845, 586",6155,False,4.07387861073809,0.0048012931328515,2.128797026585745,4,13,-1.496996757764839,-2.0829528224440685,0.5510473205342038
23012,"23012, 3709, 3845, 586",6161,False,3.430107753351085,0.0040208434946917,1.3943498747221617,4,13,-1.8963638559205636,-2.301621739759581,0.529701701215758
23012,"23012, 3709, 3845, 586",6130,False,3.741874512986204,0.0106507088714901,2.062676759204316,4,13,-1.7398431901819298,-2.2008448073618725,0.6418925767384508
23012,"23012, 3709, 3845, 586",6132,False,2.617060295285559,0.0331174802877649,1.349094213113793,4,13,-2.0818208529123274,-2.498481239932335,0.7722938751587749
23012,"23012, 3709, 3845, 586",6185,False,2.4552874660513315,0.0288186643805765,1.107916438188909,4,13,-0.5112745653626298,-0.6809188498130327,0.7616224411069574
23012,"23012, 3709, 3845, 586",6207,False,-3.438104576197405,0.0152729279583261,-1.8984295561884463,4,13,-1.8093447031938756,-1.4587602110195257,0.6930523207330397
23012,"23012, 3709, 3845, 586",6222,False,2.8154595686850734,0.0332584499273796,1.561702269665867,4,13,-1.966833480289072,-2.417051779538159,0.7722938751587749
23012,"23012, 3709, 3845, 586",6230,False,2.536032083330958,0.0242776159964858,1.1342322420610087,4,13,-1.013947078616813,-1.30107770419728,0.7555168658866813
23012,"23012, 3709, 3845, 586",23212,False,2.492462125942144,0.0448388898804882,1.3323878058384224,4,13,-0.9808039865120368,-1.3437773893466107,0.7982670741340606
23012,"23012, 3709, 3845, 586",55316,False,3.7328290632220975,0.0032066722053051,1.7495762668361494,4,13,-0.2371749564805558,-0.4197723737664943,0.5022154158781557
23012,"23012, 3709, 3845, 586",6256,False,2.29175178290353,0.0383496607331729,0.9232785094134618,4,13,-0.0079332096443305,-0.1642743877171851,0.7891616186922428
23012,"23012, 3709, 3845, 586",22928,False,2.689191591573297,0.0168195981472455,1.1353865977750293,4,13,-0.4353788094993815,-0.8481439431741346,0.7070974930710524
23012,"23012, 3709, 3845, 586",220134,False,-3.383882179132453,0.0050568168425794,-1.5400439804365664,4,13,-1.0701316681883395,-0.626783358722771,0.5647706482767996
23012,"23012, 3709, 3845, 586",6502,False,-3.075320649328677,0.0322867964120124,-1.829803036912022,4,13,-1.4147563294332697,-0.702789845436222,0.7715553047120207
23012,"23012, 3709, 3845, 586",1468,False,2.476796100570172,0.0262681256559897,1.0842190687327733,4,13,-0.1212888698358388,-0.3042974277249515,0.7568854103964252
23012,"23012, 3709, 3845, 586",9197,False,4.361830941586515,0.0005832547596389,1.8867236391378583,4,13,-0.0397138440603203,-0.3542321249229656,0.2852833626646568
23012,"23012, 3709, 3845, 586",54407,False,2.72055424303948,0.0314502610813754,1.4395196100824923,4,13,-0.3233211189736105,-0.4778240788576472,0.7710891626210068
23012,"23012, 3709, 3845, 586",6520,False,4.010818749938798,0.0015558075312348,1.588938264507984,4,13,-0.3166636767990617,-0.5266182434784219,0.3942663363598785
23012,"23012, 3709, 3845, 586",8140,False,2.8561195449395447,0.0130441244503869,1.2760351172771265,4,13,0.074459990658692,-0.1431674371265227,0.6714169163267427
23012,"23012, 3709, 3845, 586",84138,False,-2.6883055003058223,0.0250240485841555,-1.324964877708078,4,13,-1.2582280415882123,-1.0184996129413832,0.7568854103964252
23012,"23012, 3709, 3845, 586",10569,False,-2.206357528706633,0.0495923367415086,-1.0390025465856954,4,13,-1.5533842780906133,-1.2715895605419762,0.8046714497212784
23012,"23012, 3709, 3845, 586",154007,False,-2.5831554195188406,0.0407372104891612,-1.3931928343580209,4,13,-0.6151122188535877,-0.3800414811028298,0.7950058640262805
23012,"23012, 3709, 3845, 586",65124,False,3.2330234016225,0.0070160884121632,1.484291773371891,4,13,-0.2604899999250769,-0.4028904762061866,0.592252413130497
23012,"23012, 3709, 3845, 586",10615,False,-3.116778884443541,0.012960914129376,-1.546608161927178,4,13,-0.7515840231859529,-0.496491959423822,0.6685770842324267
23012,"23012, 3709, 3845, 586",147841,False,-4.626566495684775,0.0008321205323479,-2.201227435345899,4,13,-2.4842278015685952,-1.87302830244177,0.3306951010617185
23012,"23012, 3709, 3845, 586",10847,False,-2.3523952729662074,0.0356178873181437,-0.9310606178861558,4,13,-1.350378395282202,-1.126940264048354,0.7792678241219885
23012,"23012, 3709, 3845, 586",6726,False,-2.4837749188826894,0.0253133916587718,-1.0543570058135696,4,13,-1.1772378324955546,-1.0386914229879338,0.7568854103964252
23012,"23012, 3709, 3845, 586",10250,False,2.6178555078024868,0.019764499050663,1.0764240318099487,4,13,-0.6795949670307304,-0.8373511316246426,0.7200773977905233
23012,"23012, 3709, 3845, 586",6426,False,-3.590375880154621,0.0164167712351884,-2.0713481325888408,4,13,-2.007949988035054,-1.554630841279787,0.7016422622248645
23012,"23012, 3709, 3845, 586",56910,False,2.6112996100857657,0.0483622788751567,1.501925916815792,4,13,-0.2280061393031949,-0.5570201317317339,0.8037156778640308
23012,"23012, 3709, 3845, 586",53407,False,-4.6090148299218185,0.0050833326504266,-2.595367392283012,4,13,-1.5520121601533072,-1.0363264824511689,0.5657713089102593
23012,"23012, 3709, 3845, 586",6811,False,-2.435243640907645,0.027863935555514,-1.036491669864974,4,13,-1.6419683795909823,-1.4475120794939118,0.7581377630197409
23012,"23012, 3709, 3845, 586",6832,False,-2.5861193845792405,0.0262280095893847,-1.2306478365407476,4,13,-1.263368172189974,-0.8874067779699063,0.7568854103964252
23012,"23012, 3709, 3845, 586",10492,False,3.734327516848459,0.0027219047795791,1.710763243463874,4,13,-0.0350474689185195,-0.3356029249134869,0.472919287809963
23012,"23012, 3709, 3845, 586",150483,False,3.076754159847368,0.0080919483220873,1.3529744009663185,4,13,-0.1792340678149354,-0.3134331056540161,0.606753867466964
23012,"23012, 3709, 3845, 586",7027,False,4.255168699603634,0.0014106863120045,2.010977437619513,4,13,-0.1284255603818976,-0.4971405923501051,0.3758375691415674
23012,"23012, 3709, 3845, 586",24144,False,-2.8261212901265544,0.0320532378674429,-1.5581239596707002,4,13,-1.348420713487149,-1.0748256536274696,0.7715553047120207
23012,"23012, 3709, 3845, 586",9984,False,-3.6985202370817127,0.0022207707024217,-1.5261809579418228,4,13,-1.3799657157578882,-1.07572205448789,0.4563336296853107
23012,"23012, 3709, 3845, 586",57187,False,-2.512097931953004,0.0389598364208057,-1.2972031390694725,4,13,-2.341804578354885,-1.9909607352435184,0.7897130757303121
23012,"23012, 3709, 3845, 586",84321,False,4.149446004357919,0.0014000600859607,1.922276288101036,4,13,-1.0208811237290316,-1.499366193574596,0.3758375691415674
23012,"23012, 3709, 3845, 586",90381,False,-2.928621067947951,0.0245663295030104,-1.5642707914442626,4,13,-2.202120162481073,-1.7939610809740238,0.7555988202733422
23012,"23012, 3709, 3845, 586",25976,False,2.1492486631453405,0.0484174688133364,0.8988527167073406,4,13,-0.2013115113423934,-0.4859142229539592,0.8037156778640308
23012,"23012, 3709, 3845, 586",7086,False,4.481682936039245,0.0012359529868965,2.1639887005282046,4,13,-0.0508541725178973,-0.4387701679167,0.3748120081084212
23012,"23012, 3709, 3845, 586",7094,False,3.8432350278765695,0.0094871024049672,2.118000303629597,4,13,-0.2868458719925139,-0.5932391120760169,0.6200387134798324
23012,"23012, 3709, 3845, 586",83877,False,-2.930540614495918,0.0286220516624407,-1.6229532714529489,4,13,-0.4474953517013794,-0.1999925362758027,0.7602841939596087
23012,"23012, 3709, 3845, 586",55754,False,2.3604771936874758,0.0322563091071102,0.9891725754075344,4,13,-0.0605101316540857,-0.2453069358229107,0.7715553047120207
23012,"23012, 3709, 3845, 586",11073,False,-3.121183414274272,0.0083032035721557,-1.2372930284837798,4,13,-1.989637587313391,-1.6630923427528368,0.6104389914563702
23012,"23012, 3709, 3845, 586",27010,False,2.3484581489175627,0.0329774514740064,0.9934017796958,4,13,0.027950106701008,-0.0804219989774636,0.7722938751587749
23012,"23012, 3709, 3845, 586",7175,False,-2.822106572357976,0.0138869664986288,-1.2590960522136123,4,13,-1.2597416911599744,-1.032904114079458,0.6754959025012585
23012,"23012, 3709, 3845, 586",54822,False,2.3680677355248463,0.03192363932857,0.9834274847770716,4,13,-0.2886216029410388,-0.5966087311926747,0.7715553047120207
23012,"23012, 3709, 3845, 586",26995,False,-2.5572236256919094,0.0444087628944941,-1.400931121818272,4,13,-0.5264064120017217,-0.2543187462508003,0.7982670741340606
23012,"23012, 3709, 3845, 586",7249,False,2.604967050904391,0.0280609182432333,1.2761367075654355,4,13,0.3986404849737858,-0.0066890651494566,0.7586792529741281
23012,"23012, 3709, 3845, 586",283989,False,3.6941186895873854,0.0026296979727743,1.662143374900375,4,13,-0.5551795262111702,-0.8398078479436228,0.468818622327553
23012,"23012, 3709, 3845, 586",115939,False,2.8014782595708803,0.013971591729833,1.1416217798905044,4,13,0.1023840727778765,-0.1606105445720328,0.6757656294720714
23012,"23012, 3709, 3845, 586",7268,False,3.233108374812671,0.0058211748191,1.3239479107867569,4,13,-0.2318426481045118,-0.5624572056382113,0.5783460537391655
23012,"23012, 3709, 3845, 586",7270,False,-3.234892883639546,0.0115474187408434,-1.624640486298787,4,13,-0.7640994854714033,-0.6202332956582401,0.6488452626579987
23012,"23012, 3709, 3845, 586",113457,False,4.248707059802721,0.0082687870633545,2.5909923398829653,3,9,-0.411939828979996,-0.6136238460606742,0.6104389914563702
23012,"23012, 3709, 3845, 586",7301,False,3.891604568429235,0.0017448220524368,1.7419514058211043,4,13,-0.1532624407260986,-0.3261997711103135,0.4157785292209414
23012,"23012, 3709, 3845, 586",23350,False,-2.342938891007266,0.0418424088872117,-1.1335748917107766,4,13,-1.6514108717112643,-1.3884546930744237,0.7956001194952814
23012,"23012, 3709, 3845, 586",9898,False,-2.5291498517100224,0.0486589034510686,-1.4099845050619286,4,13,-0.575346594951331,-0.3497003959201173,0.8037156778640308
23012,"23012, 3709, 3845, 586",65264,False,3.025066245463554,0.0123431340422483,1.4437850601218558,4,13,-0.1852618638621383,-0.3413865405317031,0.66067505824945
23012,"23012, 3709, 3845, 586",10277,False,3.092718610599656,0.0111611967453999,1.480872018777177,4,13,0.0010540042147166,-0.2934330631544838,0.64579115731803
23012,"23012, 3709, 3845, 586",51569,False,2.764572657232241,0.0145273944195868,1.1841428785144237,4,13,-0.3210155294578006,-0.6199750748643034,0.68375579582279
23012,"23012, 3709, 3845, 586",7372,False,2.8145154017217795,0.0131479674019047,1.2066090979213675,4,13,-0.0106974374203968,-0.335215370139993,0.6731293520269847
23012,"23012, 3709, 3845, 586",51096,False,2.187992652122242,0.0452182734961327,0.9052612312564796,4,13,-0.9577183773784356,-1.1367464133913363,0.7982670741340606
23012,"23012, 3709, 3845, 586",84294,False,-2.647838441058332,0.0226525492835539,-1.245840591562464,4,13,-1.0368274886753182,-0.7753775414565497,0.7437444055477078
23012,"23012, 3709, 3845, 586",55697,False,-3.3751052943533173,0.0285304724144395,-2.0988237225202915,4,13,-0.3817745669277483,-0.1251427131538513,0.7602841939596087
23012,"23012, 3709, 3845, 586",7414,False,3.0639097283363017,0.0082831382567707,1.2488548355342772,4,13,-0.2674692045098211,-0.4531893500129256,0.6104389914563702
23012,"23012, 3709, 3845, 586",81552,False,3.0858075349894283,0.0085504608756744,1.232750139192586,4,13,-0.1879697763179685,-0.3941183464010046,0.613409593830681
23012,"23012, 3709, 3845, 586",57599,False,3.281317792890737,0.0052364773978384,1.3479073958470578,4,13,-0.248569462841932,-0.7010445156781475,0.5682024775067496
23012,"23012, 3709, 3845, 586",80335,False,2.703959405172736,0.0207852474276339,1.2773693190069535,4,13,-1.0571475699204989,-1.426257148497672,0.7292762103763515
23012,"23012, 3709, 3845, 586",84292,False,2.861744367957057,0.0157137990587996,1.3520654810352568,4,13,-0.2129447977983063,-0.4843413049500477,0.6974250537130082
23012,"23012, 3709, 3845, 586",7465,False,-2.67219468415162,0.04675682617866,-1.5559522728370496,4,13,-2.9912412496557903,-2.422915632851898,0.8015763446676192
23012,"23012, 3709, 3845, 586",7516,False,2.749205048711811,0.0192641092679951,1.300247611573951,4,13,-0.2041157425320743,-0.5421715860906627,0.7173047301916754
23012,"23012, 3709, 3845, 586",7517,False,3.452196046242035,0.0044459076615402,1.5713829157963557,4,13,-0.2011244766221148,-0.6196652923911283,0.5434846091624829
23012,"23012, 3709, 3845, 586",64132,False,3.192488776421301,0.0080650191303479,1.4849677660906946,4,13,-0.1513684592403539,-0.3708880996711333,0.606753867466964
23012,"23012, 3709, 3845, 586",84240,False,-2.495491149446243,0.0491985943021116,-1.3763972862016731,4,13,-0.9804090892889784,-0.7594104107427649,0.8046230511059362
23012,"23012, 3709, 3845, 586",677,False,2.632508754095648,0.0192167402250838,1.0818224998157404,4,13,-0.0128140135459122,-0.3655536406316884,0.7163662249874128
23012,"23012, 3709, 3845, 586",51663,False,2.570045711249058,0.0320341624089124,1.2863471957246873,4,13,-0.2027127587920006,-0.3503054729868443,0.7715553047120207
23012,"23012, 3709, 3845, 586",57567,False,2.399814711987034,0.0333299275193258,1.1040938011084476,4,13,-0.0249851737959292,-0.1349123924093446,0.7729091069452411
23012,"23012, 3709, 3845, 586",9406,False,2.293253751741608,0.0414326327141433,1.066808741839748,4,13,-0.3248228349524161,-0.4434688484478999,0.7950058640262805
23167,23167,60,False,-2.2886116339079794,0.0388456443162903,-0.9185483354223912,4,13,-0.6791915251784308,-0.4858051589784594,0.7897130757303121
23167,23167,113179,False,2.2835326836788847,0.0457480849491112,1.1000488223759244,4,13,-0.1792754515438664,-0.4459203748313289,0.7982670741340606
23167,23167,27245,False,2.300746012219076,0.039667012169692,1.0550840056327553,4,13,0.0033964837628625,-0.1418301507561463,0.7926670759968704
23167,23167,102157402,False,-2.486212721386413,0.0325594545948146,-1.1995263115283583,4,13,-1.389072086886316,-0.9578130488708022,0.7722938751587749
23167,23167,5832,False,2.2382331141837883,0.041277910445372,0.9728967362994326,4,13,-0.0173593379717531,-0.1998827864399659,0.7950058640262805
23167,23167,79868,False,2.81020849470962,0.0131863678934301,1.189555380900982,4,13,-0.5811951943497977,-0.8823288131520849,0.6746356030159332
23167,23167,199857,False,2.635153602949103,0.0190807786747894,1.0843359934223644,4,13,-0.7383821495338149,-0.9405442346692072,0.7163662249874128
23167,23167,84079,False,3.219938892410207,0.0057363131026436,1.3514750686980028,4,13,0.0077583828091352,-0.1684658852599357,0.5747098817405942
23167,23167,160,False,2.2277139929049965,0.0425336210820838,0.9079123630568212,4,13,0.0382240255736271,-0.0904361226728078,0.7975356290297795
23167,23167,364,False,2.2233120721016384,0.0436753314942251,0.9917423516634942,4,13,-0.277943871109214,-0.4377546544527178,0.7982670741340606
23167,23167,382,False,2.3911359677918504,0.0376155571417453,1.1465150241198334,4,13,-0.0604120058802044,-0.3033543079086096,0.7855967493217224
23167,23167,25820,False,4.982221820356969,0.000177701750304,2.0511986973126644,4,13,-1.232453707029031,-1.7599416919753208,0.1765522421067541
23167,23167,285598,False,-4.02990946710544,0.0012155298193257,-1.774001469293455,4,13,-0.460449761803772,-0.1933120149733304,0.3748120081084212
23167,23167,55723,False,2.909990071702525,0.011403879449624,1.2856863624415205,4,13,-0.0316665873306467,-0.2005646807189755,0.6478314579947323
23167,23167,509,False,2.377955699822278,0.0426460602519216,1.1825009188993685,4,13,-0.34280286891844,-0.6065968503770963,0.7975356290297795
23167,23167,517,False,2.3525068923900685,0.0335704716120914,0.9582635404997182,4,13,-0.231372900451398,-0.3545583526340263,0.773970996347516
23167,23167,9114,False,-2.630629829167691,0.019960375384733,-1.168714792687029,4,13,-1.516386615670958,-1.1559507550488666,0.7222308967452402
23167,23167,84126,False,2.575760529607505,0.0476029449550731,1.4532997067947988,4,13,-0.39068970266061,-0.6652396375633922,0.8019982402475438
23167,23167,9184,False,2.5538885306508736,0.023777391221257,1.1493925456771088,4,13,-2.005764660560194,-2.4850300337552587,0.753136975180784
23167,23167,283234,False,-2.7482533732909493,0.0234111503463232,-1.3649255895524892,4,13,-0.3819349157837611,-0.2556592268634639,0.7485525004632818
23167,23167,51647,False,2.2058977167645937,0.0454034039044789,0.8844564460560392,4,13,-1.1042480527988097,-1.3622044575426493,0.7982670741340606
23167,23167,91949,False,2.433906525393625,0.0297036992020675,1.0926594155658849,4,13,-0.1631313903430577,-0.3408101849584544,0.767444887438343
23167,23167,10987,False,2.6987354410217006,0.0226664841334627,1.3020256868343278,4,13,-1.671666518717291,-2.009248670890579,0.7438357378274207
23167,23167,9377,False,-3.2968958347767465,0.0133906355796798,-1.7243874239347754,4,13,-0.6281112131521205,-0.437926276238552,0.6751793909154472
23167,23167,53981,False,2.8779121224063857,0.0321297381622731,1.6141019768187217,4,13,-1.3518612842867443,-1.6822053650815545,0.7715553047120207
23167,23167,1639,False,3.119128459301235,0.0106534556765846,1.493180718109273,4,13,-0.2767938810735394,-0.4857108869549398,0.6418925767384508
23167,23167,1642,False,3.076571010583177,0.007874758213095,1.3359055852957102,4,13,-1.7798358541798196,-2.1331919321051247,0.6062038447189584
23167,23167,65992,False,-2.260358138701117,0.0497924481166323,-1.1090838455649892,4,13,-0.3759171977688771,-0.2248982860489854,0.8046714497212784
23167,23167,1653,False,2.228947466299068,0.0495955570421937,1.068387120632048,4,13,-0.2579604826885574,-0.3954731220856066,0.8046714497212784
23167,23167,8886,False,-3.6225558205771167,0.004984487250903,-1.7569067892349548,4,13,-1.8344156311483168,-1.5692051317913227,0.5623823849347599
23167,23167,57647,False,-2.6698939011177103,0.0238193247419611,-1.2882682349504109,4,13,-1.8421073678700348,-1.5035380526513746,0.7533957011065756
23167,23167,116143,False,2.47511659293489,0.0277986409698963,1.1175769296415186,4,13,-0.5669442394355646,-0.9494356198497812,0.7581377630197409
23167,23167,5977,False,4.3298224131182845,0.0035535988011929,2.266206719640987,4,13,0.0565714387535376,-0.4512154153387488,0.5066348281898106
23167,23167,503834,False,2.4224394049534235,0.0288398285451849,1.0007876565502896,4,13,-0.011321771921322,-0.1498554702662912,0.7619706390058725
23167,23167,8655,False,-3.171981947678644,0.0066967734387948,-1.2914495185374006,4,13,-0.7847435454243525,-0.4441329035310734,0.5853481090725166
23167,23167,1859,False,2.48620090442188,0.0426351344410563,1.3045133422464077,4,13,0.1573787687274114,-0.1031920052128175,0.7975356290297795
23167,23167,1973,False,-2.5897467067270394,0.0329765677413099,-1.318257807016966,4,13,-1.2792007194962514,-0.8407542542385967,0.7722938751587749
23167,23167,56943,False,2.759567798385622,0.0342242726723479,1.513586032161441,4,13,-0.5056029685012884,-0.7987995281270918,0.7760302177369495
23167,23167,10640,False,-2.892697357403031,0.0214310435441733,-1.4821384146849943,4,13,-0.6879334066895473,-0.5269001807346025,0.7331528917128181
23167,23167,23404,False,2.4807166896959525,0.0432152679208611,1.3039175960154843,4,13,-0.6865382744305804,-1.0903622714447818,0.7982670741340606
23167,23167,2188,False,2.6794021910898027,0.0173065138822539,1.1541061070539818,4,13,-0.0919763791110919,-0.3844577333381235,0.7112864518483171
23167,23167,26268,False,2.821669507822895,0.0344937688816999,1.5835192721464129,4,13,-0.0799932000221464,-0.261579872909657,0.7760302177369495
23167,23167,23360,False,-2.395882635274293,0.0300683114467162,-1.010343265809012,4,13,-0.5898530251457679,-0.4295515930192039,0.7684580593452173
23167,23167,2521,False,2.8439427945566096,0.025213245659819,1.487633986793034,4,13,0.0001356109004214,-0.2725586765235255,0.7568854103964252
23167,23167,2395,False,2.4533577555852104,0.0384570709474968,1.2269736622644116,4,13,-0.4842649976936856,-0.7117974102146369,0.7891616186922428
23167,23167,79833,False,2.232170221133764,0.0462762176612198,1.0391980992684484,4,13,-0.6382811163163622,-0.9220995522430186,0.7988571973883084
23167,23167,199720,False,2.215331153393081,0.0429467014052,0.9576517770173592,4,13,-0.1159219399607573,-0.2837088864425457,0.7980859600277914
23167,23167,11146,False,3.127456859291057,0.012437739967352,1.5449928624553373,4,13,-0.099955905363083,-0.3934797131486872,0.6614171738249465
23167,23167,2963,False,-2.309989376749107,0.0355378001250414,-0.979389772020606,4,13,-0.939135270475168,-0.7355647026284777,0.7792678241219885
23167,23167,10767,False,2.907708967231894,0.028966048265408,1.6038485299553005,4,13,-0.1347965463942216,-0.3340699453334473,0.7627438360397004
23167,23167,144983,False,2.3674067824764395,0.0355169773538492,1.091294298307652,4,13,-0.2372540817572481,-0.3954876102263085,0.7792678241219885
23167,23167,3297,False,-2.278179999088399,0.0417849841816498,-1.050467911321238,4,13,-0.367371054019795,-0.2054470438253474,0.7956001194952814
23167,23167,3329,False,2.856071703410184,0.0180261645613018,1.3903051309242718,4,13,-1.5418141091789574,-1.9868485575619197,0.7134390816796584
23167,23167,10525,False,2.5370682935911355,0.0426453531499806,1.3611877521841822,4,13,-0.7629423022512559,-1.164953061606447,0.7975356290297795
23167,23167,10989,False,-2.28701467407659,0.040842392042417,-1.0509896683853652,4,13,-0.5251084267068067,-0.4197759544197302,0.7950058640262805
23167,23167,57508,False,-2.824319356088976,0.0260585498012552,-1.479123803215425,4,13,-1.1954025975683051,-1.0297511672934876,0.7568854103964252
23167,23167,10300,False,2.288372771092395,0.0407039139593294,1.0511263062505884,4,13,-0.289065580579914,-0.4848367237971413,0.7950058640262805
23167,23167,79165,False,3.013953644420988,0.0126629762273548,1.4403705383707672,4,13,-0.1543145981357664,-0.3936167707444226,0.6644475108483053
23167,23167,8379,False,2.9878162983885126,0.0092062971769011,1.2690967170356684,4,13,-0.012738552585832,-0.2154707008412789,0.6177479122895033
23167,23167,65003,False,2.2861720588800734,0.0446067773542392,1.092061981403365,4,13,-0.0999623885583327,-0.2973520759769835,0.7982670741340606
23167,23167,219927,False,2.7271632506699808,0.0172144898403926,1.087091549267012,4,13,-0.378219397375354,-0.621176025216788,0.7112864518483171
23167,23167,4522,False,-2.559353784310298,0.041206998240563,-1.3716696729486384,4,13,-0.3886035407241183,-0.153836353187556,0.7950058640262805
23167,23167,54516,False,2.4952083592023917,0.0248353575186415,1.040327721100302,4,13,-0.2033644677159935,-0.4074017547424418,0.7568854103964252
23167,23167,4609,False,-3.3185553815024518,0.0046832667948392,-1.395040344694543,4,13,-2.085899866838698,-1.512934815932123,0.547298838941751
23167,23167,8883,False,2.9352190188706366,0.0372067686649373,1.7431185543418086,4,13,-0.2906270859618825,-0.6098650650822857,0.7855967493217224
23167,23167,57727,False,2.886748806518117,0.0214107406541635,1.475898857070035,4,13,-0.0345175876895948,-0.2382643635391412,0.7331528917128181
23167,23167,55216,False,2.373439384987318,0.0410331272541595,1.1615036891973851,4,13,-0.2142657119227554,-0.3887080010399435,0.7950058640262805
23167,23167,10412,False,-2.718788509323732,0.015850645352614,-1.147337722631262,4,13,-1.4861146668494312,-1.3001652405997628,0.7006015786627908
23167,23167,286053,False,3.4618156542688068,0.0038535634085611,1.4006633627921234,4,13,-0.2911620534413751,-0.5155028610605246,0.5184048298239097
23167,23167,56160,False,2.54536738923632,0.0266928464813841,1.1901576799803797,4,13,-0.7992617754482579,-1.0610743582689737,0.7568854103964252
23167,23167,55593,False,3.55654477546996,0.0028711480882802,1.5061802334622751,4,13,-0.0813267515544,-0.3540018262066206,0.4864071643198637
23167,23167,26986,False,2.571899880653178,0.0257517100890924,1.2072627608378466,4,13,-0.6727552445317333,-1.1033230714791236,0.7568854103964252
23167,23167,399909,False,-3.1368541630688376,0.0069103597370196,-1.3552639109049889,4,13,-0.6643349644474434,-0.4951755037810887,0.5916545793152571
23167,23167,5134,False,-2.866032509320277,0.0219558396967504,-1.4633947564423266,4,13,-1.459099822051647,-0.821633862022338,0.7398212951771879
23167,23167,9409,False,2.437721422470395,0.0393827081148835,1.2187231723938328,4,13,0.0014978242129666,-0.1714620025949229,0.7920294554796992
23167,23167,94005,False,-3.764213077520214,0.0031052749001676,-1.7696378417796992,4,13,-0.4995043101811729,-0.274624970264406,0.4999281445021685
23167,23167,9512,False,2.9211177462666718,0.0111528298876679,1.2904695008367175,4,13,-1.6210270750192803,-1.908666980747665,0.64579115731803
23167,23167,5441,False,2.9111629495430957,0.0109794776910288,1.2633640349113493,4,13,-2.1493968671707355,-2.6575746266699314,0.64579115731803
23167,23167,51728,False,2.7244217711972696,0.0156802008116711,1.1565394054354527,4,13,-1.3605647793940971,-1.6499262846566014,0.697400163727184
23167,23167,51645,False,2.2110895534669583,0.0462150424846618,1.0081697427971543,4,13,-0.4896346982447541,-0.926650504343798,0.7987406983602949
23167,23167,8575,False,2.892486610715323,0.0135892486559395,1.3361723306060551,4,13,-0.4684558205049501,-0.7768382052653634,0.6751793909154472
23167,23167,114822,False,-5.500613239207657,0.0014197058148879,-2.969447834741905,4,13,-0.5022920299696413,-0.2415434205901775,0.3760584785207648
23167,23167,6047,False,3.3165967333391078,0.0078716616425493,1.5970419266894684,4,13,-0.3551685281333829,-0.8043624961950058,0.6062038447189584
23167,23167,6117,False,-3.378612709875928,0.0045570148245745,-1.366146064318921,4,13,-2.5751475768933467,-2.114425468933096,0.5463305204322857
23167,23167,25873,False,-2.269543736858522,0.0418889470154308,-1.0395117964898424,4,13,-2.215846017434485,-1.9647011882152907,0.7956001194952814
23167,23167,6169,False,-3.646589798510489,0.0032292888198074,-1.4361342149492886,4,13,-1.8327593028778677,-1.6385906773691123,0.5028055018374575
23167,23167,6175,False,-2.2670907238038414,0.0455452856321328,-1.0774795942093034,4,13,-1.7063369161178443,-1.4357914594235373,0.7982670741340606
23167,23167,6218,False,-2.5265688056406383,0.0474328404502463,-1.4984183808959677,3,9,-1.762474649375463,-1.48223231151642,0.8015763446676192
23167,23167,84881,False,2.565989419002102,0.0215473340423696,1.0743564415060112,4,13,-0.1203844440527755,-0.3264353665224609,0.7343771707527326
23167,23167,51750,False,2.299742388931158,0.0490425066856295,1.1496174068814546,4,13,-0.460408948417453,-0.7140217117057482,0.8037156778640308
23167,23167,10284,False,2.38965826790941,0.0387079495922575,1.1565873642190696,4,13,-0.9548810366858222,-1.1425106163853564,0.789404272527965
23167,23167,11231,False,2.2095881482949995,0.0471624315951187,1.0174390533082442,4,13,-0.2790926276992512,-0.5733858941596961,0.8015763446676192
23167,23167,6495,False,-2.1564440172008488,0.0493320431093968,-0.9600066746448634,4,13,-0.3603382638052154,-0.2161050018719786,0.8046714497212784
23167,23167,6500,False,-2.3337316825134105,0.035928947912694,-0.9336891579943928,4,13,-1.5105304226334613,-1.3389921129497229,0.7796065223202716
23167,23167,9497,False,-2.295363522437388,0.0488297804469651,-1.142573965681526,4,13,-0.4842781455929716,-0.2687785597965348,0.8037156778640308
23167,23167,6618,False,3.5005266965201467,0.0063229608923764,1.707430426648282,4,13,-0.92858277042268,-1.487231908008706,0.5853481090725166
23167,23167,10302,False,2.6475294595151286,0.0221249824282805,1.2365908809758177,4,13,-1.0026493258631146,-1.331353858155969,0.7402564234419811
23167,23167,9789,False,2.3778035640914625,0.0444886032085048,1.1996133982655168,4,13,-0.5932208584505635,-0.8146039682990953,0.7982670741340606
23167,23167,55133,False,3.3150418549206475,0.009563810945188,1.646948385405771,4,13,-1.1234406858359405,-1.5385530356747608,0.6222326656613393
23167,23167,58477,False,2.469521345493928,0.0260841045631638,1.0549266406314597,4,13,-0.5554854923061168,-0.7145109171023567,0.7568854103964252
23167,23167,6432,False,2.407884429385214,0.0340221957771639,1.1240633889607232,4,13,-1.9298268499772335,-2.235329335507409,0.7760302177369495
23167,23167,6812,False,-2.9017060233350205,0.0466410654695969,-1.8286952772965908,4,13,-0.4178399210247392,-0.2045112811696913,0.8009683441528059
23167,23167,8464,False,4.501057679312292,0.0004803604261688,1.9782882737782392,4,13,0.1063844000802688,-0.3115501717817848,0.2821218668066492
23167,23167,9913,False,2.356508535925389,0.0392829913092035,1.1230674174944346,4,13,0.2474601362408222,-0.1109189968103961,0.7920195618927413
23167,23167,79101,False,-2.1826226776861373,0.0463943014355312,-0.8880667070597673,4,13,-0.8473783127486164,-0.7065080127017099,0.7993058125117213
23167,23167,6879,False,2.5605237484129706,0.022480570205359,1.1265780476584233,4,13,-0.6271914952379783,-0.8039471352224492,0.743696768553327
23167,23167,10607,False,-2.3723366016943546,0.0314840982932964,-1.0053661165740846,4,13,-1.410355931347129,-1.1606263926495484,0.7710891626210068
23167,23167,150483,False,2.352499474698754,0.0327869101708282,1.005017414771194,4,13,-0.2027836978296994,-0.3061870656494733,0.7722938751587749
23167,23167,9804,False,2.380324822000736,0.0407669894107464,1.166870460643188,4,13,-0.4365332904817827,-0.6715610580456257,0.7950058640262805
23167,23167,112858,False,4.904819693913369,0.0003149282593014,2.235380889024993,4,13,-0.5049404748625738,-0.9868285588128306,0.2280012168143919
23167,23167,51002,False,3.436304182862273,0.0053936684552231,1.6093227614712933,4,13,-0.3462544438716383,-0.6225895288384726,0.5707131014504023
23167,23167,10293,False,2.6893021120938534,0.0185089300344157,1.214167033384557,4,13,-0.4469573553896889,-0.8062283428499607,0.7134390816796584
23167,23167,9319,False,2.7191882905747886,0.0161842866044477,1.117470568815664,4,13,-0.208637139353467,-0.3845587469409414,0.7006995333843057
23167,23167,51095,False,3.1652852520093413,0.0115752216599628,1.5604517006499372,4,13,-1.1471044473328276,-1.452612671070179,0.6498134589203037
23167,23167,9819,False,-2.63801906111247,0.0343730492414136,-1.3854528201060652,4,13,-0.6260973617521013,-0.3696989943728391,0.7760302177369495
23167,23167,10844,False,2.783024800384944,0.0216674060595644,1.3750729779527977,4,13,-0.9182067241599108,-1.527671432448256,0.73604291961994
23167,23167,3093,False,4.144002716890591,0.0010065725140872,1.6772074963854116,4,13,0.0015383892036849,-0.2284071199526908,0.3424241293940285
23167,23167,51506,False,2.6989943882869256,0.0273996492232881,1.367467470893176,4,13,-0.307969954089152,-0.4851312208084687,0.7578267072412546
23167,23167,8239,False,4.8482633445892285,0.0005706808253534,2.30116699510908,4,13,-0.2435404038358765,-0.7888877176942555,0.2839400409879977
23167,23167,6293,False,-2.302943856128254,0.0422952179615235,-1.0891121540005833,4,13,-0.7834657096022541,-0.5715451087339768,0.7974289184896268
23167,23167,51542,False,-3.3965343422621066,0.013260253944811,-1.81388034206284,4,13,-0.6421191172449543,-0.3504822982957137,0.6749214675397516
23167,23167,55759,False,-2.982071530665097,0.0189687995078577,-1.5312059627674497,4,13,-1.521358480996172,-1.2434361908717189,0.7147554854282848
23167,23167,55339,False,-2.6727996512303607,0.0177383985098624,-1.1630362186023424,4,13,-1.986324724930638,-1.8032106026861536,0.7134390816796584
23246,"23246, 727957",27245,False,2.82220373718298,0.0201123989769919,1.2981308684950132,3,14,0.0317109534253669,-0.1375242060753251,0.7230843984880345
23246,"23246, 727957",102157402,False,-2.655057472151251,0.0430900232527538,-1.3774609088424263,3,14,-1.4583011884917954,-0.973782458385022,0.7982670741340606
23246,"23246, 727957",5832,False,3.2583276038125,0.0055074071602438,1.266011330553635,3,14,0.0230185223958867,-0.1954977959138735,0.571156009807942
23246,"23246, 727957",79868,False,2.3029613805917784,0.0409246279829943,1.007202116106716,3,14,-0.5993737201419311,-0.8569238705678929,0.7950058640262805
23246,"23246, 727957",199857,False,2.2185143855526643,0.0444440801811621,0.8430106497045745,3,14,-0.7656625913791104,-0.920258276764116,0.7982670741340606
23246,"23246, 727957",84079,False,2.684055434529611,0.016995295328805,1.0700266342716866,3,14,-0.0115433335780431,-0.1517423554577495,0.708786302215172
23246,"23246, 727957",25820,False,4.451139664030834,0.0005616096984811,1.8595433108067183,3,14,-1.225504829572736,-1.7237530239340777,0.2839400409879977
23246,"23246, 727957",285598,False,-3.1555117975130136,0.0116592806564407,-1.4498725299370514,3,14,-0.4459213779215105,-0.2155065077217037,0.6512373017693148
23246,"23246, 727957",79798,False,3.970404055972504,0.0012859084533156,1.5502784489456314,3,14,-0.0919219195524972,-0.4087570284444496,0.3748120081084212
23246,"23246, 727957",55723,False,2.316456880628996,0.0352374128369851,0.9391405576842252,3,14,-0.0599140991582761,-0.1824474929424601,0.7774483458197553
23246,"23246, 727957",440,False,2.357307318814581,0.0324152438304785,0.9428112430098472,3,14,-0.0384783714625111,-0.2187406283912907,0.7715553047120207
23246,"23246, 727957",9296,False,-4.090080511135512,0.0010065900845702,-1.598914277840109,3,14,-1.499728512907515,-1.0410785097100244,0.3424241293940285
23246,"23246, 727957",221927,False,3.272888916534656,0.0051599663125281,1.2951427838641116,3,14,-0.0321742291843769,-0.3115037324082009,0.5679220261202397
23246,"23246, 727957",9184,False,3.0261705534628462,0.0127821454093901,1.3613310736182056,3,14,-1.926707551315455,-2.467737601936627,0.6648757342407524
23246,"23246, 727957",819,False,3.0990327962523443,0.0089867009748933,1.3353660518870316,3,14,-0.2659682191581788,-0.4584198566266688,0.6150093925147891
23246,"23246, 727957",908,False,3.715110030860594,0.0123574822960716,1.9206814512700248,3,14,-1.4156518080758624,-1.7498950973210654,0.66067505824945
23246,"23246, 727957",1062,False,-3.197926976453103,0.0061175890599103,-1.251161927552474,3,14,-1.12799853823752,-0.8966753483630867,0.581002650342814
23246,"23246, 727957",55835,False,3.0996879321662854,0.0091777337842513,1.341864717687224,3,14,-0.1437135877505699,-0.3360154797760336,0.6177479122895033
23246,"23246, 727957",4848,False,2.8565197440378887,0.0188118753797214,1.3109560862962857,3,14,-0.2612513423045973,-0.5109322534176401,0.7134390816796584
23246,"23246, 727957",57511,False,2.4182595359681103,0.0372931480812714,1.0980181533241742,3,14,-0.3497195681574244,-0.4942438459591677,0.7855967493217224
23246,"23246, 727957",55352,False,2.2972040244439857,0.0376939123865882,0.8811059323051328,3,14,-0.0841405830979588,-0.2188747190944925,0.7858448431886305
23246,"23246, 727957",10987,False,3.113941384267766,0.020333431252339,1.5558232063363486,3,14,-1.6125356570880005,-1.997806558941621,0.7252738741274658
23246,"23246, 727957",116228,False,-3.3919970713965517,0.0422964478411287,-2.127277891521142,3,14,-0.5415522165559864,-0.3337756540949501,0.7974289184896268
23246,"23246, 727957",10664,False,2.166197322732924,0.0471582523381196,0.8841969974019046,3,14,-1.5644625466421875,-1.7901605643098502,0.8015763446676192
23246,"23246, 727957",57703,False,-2.595001669585678,0.04424454835217,-1.3286040486080029,3,14,-1.7168685441520497,-1.4143961417857978,0.7982670741340606
23246,"23246, 727957",1603,False,2.4291696398990887,0.0410151912141716,1.140912586254082,3,14,-1.7776196799293158,-2.1375196998966937,0.7950058640262805
23246,"23246, 727957",26528,False,2.314889777370473,0.0369306607067063,0.974426458316628,3,14,-0.0402855496137939,-0.2011611754917347,0.7836483879259681
23246,"23246, 727957",1639,False,2.3479461442489717,0.0401319855772238,1.0500309766179643,3,14,-0.3142424153697259,-0.4627635577570856,0.7947636811015407
23246,"23246, 727957",1642,False,2.4538546614739185,0.0362504253879093,1.1245898571668,3,14,-1.7988667423624145,-2.1038741647856187,0.7797765726372132
23246,"23246, 727957",8886,False,-5.805818449822723,3.501149878934639e-05,-2.337470995676809,3,14,-1.8840910530349693,-1.5775040056268252,0.1096423598059726
23246,"23246, 727957",83479,False,2.670815811601277,0.0175013859728224,1.0777837390762868,3,14,-0.8365726672840426,-1.070317801030922,0.7128658384945291
23246,"23246, 727957",9093,False,3.468380627468545,0.0039441082245393,1.3217925962297896,3,14,-0.8581349986722581,-1.100430022386154,0.5246654091329729
23246,"23246, 727957",5977,False,7.061487325946729,1.41087459098026e-05,3.0667341934796664,3,14,0.1441822224509304,-0.4337186651244554,0.0961198625807901
23246,"23246, 727957",8655,False,-2.907723099489504,0.0111912255745315,-1.1983454622119876,3,14,-0.7848665729055625,-0.4684358720631912,0.64579115731803
23246,"23246, 727957",124454,False,2.5210968411004924,0.0242795223015772,0.972565932244476,3,14,0.0298491589931047,-0.2126359546177905,0.7555168658866813
23246,"23246, 727957",1937,False,-3.2563795464816883,0.0318236303381546,-1.83861064097764,3,14,-1.1940044393158202,-0.946520255097744,0.7715553047120207
23246,"23246, 727957",8666,False,-5.626357341168188,0.0008648310355434,-2.73828299020266,3,14,-1.684861052207357,-1.2247259430443742,0.3324764278827098
23246,"23246, 727957",56943,False,3.630495392119816,0.022229621534953,2.04172896340373,3,14,-0.4375396639756883,-0.792441910552163,0.7418611169987012
23246,"23246, 727957",57697,False,2.273672350804715,0.0426420707395039,0.9896737610184008,3,14,-0.4022381885064617,-0.6970804171682875,0.7975356290297795
23246,"23246, 727957",2197,False,-3.0775999229954154,0.0371084475458146,-1.7306446718604,3,14,-3.07735861222619,-2.3793833740284507,0.7848436170090578
23246,"23246, 727957",80204,False,2.954002693472185,0.0101173980778748,1.2124112260342943,3,14,-0.0199695425384653,-0.2581923498801755,0.628469083532895
23246,"23246, 727957",55294,False,2.2857322203193564,0.0447294776672657,1.0227596038377584,3,14,0.0088847861551791,-0.2971164914168037,0.7982670741340606
23246,"23246, 727957",112812,False,2.8912339366740296,0.0121231380577533,1.103743393951614,3,14,-0.627795710483574,-0.8607018706616959,0.658481084743995
23246,"23246, 727957",2963,False,-2.4509942697159657,0.0304774551796472,-1.0606813401031985,3,14,-0.9604913857099804,-0.7455291470672101,0.7689044219165413
23246,"23246, 727957",8341,False,2.3637560554257533,0.0322273672194587,0.961680900474388,3,14,-0.6706705962473528,-1.225378532048505,0.7715553047120207
23246,"23246, 727957",23438,False,2.35625621576158,0.0345108566822715,0.8937431089829231,3,14,-0.0324786025547366,-0.2477454242240736,0.7760302177369495
23246,"23246, 727957",25988,False,2.507997618461034,0.0255993467211444,0.9556466884831673,3,14,-1.5537381274851487,-1.889090724644656,0.7568854103964252
23246,"23246, 727957",10300,False,3.738248270321055,0.0020023620746615,1.4738590984044109,3,14,-0.2376537497708699,-0.4818698915978489,0.4446762191621244
23246,"23246, 727957",9493,False,2.969884819934098,0.0378474713838262,1.6334284374241033,3,14,-1.7577088592187533,-2.145221511128366,0.7866319400997951
23246,"23246, 727957",653240,False,2.521560953315632,0.0246115963938054,1.0542692016314197,3,14,-0.4095799021377244,-0.7588060955272046,0.7560105119706824
23246,"23246, 727957",26239,False,2.915143871383015,0.014816759312211,1.3001989369379106,3,14,-0.0383619906072058,-0.3267684863917988,0.6866898379200101
23246,"23246, 727957",79165,False,2.943610880573032,0.0307934900992872,1.5320682897037332,3,14,-0.1275007156685338,-0.3822695903724969,0.7690631820319243
23246,"23246, 727957",57819,False,-2.703850629564017,0.0366475918092845,-1.367385005003085,3,14,-2.7805962421917307,-2.313190333204073,0.7828467321786678
23246,"23246, 727957",57128,False,2.57166973883089,0.0219836373999494,1.0660055392282903,3,14,-0.9768747667118708,-1.3704666208121892,0.7398212951771879
23246,"23246, 727957",8379,False,2.4235882146163528,0.0289890479628001,0.996607690460766,3,14,-0.0361988327929492,-0.1959626302072219,0.7627438360397004
23246,"23246, 727957",55090,False,3.8576210050052575,0.0015640328064933,1.5241490143438867,3,14,-0.4702140395253318,-0.7307755662808851,0.3942663363598785
23246,"23246, 727957",64745,False,2.3070014488027284,0.0357389555357207,0.9201204373678225,3,14,-0.4248811872482126,-0.6153662035805748,0.7792678241219885
23246,"23246, 727957",29081,False,2.2432167011219177,0.0493047267564514,1.0132695524809092,3,14,-0.2183688051862595,-0.3773925993378923,0.8046714497212784
23246,"23246, 727957",219927,False,2.4291244434678325,0.0302548160951307,0.9195039736615488,3,14,-0.396952681395686,-0.5998077052237573,0.7688185734422155
23246,"23246, 727957",64983,False,2.482486708995327,0.0298975030094696,1.0886719951876274,3,14,-0.36814603192864,-0.5538028539012485,0.7683489996775338
23246,"23246, 727957",64979,False,2.468227313393155,0.0276003723669612,0.940731569911673,3,14,-0.303729137826898,-0.4621619036392541,0.7578267072412546
23246,"23246, 727957",26589,False,2.475259179369208,0.0322280005723593,1.1071522091635784,3,14,-0.042037924765223,-0.2748063253857191,0.7715553047120207
23246,"23246, 727957",63931,False,2.9481889797769214,0.0099773475167928,1.182893335742622,3,14,-0.3400263121704075,-0.5940820203827485,0.6278978591950445
23246,"23246, 727957",28957,False,4.230363538172624,0.0007826837836692,1.739983201075325,3,14,-0.2972391065943591,-0.549899463125966,0.3259895048147984
23246,"23246, 727957",10240,False,2.3462676740234585,0.0332071981509217,0.9481910844422934,3,14,-0.220790456691177,-0.4235271543011972,0.7722938751587749
23246,"23246, 727957",65993,False,3.318528913427101,0.0109401029273445,1.5693482988691798,3,14,-0.2852506376019325,-0.62536335309986,0.64579115731803
23246,"23246, 727957",339287,False,-2.9307778321576614,0.0218566017391322,-1.4168429956477673,3,14,-0.6194740759755551,-0.3900487708946043,0.7379330326643176
23246,"23246, 727957",4609,False,-2.7371139921940832,0.0161164844735859,-1.141980169729632,3,14,-2.0398660262673665,-1.5637252854050208,0.7006015786627908
23246,"23246, 727957",27158,False,2.303952354892184,0.0359762384564078,0.9261793739333356,3,14,-0.6003243889313805,-0.8035288321193893,0.7796065223202716
23246,"23246, 727957",4714,False,3.355108710060701,0.0043769306114356,1.3575794914777144,3,14,-0.1412332439826598,-0.344251278283468,0.5386674384362842
23246,"23246, 727957",25836,False,4.335181106602892,0.0006299333469579,1.6877544964567437,3,14,-0.2752350690969369,-0.542556530472668,0.2959724763522215
23246,"23246, 727957",51070,False,3.3491685496838333,0.0084291283626315,1.535559748505417,3,14,-0.1209365637435914,-0.3010380253121915,0.6118431005322945
23246,"23246, 727957",10412,False,-2.2349918183235142,0.0418384970750331,-0.8650815867227571,3,14,-1.4577120753777515,-1.3195336120758137,0.7956001194952814
23246,"23246, 727957",286053,False,3.031788090911772,0.0088623422879663,1.1697864960516098,3,14,-0.3074675368030941,-0.4959844855102169,0.613409593830681
23246,"23246, 727957",55593,False,2.949675327630087,0.0100101660980222,1.194623910787464,3,14,-0.1087261493322753,-0.328653735636203,0.6278978591950445
23246,"23246, 727957",399909,False,-2.6260142671583644,0.0282763472530635,-1.2140795504849302,3,14,-0.6626591547926851,-0.5076174244689909,0.758844443768512
23246,"23246, 727957",94005,False,-2.9094777724886742,0.0332863689930731,-1.5272299469679669,3,14,-0.4988411216991937,-0.2908298920760278,0.7722938751587749
23246,"23246, 727957",9512,False,3.094980754659459,0.0120439289712208,1.4063308103050003,3,14,-1.588711788859267,-1.8950459773727832,0.657925487597981
23246,"23246, 727957",11284,False,2.929923439078413,0.0334716331934506,1.5483316808873515,3,14,-0.1168572075243238,-0.4183302823858095,0.7736039978034098
23246,"23246, 727957",56902,False,-2.62560921059174,0.0333719102312,-1.2639313241020442,3,14,-1.3594755145904651,-1.107681057608149,0.7734476751145687
23246,"23246, 727957",5441,False,2.451335203077963,0.0388615620516056,1.1449826436623498,3,14,-2.1514212375438966,-2.6208424216257398,0.7897130757303121
23246,"23246, 727957",51728,False,2.491663381182471,0.0314515116830611,1.1158285591625596,3,14,-1.3516404965618467,-1.6311699520304763,0.7710891626210068
23246,"23246, 727957",60490,False,3.117790599407989,0.0105131976197831,1.3929887123874771,3,14,0.1176010832647264,-0.0967878868004739,0.6396442334748876
23246,"23246, 727957",151987,False,-4.866065218561236,0.000206780035571,-1.930416047452303,3,14,-0.955442931462367,-0.5736152272179578,0.1896413701197644
23246,"23246, 727957",8575,False,2.400254729530831,0.0314770082779359,0.9139405439530408,3,14,-0.5356397829522107,-0.7404143286866353,0.7710891626210068
23246,"23246, 727957",8624,False,-2.3814171831785065,0.0320347698301971,-0.992623665807098,3,14,-0.7874225792379058,-0.5080957835836389,0.7715553047120207
23246,"23246, 727957",118672,False,2.929577423681268,0.0349601790940088,1.5638351168103204,3,14,-0.3347705643199812,-0.6629208648367241,0.7760302177369495
23246,"23246, 727957",5879,False,-2.8386573629459924,0.0224247172137506,-1.3425545583393084,3,14,-1.0840429938869904,-0.7273185452271439,0.743696768553327
23246,"23246, 727957",29127,False,2.6192505276956863,0.0197011897599081,1.074338744156991,3,14,-1.1884885258939073,-1.557141737401606,0.7200773977905233
23246,"23246, 727957",57038,False,2.372525891391868,0.033535313176978,1.0050599035540808,3,14,-0.1526212613536489,-0.3718373394822425,0.7736039978034098
23246,"23246, 727957",55312,False,2.2512127174769514,0.0398365653797077,0.8925954510072117,3,14,-0.066651823468421,-0.2359205642138739,0.7937271295907964
23246,"23246, 727957",114822,False,-6.261497350970816,0.001573037423093,-3.297688607450434,3,14,-0.5326204442926383,-0.2536693753337827,0.3942663363598785
23246,"23246, 727957",165918,False,2.183581978402395,0.0455409385410922,0.8884793934901936,3,14,-0.4567762159668975,-0.7286946717004817,0.7982670741340606
23246,"23246, 727957",6047,False,2.395425486470153,0.0487867176741616,1.1668048093492087,3,14,-0.4161958671204082,-0.7591999258362419,0.8037156778640308
23246,"23246, 727957",9810,False,2.8156929002772166,0.0457345508266134,1.560358607949062,3,14,-0.2540700244380018,-0.492884204245358,0.7982670741340606
23246,"23246, 727957",6117,False,-3.166778444364434,0.0064482337081497,-1.284206131192047,3,14,-2.579732007822966,-2.146351812873909,0.5853481090725166
23246,"23246, 727957",6169,False,-3.503654761687277,0.0036461914012437,-1.337390456857394,3,14,-1.8330492731008083,-1.6523977284291074,0.5071411507405079
23246,"23246, 727957",6218,False,-2.5265688056406383,0.0474328404502463,-1.4984183808959677,3,9,-1.762474649375463,-1.48223231151642,0.8015763446676192
23246,"23246, 727957",84881,False,2.9709815784113487,0.0096311785394634,1.2080044797344909,3,14,-0.0947855068810857,-0.3172029300257026,0.6229602688458178
23246,"23246, 727957",388228,False,3.9567610816100096,0.001302903298651,1.5513266916068962,3,14,-0.1125871916134717,-0.2695084768058121,0.3748120081084212
23246,"23246, 727957",6389,False,2.3482549768705216,0.0424898436734867,1.0708723357062546,3,14,-0.0138314266485074,-0.2183579408742822,0.7975356290297795
23246,"23246, 727957",644096,False,3.06346369988509,0.0111013146755019,1.3587331956957662,3,14,-0.2000612886057717,-0.4115804447475898,0.64579115731803
23246,"23246, 727957",6500,False,-2.403555005236815,0.0297974873259691,-0.9446195859926746,3,14,-1.5186865777249,-1.3494971018361104,0.767444887438343
23246,"23246, 727957",10463,False,2.850235195861967,0.0357340405064737,1.496714219945834,3,14,0.0196768797926041,-0.2990257841092255,0.7792678241219885
23246,"23246, 727957",9197,False,2.8260054248823376,0.0205281320112094,1.3071180220846823,3,14,-0.0822285588486094,-0.3226562374067147,0.728381106416472
23246,"23246, 727957",8467,False,-6.082951318946894,0.0002660112402438,-2.846716252225276,3,14,-0.7525190641607497,-0.3956975518751596,0.2103405602834605
23246,"23246, 727957",6618,False,2.487787872633553,0.0498694278025387,1.2668127728684706,3,14,-0.9915807838354418,-1.433828823878398,0.8046714497212784
23246,"23246, 727957",10615,False,-3.0396275919708144,0.0342310738948834,-1.6605015822322449,3,14,-0.7830631486152932,-0.5079672942434015,0.7760302177369495
23246,"23246, 727957",55133,False,3.4027111042289326,0.0208738951636735,1.8147912881269177,3,14,-1.0690776025490831,-1.5205513856763146,0.7292788449875541
23246,"23246, 727957",10250,False,2.28030438323452,0.0456662641663909,1.0246830697628333,3,14,-0.6750553374742508,-0.8270556119157517,0.7982670741340606
23246,"23246, 727957",6432,False,2.47272361992128,0.0491199344582203,1.2462297045611332,3,14,-1.8880597740285607,-2.2224578171013976,0.8041555490371772
23246,"23246, 727957",6812,False,-3.002660903818,0.0100664626992862,-1.13773447842456,3,14,-0.3487138052534278,-0.23456178025319,0.6281078729508837
23246,"23246, 727957",57794,False,4.37743659063724,0.0015300636796574,1.985405964033348,3,14,-0.4964501516361954,-0.7474310812994217,0.3942287434805286
23246,"23246, 727957",8464,False,5.330372967029172,8.908300654683321e-05,2.172402244723412,3,14,0.150258319075128,-0.2910992564333936,0.1277728056223882
23246,"23246, 727957",9913,False,2.5518075933195963,0.0461044352476716,1.3012646764061522,3,14,0.3070485828910649,-0.098089440160361,0.7982670741340606
23246,"23246, 727957",6879,False,3.3142844579695456,0.0050895038010988,1.3782139995999942,3,14,-0.5955728566637705,-0.7980971549180316,0.5657713089102593
23246,"23246, 727957",10607,False,-3.2013833938890643,0.0062777945233537,-1.2374175433049912,3,14,-1.4558598181469682,-1.1687133839565529,0.5851271518693187
23246,"23246, 727957",150483,False,2.683751979390341,0.0188313306227552,1.1422649853299756,3,14,-0.1886718761463273,-0.3018250725944977,0.7134390816796584
23246,"23246, 727957",8563,False,2.302273851210854,0.0459994568091094,1.0510084499303132,3,14,-1.227726535741103,-1.423427756457798,0.7982670741340606
23246,"23246, 727957",7156,False,2.5159323750597413,0.0242772255205965,1.0364716257594615,3,14,-0.9468332415959768,-1.242670581161219,0.7555168658866813
23246,"23246, 727957",112858,False,3.7937687734508794,0.0033719164953655,1.6977662348657332,3,14,-0.5449228017629894,-0.9438403399091516,0.5040909457859972
23246,"23246, 727957",7161,False,2.5460994694235586,0.0263088634300679,1.111829496372361,3,14,0.0434059528874706,-0.0945997297677874,0.7568854103964252
23246,"23246, 727957",51002,False,2.583558761953007,0.0294610772955751,1.1860020563119478,3,14,-0.3840018767618287,-0.5947625728643723,0.7663258759299784
23246,"23246, 727957",9319,False,2.2891213389303604,0.0373014625262119,0.895988254672703,3,14,-0.2280862186914323,-0.3678252579694149,0.7855967493217224
23246,"23246, 727957",7249,False,2.6778885598252007,0.0476143657320564,1.4386071734369408,3,14,0.461275068689948,0.0088413490630258,0.8019982402475438
23246,"23246, 727957",10844,False,4.529363323937114,0.0006289754952203,1.9451358413160895,3,14,-0.7707691925586996,-1.5157319957707769,0.2959724763522215
23246,"23246, 727957",27229,False,2.8989770035776488,0.0120141510105248,1.1048720812248265,3,14,-1.2674156743992873,-1.536443937686511,0.657925487597981
23246,"23246, 727957",3093,False,4.52977227035572,0.0005136753570105,1.726273996890764,3,14,0.0171279126468752,-0.2153230528936333,0.2839400409879977
23246,"23246, 727957",27338,False,-2.449782420603427,0.0272700451375621,-0.9609091067925494,3,14,-0.4552630174239704,-0.328416025907571,0.7578267072412546
23246,"23246, 727957",55245,False,2.212657951904232,0.0486559183385402,0.9731243417780944,3,14,-0.0736640719614871,-0.200723753839177,0.8037156778640308
23246,"23246, 727957",7385,False,3.4003793815607017,0.0052279384239043,1.470854018077912,3,14,-0.1124178983921273,-0.3576632301578046,0.5679220261202397
23246,"23246, 727957",7386,False,2.673380234606397,0.0183098833549512,1.0248669230458292,3,14,-0.3166083789800191,-0.4732142572777166,0.7134390816796584
23246,"23246, 727957",27089,False,2.9894622481057134,0.0092152089079939,1.2081344236485103,3,14,-0.1885638973418721,-0.3525177764603845,0.6177479122895033
23246,"23246, 727957",8239,False,4.348211846140085,0.0055339828185995,2.21166110477017,3,14,-0.208219574637267,-0.7575030872469305,0.571156009807942
23246,"23246, 727957",55759,False,-3.1477654388295395,0.0330466437387024,-1.7499215606134948,3,14,-1.5648127277611847,-1.253976158716677,0.7722938751587749
23246,"23246, 727957",55339,False,-2.52043205070574,0.0339746180579664,-1.1693368273259814,3,14,-1.99777960742601,-1.8138355651688944,0.7760302177369495
23246,"23246, 727957",7690,False,4.252113037447143,0.0059505937119162,2.1561161042486825,3,14,-0.949646927281154,-1.3168619310798602,0.5795206013161482
25852,"25852, 25937, 2992, 349565, 4071, 51122, 51163, 5291, 5359, 55179, 5947, 6596, 9276",47,False,-6.883814266530732,1.099916082868474e-05,-2.6029063781672166,3,14,-0.763179989381547,-0.2840455732867132,0.0953717236981019
25852,"25852, 25937, 2992, 349565, 4071, 51122, 51163, 5291, 5359, 55179, 5947, 6596, 9276",93973,False,2.744262926607157,0.0294512956120446,1.3356606996499285,3,14,-0.3927377966910249,-0.6793872698339504,0.7663258759299784
25852,"25852, 25937, 2992, 349565, 4071, 51122, 51163, 5291, 5359, 55179, 5947, 6596, 9276",25909,False,2.479642549259733,0.0435837224791755,1.210922873793033,3,14,-1.067316569398846,-1.2437060877182522,0.7982670741340606
25852,"25852, 25937, 2992, 349565, 4071, 51122, 51163, 5291, 5359, 55179, 5947, 6596, 9276",191,False,2.823498154643964,0.0221006154147223,1.3250197594426234,3,14,-0.0431467965219243,-0.331020375544034,0.7402564234419811
25852,"25852, 25937, 2992, 349565, 4071, 51122, 51163, 5291, 5359, 55179, 5947, 6596, 9276",5832,False,2.730339938395941,0.0154875102587217,1.0923586770441889,3,14,0.0021227554999216,-0.1910201315790239,0.6950759803779362
25852,"25852, 25937, 2992, 349565, 4071, 51122, 51163, 5291, 5359, 55179, 5947, 6596, 9276",144245,False,3.7917071564810994,0.0088416640388324,1.8955866883603505,3,14,-0.2445006988536392,-0.4459570167919894,0.613409593830681
25852,"25852, 25937, 2992, 349565, 4071, 51122, 51163, 5291, 5359, 55179, 5947, 6596, 9276",79053,False,2.2808699731201982,0.0488793638314241,1.0505285379426692,3,14,-0.2035548867425911,-0.3632797832099722,0.8037156778640308
25852,"25852, 25937, 2992, 349565, 4071, 51122, 51163, 5291, 5359, 55179, 5947, 6596, 9276",284615,False,2.3071580724091207,0.0372975516331973,0.8810030438804423,3,14,-0.1118437212019287,-0.2216155064111082,0.7855967493217224
25852,"25852, 25937, 2992, 349565, 4071, 51122, 51163, 5291, 5359, 55179, 5947, 6596, 9276",1175,False,3.0060078969772137,0.0092002277398086,1.1656679789786797,3,14,-0.2702702330929759,-0.5791672576645042,0.6177479122895033
25852,"25852, 25937, 2992, 349565, 4071, 51122, 51163, 5291, 5359, 55179, 5947, 6596, 9276",364,False,2.4882203109810983,0.0324153647167009,1.1223372984765785,3,14,-0.2566521136590119,-0.4309021179532251,0.7715553047120207
25852,"25852, 25937, 2992, 349565, 4071, 51122, 51163, 5291, 5359, 55179, 5947, 6596, 9276",372,False,2.489557842295629,0.0494270982436675,1.2652662177741232,3,14,-1.3553121340810066,-1.5485579054836616,0.8046714497212784
25852,"25852, 25937, 2992, 349565, 4071, 51122, 51163, 5291, 5359, 55179, 5947, 6596, 9276",7984,False,3.278804916838882,0.032126856211944,1.864403108932928,3,14,-0.2442204624608699,-0.4682495685583218,0.7715553047120207
25852,"25852, 25937, 2992, 349565, 4071, 51122, 51163, 5291, 5359, 55179, 5947, 6596, 9276",196528,False,-3.0347128319589234,0.0140769807744588,-1.3927939437711314,3,14,-0.7422463973315813,-0.439920630147554,0.6787506880374049
25852,"25852, 25937, 2992, 349565, 4071, 51122, 51163, 5291, 5359, 55179, 5947, 6596, 9276",79798,False,2.690188054045678,0.0174742188354077,1.0370775591963586,3,14,-0.1689670045031128,-0.3922473673836034,0.7128658384945291
25852,"25852, 25937, 2992, 349565, 4071, 51122, 51163, 5291, 5359, 55179, 5947, 6596, 9276",522,False,-3.4263624217272923,0.0066798945576988,-1.5474671931853985,3,14,-0.507780032045729,-0.3311579395734571,0.5853481090725166
25852,"25852, 25937, 2992, 349565, 4071, 51122, 51163, 5291, 5359, 55179, 5947, 6596, 9276",533,False,5.26954682486862,0.0001273845581004,2.208964224840752,3,14,-0.8299361641945285,-1.293022748339291,0.1461550205339268
25852,"25852, 25937, 2992, 349565, 4071, 51122, 51163, 5291, 5359, 55179, 5947, 6596, 9276",527,False,3.035129936506527,0.0433195804542849,1.759500321243328,3,14,-1.3452938287981098,-2.19069191690502,0.7982670741340606
25852,"25852, 25937, 2992, 349565, 4071, 51122, 51163, 5291, 5359, 55179, 5947, 6596, 9276",84126,False,2.7118523159859063,0.0207851308821443,1.204556305061033,3,14,-0.4327624672717234,-0.636613335510812,0.7292762103763515
25852,"25852, 25937, 2992, 349565, 4071, 51122, 51163, 5291, 5359, 55179, 5947, 6596, 9276",598,False,2.707274787778333,0.0210116213086809,1.2033578258247042,3,14,-0.6838209194079962,-0.9926802013030516,0.7306333539722384
25852,"25852, 25937, 2992, 349565, 4071, 51122, 51163, 5291, 5359, 55179, 5947, 6596, 9276",221927,False,3.1034516727110235,0.0083640327124022,1.1737083203325325,3,14,-0.0531369893734882,-0.3070117123676771,0.6118431005322945
25852,"25852, 25937, 2992, 349565, 4071, 51122, 51163, 5291, 5359, 55179, 5947, 6596, 9276",55290,False,3.1315053451264703,0.0127957283424173,1.4518512187361745,3,14,-1.576916061824568,-1.985434781804548,0.6650919746983229
25852,"25852, 25937, 2992, 349565, 4071, 51122, 51163, 5291, 5359, 55179, 5947, 6596, 9276",91408,False,-3.2908016777352707,0.0051557554702146,-1.35350354244741,3,14,-0.7453072115118484,-0.5332535679032292,0.5679220261202397
25852,"25852, 25937, 2992, 349565, 4071, 51122, 51163, 5291, 5359, 55179, 5947, 6596, 9276",283234,False,-2.929706257369415,0.0266884546980423,-1.4735950143184386,3,14,-0.3936518677483825,-0.2621681435082091,0.7568854103964252
25852,"25852, 25937, 2992, 349565, 4071, 51122, 51163, 5291, 5359, 55179, 5947, 6596, 9276",83461,False,2.547932049665102,0.0296291926580339,1.1530363338248395,3,14,-0.2395578515673922,-0.4125176299266485,0.7673596757763704
25852,"25852, 25937, 2992, 349565, 4071, 51122, 51163, 5291, 5359, 55179, 5947, 6596, 9276",1058,False,-3.236957717705052,0.0320014935831117,-1.8222701144975395,3,14,-1.578880007564507,-0.9707727571993784,0.7715553047120207
25852,"25852, 25937, 2992, 349565, 4071, 51122, 51163, 5291, 5359, 55179, 5947, 6596, 9276",387103,False,-2.561526673043341,0.0364528204686688,-1.231099688072227,3,14,-2.305687041439512,-1.9488850786721463,0.7822319428767802
25852,"25852, 25937, 2992, 349565, 4071, 51122, 51163, 5291, 5359, 55179, 5947, 6596, 9276",149465,False,-2.382397968642101,0.0378001786210108,-1.0652719541886424,3,14,-0.3545354040416388,-0.221250255040204,0.7866294065922688
25852,"25852, 25937, 2992, 349565, 4071, 51122, 51163, 5291, 5359, 55179, 5947, 6596, 9276",1072,False,-2.4979693852622296,0.0316928331489987,-1.1247836120414807,3,14,-0.7544258503908058,-0.4512696415655722,0.7715553047120207
25852,"25852, 25937, 2992, 349565, 4071, 51122, 51163, 5291, 5359, 55179, 5947, 6596, 9276",57019,False,2.222873022472973,0.0420299120659862,0.8915595598929745,3,14,-0.808624813528477,-0.943565532522485,0.7964297787163211
25852,"25852, 25937, 2992, 349565, 4071, 51122, 51163, 5291, 5359, 55179, 5947, 6596, 9276",9793,False,-3.712940920243926,0.003168352539496,-1.6220021181232696,3,14,-2.4878030255265657,-2.044535731777476,0.4999281445021685
25852,"25852, 25937, 2992, 349565, 4071, 51122, 51163, 5291, 5359, 55179, 5947, 6596, 9276",9125,False,-3.026808943292498,0.008497239455099,-1.2115468021776028,3,14,-0.6890883892941982,-0.4534461201114048,0.613409593830681
25852,"25852, 25937, 2992, 349565, 4071, 51122, 51163, 5291, 5359, 55179, 5947, 6596, 9276",9382,False,4.060103749735299,0.0011393348717064,1.567155284462479,3,14,-0.4049370761152411,-0.6392794467924083,0.3658876118804223
25852,"25852, 25937, 2992, 349565, 4071, 51122, 51163, 5291, 5359, 55179, 5947, 6596, 9276",83548,False,3.772235905435624,0.0049941588823508,1.7573694702203098,3,14,-0.6812879318214485,-1.1373904011390132,0.5623823849347599
25852,"25852, 25937, 2992, 349565, 4071, 51122, 51163, 5291, 5359, 55179, 5947, 6596, 9276",1315,False,3.8824319443652224,0.0017402462412437,1.4820331198507513,3,14,-1.8717672337624185,-2.486966037568319,0.4157785292209414
25852,"25852, 25937, 2992, 349565, 4071, 51122, 51163, 5291, 5359, 55179, 5947, 6596, 9276",54544,False,2.2404628113463607,0.0409647492081277,0.8763722798135495,3,14,-0.3325319875130618,-0.464092320511197,0.7950058640262805
25852,"25852, 25937, 2992, 349565, 4071, 51122, 51163, 5291, 5359, 55179, 5947, 6596, 9276",9150,False,2.7346916130543435,0.0155222491709879,1.1135920011892635,3,14,-1.6234804520182695,-1.8547895967109045,0.6950759803779362
25852,"25852, 25937, 2992, 349565, 4071, 51122, 51163, 5291, 5359, 55179, 5947, 6596, 9276",57703,False,-3.385996570020714,0.023230930447263,-1.8366554395944912,3,14,-1.7955691460904193,-1.3975317270847183,0.7485525004632818
25852,"25852, 25937, 2992, 349565, 4071, 51122, 51163, 5291, 5359, 55179, 5947, 6596, 9276",23191,False,2.794284640360778,0.0367331810027405,1.4535847923576894,3,14,-0.1786465272418606,-0.3917820997678404,0.7835344451621103
25852,"25852, 25937, 2992, 349565, 4071, 51122, 51163, 5291, 5359, 55179, 5947, 6596, 9276",1603,False,3.4158588881260408,0.0299080912750846,1.96544307085092,3,14,-1.57925659313251,-2.1800260756388665,0.7683489996775338
25852,"25852, 25937, 2992, 349565, 4071, 51122, 51163, 5291, 5359, 55179, 5947, 6596, 9276",10540,False,-3.9899108774882417,0.0259136067744929,-2.4592409564091686,3,14,-1.317596583468933,-0.9271518403840492,0.7568854103964252
25852,"25852, 25937, 2992, 349565, 4071, 51122, 51163, 5291, 5359, 55179, 5947, 6596, 9276",51202,False,3.483705543802376,0.0040658050888644,1.4827809226947122,3,14,-1.2781911581658103,-1.7165488053885471,0.5320675763623917
25852,"25852, 25937, 2992, 349565, 4071, 51122, 51163, 5291, 5359, 55179, 5947, 6596, 9276",79947,False,2.976934729071472,0.0406525503229627,1.6707329887527926,3,14,-1.8125954437479577,-2.337201477750625,0.7950058640262805
25852,"25852, 25937, 2992, 349565, 4071, 51122, 51163, 5291, 5359, 55179, 5947, 6596, 9276",22845,False,2.6507186784191084,0.0193579692374356,1.0118928747134113,3,14,-0.3966419625286879,-0.5340939983243456,0.7181353628805818
25852,"25852, 25937, 2992, 349565, 4071, 51122, 51163, 5291, 5359, 55179, 5947, 6596, 9276",8813,False,3.5336065703535544,0.0054094497760985,1.5889198227417087,3,14,-0.0758002341189901,-0.2917899448258922,0.5707131014504023
25852,"25852, 25937, 2992, 349565, 4071, 51122, 51163, 5291, 5359, 55179, 5947, 6596, 9276",8818,False,2.634195773160874,0.0236994158776115,1.1683092621091689,3,14,-0.2539030821029841,-0.4990280207650278,0.7522218259536488
25852,"25852, 25937, 2992, 349565, 4071, 51122, 51163, 5291, 5359, 55179, 5947, 6596, 9276",54344,False,3.0037848850105777,0.0479786413222422,1.7793164517677358,3,14,-0.2528255099830122,-0.4571481797475515,0.8025850769705906
25852,"25852, 25937, 2992, 349565, 4071, 51122, 51163, 5291, 5359, 55179, 5947, 6596, 9276",55837,False,-4.7788968795699045,0.0002515393394693,-1.9405312735920304,3,14,-0.8236373212359368,-0.6045344610560169,0.2103405602834605
25852,"25852, 25937, 2992, 349565, 4071, 51122, 51163, 5291, 5359, 55179, 5947, 6596, 9276",1937,False,-3.023922621507393,0.0368853265274228,-1.6754866694037305,3,14,-1.1791777199723266,-0.9496974092427782,0.7836483879259681
25852,"25852, 25937, 2992, 349565, 4071, 51122, 51163, 5291, 5359, 55179, 5947, 6596, 9276",196483,False,2.3493160817694427,0.042577854018812,1.0727095759956344,3,14,-0.555669293388406,-0.752600357553335,0.7975356290297795
25852,"25852, 25937, 2992, 349565, 4071, 51122, 51163, 5291, 5359, 55179, 5947, 6596, 9276",60678,False,2.3275324011353518,0.034347399482925,0.9318152901226626,3,14,-0.4390621428944418,-0.6316878654277375,0.7760302177369495
25852,"25852, 25937, 2992, 349565, 4071, 51122, 51163, 5291, 5359, 55179, 5947, 6596, 9276",9343,False,-2.490393322866207,0.0261948669056421,-1.0425343403866942,3,14,-2.0944065930033404,-1.8695221587167787,0.7568854103964252
25852,"25852, 25937, 2992, 349565, 4071, 51122, 51163, 5291, 5359, 55179, 5947, 6596, 9276",1965,False,-3.353125910455741,0.0086875337228223,-1.5454195078918849,3,14,-1.829073429307951,-1.607127249102133,0.613409593830681
25852,"25852, 25937, 2992, 349565, 4071, 51122, 51163, 5291, 5359, 55179, 5947, 6596, 9276",1968,False,2.453306189617026,0.0351663064472874,1.1139686662037334,3,14,-1.6050113971732822,-1.810903648688964,0.7764183200545905
25852,"25852, 25937, 2992, 349565, 4071, 51122, 51163, 5291, 5359, 55179, 5947, 6596, 9276",55140,False,-3.398887384613574,0.0051290109295583,-1.4648315809630172,3,14,-1.131878476353554,-0.7767326819417616,0.5679220261202397
25852,"25852, 25937, 2992, 349565, 4071, 51122, 51163, 5291, 5359, 55179, 5947, 6596, 9276",23587,False,-3.527697281956566,0.0082809969814047,-1.6738376525520131,3,14,-1.292320419349434,-0.8606846310719788,0.6104389914563702
25852,"25852, 25937, 2992, 349565, 4071, 51122, 51163, 5291, 5359, 55179, 5947, 6596, 9276",2033,False,-4.303752243884549,0.0006271913936534,-1.7218084035744392,3,14,-0.5835235937421343,-0.1739685966386528,0.2959724763522215
25852,"25852, 25937, 2992, 349565, 4071, 51122, 51163, 5291, 5359, 55179, 5947, 6596, 9276",8772,False,2.5753096973442315,0.0349693025791576,1.2310581232975453,3,14,-0.0666453575918957,-0.2552384284205355,0.7760302177369495
25852,"25852, 25937, 2992, 349565, 4071, 51122, 51163, 5291, 5359, 55179, 5947, 6596, 9276",57697,False,2.4989154107032387,0.0248965513394485,0.9753992183362198,3,14,-0.4122027151132203,-0.6949451614668393,0.7568854103964252
25852,"25852, 25937, 2992, 349565, 4071, 51122, 51163, 5291, 5359, 55179, 5947, 6596, 9276",10116,False,2.4281175042270493,0.0373501697756608,1.1085906861207349,3,14,-0.1929613423199247,-0.302600546397532,0.7855967493217224
25852,"25852, 25937, 2992, 349565, 4071, 51122, 51163, 5291, 5359, 55179, 5947, 6596, 9276",439,False,2.34950208129435,0.0344786116600581,0.98699752296014,3,14,-0.3393952327065246,-0.6634184591926725,0.7760302177369495
25852,"25852, 25937, 2992, 349565, 4071, 51122, 51163, 5291, 5359, 55179, 5947, 6596, 9276",51608,False,2.308900506824548,0.035811776490158,0.906938038826694,3,14,0.0325967508949099,-0.2029349825367721,0.7792678241219885
25852,"25852, 25937, 2992, 349565, 4071, 51122, 51163, 5291, 5359, 55179, 5947, 6596, 9276",54584,False,2.9816018919824403,0.0245184286199166,1.4943242628451348,3,14,-0.4779079652129798,-0.8396432188841596,0.7555168658866813
25852,"25852, 25937, 2992, 349565, 4071, 51122, 51163, 5291, 5359, 55179, 5947, 6596, 9276",55094,False,-2.2112788400621755,0.0499009463334242,-0.9820979464306078,3,14,-0.5114457295437392,-0.3544657393567329,0.8046714497212784
25852,"25852, 25937, 2992, 349565, 4071, 51122, 51163, 5291, 5359, 55179, 5947, 6596, 9276",2885,False,3.287627609830734,0.023380525947936,1.7507692267423391,3,14,-0.2780235981526408,-0.8559639230239223,0.7485525004632818
25852,"25852, 25937, 2992, 349565, 4071, 51122, 51163, 5291, 5359, 55179, 5947, 6596, 9276",8334,False,2.4573337005053664,0.0397268449786492,1.1581481399330664,3,14,-0.507234853349444,-0.6797505182881907,0.7930319688611528
25852,"25852, 25937, 2992, 349565, 4071, 51122, 51163, 5291, 5359, 55179, 5947, 6596, 9276",55355,False,-3.113217122599734,0.0267861194850483,-1.639862290541631,3,14,-1.2173588040138796,-0.8991566130356147,0.7568854103964252
25852,"25852, 25937, 2992, 349565, 4071, 51122, 51163, 5291, 5359, 55179, 5947, 6596, 9276",3187,False,3.521741933185352,0.0031888892776454,1.3745121161583873,3,14,-1.0159036397423644,-1.3378606077518362,0.5010154610049252
25852,"25852, 25937, 2992, 349565, 4071, 51122, 51163, 5291, 5359, 55179, 5947, 6596, 9276",3190,False,3.1589218017892224,0.0257704054019744,1.6681368587677805,3,14,-2.001935621414374,-2.446413816141386,0.7568854103964252
25852,"25852, 25937, 2992, 349565, 4071, 51122, 51163, 5291, 5359, 55179, 5947, 6596, 9276",3312,False,2.783336607507423,0.041818498431906,1.4912025245254312,3,14,-0.4279639855947176,-0.7927179207285996,0.7956001194952814
25852,"25852, 25937, 2992, 349565, 4071, 51122, 51163, 5291, 5359, 55179, 5947, 6596, 9276",3611,False,4.447248419718214,0.0004702896429356,1.7764126980233537,3,14,-0.2397467719160876,-0.6550579371101216,0.2803484740847175
25852,"25852, 25937, 2992, 349565, 4071, 51122, 51163, 5291, 5359, 55179, 5947, 6596, 9276",65123,False,3.4068468571506485,0.0046302048500169,1.2897877401707565,3,14,-1.3997149329154883,-1.6629469050899564,0.5463305204322857
25852,"25852, 25937, 2992, 349565, 4071, 51122, 51163, 5291, 5359, 55179, 5947, 6596, 9276",3705,False,2.2610245003403158,0.0407266434189048,0.8627946139836522,3,14,-0.118404185914678,-0.2510488495028553,0.7950058640262805
25852,"25852, 25937, 2992, 349565, 4071, 51122, 51163, 5291, 5359, 55179, 5947, 6596, 9276",3787,False,2.5309955684168988,0.0230978538331502,1.0019864630348554,3,14,0.0277041180559064,-0.0722849222063021,0.7485525004632818
25852,"25852, 25937, 2992, 349565, 4071, 51122, 51163, 5291, 5359, 55179, 5947, 6596, 9276",3832,False,-3.778070221093905,0.0069566772662904,-1.8302499477214151,3,14,-3.0904311515214307,-2.296671281667777,0.5918560655936175
25852,"25852, 25937, 2992, 349565, 4071, 51122, 51163, 5291, 5359, 55179, 5947, 6596, 9276",3837,False,2.3103234986903223,0.0374184900141505,0.9750546121389226,3,14,-1.8358947326568331,-2.0773991786195287,0.7855967493217224
25852,"25852, 25937, 2992, 349565, 4071, 51122, 51163, 5291, 5359, 55179, 5947, 6596, 9276",1241,False,2.3820382059386853,0.0465223932992834,1.1367675326546538,3,14,-0.265127702390346,-0.3891690583119196,0.799906451183292
25852,"25852, 25937, 2992, 349565, 4071, 51122, 51163, 5291, 5359, 55179, 5947, 6596, 9276",10459,False,2.3565537006672583,0.0370249524289231,1.0289054843997372,3,14,-0.6245858697312149,-1.0840791889321897,0.7838852247987255
25852,"25852, 25937, 2992, 349565, 4071, 51122, 51163, 5291, 5359, 55179, 5947, 6596, 9276",4146,False,2.7634245034252647,0.0145280959048052,1.093983753875044,3,14,-0.103763186920666,-0.2472280651365536,0.68375579582279
25852,"25852, 25937, 2992, 349565, 4071, 51122, 51163, 5291, 5359, 55179, 5947, 6596, 9276",4173,False,-2.3045593004787657,0.0412500863465693,-1.0122833066136374,3,14,-1.4362066618746947,-1.2519393911335464,0.7950058640262805
25852,"25852, 25937, 2992, 349565, 4071, 51122, 51163, 5291, 5359, 55179, 5947, 6596, 9276",4174,False,-3.930038231314717,0.0146526650915822,-2.152617338922187,3,14,-2.057238163392241,-1.4512340478257666,0.6857144437477962
25852,"25852, 25937, 2992, 349565, 4071, 51122, 51163, 5291, 5359, 55179, 5947, 6596, 9276",4176,False,-2.6252395530482056,0.0343557915695192,-1.272650971871572,3,14,-2.271347109109517,-1.9296450168440251,0.7760302177369495
25852,"25852, 25937, 2992, 349565, 4071, 51122, 51163, 5291, 5359, 55179, 5947, 6596, 9276",55320,False,-3.311536363456326,0.0074828271108614,-1.4781902046867197,3,14,-1.089737449179389,-0.8979637854813296,0.599751615526626
25852,"25852, 25937, 2992, 349565, 4071, 51122, 51163, 5291, 5359, 55179, 5947, 6596, 9276",23041,False,3.364910143802934,0.0218041708556083,1.7959745964849951,3,14,-0.004878818435793,-0.3572098540876963,0.7366843825848629
25852,"25852, 25937, 2992, 349565, 4071, 51122, 51163, 5291, 5359, 55179, 5947, 6596, 9276",4598,False,2.624030574973845,0.0446424152350581,1.3602446864912885,3,14,-0.3343685434548284,-0.8154723889688096,0.7982670741340606
25852,"25852, 25937, 2992, 349565, 4071, 51122, 51163, 5291, 5359, 55179, 5947, 6596, 9276",4605,False,-2.982273007711944,0.0445575206894549,-1.718674992823931,3,14,-0.7456519656962772,-0.4016880135135968,0.7982670741340606
25852,"25852, 25937, 2992, 349565, 4071, 51122, 51163, 5291, 5359, 55179, 5947, 6596, 9276",10135,False,2.927892360632621,0.0107211008051518,1.1370311690240498,3,14,-0.1479832484505629,-0.468808197497207,0.6438999155797539
25852,"25852, 25937, 2992, 349565, 4071, 51122, 51163, 5291, 5359, 55179, 5947, 6596, 9276",27158,False,2.8141754895131323,0.0337633864214191,1.443242259089862,3,14,-0.5008139403292757,-0.8248524996769832,0.7756064627862567
25852,"25852, 25937, 2992, 349565, 4071, 51122, 51163, 5291, 5359, 55179, 5947, 6596, 9276",10101,False,3.09058032335071,0.0273116333149627,1.6258918362796038,3,14,-0.3684423976843803,-0.7699810230531873,0.7578267072412546
25852,"25852, 25937, 2992, 349565, 4071, 51122, 51163, 5291, 5359, 55179, 5947, 6596, 9276",8021,False,3.739280185720783,0.0048833463416258,1.7279264451302814,3,14,-1.1196792068610442,-1.3538559458560329,0.5544865365689695
25852,"25852, 25937, 2992, 349565, 4071, 51122, 51163, 5291, 5359, 55179, 5947, 6596, 9276",9688,False,-2.196218074553613,0.045926246769976,-0.9221726618132003,3,14,-1.7463745751873403,-1.5499590317892509,0.7982670741340606
25852,"25852, 25937, 2992, 349565, 4071, 51122, 51163, 5291, 5359, 55179, 5947, 6596, 9276",116150,False,2.626948804888795,0.0317588070030384,1.2499540465999508,3,14,-1.3343097024139492,-1.611825362489237,0.7715553047120207
25852,"25852, 25937, 2992, 349565, 4071, 51122, 51163, 5291, 5359, 55179, 5947, 6596, 9276",5018,False,-3.17274756977988,0.0232497513484639,-1.646988490911039,3,14,-0.8918837842217254,-0.6035367809277752,0.7485525004632818
25852,"25852, 25937, 2992, 349565, 4071, 51122, 51163, 5291, 5359, 55179, 5947, 6596, 9276",8106,False,3.1425709018536985,0.0072818351976072,1.2044934471474629,3,14,-1.38686820748015,-1.6889189878902973,0.5963678797152245
25852,"25852, 25937, 2992, 349565, 4071, 51122, 51163, 5291, 5359, 55179, 5947, 6596, 9276",25973,False,-2.628873771831413,0.0489235202843025,-1.400422872473155,3,14,-0.725271000228898,-0.3967539171953818,0.8037156778640308
25852,"25852, 25937, 2992, 349565, 4071, 51122, 51163, 5291, 5359, 55179, 5947, 6596, 9276",5238,False,2.407647311027928,0.0304300867869732,1.002789664799348,3,14,-0.024012616041652,-0.3413134022577413,0.7689044219165413
25852,"25852, 25937, 2992, 349565, 4071, 51122, 51163, 5291, 5359, 55179, 5947, 6596, 9276",30849,False,2.9874974834282204,0.0150899455276055,1.3693073457614728,3,14,-0.2281329358321492,-0.4302314870620062,0.6899999248277287
25852,"25852, 25937, 2992, 349565, 4071, 51122, 51163, 5291, 5359, 55179, 5947, 6596, 9276",10531,False,-2.4755132949183647,0.0267912864571299,-1.0328840991765458,3,14,-0.5790769920816121,-0.3125310700271773,0.7568854103964252
25852,"25852, 25937, 2992, 349565, 4071, 51122, 51163, 5291, 5359, 55179, 5947, 6596, 9276",5424,False,2.596886327277791,0.0204093834295138,1.0569411233526804,3,14,-1.9808511371996904,-2.269906740609732,0.7263711305001938
25852,"25852, 25937, 2992, 349565, 4071, 51122, 51163, 5291, 5359, 55179, 5947, 6596, 9276",5426,False,3.903842565197747,0.0016745026398477,1.640157113153038,3,14,-1.283554655138566,-1.739194124946313,0.4105716896813329
25852,"25852, 25937, 2992, 349565, 4071, 51122, 51163, 5291, 5359, 55179, 5947, 6596, 9276",5451,False,3.0680858914424256,0.0085769833392112,1.1711322863196303,3,14,-0.1532658810547925,-0.2685960893524152,0.613409593830681
25852,"25852, 25937, 2992, 349565, 4071, 51122, 51163, 5291, 5359, 55179, 5947, 6596, 9276",51645,False,2.3730565393739624,0.0319486645549888,0.922749267288348,3,14,-0.5156062347365343,-0.8898697603741991,0.7715553047120207
25852,"25852, 25937, 2992, 349565, 4071, 51122, 51163, 5291, 5359, 55179, 5947, 6596, 9276",85313,False,2.198699544299009,0.0446632545797645,0.8535066309482777,3,14,-0.998983107092804,-1.1707790454155709,0.7982670741340606
25852,"25852, 25937, 2992, 349565, 4071, 51122, 51163, 5291, 5359, 55179, 5947, 6596, 9276",5520,False,-2.529924980902307,0.0253762974705245,-1.0797011220407873,3,14,-0.3472578557942887,-0.05996389967184,0.7568854103964252
25852,"25852, 25937, 2992, 349565, 4071, 51122, 51163, 5291, 5359, 55179, 5947, 6596, 9276",5537,False,-2.540090698701721,0.0294626383903713,-1.1434425609552084,3,14,-0.5532172353141781,-0.3735848983256676,0.7663258759299784
25852,"25852, 25937, 2992, 349565, 4071, 51122, 51163, 5291, 5359, 55179, 5947, 6596, 9276",23398,False,-5.098797594457526,0.0001425628911194,-1.987713478924784,3,14,-2.430419479748437,-1.9338595304246533,0.1540630881895043
25852,"25852, 25937, 2992, 349565, 4071, 51122, 51163, 5291, 5359, 55179, 5947, 6596, 9276",5573,False,3.3566324511465666,0.0047439051934452,1.4010133454785467,3,14,0.0206589931310347,-0.1992606448282625,0.5484471920552845
25852,"25852, 25937, 2992, 349565, 4071, 51122, 51163, 5291, 5359, 55179, 5947, 6596, 9276",55660,False,-2.9480521031744225,0.0345207759835668,-1.5766456007794092,3,14,-1.3543788967675905,-0.9841592225338892,0.7760302177369495
25852,"25852, 25937, 2992, 349565, 4071, 51122, 51163, 5291, 5359, 55179, 5947, 6596, 9276",7916,False,4.251033830436854,0.0007134069144685,1.725329717382886,3,14,-0.3409120090494903,-0.6597480040562124,0.3150186948846835
25852,"25852, 25937, 2992, 349565, 4071, 51122, 51163, 5291, 5359, 55179, 5947, 6596, 9276",5694,False,-2.4123241750683304,0.0294512172373458,-0.942412640709522,3,14,-2.397264252968411,-1.876994536395976,0.7663258759299784
25852,"25852, 25937, 2992, 349565, 4071, 51122, 51163, 5291, 5359, 55179, 5947, 6596, 9276",5704,False,-2.551849746366538,0.022837186707133,-1.057442821258107,3,14,-1.547936844724141,-1.3446411615602798,0.7453439108532166
25852,"25852, 25937, 2992, 349565, 4071, 51122, 51163, 5291, 5359, 55179, 5947, 6596, 9276",118672,False,3.2292152651297124,0.0168369928442523,1.6022459995052971,3,14,-0.3378376332275643,-0.6622636357850993,0.7070974930710524
25852,"25852, 25937, 2992, 349565, 4071, 51122, 51163, 5291, 5359, 55179, 5947, 6596, 9276",5781,False,3.3462397546616605,0.0071573508503675,1.497074559091239,3,14,-0.4508953792011597,-0.8075055253287545,0.5941524798038766
25852,"25852, 25937, 2992, 349565, 4071, 51122, 51163, 5291, 5359, 55179, 5947, 6596, 9276",22827,False,2.393726075340921,0.0353757200849419,1.053270086895474,3,14,-2.3988406161759777,-2.6839503485864475,0.7792678241219885
25852,"25852, 25937, 2992, 349565, 4071, 51122, 51163, 5291, 5359, 55179, 5947, 6596, 9276",5889,False,2.4758342972480154,0.0348636359018603,1.133755871788275,3,14,-0.639900423252447,-0.8407896264189718,0.7760302177369495
25852,"25852, 25937, 2992, 349565, 4071, 51122, 51163, 5291, 5359, 55179, 5947, 6596, 9276",5930,False,-2.663710559295341,0.0389502451540206,-1.3499886616139425,3,14,-1.3182178716019912,-1.0340434175659057,0.7897130757303121
25852,"25852, 25937, 2992, 349565, 4071, 51122, 51163, 5291, 5359, 55179, 5947, 6596, 9276",157506,False,2.194923054432578,0.0455919491021936,0.914976267304648,3,14,-0.1472243617898206,-0.2481397792677516,0.7982670741340606
25852,"25852, 25937, 2992, 349565, 4071, 51122, 51163, 5291, 5359, 55179, 5947, 6596, 9276",5980,False,2.496301292229075,0.024689609436445,0.999859134314341,3,14,-0.3684170778826809,-0.576331174402584,0.7567063812463656
25852,"25852, 25937, 2992, 349565, 4071, 51122, 51163, 5291, 5359, 55179, 5947, 6596, 9276",165918,False,2.6187208621734093,0.037585346587908,1.2953090513966703,3,14,-0.34720076119119,-0.752175126295276,0.7855967493217224
25852,"25852, 25937, 2992, 349565, 4071, 51122, 51163, 5291, 5359, 55179, 5947, 6596, 9276",9025,False,2.761562310874826,0.0450514539816286,1.499596354581347,3,14,-0.3990903550612719,-0.6586768155166448,0.7982670741340606
25852,"25852, 25937, 2992, 349565, 4071, 51122, 51163, 5291, 5359, 55179, 5947, 6596, 9276",6184,False,2.9768248064632714,0.0171405595750138,1.392458872342775,3,14,-0.8112568662282836,-1.115309978080968,0.7108041007414105
25852,"25852, 25937, 2992, 349565, 4071, 51122, 51163, 5291, 5359, 55179, 5947, 6596, 9276",221421,False,2.832988708179906,0.0138077777158389,1.0765930404071875,3,14,-0.2839125476726241,-0.3818611606082444,0.6751793909154472
25852,"25852, 25937, 2992, 349565, 4071, 51122, 51163, 5291, 5359, 55179, 5947, 6596, 9276",163786,False,-5.141221633297904,0.000122386005182,-2.0331045214661025,3,14,-1.167236867142006,-0.6737454351774933,0.1461550205339268
25852,"25852, 25937, 2992, 349565, 4071, 51122, 51163, 5291, 5359, 55179, 5947, 6596, 9276",22928,False,2.534078683762155,0.0244459878077652,0.964229918266752,3,14,-0.4703414986990896,-0.8111687145117149,0.7555168658866813
25852,"25852, 25937, 2992, 349565, 4071, 51122, 51163, 5291, 5359, 55179, 5947, 6596, 9276",29072,False,-3.081067710550504,0.0128693100613018,-1.4105200608781223,3,14,-0.6775972926795131,-0.5028143694007144,0.6663689134509992
25852,"25852, 25937, 2992, 349565, 4071, 51122, 51163, 5291, 5359, 55179, 5947, 6596, 9276",83443,False,2.8485127830862536,0.0334852535914929,1.4724230447660855,3,14,-2.5398785744013286,-2.9339708644556444,0.7736039978034098
25852,"25852, 25937, 2992, 349565, 4071, 51122, 51163, 5291, 5359, 55179, 5947, 6596, 9276",10723,False,2.623047205480044,0.0192027811256791,1.051299730907694,3,14,0.1219940231361984,-0.032480725381426,0.7163662249874128
25852,"25852, 25937, 2992, 349565, 4071, 51122, 51163, 5291, 5359, 55179, 5947, 6596, 9276",9197,False,3.8276972927474224,0.003018247548283,1.7025510599484628,3,14,-0.0379141449826109,-0.3321521832351429,0.492940809773446
25852,"25852, 25937, 2992, 349565, 4071, 51122, 51163, 5291, 5359, 55179, 5947, 6596, 9276",7871,False,2.280697747400114,0.0377526487366864,0.8980320868992406,3,14,-0.0767293434193515,-0.2343376721900068,0.7863747289487695
25852,"25852, 25937, 2992, 349565, 4071, 51122, 51163, 5291, 5359, 55179, 5947, 6596, 9276",10302,False,2.763660490362136,0.0349039081439542,1.407226897425825,3,14,-0.9499534687536808,-1.3191669323727868,0.7760302177369495
25852,"25852, 25937, 2992, 349565, 4071, 51122, 51163, 5291, 5359, 55179, 5947, 6596, 9276",10615,False,-2.884517293732357,0.0307349103783797,-1.4771402679033163,3,14,-0.7576696844933265,-0.5134087508409657,0.7689044219165413
25852,"25852, 25937, 2992, 349565, 4071, 51122, 51163, 5291, 5359, 55179, 5947, 6596, 9276",10250,False,2.50505463259836,0.0246193465037475,1.026031066152971,3,14,-0.6782140578308934,-0.8263787432678997,0.7560105119706824
25852,"25852, 25937, 2992, 349565, 4071, 51122, 51163, 5291, 5359, 55179, 5947, 6596, 9276",55240,False,3.476140323875399,0.0035373096080916,1.4285728362090873,3,14,-0.0514601139363372,-0.2645678582292162,0.506575498552766
25852,"25852, 25937, 2992, 349565, 4071, 51122, 51163, 5291, 5359, 55179, 5947, 6596, 9276",55578,False,-2.286832923086364,0.0410204708532873,-0.9887885884571844,3,14,-0.2444490676438559,0.0715317942681733,0.7950058640262805
25852,"25852, 25937, 2992, 349565, 4071, 51122, 51163, 5291, 5359, 55179, 5947, 6596, 9276",254272,False,-8.473388785671302,5.016930713397611e-06,-3.7705079116133953,3,14,-0.602511530351202,-0.2354092101905101,0.0866583525968774
25852,"25852, 25937, 2992, 349565, 4071, 51122, 51163, 5291, 5359, 55179, 5947, 6596, 9276",84321,False,2.9672968195518115,0.0099075842026417,1.2213765654667783,3,14,-1.12121571366544,-1.44368841931354,0.6270573813296383
25852,"25852, 25937, 2992, 349565, 4071, 51122, 51163, 5291, 5359, 55179, 5947, 6596, 9276",220359,False,-3.4911377520571585,0.014197125390648,-1.7747057654827003,3,14,-0.4827764308156848,-0.2931580152478452,0.6787506880374049
25852,"25852, 25937, 2992, 349565, 4071, 51122, 51163, 5291, 5359, 55179, 5947, 6596, 9276",10440,False,-4.5589785089447625,0.0313422219693367,-3.23199862585468,3,14,-1.253467202670431,-0.2024056307438853,0.7710891626210068
25852,"25852, 25937, 2992, 349565, 4071, 51122, 51163, 5291, 5359, 55179, 5947, 6596, 9276",10972,False,2.376185818306662,0.0332240143069277,0.9015218918510296,3,14,-0.4863073812845052,-0.6915748897087927,0.7722938751587749
25852,"25852, 25937, 2992, 349565, 4071, 51122, 51163, 5291, 5359, 55179, 5947, 6596, 9276",10959,False,4.672915939960205,0.0004880540582633,2.006855067400628,3,14,-0.2679914720240121,-0.7058612199130759,0.2821218668066492
25852,"25852, 25937, 2992, 349565, 4071, 51122, 51163, 5291, 5359, 55179, 5947, 6596, 9276",114034,False,-3.045608322312673,0.0173454448699233,-1.4546019624721185,3,14,-1.170517337510968,-0.6219724497989957,0.7121787284754291
25852,"25852, 25937, 2992, 349565, 4071, 51122, 51163, 5291, 5359, 55179, 5947, 6596, 9276",7153,False,3.0300064870111902,0.0094330331236412,1.2798937101001964,3,14,-1.703247413891232,-2.2089701193154943,0.6196372357436517
25852,"25852, 25937, 2992, 349565, 4071, 51122, 51163, 5291, 5359, 55179, 5947, 6596, 9276",27095,False,3.7501122406082152,0.0034090994846586,1.6661674477340165,3,14,-1.3486021892571505,-1.653771816608822,0.5064742986717362
25852,"25852, 25937, 2992, 349565, 4071, 51122, 51163, 5291, 5359, 55179, 5947, 6596, 9276",8458,False,-6.224701109367741,2.7136948286107383e-05,-2.3670124287755803,3,14,-0.9637954718244712,-0.5416947156128126,0.1078456246075265
25852,"25852, 25937, 2992, 349565, 4071, 51122, 51163, 5291, 5359, 55179, 5947, 6596, 9276",64852,False,2.743055815403531,0.0419956564483748,1.4535046096783173,3,14,-1.1088485880978387,-1.6709385555828011,0.7964103109462105
25852,"25852, 25937, 2992, 349565, 4071, 51122, 51163, 5291, 5359, 55179, 5947, 6596, 9276",7317,False,2.5242305850274565,0.0242121079978768,1.0489423195706622,3,14,-1.6522198262308752,-1.9096270314124373,0.7555168658866813
25852,"25852, 25937, 2992, 349565, 4071, 51122, 51163, 5291, 5359, 55179, 5947, 6596, 9276",79876,False,2.509117209120773,0.0428697773750411,1.234033683658917,3,14,-0.2936639751822912,-0.6751833554089004,0.7975356290297795
25852,"25852, 25937, 2992, 349565, 4071, 51122, 51163, 5291, 5359, 55179, 5947, 6596, 9276",118424,False,2.9086384481413154,0.0114240726002487,1.2103472288281496,3,14,-0.1057225660965682,-0.2775385783317716,0.6485813217494772
25852,"25852, 25937, 2992, 349565, 4071, 51122, 51163, 5291, 5359, 55179, 5947, 6596, 9276",23376,False,4.242196269086183,0.0008859910797007,1.616241949863361,3,14,-0.2239539531550108,-0.5614411492163633,0.3338525584572977
25852,"25852, 25937, 2992, 349565, 4071, 51122, 51163, 5291, 5359, 55179, 5947, 6596, 9276",51569,False,2.520563045076603,0.0285712611354297,1.1133491702457947,3,14,-0.3186624506948494,-0.5991250527844713,0.7602841939596087
25852,"25852, 25937, 2992, 349565, 4071, 51122, 51163, 5291, 5359, 55179, 5947, 6596, 9276",9875,False,2.4800402186125963,0.0304824554991696,1.0929509873375336,3,14,-0.8527975877837547,-1.033306266037081,0.7689044219165413
25852,"25852, 25937, 2992, 349565, 4071, 51122, 51163, 5291, 5359, 55179, 5947, 6596, 9276",81605,False,-2.3915472508025144,0.0308700534225385,-0.9289379792433958,3,14,-0.8755347511937156,-0.6715593664193383,0.7693126667133082
25852,"25852, 25937, 2992, 349565, 4071, 51122, 51163, 5291, 5359, 55179, 5947, 6596, 9276",124590,False,2.818216704653643,0.0442504729563203,1.5487043990080804,3,14,-0.1049882907693594,-0.2760472376455003,0.7982670741340606
25852,"25852, 25937, 2992, 349565, 4071, 51122, 51163, 5291, 5359, 55179, 5947, 6596, 9276",9097,False,2.577714184630037,0.0210117394444043,1.0278515325042494,3,14,0.0677457622924393,-0.2164572697348115,0.7306333539722384
25852,"25852, 25937, 2992, 349565, 4071, 51122, 51163, 5291, 5359, 55179, 5947, 6596, 9276",11274,False,2.826722668397601,0.0139871887695224,1.073988604452521,3,14,-0.1886900054046281,-0.6554381871814383,0.6759394137946524
25852,"25852, 25937, 2992, 349565, 4071, 51122, 51163, 5291, 5359, 55179, 5947, 6596, 9276",9101,False,3.295132066722923,0.0066765877908427,1.4375702009046438,3,14,-0.5384835506893842,-0.8862548363600077,0.5853481090725166
25852,"25852, 25937, 2992, 349565, 4071, 51122, 51163, 5291, 5359, 55179, 5947, 6596, 9276",80146,False,2.7624329245274977,0.0207987148357878,1.2527411205604546,3,14,-0.0135062749909317,-0.3433280747572814,0.7292762103763515
25852,"25852, 25937, 2992, 349565, 4071, 51122, 51163, 5291, 5359, 55179, 5947, 6596, 9276",7414,False,3.419065654140264,0.0038107450796926,1.372342925951002,3,14,-0.2464305753541372,-0.4444319030103503,0.5148230240170066
25852,"25852, 25937, 2992, 349565, 4071, 51122, 51163, 5291, 5359, 55179, 5947, 6596, 9276",7419,False,2.34753966660215,0.0348333667549292,0.8931523950874722,3,14,-0.1665258240647918,-0.2533468632319763,0.7760302177369495
25852,"25852, 25937, 2992, 349565, 4071, 51122, 51163, 5291, 5359, 55179, 5947, 6596, 9276",55187,False,2.837650331651325,0.0130382142366125,1.1767227059831018,3,14,-0.5864416712208307,-0.8715923788094786,0.6714169163267427
25852,"25852, 25937, 2992, 349565, 4071, 51122, 51163, 5291, 5359, 55179, 5947, 6596, 9276",84313,False,3.1277143165580577,0.0412265679712615,1.8304387871167929,3,14,-1.6212146083572936,-2.3759025922089,0.7950058640262805
25852,"25852, 25937, 2992, 349565, 4071, 51122, 51163, 5291, 5359, 55179, 5947, 6596, 9276",137492,False,2.6792514341447338,0.0195203259706646,1.150644952881899,3,14,-0.5328689048589038,-0.87143067508496,0.7183532871617752
25852,"25852, 25937, 2992, 349565, 4071, 51122, 51163, 5291, 5359, 55179, 5947, 6596, 9276",27183,False,2.590299347193801,0.0307227276453478,1.2052717789380278,3,14,-0.1649735825296992,-0.514732720855216,0.7689044219165413
25852,"25852, 25937, 2992, 349565, 4071, 51122, 51163, 5291, 5359, 55179, 5947, 6596, 9276",9948,False,-2.7765421055205977,0.049815127029303,-1.5587196910881107,3,14,-1.3197587400798123,-0.6966279676646975,0.8046714497212784
25852,"25852, 25937, 2992, 349565, 4071, 51122, 51163, 5291, 5359, 55179, 5947, 6596, 9276",79726,False,-2.205152474770019,0.0454608378027274,-0.929928778034054,3,14,-0.4887230457147977,-0.3643805809989371,0.7982670741340606
25852,"25852, 25937, 2992, 349565, 4071, 51122, 51163, 5291, 5359, 55179, 5947, 6596, 9276",56949,False,2.611549154297684,0.0282370185377036,1.1999168172178694,3,14,-1.896131177212106,-2.234480103606308,0.7586792529741281
25852,"25852, 25937, 2992, 349565, 4071, 51122, 51163, 5291, 5359, 55179, 5947, 6596, 9276",10413,False,2.9602343127260613,0.0097593361464269,1.172024789236341,3,14,-0.1634337642292367,-0.571405526271236,0.6262169779905742
25852,"25852, 25937, 2992, 349565, 4071, 51122, 51163, 5291, 5359, 55179, 5947, 6596, 9276",7528,False,2.175532292412885,0.0489485474386131,0.9284270798807946,3,14,-0.7887710730747721,-0.9553841220316612,0.8037156778640308
25852,"25852, 25937, 2992, 349565, 4071, 51122, 51163, 5291, 5359, 55179, 5947, 6596, 9276",7709,False,2.5520298889778106,0.039219270433031,1.2456969437266323,3,14,-0.5414457998149106,-0.7035053683728537,0.7920195618927413
25852,"25852, 25937, 2992, 349565, 4071, 51122, 51163, 5291, 5359, 55179, 5947, 6596, 9276",678,False,2.248403242584609,0.0401968986635824,0.8841719718592621,3,14,-0.2415961258446368,-0.3504053877826353,0.7947636811015407
25852,"25852, 25937, 2992, 349565, 4071, 51122, 51163, 5291, 5359, 55179, 5947, 6596, 9276",8233,False,-2.8630717254740468,0.0492598937129183,-1.643633648336465,3,14,-1.178282639002188,-0.636578885743063,0.8046714497212784
25852,"25852, 25937, 2992, 349565, 4071, 51122, 51163, 5291, 5359, 55179, 5947, 6596, 9276",26009,False,-2.5893684095132405,0.0219441244690765,-0.9859991300642642,3,14,-0.4507924487420712,-0.3119970442902557,0.7398212951771879
27161,27161,14,False,-2.458254277127592,0.0358375198487685,-1.2049934440577763,4,13,-1.468956618259821,-1.1073458641659704,0.7792678241219885
27161,27161,22985,False,2.800909139824301,0.0161457545997602,1.2949137442237124,4,13,-0.3647259031507633,-0.6176360915874393,0.7006015786627908
27161,27161,60,False,-2.5145528282956158,0.0251755251644689,-1.0118213567957854,4,13,-0.6926527308457826,-0.4816632495423512,0.7568854103964252
27161,27161,10121,False,-2.716770134539466,0.049089586434586,-1.634020888720419,4,13,-1.192304478749335,-0.5983704617501993,0.8041555490371772
27161,27161,103,False,3.2798742208252367,0.0059133655968829,1.479096276759149,4,13,-0.293675415464796,-0.7999578775307893,0.5795206013161482
27161,27161,25909,False,3.0352193857883245,0.0152659282441829,1.516352502020883,4,13,-1.045129614012514,-1.264101267707847,0.6930523207330397
27161,27161,102157402,False,-3.4857374235464755,0.0065550352746321,-1.703252618286745,4,13,-1.4919716808380603,-0.9261516353471884,0.5853481090725166
27161,27161,55122,False,2.6890733797036064,0.0365288944037654,1.4641303940990935,4,13,-0.83155453552138,-1.1689228610778215,0.7828467321786678
27161,27161,51529,False,2.536410353918065,0.0326729775938245,1.2569760322154893,4,13,-1.1452004573039782,-1.4677963690910016,0.7722938751587749
27161,27161,364,False,3.011372112564073,0.0089256750979588,1.302486382589576,4,13,-0.2480527402015376,-0.4469519255012336,0.613409593830681
27161,27161,382,False,4.818580107338205,0.0002812686123378,1.947931843572375,4,13,0.0151353840114383,-0.3265996586444997,0.2111584150833162
27161,27161,9411,False,2.5635201081382166,0.0239429300069504,1.1660929834363978,4,13,-0.2550353631172428,-0.6468118176911902,0.7544104754566708
27161,27161,285598,False,-4.160728445126852,0.0008925696684449,-1.811745312345444,4,13,-0.4627400922123347,-0.1926072979245419,0.3338525584572977
27161,27161,490,False,-2.8908889902451453,0.0474253581805958,-1.825732729225152,4,13,-0.504550750366652,-0.1443138273072428,0.8015763446676192
27161,27161,515,False,2.758217958900275,0.0170660760614716,1.2662189178063925,4,13,-0.5135432503359547,-0.708720669892676,0.7094815495777185
27161,27161,545,False,2.9079853496618338,0.010820923807841,1.2324229290270468,4,13,-1.1143902836248816,-1.4293640705172308,0.64579115731803
27161,27161,84126,False,5.096292033129212,0.0009456893264658,2.577618839883512,4,13,-0.3216307806260635,-0.6864885366509449,0.341662508594633
27161,27161,8815,False,2.327169569605255,0.043609982114453,1.1322427971137623,4,13,-1.8766624933539944,-2.2587876800075994,0.7982670741340606
27161,27161,54971,False,4.317037042733462,0.0028477821733561,2.2050232053916643,4,13,-0.7397014394441761,-0.9830647209054796,0.4834001367331073
27161,27161,10286,False,2.976098103561155,0.0097238942049666,1.2982552463630923,4,13,-1.0993870124496157,-1.3078783078398937,0.6258236046268778
27161,27161,689,False,-2.475210175995699,0.0490670840279273,-1.3519459599767711,4,13,-0.9419675473298618,-0.7130712866191443,0.803980313949439
27161,27161,763,False,-6.038414821503878,8.046983417152402e-05,-2.8344882097418744,4,13,-0.5250859405156322,-0.304425801435067,0.1277728056223882
27161,27161,22794,False,2.943506435767348,0.0373905486914732,1.7549248361661278,4,13,-0.1720981333107354,-0.503427785216224,0.7855967493217224
27161,27161,892,False,-3.010854156263912,0.012889332718514,-1.4425879616839712,4,13,-0.5270915340849899,-0.1517650386636505,0.6663689134509992
27161,27161,10574,False,5.674344038858572,4.4535938959474286e-05,2.379076771165197,4,13,-1.040793352558556,-1.3737680804951289,0.1096423598059726
27161,27161,146059,False,-2.409265679964959,0.0460455343724193,-1.249647279869244,4,13,-0.7687662162189931,-0.3617605328045733,0.7982670741340606
27161,27161,8872,False,3.182497625431256,0.0276061235787494,1.872739867314481,4,13,-1.4032815319057546,-2.030858786013397,0.7578267072412546
27161,27161,994,False,-2.706306061975874,0.0396596152309969,-1.517610679903666,4,13,-0.5943241204052742,-0.3100798175320834,0.7926670759968704
27161,27161,246184,False,3.0113771429749647,0.0250857570794127,1.6556885650889848,4,13,-0.5321182422370955,-0.8367702554376629,0.7568854103964252
27161,27161,990,False,3.746544141916875,0.008095290542131,1.9857185844828549,4,13,-1.001603236741807,-1.4190081395057048,0.606753867466964
27161,27161,83461,False,2.604163181897735,0.0199508974495649,1.0937551957033704,4,13,-0.2560661637452095,-0.4207427475918783,0.7221619156895851
27161,27161,113130,False,3.1407008785128863,0.0072960332469385,1.2701149193102022,4,13,-0.6819949441090558,-1.0613936961911985,0.5963678797152245
27161,27161,1024,False,-2.2061503152307926,0.0455271892681149,-0.990831686076182,4,13,-0.2385732488626162,-0.0681790271370638,0.7982670741340606
27161,27161,55839,False,2.326860191933377,0.0435559191223782,1.1313458336957936,4,13,-1.1241032870247745,-1.3335115578795915,0.7982670741340606
27161,27161,80152,False,2.836730445820121,0.0336528916235881,1.5893472732234528,4,13,-0.4204002485671697,-0.7620499972548089,0.7747475621931493
27161,27161,10428,False,3.788061484283427,0.0046319873053822,1.8812776549872237,4,13,-0.0906462259071206,-0.4789763250890588,0.5463305204322857
27161,27161,131474,False,2.3648419013298443,0.0347791151512084,1.077116661177876,4,13,-0.8593303964002543,-1.0561506087628958,0.7760302177369495
27161,27161,1105,False,-2.6000293309189826,0.0346876756186007,-1.3481794653025363,4,13,-0.8199285170306807,-0.3056054419720993,0.7760302177369495
27161,27161,79643,False,2.8046322271505417,0.0343692148155346,1.5636509399566847,4,13,-1.2864879833411735,-1.8292440243611656,0.7760302177369495
27161,27161,64428,False,2.7121543091467744,0.0217508453805032,1.302190914768985,4,13,-1.7088983231854993,-1.943762535159196,0.7364479522708632
27161,27161,80790,False,-4.664885449618216,0.0041908078686851,-2.585068358469929,4,13,-0.6398183873770285,-0.1828770671988667,0.5343784274162012
27161,27161,23070,False,2.60970285553234,0.0311115110769311,1.3183427890046004,4,13,-0.6632316114944028,-0.9030786326136844,0.7710891626210068
27161,27161,23019,False,-4.356298534561385,0.0008828347611831,-1.7161753175625951,4,13,-0.976316949562117,-0.6129240351982259,0.3338525584572977
27161,27161,25839,False,2.22827578252376,0.0491718851567382,1.0635324428055053,4,13,-0.3957633513521247,-0.5429701106884783,0.8046230511059362
27161,27161,91949,False,3.786898507971296,0.0020445704985462,1.5300515491731634,4,13,-0.1266430206473457,-0.352037375634058,0.4465260283830929
27161,27161,22818,False,2.7416001929567217,0.0305889945523327,1.451283753003979,4,13,-1.280063721416786,-1.5250202656376994,0.7689044219165413
27161,27161,53981,False,2.7657061622056456,0.0374292411412966,1.557708629096334,4,13,-1.3570703537358786,-1.6806025744818207,0.7855967493217224
27161,27161,6997,False,-2.464607935674893,0.027641398221647,-1.0982976953119006,4,13,-0.6925146334658991,-0.4760416400908301,0.7581377630197409
27161,27161,56259,False,3.1724859051520413,0.0066892952232081,1.395556814756623,4,13,-0.5480070726422424,-0.9405824380445212,0.5853481090725166
27161,27161,348180,False,-2.2568596339468527,0.040628315226815,-0.999525143791501,4,13,-0.8005038542568337,-0.626844211227994,0.7950058640262805
27161,27161,1642,False,3.0958587537363096,0.0076980095722001,1.3548306924627302,4,13,-1.7760141565500036,-2.134367839068145,0.603363561959853
27161,27161,54555,False,-3.1672243230302994,0.0215696926202211,-1.75668153692401,4,13,-1.98526541353628,-1.2986481340054288,0.7343931726444771
27161,27161,1665,False,2.4350839599342606,0.049700638147608,1.311679082899608,4,13,-1.3426063915542903,-1.6268382634094647,0.8046714497212784
27161,27161,1736,False,-2.7864263202122954,0.0321161163150294,-1.5169087441181068,4,13,-1.59859785869553,-1.1172256288825524,0.7715553047120207
27161,27161,30836,False,-2.3728583844904025,0.0358911980318402,-1.1034667518213257,4,13,-0.91736652859338,-0.7502304227458994,0.7795226781081193
27161,27161,5977,False,2.6157809065897286,0.0300099468666665,1.311828675559601,4,13,-0.0673333676934409,-0.4130908595089093,0.7684580593452173
27161,27161,1801,False,-3.4173903709812112,0.0241291584262874,-2.060135806061471,4,13,-0.6726186705308348,-0.2276138475534283,0.7555168658866813
27161,27161,79980,False,2.738748815770774,0.015783522347554,1.20220193830787,4,13,-0.7671333995125944,-0.9752567394535668,0.6992181040350031
27161,27161,8655,False,-2.6358259433126983,0.0187775154804304,-1.1009048695980317,4,13,-0.7538781161538392,-0.4536299586912313,0.7134390816796584
27161,27161,10209,False,-3.1056093697585787,0.0292240728253479,-1.8162918004710649,4,13,-1.4766426153608485,-0.8429101311528864,0.7647921533494975
27161,27161,8890,False,2.6681725516995347,0.0245399013463858,1.2968270538895372,4,13,-1.6095778215156238,-1.8668530695899284,0.7555168658866813
27161,27161,1973,False,-6.171936658682791,1.8211514564374416e-05,-2.5810865695976872,4,13,-1.431133662805873,-0.7940056562971746,0.098218039898729
27161,27161,8178,False,2.777291175349728,0.0262858323363743,1.4340266644522646,4,13,-1.127494996710725,-1.5738253853721094,0.7568854103964252
27161,27161,56943,False,3.2284981667473533,0.0185272497311532,1.762951419476249,4,13,-0.4822626625042154,-0.8059811607415758,0.7134390816796584
27161,27161,8220,False,3.8994288872793534,0.002468812087863,1.8343229248012447,4,13,-0.8190600080798798,-1.136644664863149,0.4610912565838169
27161,27161,26268,False,2.553308503178941,0.0330374561782243,1.279560973603792,4,13,-0.1081947996568654,-0.2529024576374358,0.7722938751587749
27161,27161,2395,False,3.207796671102712,0.0074654122207305,1.4773019695887932,4,13,-0.4647104394039769,-0.7178141973807011,0.5993632594285001
27161,27161,9453,False,-2.3170963592696427,0.0437489211624861,-1.121497512394792,4,13,-1.5984568033833857,-1.0877870690537326,0.7982670741340606
27161,27161,2733,False,3.9691939974680728,0.0013918085513838,1.6107625009520845,4,13,-0.6262361020021252,-0.83287213627242,0.3758375691415674
27161,27161,10539,False,2.492320369782642,0.026806200962774,1.1232879220525775,4,13,-0.2231885170180624,-0.3960558821490965,0.7568854103964252
27161,27161,51026,False,2.484507113612535,0.0263721947345253,1.101509967128199,4,13,-0.1801250787240828,-0.4702257184631552,0.7568854103964252
27161,27161,54856,False,3.4656194699309,0.0034640740619013,1.4723626775376162,4,13,-0.3677382165699506,-0.5251225292997946,0.506575498552766
27161,27161,11321,False,3.896298821726604,0.0018608745786811,1.7643863852180113,4,13,-1.3572738360865475,-1.677935079216444,0.430796981650546
27161,27161,51184,False,3.07501925172764,0.0188306138140151,1.61938421558123,4,13,-0.9621163858147412,-1.3679094197709298,0.7134390816796584
27161,27161,80273,False,5.101395897985362,0.0008507069178371,2.561218726751028,4,13,-1.0988225301047323,-1.569092865040368,0.3324764278827098
27161,27161,2960,False,5.442751357814515,0.0005735413386167,2.737764008786224,4,13,-0.8776148096042442,-1.3204524186533253,0.2839400409879977
27161,27161,2961,False,3.236177906880508,0.0160712289912319,1.7233711313844131,4,13,-1.1730647797302935,-1.5059682018513505,0.7006015786627908
27161,27161,2962,False,2.4231334168536995,0.0447847733777602,1.2538838579895644,4,13,-0.543013649791657,-0.7403103809079155,0.7982670741340606
27161,27161,2965,False,2.7124017170770465,0.0314480611455698,1.430918311485566,4,13,-0.5748624157064417,-0.8451930763565902,0.7710891626210068
27161,27161,3297,False,-3.0957256138550986,0.0073855355043318,-1.3031473115658545,4,13,-0.3867553654305986,-0.199482640314331,0.5974766674025997
27161,27161,3313,False,2.221269489753194,0.0430276703640245,0.9057529200828162,4,13,-2.21847261894042,-2.432559596716297,0.7982670741340606
27161,27161,27336,False,3.431539919099979,0.0094648071933732,1.7493534878472,4,13,-0.4697874522444177,-0.7307390336887276,0.6200387134798324
27161,27161,10075,False,-3.4025760118767545,0.0046603488527515,-1.5340328965433627,4,13,-1.0586213479778612,-0.7128197269263891,0.547298838941751
27161,27161,23379,False,2.807991692446989,0.0150398851530966,1.275954521664517,4,13,-0.6826677773652057,-0.9558208114621218,0.6893268649770311
27161,27161,3608,False,-3.002687268422169,0.0135049465049413,-1.4484226384812882,4,13,-1.2975669704360882,-1.0753072393761098,0.6751793909154472
27161,27161,10989,False,-2.687830275254225,0.0197542059707805,-1.2399093595194175,4,13,-0.5372613789106722,-0.4160365845108486,0.7200773977905233
27161,27161,54891,False,3.325703187036135,0.0060233644132421,1.5329444127766043,4,13,0.24391375164777,-0.0109457143039545,0.5803055296672973
27161,27161,65123,False,2.359911938517068,0.0410396163483019,1.1456550303253277,4,13,-1.415278724634916,-1.6784066593435534,0.7950058640262805
27161,27161,9798,False,2.784305123931072,0.0142956148771066,1.1407208824352757,4,13,-0.1695001286851213,-0.3966846330095179,0.6807296312349229
27161,27161,3688,False,3.6047033415223,0.0028483301024754,1.5900482630357209,4,13,0.2099811636821008,-0.3934448355530501,0.4834001367331073
27161,27161,55683,False,4.118954388161266,0.0018678439443544,1.9577429663259511,4,13,-0.8149627243648032,-1.2297090600298726,0.4313634081563726
27161,27161,113251,False,2.891088298930554,0.0338143248882318,1.6499862988206584,4,13,-0.0629312803490633,-0.2830507281459699,0.7756806519949839
27161,27161,79165,False,2.541301673135325,0.0318569844731848,1.25294755171152,4,13,-0.170696408967741,-0.3885762135653535,0.7715553047120207
27161,27161,114823,False,3.2804471024466384,0.0109308534010271,1.651450615834607,4,13,-0.1714123146598987,-0.431328309794876,0.64579115731803
27161,27161,23658,False,3.7256661610227946,0.0034394831652255,1.7597263888033228,4,13,-1.2441410470216592,-1.4827580110900211,0.506575498552766
27161,27161,8379,False,2.184828450547023,0.0468541946833796,0.9735420454634236,4,13,-0.0418604221850205,-0.2065101255799902,0.8015763446676192
27161,27161,4116,False,2.8569982929147035,0.0120094713000514,1.2148757774235708,4,13,-0.5990019016029428,-1.1777856227698442,0.657925487597981
27161,27161,643246,False,2.363477570519397,0.0464017895330984,1.2005435718617163,4,13,0.1271537476192702,-0.1550759421186401,0.7993058125117213
27161,27161,84246,False,3.0263005066336044,0.040296411196216,1.891339477758859,4,13,-0.2772724070550989,-0.6297044137673333,0.7950058640262805
27161,27161,54797,False,3.0712711341747827,0.0132314258843532,1.5091456924624498,4,13,-0.6849974102089299,-1.0393543710700002,0.6748476097500755
27161,27161,9441,False,4.390422650762977,0.000527436342468,1.861547534574114,4,13,-0.4221760322018082,-0.7554646233264104,0.2839400409879977
27161,27161,80306,False,2.250304605330524,0.0452667893351559,1.0527106948422975,4,13,-0.972159120459716,-1.2526715402387996,0.7982670741340606
27161,27161,29079,False,3.964450440097946,0.0012536963539087,1.659971673503258,4,13,-0.980374033000631,-1.369640826389167,0.3748120081084212
27161,27161,4211,False,2.601859599339352,0.020070777221086,1.1105090951239578,4,13,0.0333831143223221,-0.1537059508955734,0.7230843984880345
27161,27161,56257,False,3.82346741400244,0.0030414758813918,1.8160981362239168,4,13,-0.7568210069242906,-1.1089360017590255,0.4941957889118861
27161,27161,56339,False,2.7083938119177,0.0272612446634449,1.3754982287270148,4,13,-0.3905700155693442,-0.5984084972879302,0.7578267072412546
27161,27161,131076,False,-2.5898815604315097,0.0206978991854006,-1.1169282855353282,4,13,-0.4718828092450461,-0.2842538822534912,0.7292762103763515
27161,27161,4331,False,2.7104627468058697,0.0252558438098651,1.351339810607617,4,13,-0.4397264839486701,-0.6296375309939334,0.7568854103964252
27161,27161,65003,False,2.8939513944631683,0.0123183193050421,1.300273700474053,4,13,-0.0812033688413251,-0.303124082043755,0.66067505824945
27161,27161,51154,False,-3.9788874894469983,0.0018165212228935,-1.833621041310791,4,13,-1.2346523661704465,-0.8479627947666449,0.4253009100718784
27161,27161,55154,False,-3.0558321296598154,0.0118479464189752,-1.4621147250462387,4,13,-1.5039317684190672,-1.037781100892928,0.6549405099746355
27161,27161,27085,False,2.9631202253717865,0.0207246385017377,1.5410232989613109,4,13,-1.5568240287913344,-1.805626273382901,0.7292762103763515
27161,27161,4609,False,-2.523694147286435,0.0252330760601122,-1.136870136099182,4,13,-2.027714646281908,-1.5308379607188276,0.7568854103964252
27161,27161,440145,False,3.991625657810411,0.0051450990638046,2.07717006180295,4,13,-1.0128142928549353,-1.4921151165774391,0.5679220261202397
27161,27161,23310,False,-2.777103741248996,0.014934049832095,-1.12327292548454,4,13,-1.054217084154243,-0.7099502919135265,0.6871175778752507
27161,27161,7936,False,4.316502532464898,0.0032716548142173,2.235982840494052,4,13,-0.2020743714269576,-0.5317429436464051,0.5028055018374575
27161,27161,374354,False,-4.867687781950879,0.0034921546194375,-2.701347272566744,4,13,-1.0677629078159514,-0.3248587929837598,0.506575498552766
27161,27161,55216,False,2.870926866536831,0.0141312765223658,1.3259214066166087,4,13,-0.2031488061168035,-0.3921285874417749,0.6787506880374049
27161,27161,4836,False,2.616118302549291,0.0324481278899893,1.3405469358263051,4,13,-0.2733367727505503,-0.6100835226771975,0.7715553047120207
27161,27161,4839,False,-3.314146317465313,0.0054053190565425,-1.4863266874438292,4,13,-1.415210902813918,-1.1491716755629349,0.5707131014504023
27161,27161,10412,False,-3.5539014706467684,0.0028925566033259,-1.4920988911042408,4,13,-1.5196377548869773,-1.289850444280518,0.4882808802677182
27161,27161,286053,False,2.38054219066203,0.0314306907998113,1.0354215903027708,4,13,-0.326183889991377,-0.5047269113528317,0.7710891626210068
27161,27161,23386,False,2.5700323917070795,0.0336716381238139,1.3047433305829264,4,13,-0.5801346783278324,-0.8148159356675984,0.7748051079882398
27161,27161,10762,False,3.087542810371408,0.0088469658860648,1.40368677365357,4,13,-0.3936389833370515,-0.7363722301070126,0.613409593830681
27161,27161,53371,False,2.679058396852606,0.017164695080446,1.1308256440041584,4,13,-0.6239201161060391,-0.8719375561500844,0.710877747319959
27161,27161,9818,False,3.0745948944051733,0.0325086757726751,1.832315105260312,4,13,-0.3779082463596523,-0.8309411375050128,0.772109071206664
27161,27161,4928,False,3.38931654622412,0.0327119456396647,2.194953598479787,4,13,-0.4444866880639705,-1.0509861683108337,0.7722938751587749
27161,27161,11054,False,-2.6603593273074275,0.0360943968780943,-1.4283589802214836,4,13,-0.3936407516287121,-0.1566407792758145,0.7797765726372132
27161,27161,4976,False,2.99444314132912,0.0093893502395654,1.2271260985836483,4,13,-0.3024109432499617,-0.6448003300937378,0.6196372357436517
27161,27161,54623,False,3.5837559353812924,0.0036109938017003,1.6425591359474847,4,13,-0.5939579700131115,-0.8969407972885652,0.5071411507405079
27161,27161,5062,False,-4.652235780070777,0.0087784478754267,-2.834364109457713,4,13,-0.9609968204149728,-0.223542584058496,0.613409593830681
27161,27161,5073,False,-3.057437573184014,0.0079973784823549,-1.3016977332754047,4,13,-0.4303600033445215,-0.2040558696090979,0.606753867466964
27161,27161,5134,False,-5.5380640168342765,5.686003627337677e-05,-2.3419651568833597,4,13,-1.592363074620638,-0.7806297843088023,0.1096423598059726
27161,27161,27043,False,-3.032507366561041,0.0085378783764251,-1.2545916677673374,4,13,-1.191586122445092,-0.943234702655119,0.613409593830681
27161,27161,5216,False,-3.0005053029005366,0.0160957368393234,-1.4986019841809866,4,13,-0.9418704616713462,-0.4351582021307806,0.7006015786627908
27161,27161,11331,False,3.879194491529399,0.0029936360048166,1.859786413877576,4,13,-1.857515991443804,-2.3852955671704312,0.492940809773446
27161,27161,94005,False,-2.580241327437071,0.0321522103579364,-1.298713776560367,4,13,-0.4688838525934343,-0.2840466495221717,0.7715553047120207
27161,27161,87178,False,3.7663061033677057,0.0022709374333038,1.506904641761694,4,13,-0.610057741943056,-0.9898870131045748,0.4575028306380896
27161,27161,25885,False,-2.6233097236456144,0.0198354755255856,-1.0693309236534616,4,13,-1.60701879934113,-1.3740330274506456,0.7204698919722063
27161,27161,64425,False,-3.446538820699712,0.0072240330228761,-1.692722692924051,4,13,-1.1148769523555622,-0.6064835289164151,0.595493334501141
27161,27161,10849,False,-2.7103162674935044,0.0178371029408847,-1.225088185738911,4,13,-0.6662205920741909,-0.424508516388256,0.7134390816796584
27161,27161,5438,False,4.487154351724247,0.0037959026053702,2.411003581295222,4,13,-1.2605116744096776,-1.9114436715898069,0.5147583596607811
27161,27161,5441,False,3.169844355834831,0.0067133858584013,1.3935343492228247,4,13,-2.115558866360916,-2.6679863192267987,0.5853481090725166
27161,27161,661,False,3.650472702884748,0.0025064098840617,1.4956165855859982,4,13,-0.4336029295924053,-0.7255290307189236,0.4623962636981236
27161,27161,55718,False,3.509011854069845,0.0147735485757753,1.9544267280816876,4,13,-0.7369139223845154,-1.0795129838232669,0.6865339775569129
27161,27161,51645,False,3.919625670249553,0.0013973582136595,1.6880001881273738,4,13,-0.3290164292464854,-0.9760715101894192,0.3758375691415674
27161,27161,8493,False,-3.46086322374554,0.0362198860758933,-2.353089962660375,4,13,-0.6164424527303456,-0.1554530479374967,0.7797765726372132
27161,27161,5511,False,2.839536658332687,0.0313006761730789,1.5628498005255498,4,13,-0.8043552539694737,-1.240427343216156,0.7710891626210068
27161,27161,8575,False,2.458395828420786,0.0330890005485762,1.1736833095816137,4,13,-0.4887850687347762,-0.7705830519638786,0.7722938751587749
27161,27161,8559,False,3.898038894746107,0.0064766690986889,2.056763597444127,4,13,-0.5035787890200971,-0.8865800672094976,0.5853481090725166
27161,27161,24148,False,2.436442858952348,0.0297414295193628,1.0972324982279504,4,13,-1.1730589752528942,-1.3579336550650043,0.767444887438343
27161,27161,5682,False,2.665661944015569,0.0494234755426862,1.5767576138310928,4,13,-1.9581546732524535,-2.3420908975100767,0.8046714497212784
27161,27161,5685,False,3.2351074708052217,0.0318933804602482,2.001778496137287,4,13,-1.25208766809541,-1.6875272124350036,0.7715553047120207
27161,27161,5690,False,2.587048145615741,0.02757624401366,1.250229828675062,4,13,-1.823788044963484,-2.033127042261905,0.7578267072412546
27161,27161,5717,False,2.2967561805004086,0.0388146534611459,1.0370173069820026,4,13,-1.5937399476378613,-1.999065243859524,0.7897130757303121
27161,27161,10213,False,3.1071294875667888,0.0213198128401148,1.692757182713237,4,13,-1.3254058921952,-1.7009838921663143,0.7325802880632503
27161,27161,10197,False,-4.291315898561984,0.0085415323439763,-2.488253567906011,4,13,-0.5492895381292487,-0.1729560822858342,0.613409593830681
27161,27161,84262,False,2.275072833612822,0.0439180365121343,1.0707857140418555,4,13,-0.9436972668343664,-1.1295220882487582,0.7982670741340606
27161,27161,118672,False,2.772798910003003,0.0248870082081229,1.4106989392333054,4,13,-0.3720935726787702,-0.6766791930737693,0.7568854103964252
27161,27161,29127,False,2.372935894905369,0.0435711245268397,1.1854829249495915,4,13,-1.152531937838292,-1.596563242303926,0.7982670741340606
27161,27161,8480,False,3.702155808472151,0.0031202122948257,1.7154981900730917,4,13,-1.2938427301462174,-1.560628432003799,0.4999281445021685
27161,27161,5901,False,2.4370294713147684,0.0278245078840111,1.0171746695737145,4,13,-3.7557140755456286,-4.102733060552433,0.7581377630197409
27161,27161,5903,False,3.3199323868896866,0.0206962003141705,1.8936961491293285,4,13,-0.3585174905610007,-0.6490257385173261,0.7292762103763515
27161,27161,5932,False,2.81707955033426,0.0139437980718133,1.2540219983624392,4,13,-0.7413296126065002,-0.9717664270309336,0.6757656294720714
27161,27161,8241,False,3.2819231560883555,0.0106708657275555,1.646213621726189,4,13,-0.257500929636893,-0.6317743873849453,0.6425356705988108
27161,27161,51634,False,4.621060628850239,0.0005431972735505,2.1153402903675484,4,13,-0.390054484305647,-0.7171522170454195,0.2839400409879977
27161,27161,5984,False,2.916267666938178,0.0113639562456187,1.1794424159277828,4,13,-1.140455428475876,-1.3720851490553068,0.6476956922501441
27161,27161,114822,False,-3.5967945721085086,0.0139575368978804,-2.017931305739531,4,13,-0.4721384461048227,-0.2508214463947371,0.6757656294720714
27161,27161,84153,False,-2.9763627174740424,0.0465013077141731,-1.9196505443877496,4,13,-0.5335217293955911,-0.1253856094249088,0.7998644235293281
27161,27161,7737,False,3.0372521283557457,0.0099981369745971,1.3901202752515514,4,13,-0.9326384951054278,-1.1615497291256596,0.6278978591950445
27161,27161,6047,False,3.2338490410639524,0.0085216476260623,1.540843507750765,4,13,-0.3655254493987805,-0.8011757511902681,0.613409593830681
27161,27161,8732,False,3.4639028776314684,0.0035295112543338,1.491306058882116,4,13,-1.644917861335636,-2.0441339225400275,0.506575498552766
27161,27161,55599,False,2.9872937404785485,0.0099326020138943,1.2062009571187893,4,13,-1.3215364876329554,-1.6396767218936874,0.6278978591950445
27161,27161,26015,False,2.7317763330786846,0.0347866636743894,1.4903802095559793,4,13,-1.5122487680596626,-1.800934725301598,0.7760302177369495
27161,27161,79657,False,3.297705075734313,0.0135382074431474,1.7284024873667232,4,13,-0.6059825122900906,-0.8932518746630586,0.6751793909154472
27161,27161,6142,False,-3.503740866903823,0.0053625843016646,-1.6696565998047876,4,13,-2.7090129040267774,-2.2899846929685945,0.5707131014504023
27161,27161,6154,False,-3.029366589002794,0.0261247215179958,-1.6895498544295675,4,13,-2.2753935918171164,-1.691735709829956,0.7568854103964252
27161,27161,6161,False,-2.9900438619409075,0.0363526857800085,-1.7933290489812912,4,13,-2.655265449314508,-2.068113557176829,0.781607774961768
27161,27161,6130,False,-2.888991203689391,0.0160591310880761,-1.3873223874701617,4,13,-2.344208843808377,-2.014886144707581,0.7006015786627908
27161,27161,6175,False,-2.745277998529876,0.0255716690960566,-1.391652360290381,4,13,-1.762516800758975,-1.4185053410724202,0.7568854103964252
27161,27161,58490,False,-2.531998748766817,0.0353978546875799,-1.2821621485014838,4,13,-0.5607467581742667,-0.2995122774281944,0.7792678241219885
27161,27161,6205,False,-2.4578429600366545,0.0317134431478828,-1.1556251084832538,4,13,-2.6840359208982694,-2.331057330285028,0.7715553047120207
27161,27161,6223,False,-2.760861598596615,0.0407761016144619,-1.5910321617422232,4,13,-3.2730192814316497,-2.740738379649021,0.7950058640262805
27161,27161,6228,False,-2.7913156304265354,0.0142231919144843,-1.225200539182731,4,13,-2.4854378690865664,-2.1221473711997256,0.6793324096164925
27161,27161,6233,False,-3.377025614649049,0.009982743088475,-1.7146457779766564,4,13,-2.2823742311684043,-1.816295635911474,0.6278978591950445
27161,27161,10670,False,-3.505191516593544,0.0133362097501002,-1.91667725110995,4,13,-0.7253493511541049,-0.4168891926147052,0.6751793909154472
27161,27161,26156,False,-2.573133050277831,0.0306850731332401,-1.273947729378058,4,13,-1.6892160075027125,-1.3090795325523197,0.7689044219165413
27161,27161,23256,False,2.9030747730862267,0.0127251166903893,1.3244048269795214,4,13,-1.136965346684169,-1.4187186217160603,0.6644475108483053
27161,27161,163859,False,3.2402304538214235,0.0162308448009668,1.7303748478612744,4,13,-1.4808063732218193,-1.8911811344590288,0.7016422622248645
27161,27161,9919,False,2.938298138653128,0.0184044486107757,1.4788271814589504,4,13,-0.3397192249807199,-0.6648765988059829,0.7134390816796584
27161,27161,26054,False,3.0695041269359464,0.0254221448974511,1.7201410919898354,4,13,-0.9826805328365686,-1.4094943777049436,0.7568854103964252
27161,27161,83443,False,3.626519874674559,0.0110253160893939,1.9684727450767048,4,13,-2.4788326148695043,-2.9830690281619217,0.64579115731803
27161,27161,7884,False,2.72673245775248,0.038322221300008,1.5251853228934404,4,13,-0.5913339208240111,-0.7892178434806542,0.7891616186922428
27161,27161,10559,False,2.5953410887782478,0.032407501230244,1.3178546937034104,4,13,0.0278999762450647,-0.2159829835065004,0.7715553047120207
27161,27161,6541,False,-4.173353388363699,0.0073364569616775,-2.331427292046402,4,13,-0.7171894272752821,-0.249427038390795,0.5963678797152245
27161,27161,84138,False,3.275034576148402,0.0279057430701596,1.9773311030544625,4,13,-0.8027816697896648,-1.158636958110167,0.7585129291219015
27161,27161,10569,False,2.256095086447101,0.0476232991051695,1.0839862414161072,4,13,-1.1122150931396506,-1.4073339251422723,0.8019982402475438
27161,27161,8243,False,-2.5537191263315355,0.0304764772600037,-1.250211700998081,4,13,-1.621844893363135,-1.3427877117251603,0.7689044219165413
27161,27161,23137,False,3.2968078719889093,0.0077932496793221,1.5760190848179043,4,13,-0.5410487875186631,-0.870787016846629,0.6039499425927941
27161,27161,55234,False,3.4527439868901597,0.0071887099014843,1.6970151977389567,4,13,-2.386343633191745,-3.0619967742099194,0.5941524798038766
27161,27161,8773,False,-2.856047675587537,0.021252220952421,-1.4427843199299677,4,13,-1.1764814304131457,-0.4921116376286903,0.7325802880632503
27161,27161,6618,False,5.131156505564525,0.0001730157231736,2.2969679451708505,4,13,-0.8558169840147991,-1.5096213807495924,0.1737059648482267
27161,27161,79753,False,3.5415714260123066,0.0042604384459596,1.6462904488391894,4,13,-0.4393889671667425,-0.6314696380761023,0.5353838715904888
27161,27161,154007,False,3.246207237022566,0.0107340280960359,1.6149713318115966,4,13,-0.24420281202975,-0.4941674524332413,0.6438999155797539
27161,27161,6632,False,3.182346770145573,0.0190154575735821,1.7269533831910069,4,13,-2.227435515306938,-2.884188401082008,0.7153926528277387
27161,27161,55133,False,2.2618128353277305,0.0390584740516183,0.9657705774615392,4,13,-1.2472189737311474,-1.5004674086300818,0.7907786449945453
27161,27161,58477,False,2.579922320445706,0.0209261580694196,1.094756971879956,4,13,-0.5518275918668537,-0.7156364249298223,0.7300351245439551
27161,27161,6428,False,3.2760082094704144,0.0113602440389092,1.658011882825791,4,13,-2.11601242092751,-2.639253334733014,0.6476956922501441
27161,27161,6432,False,3.15222658076902,0.0159869687515084,1.6419633722778968,4,13,-1.8328330513814424,-2.265173581229191,0.7006015786627908
27161,27161,53407,False,2.713711875263406,0.0169314152538832,1.2039572091477475,4,13,-0.9428816910287456,-1.223751242181803,0.7078056318891092
27161,27161,64426,False,2.478840256479326,0.0414026831809504,1.2844840852395365,4,13,-0.5723620630443041,-0.8522619830853498,0.7950058640262805
27161,27161,8464,False,3.927662240287482,0.0013474625846116,1.6711131945679265,4,13,0.0686287484076327,-0.2999330481902044,0.3757884030926245
27161,27161,9913,False,2.319758232436463,0.04199814016702,1.1070035703096082,4,13,0.2443333370685882,-0.109956904757401,0.7964103109462105
27161,27161,10492,False,-3.033157108115068,0.0421086911135776,-1.9260874474415564,4,13,-0.5646791621785116,-0.1726393269873355,0.7974289184896268
27161,27161,6872,False,2.51584549702569,0.0371807736667299,1.28320138375384,4,13,-0.7044041079768856,-0.8851084806910882,0.7855967493217224
27161,27161,6883,False,2.7594815259339867,0.0354490866520786,1.527860986993128,4,13,-0.5981731553463716,-0.796001790217298,0.7792678241219885
27161,27161,79101,False,-2.515782897222259,0.0260057158249618,-0.9992505955640132,4,13,-0.8584785935399364,-0.7030925416889963,0.7568854103964252
27161,27161,6879,False,2.427390015341124,0.0288112751453226,1.0595242454874996,4,13,-0.6345184808548354,-0.8016926781095701,0.7616224411069574
27161,27161,441864,False,2.275415434628881,0.0385829598422667,0.9928807063508984,4,13,0.0577911121556052,-0.0963631494050687,0.7891616186922428
27161,27161,10607,False,-2.7304095567887927,0.0164093020258075,-1.2120776273491487,4,13,-1.4474448937012705,-1.1492144042328896,0.7016422622248645
27161,27161,6911,False,-2.413633268191146,0.0497781787693704,-1.287768515215208,4,13,-0.2168200342898905,-0.1318252850755164,0.8046714497212784
27161,27161,9984,False,3.2489366086841374,0.0307468254562292,1.9977777262173464,4,13,-0.8091123853002984,-1.2513692330902253,0.7689044219165413
27161,27161,8914,False,3.648364186245632,0.0023796261567848,1.5474197991020555,4,13,-1.1485763020895323,-1.4976864944867587,0.4587117602278026
27161,27161,29928,False,-2.333638275624893,0.0386206740961987,-1.086566332740427,4,13,-0.8560016029023717,-0.6409371278367453,0.7891616186922428
27161,27161,26277,False,-3.971474996995148,0.0031623279016819,-1.9483749868670108,4,13,-1.7697818971888168,-1.2331913269891928,0.4999281445021685
27161,27161,54962,False,2.711803858274947,0.0331868544518288,1.4506144021978058,4,13,-0.8030779246240842,-0.9931728373833446,0.7722938751587749
27161,27161,51249,False,-3.006789379268587,0.0462777092406554,-1.9547875820092335,4,13,-0.3831611428455178,-0.1176024193998364,0.7988571973883084
27161,27161,81542,False,-2.49690082150179,0.0414119112869366,-1.3046259948692032,4,13,-0.2721742247269176,-0.127457383987735,0.7950058640262805
27161,27161,9804,False,2.612410455522443,0.0256240571552308,1.2514827733842646,4,13,-0.4281654891738728,-0.6741357661403673,0.7568854103964252
27161,27161,7186,False,2.408903084460136,0.0378140972831409,1.1695997998272247,4,13,-0.2529033622794017,-0.5614749773024102,0.7866294065922688
27161,27161,10293,False,2.5138493303907508,0.0249461619956813,1.016332697427962,4,13,-0.494980623586328,-0.7914519526356103,0.7568854103964252
27161,27161,9319,False,3.22295335212701,0.0057354642851318,1.3812211975555562,4,13,-0.180593425375618,-0.3931875820110487,0.5747098817405942
27161,27161,115708,False,-3.446830251396384,0.0254701042290117,-2.118294510873993,4,13,-0.4023053256910309,-0.0738944144021811,0.7568854103964252
27161,27161,10844,False,3.086664246369121,0.0155226475780446,1.5706225071875308,4,13,-0.8621580551486143,-1.5449171767594243,0.6950759803779362
27161,27161,64852,False,2.936359502335037,0.0251035437329151,1.5797962667852703,4,13,-1.0966081245689292,-1.7179425418597702,0.7568854103964252
27161,27161,10907,False,2.8964856969363075,0.0440089778774544,1.7876922153381234,4,13,-1.7279056722314174,-2.4270306924463765,0.7982670741340606
27161,27161,10054,False,-2.891872197308272,0.0228937036150196,-1.5031184152662491,4,13,-1.353623224247844,-1.1653897149223744,0.7460124896128998
27161,27161,3093,False,3.7151827377061535,0.0024565726454928,1.4907742812855962,4,13,-0.0137970899511018,-0.2236885109819872,0.4610912565838169
27161,27161,7334,False,3.442550993223062,0.0091408956923726,1.7499080694444102,4,13,-0.9951553260150344,-1.3828391840723282,0.6177479122895033
27161,27161,63893,False,-3.4832702780856666,0.017691516895972,-1.995129761764988,4,13,-0.5242702917718682,-0.3231767884487845,0.7134390816796584
27161,27161,56893,False,-7.952553752037373,2.3198768538047174e-05,-3.9129696501574136,4,13,-0.8895346105205473,-0.5690056680211839,0.098218039898729
27161,27161,26019,False,3.0535564707731506,0.0186320608555126,1.5951378885723375,4,13,-1.073169054037048,-1.340699393517934,0.7134390816796584
27161,27161,9816,False,-4.055574644071736,0.004133168677921,-2.0775585767722986,4,13,-1.2475761183060734,-0.9249295538203826,0.5320675763623917
27161,27161,9097,False,2.2976791954122446,0.0393478597866185,1.046279372462687,4,13,0.0695951534439026,-0.238888084860435,0.7920294554796992
27161,27161,55697,False,2.6174033750094834,0.027300205160141,1.2797638124006072,4,13,-0.0639620994302807,-0.2229311646915336,0.7578267072412546
27161,27161,55759,False,-2.9174731093074504,0.0190924208865355,-1.4697673457381104,4,13,-1.5130372050891563,-1.2459965834584923,0.7163662249874128
27161,27161,79446,False,2.723931613879725,0.0410431304962694,1.5525992888868712,4,13,-0.5938854572114293,-0.8700078996454198,0.7950058640262805
27161,27161,10785,False,-2.3308210989035585,0.0414355434159345,-1.1147183512775087,4,13,-0.3314501729892927,-0.1337094770885752,0.7950058640262805
27161,27161,80335,False,-2.5611882077783807,0.0233445486620202,-1.1503426631467144,4,13,-1.5927448466077403,-1.261457986440059,0.7485525004632818
27161,27161,84292,False,-2.690467076212901,0.0464710614602895,-1.574116479660986,4,13,-0.6844033638971428,-0.3392771307657903,0.7995042552919458
27161,27161,7490,False,2.2939484702755566,0.039182180561694,0.9126011115660562,4,13,0.1061752019210099,-0.1135004754595393,0.7917705931766565
27161,27161,64132,False,-2.340179161267816,0.0343585844322121,-1.028575257476249,4,13,-0.4407124984895663,-0.2818591645175295,0.7760302177369495
27161,27161,57002,False,2.983815249541047,0.0345705451827707,1.7616115795736282,4,13,-0.980576408473518,-1.257384016007817,0.7760302177369495
27161,27161,10413,False,2.203971600950486,0.0445476369059131,0.8971300147442423,4,13,-0.2472839881442997,-0.5769879006082934,0.7982670741340606
27161,27161,91746,False,3.0812069039330696,0.0179202981600867,1.6095163664304706,4,13,-0.4014259865325799,-0.7047384336056625,0.7134390816796584
27161,27161,677,False,-3.2929657705139364,0.0349770283769527,-2.1227680959798403,4,13,-0.8398305723839328,-0.1110870071430666,0.7760302177369495
27161,27161,23528,False,2.956720072552584,0.0111969883306954,1.3389683140569906,4,13,0.044638913432013,-0.1450158460527845,0.64579115731803
27161,27161,57615,False,-3.924725564992509,0.0053170264050737,-2.029083355331993,4,13,-1.1480003059083494,-0.7948519229768818,0.5705647490366753
27161,27161,163033,False,2.54382507971792,0.0308888376779821,1.2442710717789185,4,13,0.0234421309807623,-0.1423932996552632,0.7693126667133082
50807,50807,93973,False,3.2088776150057305,0.0172011513529411,1.719164734120395,4,13,-0.3448114751826733,-0.7161837897705912,0.7111524121769299
50807,50807,5832,False,2.9234268897243365,0.0111130471575766,1.1855800359836883,4,13,0.0047408590088884,-0.2066828470493941,0.64579115731803
50807,50807,279,False,2.6431197036875944,0.044542151790178,1.4992019446152711,4,13,-0.2673968549032443,-0.5032091118601124,0.7982670741340606
50807,50807,84079,False,2.6047797385206617,0.0210061108057016,1.05133531114016,4,13,-0.0192559960242293,-0.1601537686958234,0.7306333539722384
50807,50807,9824,False,2.426112942365188,0.0325730946088112,1.1277708393244927,4,13,-0.1456909301900034,-0.3239327687301845,0.7722938751587749
50807,50807,79798,False,4.06149285892307,0.0013193526006612,1.621035294957748,4,13,-0.1003793376816059,-0.4305266773964125,0.3748120081084212
50807,50807,55723,False,2.7168261085237484,0.0163549574316632,1.1126707746883162,4,13,-0.0493769353523977,-0.1951153428661291,0.7016422622248645
50807,50807,440,False,2.2338765828204195,0.0424442347658337,0.9040465237108554,4,13,-0.0510020723863702,-0.2287535094092401,0.7975356290297795
50807,50807,9296,False,-2.975996028423604,0.0097825978523528,-1.3020037349158882,4,13,-1.4311180536268358,-1.0269086507811958,0.6262169779905742
50807,50807,617,False,2.3089352120016327,0.0379131483389612,1.0420000145869477,4,13,-0.2150315724879625,-0.3659201490561069,0.7871393503312548
50807,50807,221927,False,2.76462674088817,0.0145559517598239,1.1501258504638534,4,13,-0.0638805642659185,-0.323234821861867,0.68424451596858
50807,50807,9184,False,3.829676610159624,0.0057951544163197,1.9700109206191527,4,13,-1.7941011175197372,-2.550157277767707,0.5769687192840953
50807,50807,124808,False,2.382011670677477,0.0335081123126455,1.0820594294441566,4,13,-0.2653772672683814,-0.3839419343915076,0.7736039978034098
50807,50807,908,False,3.229453716505638,0.0115319170978199,1.6192331716309178,4,13,-1.4639748148641467,-1.760737502097378,0.6488452626579987
50807,50807,55835,False,2.205310220650626,0.0472992637824172,1.012804105879234,4,13,-0.1813905032115404,-0.3392150359438475,0.8015763446676192
50807,50807,22858,False,3.7289348641150863,0.0175719007163236,2.2373903216102704,4,13,0.0677338642405626,-0.1042904102042662,0.7131873695413764
50807,50807,11129,False,2.6119806723254198,0.0204564584180635,1.1532991894984812,4,13,-0.1825688041561067,-0.3620575775681427,0.7269435720776775
50807,50807,65260,False,2.3915923829326813,0.034398851587559,1.1081473155963149,4,13,-0.2394223990674363,-0.4246414568648374,0.7760302177369495
50807,50807,57511,False,2.789186723980836,0.0137976948443357,1.190928405722919,4,13,-0.3500767889658499,-0.5052511840028632,0.6751793909154472
50807,50807,8533,False,2.849957551167315,0.0160478505041782,1.3465321223572309,4,13,-0.5767635884735787,-0.8282063001220524,0.7006015786627908
50807,50807,9377,False,-3.810525690997248,0.0064028174363683,-1.9788040509616875,4,13,-0.6407433230382462,-0.4340394731966672,0.5853481090725166
50807,50807,1431,False,2.4139849464728784,0.0401458758442775,1.1994277811827687,4,13,-0.2742606532750157,-0.4441885145357907,0.7947636811015407
50807,50807,8450,False,2.27617480460887,0.0467979926420736,1.101037777937599,4,13,0.0722148957539111,-0.0811400661684738,0.8015763446676192
50807,50807,57703,False,-3.5465189138968327,0.0046110146667387,-1.670827441998111,4,13,-1.7397537362845774,-1.3840874363322313,0.5463305204322857
50807,50807,1642,False,2.8340494220328383,0.0126525218751376,1.216341045873366,4,13,-1.8008110141086038,-2.126738036742422,0.6644475108483053
50807,50807,65992,False,-3.030005433648898,0.0343128118282079,-1.8092991143906925,4,13,-0.447907924359803,-0.2027472932517774,0.7760302177369495
50807,50807,1655,False,2.9264389798410275,0.0150390108150798,1.4048864302810071,4,13,-0.6274257774067771,-0.8826161488880759,0.6893268649770311
50807,50807,116143,False,2.509801983939767,0.0277870618888712,1.1635061686473096,4,13,-0.5533820219395522,-0.9536086098485542,0.7581377630197409
50807,50807,5977,False,4.9143332517681095,0.0011755851958777,2.483839868111594,4,13,0.0698402993911585,-0.4552981416887861,0.3737538013253996
50807,50807,8666,False,-5.118532428368402,0.0006763105197994,-2.5315326823065805,4,13,-1.6382351295767288,-1.2036773723797227,0.305714791791246
50807,50807,1973,False,-2.510341658871311,0.0368243867084244,-1.273461013129196,4,13,-1.2696084004169397,-0.8437057370322312,0.7836483879259681
50807,50807,2068,False,2.3633168660213686,0.0406147458820108,1.1453542318717207,4,13,-0.6306027315476261,-0.9310710697399748,0.7950058640262805
50807,50807,2079,False,-2.319831579547488,0.03991237836737,-1.0840121048436997,4,13,-2.398770215273865,-2.10530708989639,0.7940764990198967
50807,50807,9700,False,2.521494344938588,0.0436626148722262,1.3537008271557365,4,13,-1.619913367970718,-2.1743292890493526,0.7982670741340606
50807,50807,51010,False,3.0479848833331324,0.0298259774110814,1.7637282573747517,4,13,-0.975602662282614,-1.274378208366652,0.7678196759761238
50807,50807,57697,False,2.3057844675178525,0.0358427740322624,0.9686380048497366,4,13,-0.4210957712553964,-0.7139582554502942,0.7792678241219885
50807,50807,80204,False,2.595420747311432,0.0203114182258313,1.088380899433496,4,13,-0.0463246570041595,-0.2684079152247088,0.7252738741274658
50807,50807,112812,False,3.0095575355178927,0.0319160549189842,1.7525952366373996,4,13,-0.507768296074187,-0.9155492412629012,0.7715553047120207
50807,50807,2395,False,2.620385829584948,0.0369014462825564,1.393944238913896,4,13,-0.4590178517833841,-0.719565762802422,0.7836483879259681
50807,50807,2597,False,2.335044998059559,0.048349547275861,1.184901325880277,4,13,-0.9043327785680808,-1.39177582240915,0.8037156778640308
50807,50807,79833,False,2.201317777063382,0.0472095986161025,1.0057689835934005,4,13,-0.6461588017487547,-0.9196756490330518,0.8015763446676192
50807,50807,11146,False,2.384829658147088,0.0408977716626005,1.1734064780217357,4,13,-0.1434791994213869,-0.3800879303615166,0.7950058640262805
50807,50807,8345,False,-2.173298840986829,0.0482888996507042,-0.9748401136975268,4,13,-1.1186275226384257,-0.9457412914755984,0.8037156778640308
50807,50807,3329,False,3.7569936724542594,0.0091226766185479,2.028996052865152,4,13,-1.418974484273548,-2.024645365225122,0.6177479122895033
50807,50807,83444,False,2.8443008104384058,0.0351657882946505,1.616323848519991,4,13,-0.2112194126809041,-0.451217270249477,0.7764183200545905
50807,50807,57508,False,-2.825530777167144,0.0260407465229665,-1.4801212818115914,4,13,-1.1954827572175313,-1.0297265027860334,0.7568854103964252
50807,50807,3705,False,2.2240739577302504,0.0483193925103229,1.0497548668401422,4,13,-0.094403915657961,-0.2686369837040126,0.8037156778640308
50807,50807,10300,False,3.4832037905117863,0.0035708976578859,1.42037281782574,4,13,-0.2548360899366052,-0.4953688747643133,0.5071411507405079
50807,50807,10112,False,-2.9580930815032858,0.0374559953352323,-1.7723272118820963,4,13,-0.8702138612625665,-0.5435141064629492,0.7855967493217224
50807,50807,9493,False,2.6112015756846376,0.0332755009092382,1.344597626519882,4,13,-1.822122339348964,-2.1552106443121173,0.7722938751587749
50807,50807,51451,False,3.0995047387263237,0.0138425903261555,1.5491530673639244,4,13,-0.0405435081438051,-0.5380102278315075,0.6751793909154472
50807,50807,79165,False,2.8085217451426203,0.0191861594194734,1.3616194415497742,4,13,-0.1608829872043045,-0.3915957279541032,0.7163662249874128
50807,50807,57128,False,3.1479592292261653,0.014134231273243,1.601058391975334,4,13,-0.8387853000314918,-1.4432319839523302,0.6787506880374049
50807,50807,29081,False,2.6363663258751244,0.0187226976600609,1.1230840604897816,4,13,-0.2157081056684694,-0.3904438756627226,0.7134390816796584
50807,50807,10240,False,2.6273204814934403,0.0199883557461355,1.0630990163035676,4,13,-0.2125829515811957,-0.4416476710742699,0.7226949896552917
50807,50807,339287,False,-3.9758142625328583,0.0024175294893272,-1.89412144666879,4,13,-0.6494002129731751,-0.3631926283506482,0.4587117602278026
50807,50807,10514,False,2.3856504552812017,0.0483954399093058,1.243609387637577,4,13,-0.3893027510427004,-0.6183286770320962,0.8037156778640308
50807,50807,27158,False,2.8889269594376894,0.0121207280744167,1.2862301827975864,4,13,-0.5495449117641245,-0.8347843976468533,0.658481084743995
50807,50807,25836,False,2.897235933412381,0.0123354082466958,1.305038394177498,4,13,-0.320394440591979,-0.549224528580019,0.66067505824945
50807,50807,286053,False,3.194929838722195,0.0234067523819825,1.8158297849350995,4,13,-0.2225537529737079,-0.5366131073582683,0.7485525004632818
50807,50807,56160,False,2.325042587148328,0.040451459912275,1.0968846410230348,4,13,-0.8117001023217931,-1.0572471807694244,0.7950058640262805
50807,50807,4999,False,3.014246621953826,0.0169677402119597,1.527901222047768,4,13,-0.2849613948997638,-0.4501608403464949,0.7084358741687247
50807,50807,5001,False,2.5196630188605997,0.0346106424698967,1.2601585787885723,4,13,-0.3290500341079664,-0.6605025786223773,0.7760302177369495
50807,50807,26986,False,2.415330257275225,0.0300605394200249,1.069578676527112,4,13,-0.712050654996339,-1.0912321759515526,0.7684580593452173
50807,50807,23761,False,-2.7616318411464733,0.0146552515763779,-1.1870862582945685,4,13,-0.7652592027399681,-0.6519556539653736,0.6857144437477962
50807,50807,9512,False,3.3737475833490382,0.0042363566988872,1.4512224214534597,4,13,-1.6018086299944183,-1.9145803484476227,0.5353838715904888
50807,50807,11284,False,3.206090205433083,0.0090787039929437,1.531844249275497,4,13,-0.1417429268735039,-0.4338633744984837,0.6171900984625702
50807,50807,51728,False,3.284400798028422,0.0071351942160764,1.5403671718458407,4,13,-1.293010315932694,-1.670712273413956,0.5938700354709747
50807,50807,151987,False,-5.80178351297498,6.841716033865969e-05,-2.6410444886353583,4,13,-1.001162050412243,-0.5301764441376569,0.1231237799234155
50807,50807,5524,False,2.216741224729119,0.0448817924090018,0.9991045047033894,4,13,-0.4375862868622265,-0.7012350017176688,0.7982670741340606
50807,50807,5879,False,-3.727218784454688,0.0080294763750521,-1.9665373938298525,4,13,-1.1739038329303058,-0.6722287140861355,0.606753867466964
50807,50807,55312,False,2.639947097750898,0.0191933344917094,1.0762702330044938,4,13,-0.0486291291394711,-0.2544866809878164,0.7163662249874128
50807,50807,9810,False,3.220850297439247,0.0104911857533555,1.585237063467977,4,13,-0.2720908706962894,-0.5057096499972199,0.6395996002548902
50807,50807,6205,False,-2.5619548973409376,0.0239141893453479,-1.1634303364934475,4,13,-2.681399903486449,-2.3318684125655875,0.7544104754566708
50807,50807,6218,False,-2.5265688056406383,0.0474328404502463,-1.4984183808959677,3,9,-1.762474649375463,-1.48223231151642,0.8015763446676192
50807,50807,84881,False,2.9235602494211075,0.0109356629823437,1.192652590026145,4,13,-0.1071315836122621,-0.3305131697349266,0.64579115731803
50807,50807,25914,False,2.461570483194017,0.0400884011258684,1.2524557610713052,4,13,-0.3294226777475858,-0.5821156077268763,0.7947636811015407
50807,50807,388228,False,3.1281233518357245,0.0069286060092473,1.333499324657625,4,13,-0.1324078405543451,-0.2754806836849541,0.5918560655936175
50807,50807,8175,False,-2.7148448791866344,0.0233445588287756,-1.3291731865270129,4,13,-1.747824171004442,-1.459224469971628,0.7485525004632818
50807,50807,6500,False,-2.1690703019969075,0.0480363585419101,-0.8762543359299252,4,13,-1.503600163279691,-1.3411245004431906,0.8025850769705906
50807,50807,10463,False,3.450270496425275,0.0053373000225747,1.619613596216704,4,13,0.0085929227262694,-0.3201309253120324,0.5705647490366753
50807,50807,8467,False,-6.37070020071337,4.62351764619553e-05,-2.978258285210455,4,13,-0.7289598699221715,-0.375498726080446,0.1096423598059726
50807,50807,9126,False,2.58903232917949,0.0306338674376847,1.2905495517581096,4,13,-1.16835328780737,-1.4113949370120351,0.7689044219165413
50807,50807,10051,False,3.115435225379109,0.0208405086484675,1.692986735724746,4,13,-1.3872707934520498,-1.6290586201213826,0.7292788449875541
50807,50807,283377,False,-2.1454358053901057,0.0486941401529038,-0.9067258450564823,4,13,-0.5359262275251,-0.4457639532029045,0.8037156778640308
50807,50807,6491,False,2.5712965980177973,0.0401760753630916,1.3744581942457834,4,13,-0.4488115673122723,-0.689112284732771,0.7947636811015407
50807,50807,6879,False,3.461073650033963,0.0036432695542621,1.421385030225578,4,13,-0.6025797634095382,-0.8115199757850462,0.5071411507405079
50807,50807,1155,False,2.406816565194027,0.0493030363586091,1.2757927026527598,4,13,-0.8863429621359584,-1.3909613058110557,0.8046714497212784
50807,50807,6950,False,-2.904818331076049,0.0182431829568634,-1.4429929922013986,4,13,-2.2860866348597724,-1.8421494457564265,0.7134390816796584
50807,50807,150483,False,2.7471530590084328,0.0150927894511715,1.1414163235301409,4,13,-0.1944262911698537,-0.3087585753909643,0.6899999248277287
50807,50807,7050,False,2.238827162971581,0.043947635066455,1.0209802833675514,4,13,0.1241788078729387,-0.1203883525178052,0.7982670741340606
50807,50807,7153,False,2.792280844773422,0.0255569243423249,1.4396799160459015,4,13,-1.6502664263310618,-2.2641737082127977,0.7568854103964252
50807,50807,7156,False,2.93531512010451,0.0105155449112343,1.2059517604034344,4,13,-0.927935055400446,-1.2712421261110165,0.6396442334748876
50807,50807,112858,False,4.481527093255419,0.0004420166906829,1.909923189652258,4,13,-0.5459111081894316,-0.9742222100968744,0.2701773649980128
50807,50807,51002,False,3.437027391226488,0.0064914124250321,1.657294012900429,4,13,-0.339166512119712,-0.6247704309159884,0.5853481090725166
50807,50807,57570,False,2.518497975786202,0.0260085529162108,1.144802773501782,4,13,-0.7018311695766577,-0.8990464545319503,0.7568854103964252
50807,50807,51095,False,2.388485229944033,0.0452400011904718,1.21870774770757,4,13,-1.1837557950473243,-1.4413353333118724,0.7982670741340606
50807,50807,7248,False,3.259999042034125,0.0071544822994009,1.5173255752904733,4,13,0.4190367318001802,0.0235582705415514,0.5941524798038766
50807,50807,7249,False,3.424329444484297,0.0061188959374886,1.6308108366288612,4,13,0.4569821393700192,-0.0246403434252208,0.581002650342814
50807,50807,7328,False,-2.797888273618772,0.0314808696271213,-1.5212198794960572,4,13,-0.7891686331701175,-0.3876254021613754,0.7710891626210068
50807,50807,7343,False,2.732913404761841,0.0355265624773521,1.5001161557800462,4,13,-1.134857247372896,-1.8269893612431607,0.7792678241219885
50807,50807,55245,False,2.7900975875312395,0.0138282054279464,1.1980412311966255,4,13,-0.0599980222721237,-0.2147025138880342,0.6751793909154472
50807,50807,27089,False,2.6853303866471503,0.0171594312456491,1.1106722077259712,4,13,-0.2043826726813272,-0.3602622978265916,0.710877747319959
50807,50807,8239,False,3.3159074013701924,0.0124849436169866,1.7214399075108262,4,13,-0.298264983521042,-0.7720493854834353,0.6619240896301108
50807,50807,65082,False,-2.6222654811670942,0.03033302846162,-1.3225952544319952,4,13,-0.7254891675432653,-0.3912945445672936,0.7689044219165413
50807,50807,57418,False,2.7172586942038373,0.0369847184038111,1.4997674023596723,4,13,-0.6835829151672703,-1.220581728484981,0.7836483879259681
50807,50807,55339,False,-3.1246595105380037,0.0071713177630867,-1.3592992957162495,4,13,-2.0054211540214624,-1.7973347783505156,0.5941524798038766
50807,50807,4904,False,-3.1044411595496406,0.0271877218361342,-1.7836056387903112,4,13,-1.3931002371497072,-1.0229835790329338,0.7578267072412546
51105,"51105, 54108, 5747, 83696",22985,False,2.167242051801741,0.0483713844698237,1.0118512633020993,5,12,-0.4082431353438675,-0.6205797605433688,0.8037156778640308
51105,"51105, 54108, 5747, 83696",60,False,-2.4976813796317705,0.0281051608564211,-1.0328076801583117,5,12,-0.6868846255250268,-0.4664841699840467,0.7586792529741281
51105,"51105, 54108, 5747, 83696",102157402,False,-3.345271017232012,0.0052214478589895,-1.5811818873219523,5,12,-1.4370207296789073,-0.9018961945392632,0.5679220261202397
51105,"51105, 54108, 5747, 83696",55122,False,2.436518705275861,0.0369838301869697,1.2432966945903825,5,12,-0.8813454699766977,-1.1762906655178094,0.7836483879259681
51105,"51105, 54108, 5747, 83696",79087,False,2.170614622219696,0.0477433352824603,1.0079549299409805,5,12,-0.0309523150703136,-0.1855343567071662,0.8019982402475438
51105,"51105, 54108, 5747, 83696",364,False,2.670676713265084,0.017549030591484,1.1703263856487789,5,12,-0.2687525155082148,-0.4549019512317593,0.7128658384945291
51105,"51105, 54108, 5747, 83696",382,False,3.112304679622408,0.0076258398916757,1.4417376025052344,5,12,-0.0405366585716063,-0.3318808944562259,0.6024215543479616
51105,"51105, 54108, 5747, 83696",9411,False,2.3672306175192595,0.0318247345164017,1.059018701456356,5,12,-0.2959856390095695,-0.6623972406172165,0.7715553047120207
51105,"51105, 54108, 5747, 83696",285598,False,-3.857517892641614,0.0015514002236939,-1.7075761321511038,5,12,-0.4406685687352783,-0.1792926998493327,0.3942663363598785
51105,"51105, 54108, 5747, 83696",55723,False,2.176788679808863,0.0464580524085002,0.9954140236007548,5,12,-0.0608812167960337,-0.202466759557425,0.7995042552919458
51105,"51105, 54108, 5747, 83696",84126,False,3.5533126604620717,0.0072729386280838,1.8611977754546445,5,12,-0.3801786320649037,-0.6924984115535017,0.5963678797152245
51105,"51105, 54108, 5747, 83696",672,False,2.4339349035527147,0.0424692924467378,1.2935315147500264,5,12,-0.1459908564511976,-0.5197820774030092,0.7975356290297795
51105,"51105, 54108, 5747, 83696",25855,False,2.8013281159328884,0.031980364794629,1.583349052812708,5,12,-0.1454465255979529,-0.3776126665896702,0.7715553047120207
51105,"51105, 54108, 5747, 83696",705,False,-2.512831068194871,0.0457439746626081,-1.411256021857059,5,12,-1.6732203326043775,-1.2502809548526292,0.7982670741340606
51105,"51105, 54108, 5747, 83696",763,False,-2.680246765213778,0.0337729386017259,-1.4757537992730858,5,12,-0.4738310221636885,-0.307393672491663,0.7756390828061696
51105,"51105, 54108, 5747, 83696",892,False,-2.494162650936062,0.0269773327544192,-1.18284852211543,5,12,-0.4707259003160364,-0.1439735114489361,0.7578267072412546
51105,"51105, 54108, 5747, 83696",8812,False,-2.4464395743868144,0.0298707648377363,-1.166419384484828,5,12,-1.8146012041183488,-1.5343832557587471,0.7683489996775338
51105,"51105, 54108, 5747, 83696",55839,False,2.305579935213519,0.0368455800652355,1.0664336799217795,5,12,-1.143570847510238,-1.3428507635818832,0.7836483879259681
51105,"51105, 54108, 5747, 83696",10428,False,2.510836807773277,0.0332554364642425,1.2874300111216272,5,12,-0.1689218229892614,-0.4787223345699951,0.7722938751587749
51105,"51105, 54108, 5747, 83696",80790,False,-2.556038977211119,0.044966392654362,-1.45241967839765,5,12,-0.5346776136905429,-0.1886072795533889,0.7982670741340606
51105,"51105, 54108, 5747, 83696",23070,False,2.218478276882694,0.0473538883580496,1.0794483928416585,5,12,-0.7014103894852182,-0.9071580602107848,0.8015763446676192
51105,"51105, 54108, 5747, 83696",9125,False,2.606872886524872,0.0307359023134349,1.3641754077524044,5,12,-0.281047229076822,-0.5841895586715126,0.7689044219165413
51105,"51105, 54108, 5747, 83696",91949,False,2.8585392169085813,0.0120274707026852,1.253582195372872,5,12,-0.1574418127323458,-0.3579874085142007,0.657925487597981
51105,"51105, 54108, 5747, 83696",55352,False,2.3626380466979677,0.0320991974847827,1.043896862174232,5,12,-0.0742941779642154,-0.2454330772329745,0.7715553047120207
51105,"51105, 54108, 5747, 83696",10987,False,2.4748510665362566,0.0270372350738046,1.154700439167048,5,12,-1.712158886374055,-2.020508697048035,0.7578267072412546
51105,"51105, 54108, 5747, 83696",53981,False,3.0984695009187515,0.0130781392449068,1.595865863572856,5,12,-1.3807416765581522,-1.697700541701369,0.672253504000227
51105,"51105, 54108, 5747, 83696",6997,False,-2.372516328404797,0.0315633822439647,-1.0413846571510434,5,12,-0.6750974560727219,-0.4652593812233982,0.7715232790997226
51105,"51105, 54108, 5747, 83696",1642,False,3.776643725378493,0.001855984538306,1.653490417427514,5,12,-1.7543691999999091,-2.1732493778405293,0.4307103388785784
51105,"51105, 54108, 5747, 83696",8886,False,-2.566854887983471,0.0272122690223471,-1.2768798215934731,5,12,-1.785249200358508,-1.5675902696739936,0.7578267072412546
51105,"51105, 54108, 5747, 83696",54555,False,-2.428018294234679,0.0432557428243387,-1.294026886957608,5,12,-1.8544287296285449,-1.295945312339415,0.7982670741340606
51105,"51105, 54108, 5747, 83696",5977,False,3.734616880192865,0.0045832250518559,1.9111343176736255,5,12,-0.0080206342333156,-0.4666176227685839,0.5463305204322857
51105,"51105, 54108, 5747, 83696",8655,False,-2.900229064465621,0.0122442278172111,-1.2212684807341474,5,12,-0.7594370100810582,-0.4262930730996727,0.66067505824945
51105,"51105, 54108, 5747, 83696",1859,False,2.2561228539816813,0.0460129123575729,1.1159502567316888,5,12,0.119659638016873,-0.109189931911779,0.7982670741340606
51105,"51105, 54108, 5747, 83696",10209,False,-3.027982875672079,0.0187372326559173,-1.6322496536757565,5,12,-1.396846552848907,-0.8233474501821987,0.7134390816796584
51105,"51105, 54108, 5747, 83696",8662,False,-2.681390096474987,0.0436723801892555,-1.5798688766231352,5,12,-2.2769976592873493,-1.7819636246596022,0.7982670741340606
51105,"51105, 54108, 5747, 83696",1973,False,-3.600689435946385,0.0042939225783155,-1.7783564518748451,5,12,-1.3256127971998182,-0.7848786830906392,0.5373081927011933
51105,"51105, 54108, 5747, 83696",56943,False,3.543126932592671,0.0056492050396389,1.791601619330625,5,12,-0.5059829026223203,-0.8230742688788121,0.5719910058128671
51105,"51105, 54108, 5747, 83696",10640,False,-2.7013144394753525,0.0198921700677952,-1.3159151714591208,5,12,-0.6682070262151478,-0.5217000704360236,0.7216794556471057
51105,"51105, 54108, 5747, 83696",91442,False,2.264548583361371,0.0440689826764885,1.1067835806272313,5,12,-0.3309495082281133,-0.6005443055834118,0.7982670741340606
51105,"51105, 54108, 5747, 83696",2188,False,2.283032510603698,0.0375686015148879,1.0001407513663991,5,12,-0.1279584181694586,-0.39383866324939,0.7855967493217224
51105,"51105, 54108, 5747, 83696",26268,False,3.664606979115477,0.0055171391467485,1.8929475122238404,5,12,-0.0806634641016958,-0.2764328189504706,0.571156009807942
51105,"51105, 54108, 5747, 83696",2395,False,2.3542588397262887,0.0350346030276406,1.1162155638619304,5,12,-0.5099666193958571,-0.7200494355488115,0.7760302177369495
51105,"51105, 54108, 5747, 83696",199720,False,2.267559597658168,0.0395394252013732,0.9715401979011768,5,12,-0.1221843396726727,-0.2950817987693967,0.7922666421895971
51105,"51105, 54108, 5747, 83696",80273,False,2.583638017857386,0.0385808198606758,1.4217853268837397,5,12,-1.207239500558669,-1.5631083219291977,0.7891616186922428
51105,"51105, 54108, 5747, 83696",10767,False,2.5120537893157504,0.0349250058626998,1.3067615297022093,5,12,-0.1667853758713461,-0.3373473829629143,0.7760302177369495
51105,"51105, 54108, 5747, 83696",3297,False,-2.3084393304586914,0.0356437857563231,-1.0285973392496657,5,12,-0.356629973440326,-0.1964288265505889,0.7792678241219885
51105,"51105, 54108, 5747, 83696",10525,False,2.555120713662024,0.0277838559997384,1.271162995734457,5,12,-0.8062508958407063,-1.180408710890442,0.7581377630197409
51105,"51105, 54108, 5747, 83696",3562,False,2.5930695677931803,0.0323990466140359,1.3679347195411622,5,12,0.201561396795928,-0.1144349402178769,0.7715553047120207
51105,"51105, 54108, 5747, 83696",10989,False,-2.794874550342934,0.0136064335005623,-1.2466271031733611,5,12,-0.5307438209607777,-0.4086501674566526,0.6751793909154472
51105,"51105, 54108, 5747, 83696",54891,False,2.3537400425869177,0.0358198293153895,1.127210618690052,5,12,0.1962299137626462,-0.0123157373477966,0.7792678241219885
51105,"51105, 54108, 5747, 83696",3633,False,-2.8229795547578425,0.0277099869726639,-1.5543227245330988,5,12,-0.3964023607040158,-0.2142107894135682,0.7581377630197409
51105,"51105, 54108, 5747, 83696",9798,False,2.137705228881516,0.0498924175868168,0.9265379295755156,5,12,-0.2037258344301325,-0.401355964309463,0.8046714497212784
51105,"51105, 54108, 5747, 83696",3688,False,2.537500383432693,0.0242123776766744,1.189651049755222,5,12,0.1039836644096793,-0.3995647107924704,0.7555168658866813
51105,"51105, 54108, 5747, 83696",10300,False,2.661449952968864,0.0177817182155226,1.1800032377493297,5,12,-0.2858511892485283,-0.502490315453321,0.7134390816796584
51105,"51105, 54108, 5747, 83696",9493,False,2.962352490250354,0.0165896190119544,1.5316131760633105,5,12,-1.811781680133111,-2.187276611065652,0.7049997375906594
51105,"51105, 54108, 5747, 83696",113251,False,2.4996883047732745,0.0389687042945818,1.33380529133101,5,12,-0.0993124228025104,-0.2862352061067758,0.7897130757303121
51105,"51105, 54108, 5747, 83696",79165,False,2.8292509980894773,0.0134078225164343,1.3124838085015658,5,12,-0.1794576661105841,-0.4030823401389699,0.6751793909154472
51105,"51105, 54108, 5747, 83696",8379,False,2.544271685658348,0.0226445116109044,1.1097543504490135,5,12,-0.0362369560418431,-0.2225740450892283,0.7437444055477078
51105,"51105, 54108, 5747, 83696",643246,False,2.739179010719001,0.0167994388490609,1.2949003366818803,5,12,0.1194503091623851,-0.1753853169064305,0.7070974930710524
51105,"51105, 54108, 5747, 83696",9441,False,2.4648585624981685,0.0307905488400267,1.2041928584427002,5,12,-0.4932471116098257,-0.7536257228334534,0.7690631820319243
51105,"51105, 54108, 5747, 83696",55090,False,2.356465892748257,0.0408439299666302,1.1889392915144783,5,12,-0.512864627810242,-0.7564314089547649,0.7950058640262805
51105,"51105, 54108, 5747, 83696",56257,False,2.303037101680516,0.045670332084419,1.1710695970587557,5,12,-0.8348679364465287,-1.1057593640276544,0.7982670741340606
51105,"51105, 54108, 5747, 83696",56339,False,2.4561407091590297,0.0305898876826481,1.1903934962375444,5,12,-0.4185351860868529,-0.6040762163821839,0.7689044219165413
51105,"51105, 54108, 5747, 83696",4331,False,2.5243930665780567,0.0257891838326376,1.202915295879198,5,12,-0.4626668558556299,-0.6359049632864721,0.7568854103964252
51105,"51105, 54108, 5747, 83696",65003,False,2.337642130643727,0.0340711661185112,1.0649625166185102,5,12,-0.1143621574677936,-0.307801312882929,0.7760302177369495
51105,"51105, 54108, 5747, 83696",27085,False,2.332670254864508,0.042805205270084,1.1797290463199603,5,12,-1.6017480698543691,-1.8076414433226,0.7975356290297795
51105,"51105, 54108, 5747, 83696",4609,False,-2.728125013925021,0.0156442523264155,-1.1955358180543116,5,12,-2.015709954975625,-1.4944335249661886,0.6969395197566322
51105,"51105, 54108, 5747, 83696",440145,False,2.755310787032235,0.0248869362563875,1.448817030766228,5,12,-1.103770438180277,-1.494158458002089,0.7568854103964252
51105,"51105, 54108, 5747, 83696",25983,False,-2.191337237542736,0.0460544001267655,-1.01975580145406,5,12,-0.8006222739407283,-0.6090653575240418,0.7982670741340606
51105,"51105, 54108, 5747, 83696",55216,False,2.166384537333343,0.0487961254245974,1.0167705598157677,5,12,-0.2369286933612434,-0.3938019495336726,0.8037156778640308
51105,"51105, 54108, 5747, 83696",8602,False,-2.685527681267246,0.0321396279784025,-1.4634029262091337,5,12,-1.3545254439069585,-1.0240131303077409,0.7715553047120207
51105,"51105, 54108, 5747, 83696",10412,False,-3.269659401246189,0.0054536604596801,-1.406043143013894,5,12,-1.5015209698739258,-1.2782501621520843,0.571156009807942
51105,"51105, 54108, 5747, 83696",286053,False,2.769756034971417,0.0147207524276002,1.194535617883257,5,12,-0.3185445213245661,-0.522788566744124,0.6865339775569129
51105,"51105, 54108, 5747, 83696",9818,False,2.484441714063912,0.0461668297482143,1.3832373381226053,5,12,-0.461997502101283,-0.8336566885414468,0.7985756355739816
51105,"51105, 54108, 5747, 83696",11054,False,-2.252881138099867,0.0498201651420898,-1.1471645205852168,5,12,-0.3534881497539917,-0.1536210323608732,0.8046714497212784
51105,"51105, 54108, 5747, 83696",26986,False,2.2085258719563803,0.044161654441475,1.0194281413502828,5,12,-0.7337654760066388,-1.1137827939435287,0.7982670741340606
51105,"51105, 54108, 5747, 83696",5062,False,-2.715493900059214,0.0424176110798578,-1.605078995010446,5,12,-0.7981829923413972,-0.2299271593927795,0.7975356290297795
51105,"51105, 54108, 5747, 83696",5134,False,-3.636409093588661,0.0032479650552772,-1.7424885441897788,5,12,-1.469553092843502,-0.7641561691899558,0.5028055018374575
51105,"51105, 54108, 5747, 83696",9409,False,2.418466415449084,0.0308047648937311,1.14188896008345,5,12,-0.01558830924425,-0.17875609922174,0.7691433693191568
51105,"51105, 54108, 5747, 83696",11331,False,2.401299287847966,0.0389384756185631,1.2226439517137022,5,12,-1.9702846350880892,-2.382290263629198,0.7897130757303121
51105,"51105, 54108, 5747, 83696",94005,False,-3.1894615158546027,0.0070046127451659,-1.5050363554993544,5,12,-0.4710229277834681,-0.2677522679370524,0.592252413130497
51105,"51105, 54108, 5747, 83696",84172,False,-2.4742605311485844,0.0388395133823621,-1.3044044523683809,5,12,-1.7702957922255762,-1.3449486644715365,0.7897130757303121
51105,"51105, 54108, 5747, 83696",5438,False,2.4540066734398707,0.0487052701244147,1.371088331404224,5,12,-1.412946348397416,-1.90217355719326,0.8037156778640308
51105,"51105, 54108, 5747, 83696",5441,False,3.4595660702064888,0.0036380753775599,1.4979011257356607,5,12,-2.124597309841279,-2.7102559221821374,0.5071411507405079
51105,"51105, 54108, 5747, 83696",51645,False,2.9384443051225277,0.0104946935321077,1.345950167283992,5,12,-0.4241939448750392,-0.9903354687560996,0.6395996002548902
51105,"51105, 54108, 5747, 83696",8493,False,-2.7064963159244484,0.0492881551217887,-1.6657861446114837,5,12,-0.5271722149528806,-0.1542331966120364,0.8046714497212784
51105,"51105, 54108, 5747, 83696",10848,False,-2.7686681336220254,0.0405715917368936,-1.644532124814539,5,12,-0.3252166014287573,-0.0889701857524806,0.7950058640262805
51105,"51105, 54108, 5747, 83696",8575,False,2.6449228551161803,0.0186203140812682,1.201792395110321,5,12,-0.5020396244722498,-0.7885434856756897,0.7134390816796584
51105,"51105, 54108, 5747, 83696",8559,False,2.6305367908105337,0.031531745912503,1.3984206224293194,5,12,-0.5798926600193779,-0.8866993941422473,0.7710891626210068
51105,"51105, 54108, 5747, 83696",10197,False,-2.68653353994999,0.0385000545968521,-1.5325686365072453,5,12,-0.4691917939611672,-0.1749690210355836,0.7891616186922428
51105,"51105, 54108, 5747, 83696",84262,False,2.3078980345010542,0.0358409302005196,1.0418250492559484,5,12,-0.9571420382096338,-1.1394055019602627,0.7792678241219885
51105,"51105, 54108, 5747, 83696",118672,False,2.867908536602175,0.0136329466035873,1.370786138423839,5,12,-0.3973411088162075,-0.6915415213827537,0.6751793909154472
51105,"51105, 54108, 5747, 83696",29127,False,2.500398088187392,0.0260159146738097,1.172775617824465,5,12,-1.184210316745982,-1.6203665264645248,0.7568854103964252
51105,"51105, 54108, 5747, 83696",57038,False,2.2805473811249786,0.0392236215999435,0.9673366163968192,5,12,-0.1769494731495424,-0.398236597588719,0.7920195618927413
51105,"51105, 54108, 5747, 83696",8241,False,2.530776067832702,0.0290508489406194,1.2598686056427617,5,12,-0.3225186266887909,-0.6358731350923255,0.763317058156293
51105,"51105, 54108, 5747, 83696",5980,False,2.464463718390641,0.042733389753217,1.3301024375816493,5,12,-0.3140255406527983,-0.6336466643350188,0.7975356290297795
51105,"51105, 54108, 5747, 83696",114822,False,-4.961018300401877,0.0012604371886743,-2.6330611992775994,5,12,-0.4746442540068722,-0.2313342764597092,0.3748120081084212
51105,"51105, 54108, 5747, 83696",6047,False,4.127234921573757,0.0009974687813358,1.9038543944969253,5,12,-0.3468483203335341,-0.8452620801167448,0.3424241293940285
51105,"51105, 54108, 5747, 83696",6154,False,-2.80437992086676,0.0221356318863701,-1.4613728040824938,5,12,-2.195340886598687,-1.6764528468387043,0.7402785531872726
51105,"51105, 54108, 5747, 83696",6160,False,-2.317262647264001,0.0352463314690814,-1.0483497408505662,5,12,-2.775538041592187,-2.3387772511519933,0.7774652750207032
51105,"51105, 54108, 5747, 83696",25873,False,-3.1103143459853126,0.0239271116024099,-1.7944902389663235,5,12,-2.336319368749016,-1.893575222732637,0.7544104754566708
51105,"51105, 54108, 5747, 83696",6173,False,-2.7945834195319685,0.0410423943937203,-1.853803421351728,3,7,-1.7552736000935,-0.8895341635855578,0.7950058640262805
51105,"51105, 54108, 5747, 83696",6175,False,-3.1041290510307937,0.0083891393078403,-1.4703132834832466,5,12,-1.7480034207533524,-1.3958849611008832,0.6118431005322945
51105,"51105, 54108, 5747, 83696",6176,False,-2.623506672045183,0.0261544806718859,-1.32599126553586,5,12,-1.5981655765894984,-1.3341175289180696,0.7568854103964252
51105,"51105, 54108, 5747, 83696",6205,False,-2.445986011707752,0.0274557163003191,-1.1070545559802176,5,12,-2.6555390992857326,-2.3135161234058144,0.7578267072412546
51105,"51105, 54108, 5747, 83696",6218,False,-2.5265688056406383,0.0474328404502463,-1.4984183808959677,3,9,-1.762474649375463,-1.48223231151642,0.8015763446676192
51105,"51105, 54108, 5747, 83696",6223,False,-2.448525705693817,0.0424893337120899,-1.3100759549432823,5,12,-3.186943052733326,-2.732246733124771,0.7975356290297795
51105,"51105, 54108, 5747, 83696",6228,False,-2.15879664140542,0.0476654103338392,-0.9747832557399342,5,12,-2.426359390619861,-2.1164891957369494,0.8019982402475438
51105,"51105, 54108, 5747, 83696",6233,False,-2.5799094532622115,0.0277835001525216,-1.299194269352672,5,12,-2.200520317301392,-1.8115615504179847,0.7581377630197409
51105,"51105, 54108, 5747, 83696",6235,False,-2.321785825008156,0.0448393768930727,-1.1858997589308782,5,12,-3.2637785252830733,-2.856855878021605,0.7982670741340606
51105,"51105, 54108, 5747, 83696",9919,False,2.301453377634975,0.0425042017243179,1.138196648703717,5,12,-0.3976687283366571,-0.6678274202264477,0.7975356290297795
51105,"51105, 54108, 5747, 83696",26054,False,2.786607497505816,0.0234520130356466,1.4616883844521775,5,12,-1.0438380422850413,-1.4195799025071112,0.7486042675123634
51105,"51105, 54108, 5747, 83696",83443,False,2.435233722487136,0.0445105284123454,1.3133791532494357,5,12,-2.5851837913738853,-2.980775739059464,0.7982670741340606
51105,"51105, 54108, 5747, 83696",8773,False,-2.576996174467252,0.0244728029071967,-1.2478698224753615,5,12,-1.085599561255585,-0.4729482670456358,0.7555168658866813
51105,"51105, 54108, 5747, 83696",6618,False,4.3586063489738,0.0006749170891213,2.029264041748107,5,12,-0.9233364387828412,-1.535971974324141,0.305714791791246
51105,"51105, 54108, 5747, 83696",6619,False,2.202806474964873,0.0442830584528037,0.9510825154127788,5,12,-1.1550849347793852,-1.4397616461225722,0.7982670741340606
51105,"51105, 54108, 5747, 83696",10302,False,2.7141403760860507,0.0160753570935711,1.2215434151132598,5,12,-1.0238050214619825,-1.3499310293475124,0.7006015786627908
51105,"51105, 54108, 5747, 83696",6632,False,2.450885741050666,0.039631797857422,1.2859622872615577,5,12,-2.3498261795510627,-2.887921698128212,0.7924614775352322
51105,"51105, 54108, 5747, 83696",55133,False,3.05271964482083,0.0098100582527742,1.4660229018226298,5,12,-1.1715059985955585,-1.5531185178448217,0.6262169779905742
51105,"51105, 54108, 5747, 83696",58477,False,2.5190895939089444,0.024676620456817,1.0733399809311268,5,12,-0.5612101936225014,-0.7253777436202165,0.7565513926553379
51105,"51105, 54108, 5747, 83696",6432,False,3.339601088208048,0.0062643340274937,1.6287880938521135,5,12,-1.8660882777969952,-2.2873456143766897,0.5851271518693187
51105,"51105, 54108, 5747, 83696",8464,False,4.868873707995739,0.0002118040976253,2.12668688996955,5,12,0.0924779179959408,-0.3405836852351526,0.1923967907372225
51105,"51105, 54108, 5747, 83696",9913,False,2.5405474724619257,0.0228437429857127,1.1521855724769017,5,12,0.2313480341368306,-0.1340705486880011,0.7453439108532166
51105,"51105, 54108, 5747, 83696",79101,False,-2.2169276725572287,0.0462581211227742,-0.9205752146275284,5,12,-0.8451267599345889,-0.6957069680369794,0.7988508662989463
51105,"51105, 54108, 5747, 83696",6874,False,-2.5836425374316616,0.0293045696129711,-1.322286017644825,5,12,-0.4675270914271482,-0.2534047923334538,0.7651431091840752
51105,"51105, 54108, 5747, 83696",6879,False,2.8425454578165694,0.0126680015845018,1.2291750871049163,5,12,-0.6270034140752313,-0.8187551390389665,0.6644475108483053
51105,"51105, 54108, 5747, 83696",10607,False,-2.943766084951732,0.0102358227573018,-1.2800796776329404,5,12,-1.4409063823533566,-1.127086243172155,0.6318980833454332
51105,"51105, 54108, 5747, 83696",10469,False,2.6911485837077924,0.0195550191155105,1.297420629038044,5,12,-0.7543222129133623,-0.981963803043398,0.7184661664939466
51105,"51105, 54108, 5747, 83696",9804,False,2.2723474528618466,0.0398107789538329,1.0619748532811872,5,12,-0.4626772160630164,-0.6802534030170987,0.7937271295907964
51105,"51105, 54108, 5747, 83696",7186,False,2.399920773780759,0.0307396100497767,1.1093214512962215,5,12,-0.2805222765903624,-0.5756813975914273,0.7689044219165413
51105,"51105, 54108, 5747, 83696",10293,False,3.15130164693057,0.0066155250060662,1.3866642011257453,5,12,-0.4388519296597429,-0.8395448525257944,0.5853481090725166
51105,"51105, 54108, 5747, 83696",9319,False,3.2846234158813123,0.0053664435523407,1.4069963195679198,5,12,-0.1894604136496532,-0.4072091832831534,0.5707131014504023
51105,"51105, 54108, 5747, 83696",9819,False,-2.511805098792396,0.0291261902419446,-1.2386441645269548,5,12,-0.5943143200361762,-0.3615753978062027,0.7640338006288329
51105,"51105, 54108, 5747, 83696",10844,False,3.706365267199911,0.0027431014791362,1.765830523546179,5,12,-0.8737913037278501,-1.596966583318977,0.4749735707662604
51105,"51105, 54108, 5747, 83696",85378,False,2.3657588606876523,0.04288234451527,1.2195419758925783,5,12,-0.8362246227104956,-1.055980991561608,0.7975356290297795
51105,"51105, 54108, 5747, 83696",10907,False,2.527773229670608,0.0462147329757032,1.4322468371603727,5,12,-1.8479309891596665,-2.4352805620775198,0.7987406983602949
51105,"51105, 54108, 5747, 83696",3093,False,4.243158242118128,0.001065255519278,1.7652462070254156,5,12,-0.0048535242067158,-0.2449059484613885,0.3515674954090586
51105,"51105, 54108, 5747, 83696",8239,False,3.2667066218611005,0.0088850398418904,1.6513330315130046,5,12,-0.3351665859087125,-0.7961557513187721,0.613409593830681
51105,"51105, 54108, 5747, 83696",51542,False,-2.485098845575749,0.0376063003565174,-1.3043213274708256,5,12,-0.5857999795119471,-0.3496455374386966,0.7855967493217224
51105,"51105, 54108, 5747, 83696",55759,False,-3.973742765706692,0.0020094093087459,-1.9367201493501265,5,12,-1.5337609983327662,-1.2151082844711,0.4446762191621244
51105,"51105, 54108, 5747, 83696",79446,False,2.515405062369174,0.0366097138166593,1.3277960005927585,5,12,-0.6346099107421634,-0.876049580877113,0.7828467321786678
51105,"51105, 54108, 5747, 83696",51441,False,2.294171217143743,0.0434206989987769,1.138445230447082,5,12,-0.0194604015492099,-0.243247710269984,0.7982670741340606
51105,"51105, 54108, 5747, 83696",7534,False,-2.7442428273810227,0.0348695759593509,-1.7485875180391914,3,7,-0.8093414846141066,-0.5958700058740406,0.7760302177369495
51290,"51290, 55297",47,False,-3.3405377163684724,0.0113694487168206,-1.717345228400478,4,13,-0.6711701604026546,-0.2754997963498467,0.6476956922501441
51290,"51290, 55297",134637,False,-2.437808901458139,0.0410325495430551,-1.235068557054994,4,13,-0.4655730401085904,-0.1743824520247166,0.7950058640262805
51290,"51290, 55297",191,False,2.470913219743101,0.0288177846004333,1.129763406642323,4,13,-0.0849692331838821,-0.34029605495744,0.7616224411069574
51290,"51290, 55297",5832,False,2.791831164150532,0.0147498515810344,1.122908987617495,4,13,-0.0029637612866521,-0.2043121946507662,0.6865339775569129
51290,"51290, 55297",144245,False,2.9904471463343363,0.0167851347963593,1.5015129503024758,4,13,-0.2779534499594186,-0.4511605024470073,0.7070974930710524
51290,"51290, 55297",79053,False,2.178171110242169,0.0466337132030304,0.9558365638494748,4,13,-0.2216614026368763,-0.3699950780476829,0.8009683441528059
51290,"51290, 55297",10139,False,2.3189871797560406,0.03612185491379,0.938863537721989,4,13,-0.5634481764724838,-0.8138689484482874,0.7797765726372132
51290,"51290, 55297",7984,False,3.456770634568035,0.009646906730887,1.7771111233256298,4,13,-0.2681002890101759,-0.4781349377814162,0.6229602688458178
51290,"51290, 55297",514,False,-2.753066848057405,0.0360088187245875,-1.638320518422948,3,9,-1.0569207101206746,-0.7767367619201324,0.7796788016191679
51290,"51290, 55297",522,False,-3.225315842766312,0.0061361293247737,-1.427808993339745,4,13,-0.4898109571530745,-0.3231005708887145,0.5814955949380457
51290,"51290, 55297",527,False,2.790801347400921,0.0292838888364492,1.4864796086892749,4,13,-1.4782305769082202,-2.2148189242639797,0.7650310867873422
51290,"51290, 55297",526,False,2.8322222031151565,0.028141977870208,1.514743502842936,4,13,-0.7571530686140869,-1.7657255907517824,0.7586792529741281
51290,"51290, 55297",84126,False,2.384515391901321,0.0315134090702586,1.0468489992996306,4,13,-0.4599974990571138,-0.6439141617490833,0.7710891626210068
51290,"51290, 55297",580,False,-2.603377989258065,0.0302092256553226,-1.3009319135616906,4,13,-0.8497405457361596,-0.5336002481763437,0.7688185734422155
51290,"51290, 55297",55290,False,3.983596336572052,0.001327427620132,1.7524216527903258,4,13,-1.5557348169698286,-2.0233766048352355,0.3748120081084212
51290,"51290, 55297",91408,False,-3.092707242249106,0.0075077324629167,-1.2851923341924618,4,13,-0.7283039241832687,-0.5221735298805906,0.599751615526626
51290,"51290, 55297",114049,False,-2.1485050605572136,0.048485774241214,-0.9175824427928893,4,13,-1.5846872174703728,-1.392930630291872,0.8037156778640308
51290,"51290, 55297",28974,False,2.1616772132050563,0.0474096068733035,0.8983535032073553,4,13,-0.5252474015240043,-0.7657953366339131,0.8015763446676192
51290,"51290, 55297",23523,False,2.3986178953168267,0.0488148922843438,1.262129093364736,4,13,0.0196779832327559,-0.1874288279163079,0.8037156778640308
51290,"51290, 55297",819,False,3.003416004485925,0.0124311322225295,1.4242225716053094,4,13,-0.2614100021070954,-0.4746263570630398,0.6614171738249465
51290,"51290, 55297",1000,False,2.279170056364592,0.0394654584046285,0.9156568455227794,4,13,-0.0122118810251272,-0.2585931901698616,0.7920294554796992
51290,"51290, 55297",1062,False,-2.5006699193326045,0.0250278571763395,-1.09304641360676,4,13,-1.102832262063545,-0.8866247264262763,0.7568854103964252
51290,"51290, 55297",2491,False,-3.1658513665269106,0.0278051381047197,-1.8582482754514176,4,13,-1.0611994150939277,-0.6395682322501758,0.7581377630197409
51290,"51290, 55297",149465,False,-2.574492393095057,0.0211523819321117,-1.0922481732574234,4,13,-0.3495080831636119,-0.2125444192333327,0.7324479075202417
51290,"51290, 55297",9793,False,-2.6565622958402577,0.0220490646390223,-1.2456851607412704,4,13,-2.408443393046939,-2.034856596098201,0.7398212951771879
51290,"51290, 55297",4849,False,2.265767440559133,0.0467210177980531,1.087423365120838,4,13,-1.2849974755863216,-1.6387670577104434,0.8013944858587448
51290,"51290, 55297",9125,False,-2.622007885211693,0.0194033098029225,-1.0875775835597747,4,13,-0.6634031143866043,-0.4432229532227572,0.7181353628805818
51290,"51290, 55297",65260,False,-2.770399177005406,0.0484953428851673,-1.6917249299470047,4,13,-0.6130495602037831,-0.3096792534382691,0.8037156778640308
51290,"51290, 55297",9382,False,4.093550491288441,0.0012866906604857,1.6276976305627404,4,13,-0.4120101863070513,-0.6551294414008643,0.3748120081084212
51290,"51290, 55297",1350,False,-2.5980612846757207,0.0297983413532075,-1.2902787434559553,4,13,-0.5832444052216732,-0.3446973215850115,0.767444887438343
51290,"51290, 55297",1399,False,2.4280237509444893,0.035324225058618,1.1643966671388708,4,13,-0.5751704695461974,-1.0593997845218708,0.7788232228076589
51290,"51290, 55297",1603,False,3.7413600302681327,0.0068564555177817,1.9369273925341564,4,13,-1.6360632551891972,-2.208760139814221,0.5886245462020716
51290,"51290, 55297",10540,False,-2.9760155605410046,0.0350063782682771,-1.7589779642802807,4,13,-1.2423358894969243,-0.9202747659842916,0.7760302177369495
51290,"51290, 55297",51164,False,-3.662476318777892,0.0087208182034791,-1.9323351061646168,4,13,-1.0419616539700076,-0.8521709101985867,0.613409593830681
51290,"51290, 55297",51202,False,3.395736905719886,0.0039926430364209,1.43398589210788,4,13,-1.3105350897906654,-1.7403166454441872,0.5281751736072039
51290,"51290, 55297",79947,False,2.983510000638455,0.0182778443389744,1.520967433620987,4,13,-1.8786637471324583,-2.35722707932483,0.7134390816796584
51290,"51290, 55297",1738,False,2.6525243184063365,0.0187405715584587,1.1656335695199629,4,13,-0.0127795737176291,-0.2872265828383907,0.7134390816796584
51290,"51290, 55297",8818,False,2.7739265431989537,0.0141905229404535,1.176091604158143,4,13,-0.266278226852892,-0.5140760484313671,0.6787506880374049
51290,"51290, 55297",1841,False,2.625593668423327,0.0361535207156884,1.3915465419378998,4,13,-0.7016233274711603,-1.3743210667789103,0.7797765726372132
51290,"51290, 55297",9343,False,-2.3494174579082445,0.0330730459003272,-0.976924209590348,4,13,-2.074638525983904,-1.8583058382391775,0.7722938751587749
51290,"51290, 55297",1968,False,3.064763695013964,0.008005676464175,1.3249286912582423,4,13,-1.5915696574107063,-1.8308774341171163,0.606753867466964
51290,"51290, 55297",55140,False,-3.4212813722447617,0.0037886816887402,-1.4453791232489983,4,13,-1.109174012185439,-0.7563997636541205,0.5147583596607811
51290,"51290, 55297",23587,False,-3.0136388854559213,0.0118167199954693,-1.4190757889993155,4,13,-1.231218657496071,-0.8462824202362863,0.6546611196186353
51290,"51290, 55297",2033,False,-2.7054354859386898,0.0198756333166484,-1.2627535111042818,4,13,-0.5057054549416056,-0.1664084088000862,0.7216284850051813
51290,"51290, 55297",51013,False,-3.0979440068275323,0.0123285580677847,-1.5144059077834018,4,13,-0.9357361914079044,-0.5542674845011545,0.66067505824945
51290,"51290, 55297",54512,False,-2.235264119795544,0.0437543914760117,-1.012914012471035,4,13,-1.4917510338961983,-1.242073086734438,0.7982670741340606
51290,"51290, 55297",2271,False,2.14184898799805,0.04919964869257,0.8909226292750847,4,13,-0.0444138412717865,-0.1986403603874194,0.8046230511059362
51290,"51290, 55297",11146,False,-3.025193993033485,0.0326082091092607,-1.7795011519485862,4,13,-0.5983994850110506,-0.2401124578723894,0.7722938751587749
51290,"51290, 55297",2976,False,2.406178584306792,0.0391316241223018,1.1802398240872984,4,13,-0.8463051238705741,-1.03540515817802,0.7911535136557265
51290,"51290, 55297",9328,False,2.7290146367059034,0.0278962352234231,1.4049731419846536,4,13,-0.4899021611678686,-0.820965178284111,0.7584706440635344
51290,"51290, 55297",8338,False,2.608928572375759,0.0334681878614682,1.3443114999379835,4,13,-0.721810354972832,-1.1085642021509117,0.7736039978034098
51290,"51290, 55297",55766,False,2.993882334553444,0.0117093314060275,1.395758453134355,4,13,-0.2881398315892604,-0.4183987629675839,0.6519698308088148
51290,"51290, 55297",8347,False,2.5011876776111337,0.025068114608737,1.0954672990260923,4,13,-1.2743685626280217,-1.534250253941752,0.7568854103964252
51290,"51290, 55297",55559,False,-2.818530169122776,0.0491125058556418,-1.757927211895453,4,13,-1.6712882241677571,-1.109307832044069,0.8041555490371772
51290,"51290, 55297",55355,False,-3.924093353528767,0.0024158444545242,-1.8505167098765205,4,13,-1.2118974919683003,-0.8763599251282339,0.4587117602278026
51290,"51290, 55297",3156,False,3.11120761114514,0.0087230776266876,1.4249480041006122,4,13,-0.7835380304995772,-1.1037866313584808,0.613409593830681
51290,"51290, 55297",3187,False,2.3422198197133226,0.0345772320831686,1.0375510045583864,4,13,-1.0769099126043489,-1.3438553674873392,0.7760302177369495
51290,"51290, 55297",3190,False,2.7737005873867435,0.0234438857133825,1.391563126513668,4,13,-2.071443409064925,-2.4592174349202187,0.7486042675123634
51290,"51290, 55297",3611,False,2.784944835491186,0.0174330864948866,1.3045191536873515,4,13,-0.3175987777435443,-0.66305048648583,0.7128658384945291
51290,"51290, 55297",65123,False,3.213027685324408,0.0069873725873984,1.2731491010782685,4,13,-1.4133711900874937,-1.6789935930504525,0.592252413130497
51290,"51290, 55297",64768,False,2.1685933650074927,0.0499601626538572,0.9892121635783452,4,13,-0.1853730983078458,-0.4532305363282182,0.8047864489426485
51290,"51290, 55297",3685,False,3.178883330202728,0.0079348954652606,1.4662031805999565,4,13,-0.5050857214745791,-0.988233875346178,0.606753867466964
51290,"51290, 55297",3705,False,2.624291857399386,0.0201243375420392,1.0614659817948042,4,13,-0.1010467286211373,-0.2665930412538045,0.7230843984880345
51290,"51290, 55297",3832,False,-2.4262778748012552,0.0445948875980855,-1.2556907639543375,4,13,-2.916767163477287,-2.2890479033849243,0.7982670741340606
51290,"51290, 55297",81930,False,-2.9524130869045804,0.0151281676479139,-1.4327495913184107,4,13,-2.345956885200003,-1.7177603894757132,0.6903445942639606
51290,"51290, 55297",3837,False,2.890914690716122,0.011240736951769,1.2351744922376005,4,13,-1.8021547168844323,-2.106357987008168,0.6462509039920298
51290,"51290, 55297",51520,False,2.716573164829472,0.0166259429806402,1.1977971973859696,4,13,-1.535953255954448,-1.7385103664219712,0.7057257746108082
51290,"51290, 55297",474170,False,2.316916661715834,0.0479517159707138,1.0997100272707088,3,9,-0.2363224395212474,-0.4166395470174073,0.8025850769705906
51290,"51290, 55297",1241,False,3.224308663037624,0.007327180221054,1.488551755645834,4,13,-0.2477961549142064,-0.4040434849139298,0.5963678797152245
51290,"51290, 55297",4144,False,2.575401792947835,0.0220093749604952,1.1384215597899534,4,13,-1.4050896519556193,-1.9029364501830024,0.7398212951771879
51290,"51290, 55297",4174,False,-2.722413930703411,0.0369924286110733,-1.5054564705015303,4,13,-1.933255172166458,-1.4427669593132015,0.7836483879259681
51290,"51290, 55297",4176,False,-3.4946089557693587,0.0041547755503692,-1.5943426256761029,4,13,-2.3009424743535574,-1.894253974286975,0.5320675763623917
51290,"51290, 55297",219541,False,-2.529561030406355,0.0318677466074102,-1.2401111254580852,4,13,-0.7343702855266268,-0.310898177345664,0.7715553047120207
51290,"51290, 55297",9862,False,-2.598708949921804,0.0231101866419526,-1.195596148351709,4,13,-0.4242332157930708,-0.2251526015951366,0.7485525004632818
51290,"51290, 55297",196074,False,-2.603184609666836,0.0326602845168303,-1.3291181603422575,4,13,-0.5350908947791693,-0.3127773857574182,0.7722938751587749
51290,"51290, 55297",125988,False,2.5165883322808784,0.025551125543677,1.133169057043467,4,13,-0.0428789369847166,-0.2135627184119326,0.7568854103964252
51290,"51290, 55297",55320,False,-3.036712203774259,0.0088310313518034,-1.3393380708998694,4,13,-1.068646466241743,-0.8897014984084468,0.613409593830681
51290,"51290, 55297",23041,False,4.533382384905057,0.001094366520888,2.1808110931862537,4,13,-0.0003357136841312,-0.3857101198306617,0.3554597371047544
51290,"51290, 55297",64963,False,-2.696643053748252,0.0328277982274055,-1.4303933205518735,4,13,-0.8599954737399099,-0.4659226445534069,0.7722938751587749
51290,"51290, 55297",4598,False,3.510607033169008,0.0047553610557195,1.6457753555028094,4,13,-0.3138990242579568,-0.858778690684307,0.5491060316385883
51290,"51290, 55297",4605,False,-3.3527748591109257,0.0108304040966352,-1.7149576518888896,4,13,-0.7148752390516995,-0.3846990100055683,0.64579115731803
51290,"51290, 55297",653784,False,3.258535699984808,0.0206945151939389,1.958368354874556,3,9,-0.2152031488003826,-0.4138828549916316,0.7292762103763515
51290,"51290, 55297",10135,False,3.183922697720655,0.0072361502499168,1.2662669988115454,4,13,-0.1381129372678286,-0.4965240585570209,0.595493334501141
51290,"51290, 55297",27158,False,2.5074865475060504,0.0319716963141563,1.2166704122574172,4,13,-0.5511137372978445,-0.8343016820980164,0.7715553047120207
51290,"51290, 55297",51103,False,-2.631753729196447,0.0455689566884393,-1.4969105808000134,4,13,-0.5660692639570745,-0.3935709291160701,0.7982670741340606
51290,"51290, 55297",9631,False,-2.5090496539425016,0.0343686297371549,-1.2458057494060544,4,13,-1.332846741988744,-1.09851285199032,0.7760302177369495
51290,"51290, 55297",8021,False,4.027951847436146,0.0012036630736834,1.7681279965461925,4,13,-1.1326147425924482,-1.367889376322908,0.3748120081084212
51290,"51290, 55297",129401,False,-2.6970095184876675,0.0222743279229842,-1.2941278889519183,4,13,-0.6576128645480067,-0.3865488065323973,0.7425652669255384
51290,"51290, 55297",9688,False,-2.662849539753894,0.017799145876186,-1.1114939840515716,4,13,-1.7655788276518598,-1.528941143077238,0.7134390816796584
51290,"51290, 55297",116150,False,3.416318302035813,0.0164193955617682,1.902584798828029,4,13,-1.2434081637297365,-1.6611424251670937,0.7016422622248645
51290,"51290, 55297",100128731,False,2.522475341327355,0.0347951211882715,1.195739025530898,3,9,-0.2418188351532938,-0.4425487943557595,0.7760302177369495
51290,"51290, 55297",5018,False,-3.7464317948828993,0.0031079412289831,-1.7542122766681143,4,13,-0.8787586640538381,-0.5853947407260521,0.4999281445021685
51290,"51290, 55297",8106,False,3.571347871278499,0.0031401557193736,1.4416308060114809,4,13,-1.3613421794425022,-1.7200078257795848,0.4999281445021685
51290,"51290, 55297",55486,False,-2.19614526697538,0.0475287805941953,-1.001848798683829,4,13,-0.5177671551285996,-0.3521999065239348,0.8019982402475438
51290,"51290, 55297",25973,False,-2.401133285528017,0.040388373289381,-1.1871402143161578,4,13,-0.6735899316962973,-0.3873852395874499,0.7950058640262805
51290,"51290, 55297",94104,False,2.7444299805931163,0.0306673931307886,1.455194695785452,4,13,-0.7392583292266697,-1.0307224234306944,0.7689044219165413
51290,"51290, 55297",5130,False,2.756381452650788,0.021265565765766,1.3413322503727962,4,13,-0.5524835249661124,-0.942469797575447,0.7325802880632503
51290,"51290, 55297",5201,False,-2.573358703754684,0.0476552359771575,-1.4510565406322604,4,13,-0.9524857504539496,-0.4616773166509499,0.8019982402475438
51290,"51290, 55297",5226,False,2.615110409705596,0.0225578954800859,1.2057138906284082,4,13,-0.5402957592340194,-0.8425459653435292,0.743696768553327
51290,"51290, 55297",5238,False,2.716221137378664,0.016370786520079,1.1125666428914025,4,13,-0.0154371297195836,-0.3683597662196153,0.7016422622248645
51290,"51290, 55297",25957,False,3.603372871364806,0.0133867082200952,2.009760748322188,4,13,-0.3818867489707129,-0.5744323612781469,0.6751793909154472
51290,"51290, 55297",5426,False,2.768893021744298,0.0168696080234204,1.2743404856957754,4,13,-1.3618081977794363,-1.7501653018112566,0.7070974930710524
51290,"51290, 55297",27068,False,-2.889714642762298,0.0341924308386388,-1.6533751657064122,4,13,-0.6161555373828295,-0.2790399993574536,0.7760302177369495
51290,"51290, 55297",5520,False,-2.6940183854478885,0.0168375450385142,-1.115872834550362,4,13,-0.3391623137221004,-0.0403553006077096,0.7070974930710524
51290,"51290, 55297",23398,False,-2.5232609940453665,0.0349812213390871,-1.268126358470282,4,13,-2.3169444236916186,-1.9305780131095371,0.7760302177369495
51290,"51290, 55297",5573,False,3.5079737586467035,0.0032911481013928,1.4439296168929658,4,13,0.0127719988006012,-0.2137507725696135,0.5028055018374575
51290,"51290, 55297",5581,False,2.374152241702057,0.0385262183141137,1.136177970245431,4,13,-0.0345408187486145,-0.1924612712103924,0.7891616186922428
51290,"51290, 55297",55660,False,-3.599371382208886,0.0045445173448774,-1.714583358575449,4,13,-1.3407640890508423,-0.9598699576595268,0.5463305204322857
51290,"51290, 55297",5684,False,-2.687864051485006,0.045980885745201,-1.5657799722806522,4,13,-3.065488879028887,-2.498328711460262,0.7982670741340606
51290,"51290, 55297",5689,False,2.5971991727631507,0.0463411506414582,1.465307401221976,4,13,-1.4349096968992594,-1.7913085283696977,0.798982756151779
51290,"51290, 55297",5694,False,-2.8956799284717305,0.0111348150299799,-1.2102199706820584,4,13,-2.4833164422011045,-1.8104961922803449,0.64579115731803
51290,"51290, 55297",22827,False,2.641569841445849,0.01851700622618,1.1095583775302362,4,13,-2.4038833266537187,-2.704330263240256,0.7134390816796584
51290,"51290, 55297",10156,False,2.438137672316829,0.0351415114543999,1.2520142671697925,3,9,-0.324870386489396,-0.5352943740655985,0.7762302503495174
51290,"51290, 55297",401466,False,-3.743890047430877,0.0126988612984032,-2.123449660761465,4,13,-0.502214847514811,0.0082298519209193,0.6644475108483053
51290,"51290, 55297",157506,False,2.477071622824034,0.0261841153000023,1.01471521944458,4,13,-0.1441893232819631,-0.2568363616915486,0.7568854103964252
51290,"51290, 55297",387,False,-3.133245591161269,0.0109858430345919,-1.515475964718098,4,13,-0.6161927307410229,-0.2596922458290392,0.64579115731803
51290,"51290, 55297",6185,False,2.3193080864766094,0.03802027438203,1.059105259623314,4,13,-0.5155384105099672,-0.6796068974600059,0.7880363045296338
51290,"51290, 55297",11102,False,-2.464873150439546,0.0305856473030683,-1.1488796317023056,4,13,-1.01602379937694,-0.7545521661319923,0.7689044219165413
51290,"51290, 55297",6222,False,2.7082326846421814,0.0390413530130521,1.512888411385699,4,13,-1.9726013513915293,-2.4152770499681724,0.790599832066221
51290,"51290, 55297",221421,False,2.761790255340923,0.0168526113194232,1.088504306384627,4,13,-0.2871443732670113,-0.3884012614204037,0.7070974930710524
51290,"51290, 55297",163786,False,-3.2649617686902213,0.007520554127951,-1.536202261533679,4,13,-1.0842501440912695,-0.6613189321189114,0.599751615526626
51290,"51290, 55297",22928,False,2.376844618183532,0.0340946483397841,0.9402304360414984,4,13,-0.489108265869957,-0.831611802752419,0.7760302177369495
51290,"51290, 55297",29072,False,-3.427880055913285,0.0038086564790429,-1.477995960619619,4,13,-0.6715160563048939,-0.491240678802228,0.5148230240170066
51290,"51290, 55297",9197,False,4.1374910884790745,0.0008869174639295,1.7700172453487404,4,13,-0.0507789108141111,-0.3508274889987222,0.3338525584572977
51290,"51290, 55297",10237,False,-2.788703335849761,0.0184438683321813,-1.3278734455493266,4,13,-1.5003966966330688,-1.2016269012380218,0.7134390816796584
51290,"51290, 55297",8773,False,-4.2975350334831575,0.0078683804900097,-2.4649121006545074,4,13,-1.4272770232591716,-0.4149437629068361,0.6062038447189584
51290,"51290, 55297",10615,False,-4.017117789911468,0.002584405296956,-1.9424859068936708,4,13,-0.781702859578551,-0.4872246251491765,0.4653770951372328
51290,"51290, 55297",10250,False,2.7895663011202507,0.014394686005408,1.1337255710149854,4,13,-0.6745517150167977,-0.8389029014750835,0.6830391367880794
51290,"51290, 55297",6426,False,-2.713901230430904,0.0453757721158775,-1.589315451696694,4,13,-1.961110454579953,-1.569043005419818,0.7982670741340606
51290,"51290, 55297",56910,False,3.6904381059365607,0.0103451881470428,2.006954399095726,4,13,-0.1885048080464891,-0.5691743875030281,0.6365894840495507
51290,"51290, 55297",55240,False,2.8348164016260786,0.0127079151921543,1.2236938766243588,4,13,-0.0796448774320926,-0.2722885267145898,0.6644475108483053
51290,"51290, 55297",6491,False,-2.44864070130818,0.0412286025691343,-1.2491167360224429,4,13,-0.7984179935512266,-0.5815410766592466,0.7950058640262805
51290,"51290, 55297",6814,False,-2.9028559465211274,0.0217454447049855,-1.4970238997800582,4,13,-0.6294922133079027,-0.2791095101542414,0.7364479522708632
51290,"51290, 55297",10460,False,-3.1269338685854744,0.0238311874756344,-1.753676971275644,4,13,-0.7880912686413467,-0.3199819836391885,0.7533957011065756
51290,"51290, 55297",6872,False,2.4873245738944054,0.0344578927155712,1.2226054531987538,4,13,-0.7123071002432204,-0.8826767907629851,0.7760302177369495
51290,"51290, 55297",150483,False,2.614121887878949,0.019643827023369,1.1213914956679227,4,13,-0.1947740713105275,-0.3086515661169108,0.7200773977905233
51290,"51290, 55297",84321,False,3.634947186364676,0.0034906013153513,1.6819351485738034,4,13,-1.0527070698691985,-1.4895735947622375,0.506575498552766
51290,"51290, 55297",56889,False,2.1775806847394907,0.0459790331288492,0.935206469751506,4,13,-0.0105312783108562,-0.1973238633505165,0.7982670741340606
51290,"51290, 55297",10972,False,2.729594265534084,0.0165499760136549,1.1000817421679026,4,13,-0.4613421457954128,-0.7150463089688431,0.7046965009849965
51290,"51290, 55297",10959,False,5.670526563200005,4.481980083262772e-05,2.3781950978217106,4,13,-0.2623678692171676,-0.7412738475374177,0.1096423598059726
51290,"51290, 55297",23534,False,2.5121378732765014,0.048979064021709,1.393465168061013,4,13,-1.3242318606197685,-1.5483237180107996,0.8037156778640308
51290,"51290, 55297",64759,False,2.5234784785604263,0.0244381810675485,1.1181024450093322,4,13,-0.1699839352448054,-0.3518246512540373,0.7555168658866813
51290,"51290, 55297",60684,False,2.450948310684274,0.0351165608916013,1.1886913162380066,4,13,-0.9421315503426418,-1.1702810372723822,0.7760302177369495
51290,"51290, 55297",27095,False,3.0964648281854084,0.0087983098440647,1.4117247308133456,4,13,-1.390643320248543,-1.664310670715445,0.613409593830681
51290,"51290, 55297",80746,False,2.352130415527276,0.0364785725743008,1.0837158421723012,4,13,-0.5373395136566964,-0.6886079117188935,0.7825286584552016
51290,"51290, 55297",283989,False,2.943371113753515,0.0147376966349369,1.4157267653456358,4,13,-0.5743350863376133,-0.8339138294431788,0.6865339775569129
51290,"51290, 55297",79876,False,2.729952679218926,0.0170526224322564,1.2305780309451049,4,13,-0.3195184969928242,-0.6965757625615526,0.7094815495777185
51290,"51290, 55297",118424,False,2.14764957308786,0.0496197073040687,0.947143215248842,4,13,-0.136917141815735,-0.2811568636670437,0.8046714497212784
51290,"51290, 55297",51506,False,2.4125655942809208,0.0312613172464659,1.089197787324595,4,13,-0.3369675611224511,-0.4762088801828381,0.7710891626210068
51290,"51290, 55297",23376,False,4.595906480953984,0.0005770490414369,1.810674423258648,4,13,-0.2196530079514502,-0.588725070514486,0.2839400409879977
51290,"51290, 55297",51569,False,3.063436931263732,0.0078912598897952,1.3009365249535856,4,13,-0.3032568725796444,-0.6254392769806592,0.6064951466791169
51290,"51290, 55297",11274,False,2.5377827750846693,0.0246696895581397,1.0118348712549632,4,13,-0.2249839584630341,-0.6801745233001449,0.7565513926553379
51290,"51290, 55297",80146,False,3.0410948577255588,0.0083004797026981,1.3018922723972708,4,13,-0.0249846907018929,-0.3651671622128588,0.6104389914563702
51290,"51290, 55297",7414,False,3.2393250908779025,0.0057562370049452,1.3258897428015803,4,13,-0.2601200384033403,-0.4554506318918427,0.5748943762247933
51290,"51290, 55297",80124,False,-2.401660036636093,0.0308229590646394,-1.0627305094776394,4,13,-0.4101288394519822,-0.2377245497207098,0.7691949274270663
51290,"51290, 55297",7419,False,2.2955779459114938,0.040076865388322,0.9039576208099382,4,13,-0.169005197305129,-0.2592625206324252,0.7947636811015407
51290,"51290, 55297",27183,False,2.334219242572721,0.0358953606375707,1.0488615290979633,4,13,-0.2127496965402364,-0.5269369271847059,0.7795226781081193
51290,"51290, 55297",79726,False,-2.3800056427800773,0.0314700204600959,-0.978470505580932,4,13,-0.4873773421988882,-0.3552298386410739,0.7710891626210068
51290,"51290, 55297",84524,False,2.247038522378398,0.0485364680795183,1.0812764610797116,4,13,-0.6955157395380135,-0.873923074323094,0.8037156778640308
51290,"51290, 55297",678,False,2.652126961645485,0.0186625877953305,1.0836173903871364,4,13,-0.2282362253747308,-0.3628860696147603,0.7134390816796584
51290,"51290, 55297",84838,False,2.2307133124751144,0.0413919285933115,0.9432886953842002,4,13,0.1376957651214373,-0.0056702496309318,0.7950058640262805
55500,"55500, 55907, 9847",2181,False,2.3800369857161203,0.0311180521717452,0.938872197253646,3,14,-0.0713750093118962,-0.4782768354859298,0.7710891626210068
55500,"55500, 55907, 9847",10768,False,3.0061523576190927,0.0211489935539237,1.4735248251596136,3,14,-0.1716291014707653,-0.4514094592411973,0.7324479075202417
55500,"55500, 55907, 9847",5832,False,2.4531499663780845,0.0274351242663061,0.9519175694134104,3,14,-0.0175577333151467,-0.186802883975795,0.7578267072412546
55500,"55500, 55907, 9847",262,False,3.431092710832413,0.022769504371052,1.8700379799892148,3,14,-0.0781275893902375,-0.4075591350126862,0.7453133695795386
55500,"55500, 55907, 9847",324,False,-4.509738207399498,0.0004507026817604,-1.8539080911780892,3,14,-0.7463442970281319,-0.3856322084113829,0.2720732347065144
55500,"55500, 55907, 9847",10139,False,2.3975314408399173,0.029995552892634,0.963873594720992,3,14,-0.5484221574999671,-0.7992016116584121,0.7684580593452173
55500,"55500, 55907, 9847",7984,False,3.4766400095119647,0.024613527586567,1.940813291140942,3,14,-0.2408205616834466,-0.4689781187249124,0.7560105119706824
55500,"55500, 55907, 9847",506,False,-3.071919570503244,0.0392525125084725,-1.7500665783969336,3,14,-1.368144249933294,-0.9710644883527096,0.7920195618927413
55500,"55500, 55907, 9847",509,False,-6.765113378055224,0.0027147478162116,-3.832915310443078,3,14,-1.0047897981995098,-0.4459000811412487,0.472919287809963
55500,"55500, 55907, 9847",513,False,-2.928263250605255,0.0425182009871179,-1.6417953106722398,3,14,-1.0647915288182963,-0.7138701691776161,0.7975356290297795
55500,"55500, 55907, 9847",515,False,-4.849071527649836,0.0007984614110069,-2.2070115215583024,3,14,-0.9028684336326304,-0.6113526006464797,0.3260305687025182
55500,"55500, 55907, 9847",10476,False,-3.0747763151554803,0.0078184324301342,-1.2060166672679913,3,14,-0.6502696287767482,-0.4676783742676155,0.6039499425927941
55500,"55500, 55907, 9847",522,False,-3.1813126488923844,0.0120715561526949,-1.4796316541788184,3,14,-0.5038999154174884,-0.3319893931366516,0.6581491289643457
55500,"55500, 55907, 9847",526,False,3.6554920777054174,0.0184061649267344,1.9938543714335144,3,14,-0.5363992286231253,-1.7409890905971532,0.7134390816796584
55500,"55500, 55907, 9847",9296,False,3.941430033703102,0.0033193328790936,1.8059568106173252,3,14,-0.6909289286799201,-1.2143927063302231,0.5028055018374575
55500,"55500, 55907, 9847",57099,False,2.163969936164435,0.0473063124836145,0.8817993024889939,3,14,0.0237383219773086,-0.1323126019730093,0.8015763446676192
55500,"55500, 55907, 9847",580,False,-4.609226641999525,0.0004305875723139,-1.9334089683289413,3,14,-0.9351116601065548,-0.5378878877798171,0.2649613681272745
55500,"55500, 55907, 9847",9564,False,3.770983363047657,0.0046022913267937,1.7403668963127483,3,14,-0.0173627285645534,-0.270846493357449,0.5463305204322857
55500,"55500, 55907, 9847",10286,False,-2.341557636505248,0.0428957923329324,-1.0672442059905398,3,14,-1.4031018192209723,-1.227904328146726,0.7975356290297795
55500,"55500, 55907, 9847",617,False,-3.40361785704022,0.0335256806472519,-2.007567268460278,3,14,-0.5580914253407477,-0.2816295679756426,0.7736039978034098
55500,"55500, 55907, 9847",55290,False,3.891773397054599,0.0033784400819718,1.7722679903416778,3,14,-1.5221098612351407,-1.9971789676451397,0.504275800592168
55500,"55500, 55907, 9847",83990,False,2.8819042927277128,0.0128434944289823,1.225061890460305,3,14,-0.1517878190814869,-0.2945635133086225,0.6661227053517706
55500,"55500, 55907, 9847",7862,False,-6.143324472446941,1.880718806458653e-05,-2.4561906680890693,3,14,-0.6882923731276455,-0.3248728625539586,0.098218039898729
55500,"55500, 55907, 9847",8927,False,2.5439218050252754,0.0325831612753667,1.1789522385727211,3,14,-0.159726698917531,-0.2635967874523111,0.7722938751587749
55500,"55500, 55907, 9847",91408,False,-2.937880109379221,0.0117276172421136,-1.2544295117071298,3,14,-0.7359021438529288,-0.5352689395444262,0.6522264751810857
55500,"55500, 55907, 9847",284018,False,2.157564150978239,0.0492210845658501,0.9042985540108578,3,14,-0.2734946556204949,-0.409910613106216,0.8046230511059362
55500,"55500, 55907, 9847",28974,False,2.633912464006844,0.0187942107330719,1.0478770646951612,3,14,-0.4889915412831594,-0.756382454177672,0.7134390816796584
55500,"55500, 55907, 9847",790,False,2.895403363835308,0.0190914339253462,1.3494311834350992,3,14,-0.0672966779400295,-0.3785900205755723,0.7163662249874128
55500,"55500, 55907, 9847",819,False,2.8886141241058354,0.0321554323040495,1.495919710357004,3,14,-0.239164259823782,-0.4641635621983253,0.7715553047120207
55500,"55500, 55907, 9847",339230,False,3.281812216442786,0.0051634180350023,1.3403041830309226,3,14,-0.2338458538197607,-0.3737980501239277,0.5679220261202397
55500,"55500, 55907, 9847",29080,False,2.1901235688926337,0.0452845044014149,0.899484274753748,3,14,-0.5223640072030917,-0.6500633720317149,0.7982670741340606
55500,"55500, 55907, 9847",595,False,4.000606410927341,0.0014044863326146,1.5244191153585955,3,14,-0.1039450850678723,-1.0348369455853392,0.3758375691415674
55500,"55500, 55907, 9847",896,False,2.351382562251424,0.0435838697396025,1.0830539302041993,3,14,-0.1107952769656699,-0.2634741118638077,0.7982670741340606
55500,"55500, 55907, 9847",57018,False,3.6644572592979223,0.003030406079014,1.5719440288985649,3,14,-0.2206096769400991,-0.589273766175545,0.4932373744202737
55500,"55500, 55907, 9847",9398,False,-3.205279347620496,0.0075048030631518,-1.386258434649184,3,14,-0.2935802640297805,-0.2160179738525613,0.599751615526626
55500,"55500, 55907, 9847",994,False,2.925972584461912,0.0105741968065362,1.1918934472956195,3,14,-0.2130294142699505,-0.412088990480595,0.640760049053759
55500,"55500, 55907, 9847",1000,False,2.630803476230169,0.0200576557402908,1.0053706685702062,3,14,0.0133800550435808,-0.2464785115313895,0.7230843984880345
55500,"55500, 55907, 9847",51755,False,-4.000467833810323,0.0017845695646976,-1.7351934404798766,3,14,-0.9424013092074254,-0.6915257140682812,0.4213130210675685
55500,"55500, 55907, 9847",1019,False,3.0153431857472177,0.0105948521452725,1.3015155103975553,3,14,-0.3457062619918812,-0.6929359387399439,0.640790363198445
55500,"55500, 55907, 9847",1021,False,3.004859271087804,0.0092776693141298,1.1625616915726635,3,14,-0.0230129571706318,-0.3218404739551044,0.6188494899539638
55500,"55500, 55907, 9847",8760,False,2.335874842209471,0.0343853992061356,0.906885118801268,3,14,-0.2095101591760294,-0.4950495294903226,0.7760302177369495
55500,"55500, 55907, 9847",29956,False,2.7658574577142128,0.0154747810311284,1.0560214416561802,3,14,-0.1426071078458122,-0.3326768254895199,0.6950759803779362
55500,"55500, 55907, 9847",10428,False,-3.967760900827318,0.001283627784462,-1.619923186580252,3,14,-0.6564176236056757,-0.3300017327835158,0.3748120081084212
55500,"55500, 55907, 9847",57680,False,-3.0664980553160537,0.025664766047364,-1.583838556346978,3,14,-0.7234731861386008,-0.3591345949227698,0.7568854103964252
55500,"55500, 55907, 9847",10523,False,3.72930755797409,0.0061078226191318,1.7653893655846804,3,14,-0.974927879092676,-1.3005930364078715,0.581002650342814
55500,"55500, 55907, 9847",10370,False,-4.107791121066213,0.0198291335908074,-2.4338049845944365,3,14,-0.4855266530930202,-0.1892045248297442,0.7204698919722063
55500,"55500, 55907, 9847",80790,False,3.4975780130885488,0.0037415166669636,1.472995463134864,3,14,-0.053618745328957,-0.3411299419361793,0.513507943843382
55500,"55500, 55907, 9847",23019,False,2.734662807419362,0.0171311046481996,1.1648079514107266,3,14,-0.4770627745786098,-0.7458637094349696,0.7107210222882253
55500,"55500, 55907, 9847",9125,False,-2.381259719342613,0.0339681305573753,-1.022399946649264,3,14,-0.6649520785181124,-0.4586181867062803,0.7760302177369495
55500,"55500, 55907, 9847",65260,False,-3.670965699352406,0.0398619557051613,-2.399530314389818,3,14,-0.6890605120128068,-0.3150604999624436,0.7939013308002887
55500,"55500, 55907, 9847",80347,False,2.789547083424357,0.0158887849910283,1.1984790699588257,3,14,-0.2356877910471913,-0.5112576914687637,0.7006015786627908
55500,"55500, 55907, 9847",9382,False,3.80494040291074,0.0017998310059715,1.4845104998993746,3,14,-0.4128940819771305,-0.6375743741077178,0.4238668679470712
55500,"55500, 55907, 9847",9318,False,-3.4080484495795287,0.0134759112750339,-1.692599352662861,3,14,-1.4970450305942329,-1.164950145991334,0.6751793909154472
55500,"55500, 55907, 9847",51138,False,-2.1960920346489066,0.0452686178478664,-0.8464405291445659,3,14,-1.3707695959381614,-1.1613727930619036,0.7982670741340606
55500,"55500, 55907, 9847",51117,False,-2.9155421927174365,0.0456766317306553,-1.6617126524367358,3,14,-0.7195610630464236,-0.4901616185894875,0.7982670741340606
55500,"55500, 55907, 9847",1350,False,-3.2244972947702224,0.0189319869645003,-1.6305434509135082,3,14,-0.6326521220466408,-0.3511490310965657,0.7145682567024447
55500,"55500, 55907, 9847",1398,False,3.8945478676730674,0.0031374945161271,1.7605501324622648,3,14,0.0541325196300126,-0.3381903929548375,0.4999281445021685
55500,"55500, 55907, 9847",1421,False,3.245899071359914,0.0136120413273931,1.5618419231288636,3,14,-0.1822943893447663,-0.3865112842153203,0.6751793909154472
55500,"55500, 55907, 9847",1488,False,-2.184960917631014,0.0451799458337733,-0.8755818964834962,3,14,-0.3711497782322229,-0.2341636473984051,0.7982670741340606
55500,"55500, 55907, 9847",1503,False,3.212664759190262,0.0058649407794002,1.3015710134399343,3,14,-0.2799694857443749,-0.6154002583177373,0.5783460537391655
55500,"55500, 55907, 9847",30827,False,2.26572399407162,0.0399595428291016,0.9453168847536788,3,14,-0.2367748509124539,-0.4337029073740104,0.7944208237294973
55500,"55500, 55907, 9847",1553,False,2.5916330485009245,0.0207827102522642,1.0103351785689754,3,14,-0.0986005923704397,-0.2310444019799691,0.7292762103763515
55500,"55500, 55907, 9847",1639,False,-3.832062585742509,0.0016599354004889,-1.5542706404988025,3,14,-0.6032304593953631,-0.4008375483230204,0.4095104635285345
55500,"55500, 55907, 9847",51164,False,-4.112349640259578,0.0128381392360394,-2.262314664983661,3,14,-1.071047107996984,-0.8594947946050505,0.6661227053517706
55500,"55500, 55907, 9847",11218,False,-2.943711742077602,0.0227787280713353,-1.4396919029687598,3,14,-1.5903357402634708,-1.2736950956786317,0.7453133695795386
55500,"55500, 55907, 9847",55661,False,3.048398201673251,0.0109156305047508,1.340811406804762,3,14,-0.8592533995529844,-1.1372274466298096,0.64579115731803
55500,"55500, 55907, 9847",51202,False,2.785603516699594,0.0151488220666383,1.17661957361152,3,14,-1.343164439722468,-1.7026259593406925,0.6903445942639606
55500,"55500, 55907, 9847",57696,False,2.869194526435745,0.017842901422385,1.3081979701213495,3,14,-0.7282093336596605,-0.9960444911424452,0.7134390816796584
55500,"55500, 55907, 9847",170506,False,3.367765360078968,0.0250889227677689,1.8481720781262203,3,14,-0.533233783169375,-0.8505406682222911,0.7568854103964252
55500,"55500, 55907, 9847",1738,False,3.553147256813694,0.0029300972818728,1.4409820484470923,3,14,0.0370721023946014,-0.2783057270681,0.4907776445806566
55500,"55500, 55907, 9847",9231,False,2.702578099594612,0.030676445979565,1.3096849265865154,3,14,-0.0347293342446081,-0.3025862574062099,0.7689044219165413
55500,"55500, 55907, 9847",3301,False,-2.952760072860027,0.0366138300612135,-1.6035781727765106,3,14,-0.6210606034437803,-0.2857340745065618,0.7828467321786678
55500,"55500, 55907, 9847",10059,False,-2.8055471211607705,0.0199240434799233,-1.28044922664078,3,14,-1.0875100334845196,-0.714401512830385,0.7221619156895851
55500,"55500, 55907, 9847",285381,False,-2.8610762345156786,0.0164643874979313,-1.279119921559109,3,14,-1.1154116082220067,-0.8741181756514596,0.7029350112646358
55500,"55500, 55907, 9847",8818,False,2.229661207265949,0.0428829491657023,0.932150385555056,3,14,-0.2937954597126067,-0.4904796541343943,0.7975356290297795
55500,"55500, 55907, 9847",1841,False,3.397140823960057,0.0230656666241335,1.8441355566624424,3,14,-0.5463818450115782,-1.3595372602125526,0.7485525004632818
55500,"55500, 55907, 9847",11266,False,2.8099571731632005,0.0135827115756761,1.1572415112292342,3,14,-0.1096333549455226,-0.2605263393315178,0.6751793909154472
55500,"55500, 55907, 9847",1778,False,-3.046821245782653,0.0107302429188243,-1.3348411809747815,3,14,-1.762911184914825,-1.5013714886373104,0.6438999155797539
55500,"55500, 55907, 9847",1859,False,-2.926842741539021,0.0231958427364382,-1.4299666653840324,3,14,-0.2583536701320577,0.0045057155385136,0.7485525004632818
55500,"55500, 55907, 9847",1933,False,2.780263228085704,0.0234902824664219,1.3030301509508109,3,14,-0.5767120165021715,-0.898056935407557,0.7490737717702634
55500,"55500, 55907, 9847",8890,False,-3.1162642011069006,0.044595638834602,-1.8596907012284685,3,14,-2.1058062875408905,-1.7421415948649208,0.7982670741340606
55500,"55500, 55907, 9847",1968,False,3.3498236909873467,0.005743015224325,1.449044427313774,3,14,-1.5652853893364176,-1.8194163646540065,0.5747775960974763
55500,"55500, 55907, 9847",8666,False,2.7800575977116764,0.0153610363368704,1.1755539164725608,3,14,-1.1097573556040343,-1.3479624494593718,0.6930559530626134
55500,"55500, 55907, 9847",8669,False,2.83974534773959,0.0144535922940195,1.2199785852878124,3,14,-0.3937563391231711,-0.5893133226927791,0.6831241616173175
55500,"55500, 55907, 9847",1973,False,5.216608498774907,0.0019242782733479,2.6097703202802416,3,14,-0.3800435542815812,-1.0647483943030014,0.4369898510325081
55500,"55500, 55907, 9847",1983,False,2.424416819593876,0.0462836145563257,1.1772191981926703,3,14,-1.2026926571163783,-1.456522984043442,0.7988571973883084
55500,"55500, 55907, 9847",63916,False,3.2558680250118748,0.0059605355137411,1.368967802669616,3,14,0.0707415200089036,-0.3359471734143757,0.5795206013161482
55500,"55500, 55907, 9847",84337,False,-2.947118704646454,0.0137997537975018,-1.310396096972345,3,14,-0.5866671542365344,-0.3821947668394074,0.6751793909154472
55500,"55500, 55907, 9847",55140,False,-3.621434667734755,0.0028999957967333,-1.5213410416730877,3,14,-1.1390957735141984,-0.7751861182644806,0.4882808802677182
55500,"55500, 55907, 9847",23587,False,-2.2520771359641225,0.0474679190811433,-1.0083764734851204,3,14,-1.1644261231617044,-0.888090551683635,0.8018849900886249
55500,"55500, 55907, 9847",5393,False,-5.6100687855816735,0.0002809961051151,-2.554030150606903,3,14,-1.403239649872372,-1.090803091825441,0.2111584150833162
55500,"55500, 55907, 9847",2176,False,2.354941559667298,0.0428074755580895,1.0804363179332972,3,14,0.033933037638296,-0.1860882977371428,0.7975356290297795
55500,"55500, 55907, 9847",2197,False,4.003818986634326,0.0017803776840691,1.7373603569842908,3,14,-1.9775284453237203,-2.615061266936123,0.4213130210675685
55500,"55500, 55907, 9847",2539,False,2.991276582316286,0.0302444855820531,1.5698239105897958,3,14,0.0637594599410967,-0.2779841750444852,0.7688185734422155
55500,"55500, 55907, 9847",10985,False,3.2541020257795807,0.0089028856141371,1.4697259371168314,3,14,-0.1185699734586151,-0.4054463995033727,0.613409593830681
55500,"55500, 55907, 9847",2703,False,2.5679798216371696,0.0226209656132131,0.9817638488885598,3,14,-0.0065744954328914,-0.0727245211032754,0.7437444055477078
55500,"55500, 55907, 9847",11146,False,-7.155965217560515,5.459701214053206e-05,-3.2898716195219766,3,14,-0.7004415053859251,-0.2438382411591064,0.1096423598059726
55500,"55500, 55907, 9847",29925,False,3.5181003092846,0.0137002548884411,1.7873071290379905,3,14,-0.5789350439351497,-1.003545337385162,0.6751793909154472
55500,"55500, 55907, 9847",8833,False,3.1270562681329324,0.0108419971969596,1.408452911118626,3,14,-0.4748899498148786,-1.068624176629566,0.64579115731803
55500,"55500, 55907, 9847",51184,False,-2.69071687215713,0.0169346758927116,-1.0558070488588016,3,14,-1.4797017890678597,-1.2280130452198197,0.7078056318891092
55500,"55500, 55907, 9847",80273,False,-3.4543290221360072,0.0182224684423203,-1.8160922868874556,3,14,-1.779284729437166,-1.389688798402301,0.7134390816796584
55500,"55500, 55907, 9847",2976,False,3.428517876342169,0.0087466682074847,1.6073655546656855,3,14,-0.7994790754935872,-1.0319321660939855,0.613409593830681
55500,"55500, 55907, 9847",23560,False,5.048938646064583,0.0002067824415485,1.9178942101325247,3,14,-1.2958288355731504,-1.897234521521913,0.1896413701197644
55500,"55500, 55907, 9847",3008,False,3.872570575358013,0.0040193795139199,1.790673605974829,3,14,0.1540275322254104,-0.100462452994312,0.529701701215758
55500,"55500, 55907, 9847",55766,False,4.604856004487749,0.0003446073671248,1.848686874451218,3,14,-0.2613352133241857,-0.4148384003545053,0.2399146428394211
55500,"55500, 55907, 9847",8347,False,3.284659662845099,0.0052051047130842,1.3494885692141114,3,14,-1.226662778044884,-1.525909944115729,0.5679220261202397
55500,"55500, 55907, 9847",3017,False,2.7428949864497145,0.0463270794628791,1.4925062922228964,3,14,-0.3129523164179953,-0.5921392486519877,0.798982756151779
55500,"55500, 55907, 9847",23438,False,-3.299630523524068,0.004940902788557,-1.2953598469726249,3,14,-0.459042844900231,-0.1563388008643247,0.5587525621278903
55500,"55500, 55907, 9847",115106,False,-4.210440305831336,0.0034296323843027,-2.0088401382722214,3,14,-1.9366628830673285,-1.4939031670231009,0.506575498552766
55500,"55500, 55907, 9847",79441,False,-2.4584312961002848,0.0381948373312981,-1.146307629220629,3,14,-1.215660474267584,-0.9454856769398992,0.7887891891367923
55500,"55500, 55907, 9847",55355,False,-4.892143904496172,0.0005455204512448,-2.178178022060092,3,14,-1.2592583150443837,-0.8901781463862208,0.2839400409879977
55500,"55500, 55907, 9847",3159,False,2.7719794072604955,0.0309931176928778,1.3766351985890322,3,14,-0.4468390878938758,-0.7298679975700632,0.7706098858578238
55500,"55500, 55907, 9847",3156,False,4.730347354280742,0.0002833776526349,1.850039011679944,3,14,-0.721735854988987,-1.0941550546208283,0.2111584150833162
55500,"55500, 55907, 9847",9394,False,3.276368693558072,0.029077608998996,1.8203751451886352,3,14,-0.2512366324010318,-0.4984404374872349,0.7635994682586036
55500,"55500, 55907, 9847",3633,False,2.826566852642088,0.0150491647144163,1.2194119075528589,3,14,-0.1623901650892968,-0.2903836272296433,0.6894208843882422
55500,"55500, 55907, 9847",65123,False,3.034121897193297,0.0087319760363919,1.1747638621343792,3,14,-1.4157621546672603,-1.6595082147145768,0.613409593830681
55500,"55500, 55907, 9847",81689,False,-2.7687762747139475,0.0143412388038318,-1.1103973841561008,3,14,-0.6261375072601313,-0.3736385116810671,0.6818808653393209
55500,"55500, 55907, 9847",23479,False,-2.424457775975422,0.0315203065306296,-1.043066860152059,3,14,-2.06178885147998,-1.7523021064199302,0.7710891626210068
55500,"55500, 55907, 9847",3685,False,4.94857226077094,0.0001965102807465,1.919916238814472,3,14,-0.4111843260167987,-0.973845020524874,0.1874295406732776
55500,"55500, 55907, 9847",3705,False,2.700664968352011,0.0164390871697823,1.081122091442256,3,14,-0.0918203986205741,-0.2567453753515918,0.7021691424839568
55500,"55500, 55907, 9847",3725,False,2.857561439698737,0.0128944805216634,1.1981666802173316,3,14,-0.1534719683344325,-0.3898617227180632,0.6663689134509992
55500,"55500, 55907, 9847",22992,False,-4.620477211070097,0.0073530717091299,-2.4984363268620178,3,14,-0.9855944052224396,-0.5361065324934916,0.5963678797152245
55500,"55500, 55907, 9847",57498,False,-2.410557753383662,0.0297510977077038,-0.9918362205883564,3,14,-0.4385198802844798,-0.118664459011337,0.767444887438343
55500,"55500, 55907, 9847",81930,False,-3.0841330679709387,0.0258842853232693,-1.6023629052110324,3,14,-2.433634973271125,-1.7438434060122077,0.7568854103964252
55500,"55500, 55907, 9847",24137,False,-2.6619761792872096,0.0487593121542841,-1.432353102177509,3,14,-1.006963563826374,-0.6340059598028446,0.8037156778640308
55500,"55500, 55907, 9847",83855,False,2.90748210487995,0.0109795847691057,1.184644041410829,3,14,-0.2385928422802559,-0.3944939001637912,0.64579115731803
55500,"55500, 55907, 9847",3837,False,3.2270427589846986,0.0064610357876057,1.3646975963083812,3,14,-1.7672606225419212,-2.0921064879298674,0.5853481090725166
55500,"55500, 55907, 9847",23395,False,-2.653911394121529,0.0375317263703491,-1.3281735461580697,3,14,-0.5561060406250055,-0.2265211118670363,0.7855967493217224
55500,"55500, 55907, 9847",114823,False,-3.209719268385105,0.0387098158168712,-1.8830294500989992,3,14,-0.6181880546224557,-0.317025223007544,0.789404272527965
55500,"55500, 55907, 9847",3978,False,2.8876066627620416,0.013511932130672,1.2477256649423296,3,14,-0.147536569927219,-0.4653725965712272,0.6751793909154472
55500,"55500, 55907, 9847",132660,False,-3.899914464640672,0.0064607495376446,-1.9072855113707956,3,14,-0.5967847097226818,-0.2248502416202852,0.5853481090725166
55500,"55500, 55907, 9847",10128,False,-3.6106509125513058,0.0074627473485347,-1.7161415425336033,3,14,-0.9227194551727546,-0.509352845999629,0.5993632594285001
55500,"55500, 55907, 9847",84930,False,4.071924642979239,0.0132347360996794,2.2385262858128416,3,14,-0.4247527993665781,-1.2330171695840657,0.6748476097500755
55500,"55500, 55907, 9847",4144,False,3.181911124801933,0.0075087214306137,1.3643736233112511,3,14,-1.3213122481878643,-1.8853282654027084,0.599751615526626
55500,"55500, 55907, 9847",4149,False,4.52463099295735,0.0013685209025506,2.070159487715131,3,14,-0.4181031719665988,-0.8944472841048504,0.3758375691415674
55500,"55500, 55907, 9847",55388,False,-6.821389523737051,0.0010446791400026,-3.586904747624549,3,14,-1.115650102831743,-0.6567334688240258,0.3459737906052436
55500,"55500, 55907, 9847",4176,False,-3.6686739727604247,0.006286076551591,-1.7248590429390354,3,14,-2.3455035666460176,-1.913754347371918,0.5851271518693187
55500,"55500, 55907, 9847",84246,False,-2.900569407247656,0.0182250125028166,-1.3417400618162805,3,14,-0.7336989680235732,-0.5067250073660722,0.7134390816796584
55500,"55500, 55907, 9847",219541,False,-3.0339516493467937,0.0240051522924548,-1.534291653457729,3,14,-0.8185126429014041,-0.3231156799211377,0.754643184081097
55500,"55500, 55907, 9847",9443,False,-2.618361895489636,0.0406702361568223,-1.3214710793215343,3,14,-1.0464725337921856,-0.8316526740862129,0.7950058640262805
55500,"55500, 55907, 9847",79066,False,2.2542212572343177,0.0451476897183449,0.9906925255783712,3,14,-0.7430380078489645,-1.115989868322904,0.7982670741340606
55500,"55500, 55907, 9847",4236,False,2.5903086226850194,0.0440736615284345,1.322633519312306,3,14,-1.6021650212620435,-1.8376155595907997,0.7982670741340606
55500,"55500, 55907, 9847",60672,False,2.500317360204018,0.0387400063441804,1.1918652593219885,3,14,-0.0403107080234146,-0.2445784206601115,0.789404272527965
55500,"55500, 55907, 9847",55320,False,-2.379916963079865,0.0331535852811559,-1.0093955047702348,3,14,-1.0437100625253182,-0.907826796907202,0.7722938751587749
55500,"55500, 55907, 9847",23041,False,6.652972649291556,8.001971586700964e-06,2.6928688978354653,3,14,0.0559182181137123,-0.3702377904911617,0.0880596090992493
55500,"55500, 55907, 9847",55257,False,4.613616902641657,0.000527940586617,1.9767509891338104,3,14,-0.4970990957324805,-0.8138687439623861,0.2839400409879977
55500,"55500, 55907, 9847",6182,False,-2.9126286170114617,0.0109815841349483,-1.1947026869122377,3,14,-0.4945555231691639,-0.2906516272427377,0.64579115731803
55500,"55500, 55907, 9847",63875,False,-2.2145628858186552,0.0444639710924933,-0.8445850273332819,3,14,-0.7069093213139722,-0.4871256943187808,0.7982670741340606
55500,"55500, 55907, 9847",29074,False,-2.5932813057409487,0.020403998058573,-1.0278462224903804,3,14,-0.5449648914100768,-0.3049900792232809,0.7263711305001938
55500,"55500, 55907, 9847",51069,False,-2.8085364308958574,0.0132888536701939,-1.1350662340830573,3,14,-0.4373012975402991,-0.2356751068839553,0.6751793909154472
55500,"55500, 55907, 9847",219927,False,-3.1140265133588745,0.007273946949035,-1.2165642081026136,3,14,-0.7805497759180723,-0.517608327826103,0.5963678797152245
55500,"55500, 55907, 9847",9553,False,-4.273759253728684,0.0006809094042789,-1.733870029423891,3,14,-0.5796469932641165,-0.1738571958511328,0.3063417833524812
55500,"55500, 55907, 9847",51318,False,-3.05296364085148,0.0083945343185625,-1.182770859420985,3,14,-0.6679836466102037,-0.4917096996792349,0.6118431005322945
55500,"55500, 55907, 9847",51073,False,-2.744912358136742,0.0180567503031659,-1.1939704120062606,3,14,-0.8059488473134012,-0.5413656454259762,0.7134390816796584
55500,"55500, 55907, 9847",64975,False,-3.334983254121156,0.0065641916426542,-1.468031703138568,3,14,-0.8542717671820017,-0.596322934507488,0.5853481090725166
55500,"55500, 55907, 9847",28977,False,-2.543740314402468,0.0224789289345107,-1.013531360930392,3,14,-0.4702506426402582,-0.337830175616797,0.743696768553327
55500,"55500, 55907, 9847",26589,False,-4.15656862811867,0.0056200281454192,-2.070749765220865,3,14,-0.5599030527121702,-0.1638352265399446,0.5716581178580962
55500,"55500, 55907, 9847",78988,False,-4.211502973927666,0.000796729865291,-1.642995968369182,3,14,-1.057425408261544,-0.5627684203370945,0.3260305687025182
55500,"55500, 55907, 9847",65005,False,-2.9834184171763765,0.0111211452872341,-1.2843756737884835,3,14,-0.499975487610314,-0.3669053440046391,0.64579115731803
55500,"55500, 55907, 9847",64963,False,-4.783620785163372,0.0010160101135313,-2.2002755456916465,3,14,-0.9683672081905924,-0.470848189255868,0.3424241293940285
55500,"55500, 55907, 9847",28973,False,-4.666406760976717,0.0005585326470069,-2.0250282944639117,3,14,-0.7301666386781952,-0.3671136379171059,0.2839400409879977
55500,"55500, 55907, 9847",64432,False,-2.766992496114548,0.0497194428078079,-1.5479513693582674,3,14,-0.6105049707438811,-0.2718320306159879,0.8046714497212784
55500,"55500, 55907, 9847",64949,False,-2.692930925223337,0.0485953007505638,-1.462204146680196,3,14,-0.5861526436271354,-0.2928526809389646,0.8037156778640308
55500,"55500, 55907, 9847",23107,False,-5.690241885445025,4.307483975465907e-05,-2.2605656366142566,3,14,-0.7578743943324807,-0.3867387729977642,0.1096423598059726
55500,"55500, 55907, 9847",64968,False,-4.540695733399069,0.000394285489613,-1.83154236569948,3,14,-0.5822257256212998,-0.1861584800339875,0.2507103714253684
55500,"55500, 55907, 9847",51081,False,-2.261223256587717,0.0477370884548109,-1.0206504768386475,3,14,-0.6151662938085359,-0.4242077320826101,0.8019982402475438
55500,"55500, 55907, 9847",64965,False,-3.784406906330191,0.0170680262948231,-2.080002899595628,3,14,-0.4710403277063568,-0.1102829469527638,0.7094815495777185
55500,"55500, 55907, 9847",55149,False,-3.958045593393443,0.0037994234883984,-1.8435307378643877,3,14,-0.9742870167604843,-0.4615967070569861,0.5147583596607811
55500,"55500, 55907, 9847",4597,False,3.35431512723485,0.0184334166379492,1.7338182340731785,3,14,-0.0675614272580098,-0.681384518250182,0.7134390816796584
55500,"55500, 55907, 9847",4598,False,5.316278299045156,8.638751461039543e-05,2.119568327153883,3,14,-0.216182067500594,-0.840798062387574,0.1277728056223882
55500,"55500, 55907, 9847",4605,False,-3.949126156185199,0.0105331777173472,-2.066204815581078,3,14,-0.7700807594741349,-0.3964532719897701,0.6403084496512839
55500,"55500, 55907, 9847",4609,False,7.78394331181253,0.0008192674018151,4.189743076508797,3,14,-0.691723393833767,-1.852612992355078,0.3269493954716459
55500,"55500, 55907, 9847",80018,False,2.9534985565226037,0.0148972040754194,1.336150058523415,3,14,-0.6031939523302037,-0.8560210172971532,0.6871175778752507
55500,"55500, 55907, 9847",4666,False,2.884967831097057,0.0116836659469092,1.1875311642222068,3,14,-1.1622978738200909,-1.3280075617566214,0.6516622677168075
55500,"55500, 55907, 9847",10135,False,2.9556013342976226,0.0100643317580782,1.151875731183937,3,14,-0.1447135571312437,-0.4695088456370611,0.6281078729508837
55500,"55500, 55907, 9847",79731,False,-3.3085869427012184,0.018214437354906,-1.6912635061086738,3,14,-0.3746913832231755,-0.0892881803759644,0.7134390816796584
55500,"55500, 55907, 9847",54892,False,2.918876865454427,0.0184777601542739,1.3614655516608356,3,14,-0.5420974022476021,-1.033053443448419,0.7134390816796584
55500,"55500, 55907, 9847",4691,False,4.2816733219148135,0.000659301814447,1.7237888050112389,3,14,-0.7073510346582518,-1.077204639539246,0.3052599405832223
55500,"55500, 55907, 9847",25915,False,-2.2486213723975084,0.0406605668716932,-0.8723314456803265,3,14,-0.3908740608911655,-0.285040992851336,0.7950058640262805
55500,"55500, 55907, 9847",284184,False,2.8989960517230773,0.0239583820258632,1.4145386922791257,3,14,-0.337307550769204,-0.4894909535548531,0.7544104754566708
55500,"55500, 55907, 9847",4714,False,-3.451960214916272,0.0039541561742964,-1.3226329035774074,3,14,-0.4700127449499775,-0.2737985280761856,0.525131735849204
55500,"55500, 55907, 9847",4719,False,-2.563660857621445,0.029276364596382,-1.164744127674952,3,14,-0.621699038389795,-0.3933702313794151,0.7650310867873422
55500,"55500, 55907, 9847",79954,False,2.8090204024292347,0.0142735836936792,1.1807005113064408,3,14,-1.1152365451138413,-1.3664756692822986,0.6807000695597171
55500,"55500, 55907, 9847",65083,False,2.223952140619286,0.04491479700011,0.9503934725966816,3,14,-0.938611198550113,-1.243180863618124,0.7982670741340606
55500,"55500, 55907, 9847",51070,False,-3.9562075452413294,0.0453732458234004,-2.8699020137625757,3,14,-0.5406676426796414,-0.2110956512544664,0.7982670741340606
55500,"55500, 55907, 9847",9520,False,2.533987845379498,0.0428714523855923,1.2582005544485038,3,14,-0.2195206619284786,-0.422513311211439,0.7975356290297795
55500,"55500, 55907, 9847",286053,False,-3.2676862600135603,0.0349913782029736,-1.8923403949600477,3,14,-0.7247287688668772,-0.4065713643536919,0.7760302177369495
55500,"55500, 55907, 9847",387338,False,-3.5308332065827197,0.0030261550533295,-1.408825905456345,3,14,-0.5111540218672826,-0.3293575791700541,0.4932373744202737
55500,"55500, 55907, 9847",9631,False,-2.71631827701431,0.0451551984382949,-1.4555278471427398,3,14,-1.3734622741481948,-1.1065476586703251,0.7982670741340606
55500,"55500, 55907, 9847",8021,False,3.213784595034345,0.0071709304416398,1.381992608995265,3,14,-1.154457867149434,-1.3464033757942353,0.5941524798038766
55500,"55500, 55907, 9847",129401,False,-3.3256117247677293,0.0121883656050053,-1.6004825959261864,3,14,-0.7092124865207455,-0.3948534631107825,0.6597696498523294
55500,"55500, 55907, 9847",9688,False,-3.2467925498293457,0.0054848283468437,-1.2770583719590698,3,14,-1.7975982789000993,-1.538982523850802,0.571156009807942
55500,"55500, 55907, 9847",4928,False,-2.613947698217324,0.0304428493993766,-1.2248923214874996,3,14,-1.1786972267486882,-0.8503339471464753,0.7689044219165413
55500,"55500, 55907, 9847",5018,False,-3.4408613969904858,0.0150979758973722,-1.7498149914817476,3,14,-0.9008446619188498,-0.6016165928498199,0.6899999248277287
55500,"55500, 55907, 9847",8106,False,3.5080453660828588,0.0031711018926997,1.4032623089526397,3,14,-1.349350718655815,-1.696958449781226,0.4999281445021685
55500,"55500, 55907, 9847",54623,False,-3.127683931256606,0.0093933175005037,-1.373716610353655,3,14,-1.0371174491588522,-0.7803364212376598,0.6196372357436517
55500,"55500, 55907, 9847",5062,False,2.618973789061054,0.0226803655568317,1.1381401274796403,3,14,-0.1119492587123994,-0.4581566498773672,0.7438357378274207
55500,"55500, 55907, 9847",51025,False,-6.74174667085729,7.555619887542951e-06,-2.630576804217801,3,14,-1.9329982614808097,-1.3599097403666476,0.0880596090992493
55500,"55500, 55907, 9847",5111,False,-2.613360232355497,0.0216969674483807,-1.1155186097670646,3,14,-3.031999202764498,-2.7249192074329884,0.7360494304129221
55500,"55500, 55907, 9847",5130,False,3.710978309323772,0.0057549757674161,1.7391991200526935,3,14,-0.4706920737115218,-0.9321403748007638,0.5748943762247933
55500,"55500, 55907, 9847",5134,False,4.259257196368794,0.014323929761113,2.4292403902381747,3,14,-0.2122662750426258,-1.134345762097793,0.6816977132832042
55500,"55500, 55907, 9847",5198,False,2.802481756289993,0.0142845041828897,1.0729161638461038,3,14,-0.0719122494092864,-0.3086153943122688,0.6807296312349229
55500,"55500, 55907, 9847",5216,False,5.634470433095032,5.9348314860882784e-05,2.338557157497727,3,14,-0.018746400592302,-0.6691642337577592,0.110991822021885
55500,"55500, 55907, 9847",5226,False,3.879140650190061,0.001588657854576,1.598758530000521,3,14,-0.4735781068969889,-0.835253304693642,0.3966612500303803
55500,"55500, 55907, 9847",5238,False,2.3430316906137554,0.0338666141810077,0.9634109814646344,3,14,-0.0342446653754032,-0.3391208202576517,0.7757835416820886
55500,"55500, 55907, 9847",25957,False,2.8595461165812845,0.0200884481114436,1.3312520203401932,3,14,-0.4223688001088579,-0.5520043780122991,0.7230843984880345
55500,"55500, 55907, 9847",87178,False,-2.794337717569219,0.0226801912228762,-1.3059684354464252,3,14,-1.1890030786221677,-0.8386966358760855,0.7438357378274207
55500,"55500, 55907, 9847",54107,False,2.4624910262777915,0.028499710522082,1.0462773473332996,3,14,-0.1707489051074331,-0.4636254860866154,0.7602841939596087
55500,"55500, 55907, 9847",10721,False,2.447106169708461,0.0274958000286766,0.956871611207218,3,14,-0.1928421927897745,-0.350615100421396,0.7578267072412546
55500,"55500, 55907, 9847",25885,False,2.6146425219756524,0.0494946094453662,1.390798786795144,3,14,-1.169653238242375,-1.4843960599639845,0.8046714497212784
55500,"55500, 55907, 9847",5437,False,-2.700709821529708,0.0174373408951481,-1.0336841343153784,3,14,-1.8200515456774256,-1.5794833939431878,0.7128658384945291
55500,"55500, 55907, 9847",25913,False,2.8576012999421447,0.0322934012096651,1.4686601955215124,3,14,-0.0770737232047004,-0.425432597870898,0.7715553047120207
55500,"55500, 55907, 9847",56342,False,2.6292963182055957,0.019148076718199,1.03111024061887,3,14,-0.8053152872489964,-1.1226020525532898,0.7163662249874128
55500,"55500, 55907, 9847",5471,False,2.280663559433338,0.0396996498500418,0.9645993627525998,3,14,-0.4678596895649827,-0.6765658000257407,0.7929869954025435
55500,"55500, 55907, 9847",10450,False,3.1112189398776504,0.0119301776163781,1.4179070246555223,3,14,-0.6033370859455154,-0.7378427455969678,0.6569794520049249
55500,"55500, 55907, 9847",8493,False,2.6084086944156737,0.0262320638449924,1.1744468091309137,3,14,-0.0816041983283097,-0.3029890599374222,0.7568854103964252
55500,"55500, 55907, 9847",10848,False,2.7018170448230183,0.0174675795215202,1.1327917126380462,3,14,-0.0436933105254248,-0.18304609318552,0.7128658384945291
55500,"55500, 55907, 9847",5520,False,-2.261613548983378,0.0410957191967399,-0.8586655701480783,3,14,-0.2969944393028288,-0.0707346317771528,0.7950058640262805
55500,"55500, 55907, 9847",5573,False,2.998523449171804,0.0092836658331295,1.2328262111056458,3,14,0.0013382065637965,-0.1951204762781401,0.6188494899539638
55500,"55500, 55907, 9847",9692,False,-2.6340866208280964,0.0314994212127668,-1.2541393919896862,3,14,-0.5662411145513784,-0.2766408139440903,0.7710891626210068
55500,"55500, 55907, 9847",8559,False,-4.005498214591533,0.0011607852323303,-1.5806919251434248,3,14,-1.0343439720672705,-0.7454874366858605,0.3712292615698381
55500,"55500, 55907, 9847",55015,False,-3.380745756592982,0.0240271353117921,-1.8440390881585047,3,14,-0.7358317889167335,-0.3810760988310921,0.7548615691330752
55500,"55500, 55907, 9847",55660,False,-2.984076977680495,0.0094070250724891,-1.2159141468541337,3,14,-1.2739216586661748,-1.0014000592699068,0.6196372357436517
55500,"55500, 55907, 9847",5694,False,-3.1107132755885263,0.0076022966186511,-1.2916954052073308,3,14,-2.544810189437627,-1.8453775500097156,0.6017422814857531
55500,"55500, 55907, 9847",10213,False,-2.9497422037003784,0.0119705508952496,-1.2730121132175092,3,14,-1.8331403940783992,-1.565356641764835,0.6573052238560844
55500,"55500, 55907, 9847",375743,False,2.719445376798451,0.019779713866542,1.1969320838901607,3,14,-0.0909229707829166,-0.2940315498962492,0.7200773977905233
55500,"55500, 55907, 9847",5725,False,2.444621755460475,0.0335383316130081,1.088895092943348,3,14,-0.1709717699364055,-0.4685880215644897,0.7736039978034098
55500,"55500, 55907, 9847",55037,False,-3.120912573694824,0.0129349221105458,-1.4455366065584463,3,14,-0.924086977450532,-0.587970431127621,0.6675973679554928
55500,"55500, 55907, 9847",5747,False,3.380522261055732,0.0243390424705186,1.8485547085981275,3,14,-0.3452057579665544,-0.7767225224203307,0.7555168658866813
55500,"55500, 55907, 9847",5757,False,4.201681611225747,0.0155244493476788,2.4110246789937237,3,14,-0.0019359432125621,-0.4649418531472339,0.6950759803779362
55500,"55500, 55907, 9847",114971,False,2.234031584178197,0.0412823633087728,0.8798527250615843,3,14,-0.4904665223699351,-0.6315260198822977,0.7950058640262805
55500,"55500, 55907, 9847",22827,False,2.643036322690489,0.0211928502195657,1.140312994998394,3,14,-2.3831077075576457,-2.6873216861475195,0.7324479075202417
55500,"55500, 55907, 9847",5879,False,2.3880630807154324,0.0313695353161116,0.9898761791433046,3,14,-0.5742511404734568,-0.836559656672901,0.7710891626210068
55500,"55500, 55907, 9847",5894,False,2.5578768486077936,0.0358005903218422,1.221879427469624,3,14,-0.0620232912103664,-0.3050780539386438,0.7792678241219885
55500,"55500, 55907, 9847",5931,False,2.624355289336146,0.0254785954477197,1.1810614524288146,3,14,0.1355265252223209,-0.1372174627926901,0.7568854103964252
55500,"55500, 55907, 9847",79171,False,-2.487854792669628,0.0256126817934767,-1.023964471980061,3,14,-0.7664524737794927,-0.5716560435124387,0.7568854103964252
55500,"55500, 55907, 9847",11079,False,2.784346987832872,0.013989498766297,1.0963071264798203,3,14,-0.1053368196552851,-0.2991786765789848,0.6759394137946524
55500,"55500, 55907, 9847",9827,False,2.510727702607861,0.0399720689003713,1.2121836242110793,3,14,-0.2796772572760895,-0.5012579226543351,0.7944208237294973
55500,"55500, 55907, 9847",114822,False,2.5911622053837746,0.049935897557611,1.370747558505696,3,14,-0.1713712652910536,-0.3310799136912651,0.8046714497212784
55500,"55500, 55907, 9847",55005,False,-2.819601739775332,0.0136189686109835,-1.1732432593581068,3,14,-0.4474745746482472,-0.2737354514244927,0.6751793909154472
55500,"55500, 55907, 9847",79657,False,-3.611298550118367,0.0167928824463351,-1.925018177662266,3,14,-1.0782445424936753,-0.7715336280213642,0.7070974930710524
55500,"55500, 55907, 9847",6120,False,2.905673476296745,0.010876184292953,1.1557982757858092,3,14,-0.3690157758201431,-0.6823143091946802,0.64579115731803
55500,"55500, 55907, 9847",22934,False,2.304558117763935,0.0398935770972596,0.998329673010005,3,14,-0.1061596059193876,-0.2847770853981907,0.794033699908081
55500,"55500, 55907, 9847",9045,False,4.805150716503247,0.0003599756253815,2.0510675572057084,3,14,-1.4064481515933167,-1.8816877919168469,0.2455390312299697
55500,"55500, 55907, 9847",6155,False,3.82145649303982,0.0206600989134274,2.186642327715196,3,14,-1.4363848046801149,-2.054087093485136,0.7292762103763515
55500,"55500, 55907, 9847",6122,False,5.328563948256208,0.0001074277530568,2.220708467595251,3,14,-2.088941989950928,-2.594166261216312,0.1423104397056234
55500,"55500, 55907, 9847",6161,False,3.647549086123169,0.0024101908642554,1.4378570460952242,3,14,-1.869086676567308,-2.278519857918206,0.4587117602278026
55500,"55500, 55907, 9847",11224,False,3.679039769297306,0.0041111067335929,1.64776439714515,3,14,-1.272121292081159,-1.5862590788401774,0.5320675763623917
55500,"55500, 55907, 9847",6130,False,4.554276248011666,0.0104639564657231,2.562282534980685,3,14,-1.6610608530014896,-2.1847980498162567,0.6389455841823463
55500,"55500, 55907, 9847",6185,False,2.598371579411209,0.0328880107005828,1.2337876804328418,3,14,-0.4887871207803492,-0.6736201390484927,0.7722938751587749
55500,"55500, 55907, 9847",6208,False,2.4499726823894608,0.0435512868248201,1.1815873508578671,3,14,-1.686787960834628,-2.2266810730205195,0.7982670741340606
55500,"55500, 55907, 9847",6210,False,3.1288085330879207,0.0208931635660433,1.576413930319257,3,14,-2.009033707108584,-2.3498168891186317,0.7294152890280464
55500,"55500, 55907, 9847",6222,False,3.282336347807946,0.0385869094236691,1.9562106726675408,3,14,-1.874428879845452,-2.404694315401143,0.7891616186922428
55500,"55500, 55907, 9847",88745,False,2.306592031853532,0.035969724617168,0.9060956900854178,3,14,-0.2589982650036415,-0.3841375766429447,0.7796065223202716
55500,"55500, 55907, 9847",55316,False,5.046814493252136,0.000216858557504,2.140013812139168,3,14,-0.2085150729448394,-0.4128711047180094,0.1951297392092773
55500,"55500, 55907, 9847",221421,False,2.5845619911619657,0.0222818628203366,0.982122751810478,3,14,-0.2903700608802141,-0.3804774077780465,0.7425652669255384
55500,"55500, 55907, 9847",6256,False,2.471654783046245,0.0260539590728831,0.9727977354429352,3,14,0.0040502871245348,-0.1556750528767381,0.7568854103964252
55500,"55500, 55907, 9847",388228,False,-3.331404849132974,0.0180671837573922,-1.7083591607267683,3,14,-0.3922899119717315,-0.209572179586185,0.7134390816796584
55500,"55500, 55907, 9847",22928,False,2.213513828268916,0.0440674388526404,0.8497179998344405,3,14,-0.500905473025861,-0.8046192914416922,0.7982670741340606
55500,"55500, 55907, 9847",29072,False,-2.743075376908655,0.0175262573678525,-1.1822101297547962,3,14,-0.6553009404225824,-0.5075921591700566,0.7128658384945291
55500,"55500, 55907, 9847",220134,False,-2.5414962946396225,0.0355746358918802,-1.2042075663221872,3,14,-1.0290408867773897,-0.6672562625583723,0.7792678241219885
55500,"55500, 55907, 9847",1468,False,2.560403738404061,0.030199431394212,1.1712451746815715,3,14,-0.1014201065997279,-0.2954829799977529,0.7688185734422155
55500,"55500, 55907, 9847",9197,False,3.494739074779517,0.0059617734678969,1.5782262025349416,3,14,-0.0508615068809672,-0.329377748542638,0.5795206013161482
55500,"55500, 55907, 9847",6520,False,3.656012268994073,0.0026711745429889,1.3983923498446709,3,14,-0.3228941440614073,-0.510286388587965,0.4718036235847079
55500,"55500, 55907, 9847",8140,False,2.6073732202889657,0.0354085895743894,1.2653486855263452,3,14,0.0875819342570799,-0.1304344659129476,0.7792678241219885
55500,"55500, 55907, 9847",65124,False,2.8027092839352705,0.0326569960614927,1.4215835848249143,3,14,-0.2537061254090438,-0.3941727010109716,0.7722938751587749
55500,"55500, 55907, 9847",10615,False,-3.0592355151292976,0.0328602527065514,-1.6632976252498617,3,14,-0.7828364910166085,-0.5080158637288339,0.7722938751587749
55500,"55500, 55907, 9847",147841,False,-4.222781104428294,0.0064354272820754,-2.152559782708781,3,14,-2.5277312095880045,-1.907363250660956,0.5853481090725166
55500,"55500, 55907, 9847",283377,False,4.850584445444406,0.0002459179748317,2.009069080992001,3,14,-0.3268358308040358,-0.4970092006661464,0.2103405602834605
55500,"55500, 55907, 9847",10847,False,-2.3358985097076386,0.0346263593045787,-0.9022415426436744,3,14,-1.353797776959415,-1.1421674059199405,0.7760302177369495
55500,"55500, 55907, 9847",6726,False,-2.273405880530504,0.0459956882109896,-1.01984400642982,3,14,-1.181467849204882,-1.0476811629436222,0.7982670741340606
55500,"55500, 55907, 9847",10250,False,2.894579482854692,0.0111313369746801,1.1634289905759874,3,14,-0.6643280992248733,-0.8293543058263325,0.64579115731803
55500,"55500, 55907, 9847",56910,False,3.382027962889239,0.0383791673832601,2.0575347233965244,3,14,-0.1463254539540446,-0.551022136275942,0.7891616186922428
55500,"55500, 55907, 9847",55240,False,2.4571409520513456,0.0373565821633308,1.137753865558842,3,14,-0.0775027548847847,-0.2589872923116916,0.7855967493217224
55500,"55500, 55907, 9847",6491,False,-3.700831788351272,0.0072360231834087,-1.7793368226945387,3,14,-0.8560796814688482,-0.5846762090263261,0.595493334501141
55500,"55500, 55907, 9847",53407,False,-3.2769420612248075,0.0481155419959182,-2.0839022797408857,3,14,-1.561543954646203,-1.071118646324272,0.803011772533454
55500,"55500, 55907, 9847",6814,False,-4.939365723922427,0.000494220668373,-2.1952890047508995,3,14,-0.7162754890522226,-0.285540429862863,0.2839400409879977
55500,"55500, 55907, 9847",55578,False,-2.213211129180379,0.0480119177618118,-0.9680183761704286,3,14,-0.2403509863540606,0.0706536339917886,0.8025850769705906
55500,"55500, 55907, 9847",6832,False,-2.6550334151770167,0.0418376414529573,-1.366725596824375,3,14,-1.3154541362575491,-0.9030998852568594,0.7956001194952814
55500,"55500, 55907, 9847",10492,False,2.8025972834686352,0.027471690289801,1.3679649631726734,3,14,-0.0546260202753088,-0.3099392741945344,0.7578267072412546
55500,"55500, 55907, 9847",9066,False,-3.678726023064845,0.0082056728613994,-1.7899366566825354,3,14,-0.2200034590134046,-0.1139800489281319,0.6076895211293379
55500,"55500, 55907, 9847",117143,False,-2.3015996892188384,0.0362925267094677,-0.905069413086347,3,14,-0.2301403920790822,0.1201112713250323,0.7805061792609521
55500,"55500, 55907, 9847",6873,False,-2.950344964052928,0.0208272396938815,-1.4207650028784935,3,14,-1.0019712993792187,-0.7774965157948873,0.7292762103763515
55500,"55500, 55907, 9847",6901,False,-4.884252225599821,0.0001990660681546,-1.9616044423286545,3,14,-0.7501207430403056,-0.3214129415104557,0.18798735162891
55500,"55500, 55907, 9847",150483,False,2.384922262200561,0.0401259837218846,1.0888706772613097,3,14,-0.1906156583333356,-0.3014085478401389,0.7947636811015407
55500,"55500, 55907, 9847",7023,False,-3.0042290854680083,0.0127793642959852,-1.3418447486161449,3,14,-0.3594809625108232,-0.2270606992896713,0.6648757342407524
55500,"55500, 55907, 9847",7027,False,3.2989645276783537,0.0216224770852087,1.735094996114888,3,14,-0.1260981273946667,-0.4713025399924969,0.7349715758767373
55500,"55500, 55907, 9847",9984,False,-3.255238685938714,0.006093784949191,-1.3754527877174891,3,14,-1.37731487033843,-1.0980217828827736,0.581002650342814
55500,"55500, 55907, 9847",84321,False,3.1638937763798265,0.0211709494026852,1.6106890900488675,3,14,-1.0299794298370744,-1.4632390515624754,0.7324479075202417
55500,"55500, 55907, 9847",7086,False,3.351285692369449,0.0105604486980556,1.5877406571072492,3,14,-0.0920762934647567,-0.4022285708996013,0.6407411172848906
55500,"55500, 55907, 9847",7094,False,6.013680802416273,0.0008009428916465,2.9822069776954576,3,14,-0.226938971531343,-0.5841910735974462,0.3260305687025182
55500,"55500, 55907, 9847",10972,False,2.7420769359812733,0.0151254332342541,1.0959085129312172,3,14,-0.4509378078400775,-0.6991540840183129,0.6903445942639606
55500,"55500, 55907, 9847",10959,False,5.5908320593086245,5.690180541622508e-05,2.2903687167294056,3,14,-0.2376911129509531,-0.71235415400016,0.1096423598059726
55500,"55500, 55907, 9847",11073,False,-3.3359096948398963,0.0053392610485873,-1.2617885669249416,3,14,-2.0076148449959104,-1.6825647335751934,0.5705647490366753
55500,"55500, 55907, 9847",27010,False,2.367894693967657,0.0365061482846008,1.0363261044786238,3,14,0.0366033227273923,-0.0745353948632265,0.7828057367888805
55500,"55500, 55907, 9847",7175,False,-2.25436548571359,0.039575288750293,-0.8958125179918435,3,14,-1.21709874725004,-1.0582445718516238,0.7924614775352322
55500,"55500, 55907, 9847",27095,False,2.411458241796738,0.0313007340189693,1.0235831439957892,3,14,-1.4357066548905728,-1.6351065739730886,0.7710891626210068
55500,"55500, 55907, 9847",54931,False,-3.625368957968842,0.0024966204160463,-1.4410166221787497,3,14,-0.5093535834730043,-0.2943955356168122,0.4614828656242039
55500,"55500, 55907, 9847",26995,False,-3.4083575769769667,0.0273984624680456,-1.9204551397891567,3,14,-0.5941570813485452,-0.259235578944404,0.7578267072412546
55500,"55500, 55907, 9847",9819,False,4.337930694022508,0.0008540820674789,1.855898073197436,3,14,-0.190545976563399,-0.4813456031546512,0.3324764278827098
55500,"55500, 55907, 9847",283989,False,4.266910805296702,0.0012283610330187,1.8686519383354665,3,14,-0.5202547362701603,-0.8269611370929498,0.3748120081084212
55500,"55500, 55907, 9847",115939,False,2.954571699981513,0.0098514876920602,1.186350512590583,3,14,0.1209666696509402,-0.1458071998055529,0.6262169779905742
55500,"55500, 55907, 9847",7268,False,2.8353917425688677,0.0130663582007055,1.1745585976612505,3,14,-0.2412364383611701,-0.5368289250450917,0.6721985862055527
55500,"55500, 55907, 9847",7301,False,3.072672995004974,0.0183173876818152,1.4919406703359628,3,14,-0.1565150652992775,-0.3131501136743314,0.7134390816796584
55500,"55500, 55907, 9847",79876,False,2.590608414885194,0.0370436787529439,1.2639182117637358,3,14,-0.2882099813337302,-0.6763520683764492,0.7841076422052898
55500,"55500, 55907, 9847",65264,False,2.822070014228017,0.0373929248769531,1.486372257783256,3,14,-0.1704418200310971,-0.3334105015905287,0.7855967493217224
55500,"55500, 55907, 9847",90025,False,2.181697575974075,0.0454545858515627,0.8707258670704924,3,14,-0.1131143743178655,-0.2789277531687298,0.7982670741340606
55500,"55500, 55907, 9847",10277,False,3.6516727085289062,0.0079234364947302,1.7610730126503062,3,14,0.0488598046609579,-0.2826423727237356,0.606753867466964
55500,"55500, 55907, 9847",23376,False,4.250137061010364,0.0008679754510195,1.6202065208020362,3,14,-0.2233781634124121,-0.5615645327326344,0.3324764278827098
55500,"55500, 55907, 9847",51569,False,2.677552535677384,0.0230007223404096,1.201677932750079,3,14,-0.3014442568056323,-0.6028146657607322,0.7482216562434956
55500,"55500, 55907, 9847",7372,False,2.514505434378278,0.0323594828043556,1.1480516348855023,3,14,-0.0026893788029384,-0.3137515303637629,0.7715553047120207
55500,"55500, 55907, 9847",7385,False,-3.448381546837969,0.006688415861052,-1.5654459369577851,3,14,-0.5296600026745448,-0.2682542078115723,0.5853481090725166
55500,"55500, 55907, 9847",11274,False,2.411384185479195,0.0293210588959463,0.948813380045424,3,14,-0.2270281660987931,-0.6472228670326887,0.765356671164878
55500,"55500, 55907, 9847",51096,False,2.6896193046934616,0.0169505165703228,1.0565972273623698,3,14,-0.9308697757190694,-1.1297119683174222,0.7081573893827539
55500,"55500, 55907, 9847",84294,False,-4.271678342158926,0.0006736634386452,-1.7213980565768987,3,14,-1.0990456985835264,-0.7807200641347029,0.305714791791246
55500,"55500, 55907, 9847",80146,False,2.4554261008652043,0.0326768121789769,1.091207650334111,3,14,-0.0459125390543615,-0.3363838753151179,0.7722938751587749
55500,"55500, 55907, 9847",7414,False,2.834383245792702,0.0130229401937428,1.1712008358851698,3,14,-0.2662741054213599,-0.4401797179959455,0.6710507902425702
55500,"55500, 55907, 9847",7419,False,2.306294906829132,0.0374650628176984,0.8794135359740775,3,14,-0.1675152744132349,-0.2531348381573099,0.7855967493217224
55500,"55500, 55907, 9847",81552,False,2.808670577234104,0.0133995211633658,1.10048631029385,3,14,-0.1945756591874292,-0.3779779022087606,0.6751793909154472
55500,"55500, 55907, 9847",57599,False,2.8984445483466144,0.0118522246139686,1.2135258173184276,3,14,-0.2561090786519515,-0.6671092370876994,0.6549405099746355
55500,"55500, 55907, 9847",79726,False,-2.155433462668397,0.0498324191173487,-0.9089100494821512,3,14,-0.48658661902048,-0.3648383867191481,0.8046714497212784
55500,"55500, 55907, 9847",23335,False,2.983160575559176,0.0165940554093776,1.3896497190957426,3,14,-0.5337002423543323,-0.9684419730958788,0.7049997375906594
55500,"55500, 55907, 9847",84292,False,2.338455653706703,0.0341528610835953,0.9092540449265611,3,14,-0.2748892121732449,-0.4516820370731508,0.7760302177369495
55500,"55500, 55907, 9847",7517,False,3.3644938278187446,0.011878396791731,1.6259404181687125,3,14,-0.1641872286547322,-0.597684644400638,0.655262930941885
55500,"55500, 55907, 9847",64132,False,3.045127918563836,0.0232724496783882,1.5349062203947623,3,14,-0.1311931989062657,-0.3595313954262393,0.7485525004632818
55500,"55500, 55907, 9847",27107,False,-3.719890903791825,0.002423763238943,-1.4169045601138837,3,14,-1.6506318842142271,-1.3238656223531131,0.4587117602278026
55500,"55500, 55907, 9847",84524,False,2.679097596382326,0.0361768176795138,1.339790557192892,3,14,-0.6585072217802482,-0.8691100899293952,0.7797765726372132
55500,"55500, 55907, 9847",6935,False,2.5491881333365325,0.0305314982379211,1.163724822631203,3,14,-0.0275882013209781,-0.2145261042496944,0.7689044219165413
55500,"55500, 55907, 9847",677,False,2.962434525828645,0.0096879271116669,1.1803881565016028,3,14,0.0233255529849416,-0.3481021458107444,0.6243410810700536
55500,"55500, 55907, 9847",678,False,2.5100753877754363,0.0248557197368435,1.0423147199767322,3,14,-0.225579262936698,-0.3538375726914794,0.7568854103964252
55500,"55500, 55907, 9847",55954,False,-2.3965128093579757,0.0302727182150655,-0.9763330289269434,3,14,-1.0504915666435684,-0.8601270375006231,0.7688185734422155
55500,"55500, 55907, 9847",84838,False,2.2234458998021758,0.0476843866227523,0.977353704320099,3,14,0.1484633444981479,0.0022628415563708,0.8019982402475438
55500,"55500, 55907, 9847",9183,False,-3.703193772120261,0.0472048926245154,-2.5830183737120342,3,14,-0.7928355357392727,-0.2675589415210314,0.8015763446676192
55544,55544,10121,False,3.218754497604057,0.0058189296767844,1.4555031530538105,5,12,-0.4072652834099494,-0.8759756250583486,0.5783460537391655
55544,55544,414189,False,-2.627422311910108,0.0347484052516199,-1.4299020818854489,5,12,-0.6446873504303513,-0.4728523394133616,0.7760302177369495
55544,55544,226,False,2.911727504639028,0.0107441158544479,1.2995143783994385,5,12,-0.8506482172280665,-1.334506608478491,0.6440999535395319
55544,55544,51529,False,-2.6615380809687186,0.0202808544345688,-1.2756762445495569,5,12,-1.6234865273709282,-1.2953934992120246,0.7251380775498089
55544,55544,163,False,2.280805027484403,0.037602170621917,1.0172394490365158,5,12,-0.0363477330834645,-0.1828180497669278,0.7855967493217224
55544,55544,324,False,-2.550788541029834,0.0397223651654452,-1.3971368898286942,5,12,-0.6919011969017304,-0.3481981520279255,0.7930319688611528
55544,55544,27301,False,3.0708823022142684,0.0120419014587685,1.545993825324539,5,12,-0.0020385904502866,-0.3304012704564331,0.657925487597981
55544,55544,382,False,-2.323803234152185,0.0419816094224048,-1.1607754177719127,5,12,-0.4286768893484886,-0.1701557982991916,0.7964103109462105
55544,55544,8874,False,2.670557376194582,0.0194400907984126,1.2691535772112317,5,12,-0.0071095114259168,-0.3943662755939481,0.7181353628805818
55544,55544,196528,False,-6.18373760391168,8.016673831296393e-05,-3.0644309658091053,5,12,-0.8428754784191718,-0.3476042184970533,0.1277728056223882
55544,55544,79798,False,2.638175205428505,0.0194431215997425,1.1277020037791643,5,12,-0.1720203015906345,-0.4281885540772177,0.7181353628805818
55544,55544,93436,False,3.238358227213629,0.0134639457837381,1.7362598809838528,5,12,-0.2152070656766555,-0.4309249043065403,0.6751793909154472
55544,55544,490,False,2.6038435329008536,0.0200867608723615,1.176278915287952,5,12,-0.0761941577487126,-0.2927759973097668,0.7230843984880345
55544,55544,57099,False,2.618097667232759,0.0208080833416228,1.1067412462092738,5,12,0.0370662149710006,-0.163874378045434,0.7292762103763515
55544,55544,552,False,3.1935324996234185,0.0064593771113841,1.3666739615352486,5,12,-0.1715474254814179,-0.3975611184615006,0.5853481090725166
55544,55544,83990,False,3.285892639622846,0.0050064416449061,1.4664462273299428,5,12,-0.1476864364875497,-0.3200683717606191,0.5631007047753637
55544,55544,7862,False,-3.729656051216427,0.0021034947843284,-1.701614612102634,5,12,-0.5956414670555926,-0.3029074883216995,0.4498413207050675
55544,55544,689,False,2.2659756513931346,0.0417912658552456,1.0816049951952915,5,12,-0.6387653523352382,-0.8203308461410109,0.7956001194952814
55544,55544,115749,False,2.3788839536623083,0.0355233014476452,1.1572391081887208,5,12,-0.0902553088597332,-0.2442932459804658,0.7792678241219885
55544,55544,28974,False,3.482370958950785,0.0034532537556063,1.5108502756486533,5,12,-0.4403767200886014,-0.8212037818244898,0.506575498552766
55544,55544,22794,False,-2.3574286872405827,0.0324130598057515,-1.0506459441398273,5,12,-0.5624126638111748,-0.3684075351664982,0.7715553047120207
55544,55544,84317,False,3.9726337722082894,0.0019804773825124,1.932561401124443,5,12,-0.3867512197831503,-0.8997650663803762,0.4434177283254916
55544,55544,51244,False,-3.035127152096256,0.0122465481321104,-1.5153990450405488,5,12,-0.9893520698550466,-0.6962618507907067,0.66067505824945
55544,55544,283234,False,-2.233877325036899,0.0443894736886814,-1.067199672552716,5,12,-0.35893104846632,-0.2547211975023729,0.7982670741340606
55544,55544,994,False,2.5761894565315675,0.0210742353028276,1.1457064065860774,5,12,-0.2319648456909121,-0.4373758234236351,0.7310134273261127
55544,55544,246184,False,-2.3032937392692743,0.0491522865365239,-1.201925423890073,5,12,-0.935251182078502,-0.6941858649371242,0.8045470975745872
55544,55544,8760,False,2.3597785416694363,0.0362360309144388,0.9750297084634522,5,12,-0.2170599575803661,-0.5394936752075645,0.7797765726372132
55544,55544,81620,False,-2.586182524734561,0.038613397930954,-1.4248719448387852,5,12,-2.058563534464273,-1.7303501891968,0.7891616186922428
55544,55544,4680,False,3.055437631770277,0.0085850138531924,1.303943967046504,5,12,-0.1848511933965476,-0.3683870980046728,0.613409593830681
55544,55544,401541,False,2.525717627515429,0.0354653613805631,1.32742650309617,5,12,-0.2293454915602006,-0.46517240623967,0.7792678241219885
55544,55544,79682,False,2.5351830788416603,0.0300412778585614,1.2774001053418165,5,12,-0.0428295982443438,-0.238128676487258,0.7684580593452173
55544,55544,10428,False,-2.5504386813721807,0.0222649741209008,-1.1475503061834371,5,12,-0.5726267589120171,-0.3105119446021802,0.7425652669255384
55544,55544,8837,False,2.245719987259822,0.0407160495802426,0.972084346787956,5,12,-0.725446195892672,-1.3506709402790946,0.7950058640262805
55544,55544,1163,False,-2.676289934065964,0.0472957937176913,-1.7207629308804235,4,8,-0.997464524548306,-0.5671811467473948,0.8015763446676192
55544,55544,80790,False,3.538810987223103,0.0034225940242482,1.4992944614435295,5,12,-0.0811902221803633,-0.3775603593492971,0.506575498552766
55544,55544,4849,False,2.247512857863241,0.0452334268250405,1.0964617170246285,5,12,-1.2942987050264037,-1.664372343954086,0.7982670741340606
55544,55544,80347,False,2.6165190682219217,0.0201495108136458,1.2076849362430049,5,12,-0.2532678482933437,-0.5498609843531289,0.7235844095989172
55544,55544,22818,False,-3.029061681758162,0.0217082067095644,-1.67987496079218,5,12,-1.669077891448494,-1.3833440734762303,0.7360494304129221
55544,55544,29894,False,2.9628086122130366,0.0116450514743218,1.4238056919497872,5,12,-0.9669332625774076,-1.27215725235266,0.6512373017693148
55544,55544,1477,False,2.397592233945623,0.0313577837266066,1.0183137400413944,5,12,-0.5422816271995277,-0.785049185086702,0.7710891626210068
55544,55544,1503,False,3.606960226748421,0.0030678170340979,1.5225841966875089,5,12,-0.2801631043082649,-0.6712247126783435,0.4967832273263615
55544,55544,8453,False,2.889388706203232,0.013670557835214,1.396571703941062,5,12,-0.2462634869935877,-0.5147383292143439,0.6751793909154472
55544,55544,57703,False,-3.1994653523678163,0.0077009459551102,-1.5465917722833673,5,12,-1.7112275597901152,-1.3663344848755614,0.603363561959853
55544,55544,1553,False,3.561378532632168,0.0032881373715238,1.507854916951046,5,12,-0.0708653626044283,-0.264674715984062,0.5028055018374575
55544,55544,51164,False,-2.543864980927731,0.031210578541977,-1.3010211433931944,5,12,-0.9996404360077676,-0.8539888557019016,0.7710891626210068
55544,55544,11218,False,-2.7824433123410626,0.0177466421385304,-1.367083402511766,5,12,-1.5544721890641326,-1.2358648012475488,0.7134390816796584
55544,55544,57696,False,2.666761375558974,0.0318162367363527,1.439990401835186,5,12,-0.7151859115149675,-1.046110109949865,0.7715553047120207
55544,55544,1738,False,2.422070647895979,0.0294913473679544,1.0365487398726196,5,12,-0.0458825558326768,-0.2963042577171842,0.7666544618719339
55544,55544,55192,False,-2.591265062001355,0.0323963177826419,-1.365963810985404,5,12,-1.4242494896681626,-1.125360479169147,0.7715553047120207
55544,55544,10059,False,-3.6821385397653343,0.0022208129496324,-1.642018100119435,5,12,-1.104696104803676,-0.6450558963383809,0.4563336296853107
55544,55544,1841,False,3.176121994406471,0.0090065100448301,1.5680449142928223,5,12,-0.7098516114109762,-1.4269507600796327,0.6150093925147891
55544,55544,1869,False,2.7899185457489444,0.0150045753263044,1.3118749149596034,5,12,-0.0289202792120544,-0.2472933629670319,0.6883861680286661
55544,55544,1973,False,2.870798502241374,0.0122763253697196,1.3283292162499825,5,12,-0.6416704703345328,-1.0698546526178416,0.66067505824945
55544,55544,1994,False,3.5621397163675685,0.0037116340643264,1.7055102285750157,5,12,-0.180090821623235,-0.3900915030165439,0.513507943843382
55544,55544,63916,False,2.4001272032152667,0.0299294457111357,1.0808599014622258,5,12,-0.0139141947235772,-0.3684554078463884,0.7684093142617548
55544,55544,23065,False,3.119820577864185,0.0155953460431639,1.6661909151127323,5,12,-0.1773391376923445,-0.5744435565580982,0.6963803886942586
55544,55544,9694,False,3.165983266893359,0.00683307862717,1.4651907940414022,5,12,-0.1159070103754501,-0.3939983869809297,0.5881026768672172
55544,55544,55831,False,3.1244428702710816,0.0080932695418163,1.4810656942320255,5,12,-0.4669046979625787,-0.8344724725514959,0.606753867466964
55544,55544,51234,False,5.26575236964828,0.0004638458420388,2.6819227610363034,5,12,-0.282042396743817,-0.5684922078194627,0.2782462425649472
55544,55544,83460,False,4.059580278849577,0.0013244702265715,1.917158732967247,5,12,-0.0146851314119801,-0.3338120940328951,0.3748120081084212
55544,55544,2023,False,2.736909670248118,0.0256368635066061,1.439560865888081,5,12,-0.1557943363650747,-0.4690707693274346,0.7568854103964252
55544,55544,100288801,False,2.655560127076696,0.030555329629712,1.3406794179994517,4,8,-0.1317627754179525,-0.3336801336414563,0.7689044219165413
55544,55544,2539,False,4.062632264712674,0.0010836641268861,1.8563470521645196,5,12,0.0435095215405781,-0.3265039732085328,0.3551848823308391
55544,55544,9837,False,-2.522912927951372,0.0293910962182087,-1.2551790389263338,5,12,-2.5472608524704823,-2.075647614090568,0.7663258759299784
55544,55544,2735,False,3.072730138474682,0.0103789883577587,1.5049020105872233,5,12,-0.1817390448296036,-0.3363678885448574,0.6374935742597804
55544,55544,8833,False,2.4632812824517485,0.0266485484178899,1.0703694692603198,5,12,-0.6225374890015777,-1.1060600731042225,0.7568854103964252
55544,55544,54584,False,5.300803287062725,8.926905425874495e-05,2.367485717393573,5,12,-0.4428670105011991,-0.9145328256259316,0.1277728056223882
55544,55544,29889,False,3.1468815957252487,0.0066514013382581,1.3937153423792086,5,12,-1.042956918014343,-1.2857804509837991,0.5853481090725166
55544,55544,54856,False,-2.3516815804508924,0.0340636684790533,-1.0946856434310033,5,12,-0.5807707857810962,-0.4494743181893041,0.7760302177369495
55544,55544,80273,False,-2.3694755102768266,0.0360510169293174,-1.1516672194137445,5,12,-1.6548223536666828,-1.3766154664675243,0.7797765726372132
55544,55544,2935,False,-2.6064496963831787,0.0244155170604536,-1.2820929205974447,5,12,-2.2943507018757456,-1.717337314382708,0.7555168658866813
55544,55544,3099,False,-2.7037419142331984,0.0222901040434234,-1.358402883649173,5,12,-0.4463748646800745,-0.2743242159735182,0.7425804518189615
55544,55544,9394,False,2.9826460016266574,0.0135112139792192,1.4914472033905903,5,12,-0.3051782120425033,-0.5171654134843224,0.6751793909154472
55544,55544,23379,False,-2.761045039518831,0.0146734435095442,-1.2467472944394318,5,12,-1.0836100032304192,-0.8115243035263594,0.6858173473649897
55544,55544,3615,False,2.2067927422550144,0.0441237201933951,1.014681749633614,5,12,-0.4164756062396152,-0.7230696418488799,0.7982670741340606
55544,55544,81556,False,2.319611139180517,0.0374873958476538,1.10162717048907,5,12,-0.1992312427701766,-0.4285376328081049,0.7855967493217224
55544,55544,26512,False,3.6657583349746847,0.0032692272595191,1.772136911687434,5,12,-0.2500786808876667,-0.7531863120599374,0.5028055018374575
55544,55544,3843,False,2.884843038547237,0.0115358095325142,1.3114519244798224,5,12,-0.075795040861865,-0.3221561056524945,0.6488452626579987
55544,55544,3660,False,2.2911712066432304,0.0369316873857418,1.0067158546818102,5,12,0.1614370441726642,-0.1422187545056075,0.7836483879259681
55544,55544,22992,False,-2.993759365424718,0.0167291028105878,-1.5649330973146574,5,12,-0.8546734247601249,-0.5157422955646315,0.7070974930710524
55544,55544,688,False,-2.8625822198842816,0.0119384287657855,-1.2543737700376592,5,12,-0.6580967232102696,-0.2991308919505112,0.6570214742539268
55544,55544,3856,False,-3.945435002125528,0.0075555388322626,-2.4945979697416374,3,7,-0.7865104541288539,-0.4622389667861527,0.6015842362659898
55544,55544,386676,False,2.4583533864213907,0.0270511712759036,1.0633150647669545,5,12,-0.2581485867260319,-0.4061509079966721,0.7578267072412546
55544,55544,114823,False,-2.733851630601842,0.0291573118470578,-1.4797990899682043,5,12,-0.5522330592902623,-0.2943126657934727,0.7641180140251493
55544,55544,11019,False,2.588485835186238,0.0213726197192938,1.1975586475212705,5,12,-0.2325897737129843,-0.4907601730751321,0.7331528917128181
55544,55544,91750,False,-2.30031730617857,0.0480770297401437,-1.1892329828738042,5,12,-0.7369890507463852,-0.4716024502216855,0.8026499246604539
55544,55544,1241,False,3.1077186654736155,0.0087386187647513,1.4883762099853557,5,12,-0.2535857293433807,-0.4146517730684174,0.613409593830681
55544,55544,8720,False,2.198229025057754,0.0440450301830394,0.9755235652188512,5,12,-0.3422199626219244,-0.6425621787770904,0.7982670741340606
55544,55544,51360,False,2.288624400978307,0.0400016608273783,0.9557238544944664,5,12,-0.3975268390207663,-0.6797873539822138,0.7944208237294973
55544,55544,4193,False,2.2703458380487977,0.0433679964397037,0.9326330239291782,5,12,-0.2802698496583081,-0.571744768274989,0.7982670741340606
55544,55544,9440,False,-2.605472977509876,0.0399123146418597,-1.4586861971540082,5,12,-1.2571980933501172,-0.9459247777572998,0.7940764990198967
55544,55544,219541,False,-2.685592277934031,0.0210851671030142,-1.319089487902701,5,12,-0.7321053974074866,-0.2765525383802256,0.7310134273261127
55544,55544,90390,False,-2.444193334685929,0.0375066643451763,-1.257435262859265,5,12,-2.086420742571079,-1.7832000187065915,0.7855967493217224
55544,55544,10988,False,2.4491088779389605,0.0274003194227851,1.0640657510208036,5,12,-0.3787817258288061,-0.7415356620919201,0.7578267072412546
55544,55544,57534,False,-3.5411695293245127,0.0034497140138107,-1.6620646633348417,5,12,-0.4460240193080421,-0.1937570145738264,0.506575498552766
55544,55544,93380,False,3.5421124976748977,0.0031937575387768,1.6347630446490966,5,12,-0.0779392599806848,-0.3864664730782122,0.5010154610049252
55544,55544,10200,False,-2.9091484635725817,0.0136994130848342,-1.4190878679651109,5,12,-0.5210952373315181,-0.2178421679636685,0.6751793909154472
55544,55544,51154,False,4.56746543381818,0.0012733466776108,2.330937274473569,5,12,-0.6136667383980627,-1.074482675388155,0.3748120081084212
55544,55544,27085,False,-2.465570927586757,0.0332821828993123,-1.2362194615505886,5,12,-1.896817754643677,-1.6846957413270551,0.7722938751587749
55544,55544,10135,False,2.659993062768442,0.019424361936396,1.120281204096948,5,12,-0.1761426757559029,-0.510545927627756,0.7181353628805818
55544,55544,54187,False,2.307150735125305,0.0399476907995232,1.1168536380712804,5,12,0.0698144688656115,-0.0495376133349786,0.7944208237294973
55544,55544,4691,False,2.4673049199339863,0.0262678848931482,1.112838561554141,5,12,-0.8163746079182198,-1.0934204181610916,0.7568854103964252
55544,55544,27158,False,2.3698420959132704,0.0341187890857414,1.1249920863760914,5,12,-0.5775155285552248,-0.8468999311407889,0.7760302177369495
55544,55544,121441,False,-2.409351712550916,0.0292845227760889,-1.070095069406698,5,12,-1.952012845842172,-1.6233361711669112,0.7650310867873422
55544,55544,79707,False,2.180737869801021,0.046295832044293,1.001623413624974,5,12,-0.8504182798552458,-1.1349861508392245,0.7989234963909213
55544,55544,4839,False,2.555286995299688,0.0249554074450527,1.228813626878844,5,12,-1.0412304585373278,-1.282826925073932,0.7568854103964252
55544,55544,4926,False,-2.231501734921785,0.0472004713250061,-1.0955681990012165,5,12,-0.8208850346514247,-0.6686576578594305,0.8015763446676192
55544,55544,4991,False,3.5274616675654187,0.0055020271253025,1.9291956311413685,4,8,-0.3836101711900053,-0.5246213624687492,0.571156009807942
55544,55544,283092,False,2.8389452588710724,0.0186063694456078,1.490460430172267,4,8,-0.017349833344339,-0.2277563939224244,0.7134390816796584
55544,55544,54623,False,-2.678052330121347,0.0172866796552253,-1.1740623724550492,5,12,-0.9901347875539296,-0.7571156922528455,0.7112864518483171
55544,55544,84612,False,-2.9715722002742884,0.0114397858780571,-1.4275475442855756,5,12,-0.8497036176494639,-0.3672604201469047,0.6488452626579987
55544,55544,7849,False,-4.500559047685178,0.0022995180371025,-2.394388024261392,5,12,-1.66152404029841,-0.605166888620762,0.4587117602278026
55544,55544,5093,False,2.4796178452898183,0.0269693970817243,1.160918507579496,5,12,-0.9565737845217726,-1.361951312331236,0.7578267072412546
55544,55544,5216,False,3.885125539046203,0.0023290851379732,1.8916270784545792,5,12,-0.1377057942072147,-0.7280007919457884,0.4587117602278026
55544,55544,5230,False,2.288094395089909,0.0384327750648209,1.065308040717712,5,12,-0.4969617333519216,-0.9197927053914388,0.7891616186922428
55544,55544,5238,False,2.761869952920249,0.016152276982939,1.1597667049021574,5,12,-0.0212257331870583,-0.3953580678165035,0.7006015786627908
55544,55544,5313,False,2.3302177299046547,0.0343044308798821,1.0205231700221402,5,12,-0.1352071180454309,-0.2760099281006246,0.7760302177369495
55544,55544,10654,False,2.5305924442171843,0.0252988848280921,1.2022573120446802,5,12,-0.0358651349870299,-0.3338500702180609,0.7568854103964252
55544,55544,5424,False,2.818694012691071,0.0139062557913614,1.3157806177468083,5,12,-1.9512225956038367,-2.330427900176345,0.6756675892727139
55544,55544,54107,False,2.231691457198642,0.0413630945418734,0.9833014083958538,5,12,-0.2043748700849603,-0.4984274308425093,0.7950058640262805
55544,55544,10721,False,2.6381368325597987,0.0186560562671555,1.1633127122456297,5,12,-0.1802038166636496,-0.3821765750792181,0.7134390816796584
55544,55544,5437,False,-3.5006852465278806,0.0036475411716204,-1.4859913500634576,5,12,-1.8639597081010657,-1.5210936343109651,0.5071411507405079
55544,55544,5438,False,-2.311702352389782,0.0360727444523952,-0.9962082750917084,5,12,-1.9850980882246887,-1.6637769989318965,0.7797765726372132
55544,55544,10621,False,-2.389365181975652,0.0342555062692845,-1.154328067449533,5,12,-1.4866780480816302,-1.300552514809894,0.7760302177369495
55544,55544,5464,False,2.368208039739407,0.0418429197730324,1.212592394467722,5,12,-0.3975068067434016,-0.8493872070597362,0.7956001194952814
55544,55544,8493,False,2.166417062002052,0.0477904465676471,0.9289274193718048,5,12,-0.1331187204335486,-0.3184221526617581,0.802077248491222
55544,55544,84366,False,2.3593824866164708,0.0340775230518409,1.1080891935206123,5,12,-0.3853381199424086,-0.5342870220913986,0.7760302177369495
55544,55544,10113,False,-3.478318784537671,0.0059969892062093,-1.7476325075625745,5,12,-1.517837470097259,-1.149773568072299,0.5795206013161482
55544,55544,10419,False,2.160181143496759,0.0487828065053475,1.0048579361123808,5,12,-0.8400767473852575,-1.0397972173275514,0.8037156778640308
55544,55544,55015,False,-3.5907163279113328,0.0035425602861709,-1.721027886055016,5,12,-0.6742527240990637,-0.3476080941575144,0.506575498552766
55544,55544,5689,False,2.3411351788074946,0.0456725214683996,1.2162043890885226,5,12,-1.493795425745675,-1.796472710639561,0.7982670741340606
55544,55544,5704,False,-2.83750974537672,0.0127444409598785,-1.2939117017341808,5,12,-1.563275536623827,-1.3043674260747675,0.6645992533145212
55544,55544,10213,False,-2.9296991407048827,0.0170047731538783,-1.506563689896478,5,12,-1.8542941927649104,-1.5119119335931943,0.7088716165401042
55544,55544,5709,False,-3.380503159207522,0.0118660812559412,-1.832808147092992,5,12,-2.208799453173618,-1.549260597807339,0.6549623634898245
55544,55544,5714,False,-2.659347209289395,0.0243465575592722,-1.340318758878551,5,12,-1.106489188877598,-0.8346696286307952,0.7555168658866813
55544,55544,375743,False,2.437102979375868,0.0392688990959168,1.2669357950666051,5,12,-0.0866631291763619,-0.3296579137512024,0.7920195618927413
55544,55544,114971,False,2.7407284454400176,0.0153469558521259,1.2425665213852193,5,12,-0.4597666343463561,-0.6678275561441827,0.6930559530626134
55544,55544,5888,False,5.732966754699095,4.541197050721827e-05,2.6240097973237075,5,12,-1.0216618314119554,-1.558350913014355,0.1096423598059726
55544,55544,5890,False,2.1889465439297413,0.0453563742910876,0.9997187285893951,5,12,-0.1499322381855591,-0.337398345244138,0.7982670741340606
55544,55544,5889,False,2.6100293544473483,0.019735451350502,1.1690264445497842,5,12,-0.6545298661810381,-0.8681755590598129,0.7200773977905233
55544,55544,5892,False,3.152387098923757,0.0093578592646383,1.5552950496908162,5,12,-0.2616179615327275,-0.65187123496508,0.6196372357436517
55544,55544,5903,False,-3.60806874773612,0.0086320902275083,-1.952861957281434,5,12,-0.7850754920307697,-0.4955022585679495,0.613409593830681
55544,55544,65059,False,2.951910425223573,0.0141910010391836,1.4749084174852771,5,12,-0.0585893344206258,-0.325629002528177,0.6787506880374049
55544,55544,5931,False,3.034784378390953,0.0090043291096299,1.2926460952328738,5,12,0.1213475173011185,-0.1767668741613576,0.6150093925147891
55544,55544,51634,False,-2.6348680775347018,0.0360981610227144,-1.4519750298558194,5,12,-0.8431159847199223,-0.5556347362677859,0.7797765726372132
55544,55544,157506,False,2.1855928958087194,0.0477864257561732,1.0355310050725492,5,12,-0.1420308211265374,-0.2671229907904415,0.802077248491222
55544,55544,5985,False,2.297670042830719,0.0448837347921858,1.157196715355981,5,12,-1.4633627395085045,-1.633278339095411,0.7982670741340606
55544,55544,55159,False,2.369239659849578,0.0337009988929141,1.1171633352977606,5,12,-0.1817484949065882,-0.3719133532939522,0.7752936742419819
55544,55544,9827,False,3.825672825037968,0.0016609301535149,1.71276065133939,5,12,-0.2581593639961394,-0.5471538224173553,0.4095104635285345
55544,55544,57589,False,2.330822613261479,0.0351787658937268,1.0794939026884331,5,12,-0.1047008260748714,-0.5423955247788467,0.7765136570649784
55544,55544,253260,False,-2.8877299472146145,0.0329036914313072,-1.6855780197893089,5,12,-0.6570809368537835,-0.3275658279196662,0.7722938751587749
55544,55544,55183,False,-2.8426929122678293,0.0257448415064901,-1.5494157195988822,5,12,-0.7995887053936734,-0.4203635208883239,0.7568854103964252
55544,55544,84153,False,2.2431350992297734,0.0456295514342049,1.0947927030311373,5,12,-0.0582296797376793,-0.2894126201181485,0.7982670741340606
55544,55544,6120,False,3.325823687205601,0.0048230314403123,1.4345495578601108,5,12,-0.3498413933966524,-0.7425200574335574,0.5510473205342038
55544,55544,6165,False,2.6802282986961417,0.0416936642752896,1.7397901304278467,3,7,-1.0809555007571174,-1.506356400680096,0.7956001194952814
55544,55544,6187,False,2.762373228751182,0.0316455980514458,1.735374918181708,3,7,-1.2731285326273782,-1.764425783587383,0.7715553047120207
55544,55544,6233,False,2.633639549332893,0.0248530737088593,1.319266149479121,5,12,-1.6492534267076304,-2.0412560881653854,0.7568854103964252
55544,55544,10670,False,2.512466918593826,0.0317489240815338,1.2721557470749316,5,12,-0.3285375227752473,-0.5565224412276126,0.7715553047120207
55544,55544,22937,False,3.031995049973738,0.0088349061172988,1.398023479017027,5,12,-0.6399495036706404,-1.22042319299863,0.613409593830681
55544,55544,9869,False,2.4058919847077744,0.0319770239493052,1.1433533078293416,5,12,-0.192473045014674,-0.4317158226884505,0.7715553047120207
55544,55544,221150,False,-2.5870050294747604,0.0437001776445997,-1.4749956601621783,5,12,-1.231991663026747,-0.8530628584777235,0.7982670741340606
55544,55544,9652,False,3.08967304911733,0.0079117752879819,1.4271566227953434,5,12,-0.1150523098769069,-0.2800702690800328,0.606753867466964
55544,55544,54407,False,2.378338756412837,0.0330474195303363,1.1199964202203905,5,12,-0.3554179322114796,-0.4773256533322048,0.7722938751587749
55544,55544,8140,False,2.243889406830289,0.0417106998980334,1.0436981771347362,5,12,0.0435681821471387,-0.14843146922881,0.7956001194952814
55544,55544,6598,False,-3.14427269751906,0.0124578838293711,-1.626158564057417,5,12,-1.1983528035518436,-0.8074118860723237,0.6614171738249465
55544,55544,10285,False,-2.919835404989371,0.0148674556359303,-1.4561733102708023,5,12,-1.2537884938919102,-0.9540835050533516,0.6870363619667661
55544,55544,55234,False,-2.616116952743897,0.019529549376962,-1.1755692138290486,5,12,-3.255887764925659,-2.7559911477389707,0.7183532871617752
55544,55544,6619,False,2.3652013112340464,0.0322514101449045,1.0276778946565523,5,12,-1.1406552050082712,-1.445774033527203,0.7715553047120207
55544,55544,10302,False,3.458334900466466,0.0035418609755865,1.556107363003448,5,12,-0.9782408230647835,-1.368916112013012,0.506575498552766
55544,55544,6628,False,-3.2143222683233645,0.0066831150571169,-1.5171807729787377,5,12,-1.9231071772312671,-1.5798470016262127,0.5853481090725166
55544,55544,10073,False,-2.798424455562501,0.0283157227895094,-1.5365394093149711,5,12,-1.346165113000074,-0.9596264398255498,0.758844443768512
55544,55544,6428,False,-2.294208428091035,0.0433250074931697,-1.1375127128371554,5,12,-2.798500239681565,-2.398486819735949,0.7982670741340606
55544,55544,6749,False,-2.32607263648522,0.0354328133494281,-1.0758311990407403,5,12,-1.478308314830061,-1.3230179517313536,0.7792678241219885
55544,55544,79991,False,2.657590183516627,0.0206361904391903,1.2778859742289523,5,12,-0.1465962653492978,-0.4501497282366444,0.7292549862539954
55544,55544,85369,False,-2.411227596516191,0.0472850789944102,-1.3104782217009487,5,12,-0.7690553742194506,-0.4753205502924364,0.8015763446676192
55544,55544,10492,False,4.204248718391117,0.0007712511950843,1.8840333569458487,5,12,-0.0401870800691604,-0.3585077082669672,0.3259895048147984
55544,55544,6883,False,-2.821380974809831,0.0188821992710335,-1.4286892978246728,5,12,-0.8783242439215322,-0.6957578895502249,0.713536166510266
55544,55544,100134934,False,2.282345612632305,0.0409924774999086,1.0951838117610917,5,12,-0.205141409163271,-0.45547621523789,0.7950058640262805
55544,55544,24144,False,-2.579384891580928,0.027403281353076,-1.2936380855939134,5,12,-1.3023500544135955,-1.071222173253144,0.7578267072412546
55544,55544,9984,False,-2.743648983578164,0.0150949231197525,-1.226500520926041,5,12,-1.336021204045425,-1.06867862926225,0.6899999248277287
55544,55544,57187,False,-3.378069345162048,0.0055500121925314,-1.6335546994368846,5,12,-2.3610533902223034,-1.9537034100394803,0.571156009807942
55544,55544,7086,False,3.115218938101609,0.0079925230846505,1.4655258612769042,5,12,-0.1360329544404087,-0.4356053417322205,0.606753867466964
55544,55544,9804,False,-2.446558473456925,0.04367535455016,-1.318623966021787,5,12,-0.8166954927103852,-0.5327457877473617,0.7982670741340606
55544,55544,7167,False,3.460956718636544,0.0062557699040699,1.7421543605612595,5,12,-0.5122772584213038,-0.9857189383535075,0.5851271518693187
55544,55544,7175,False,-4.397016705175999,0.0005219572547461,-1.941376703989348,5,12,-1.3055085933493136,-0.9949314400771906,0.2839400409879977
55544,55544,10293,False,2.5189613835089943,0.0299918097011672,1.2582784351471623,5,12,-0.4403924693547598,-0.8389029609862039,0.7684580593452173
55544,55544,54822,False,2.2680195496715463,0.0385653746714454,1.0003928026889966,5,12,-0.293320851789857,-0.62031630485997,0.7891616186922428
55544,55544,115939,False,2.289979003545047,0.0412331260483016,0.9452782793091278,5,12,0.062277504442078,-0.1658156925446092,0.7950058640262805
55544,55544,7268,False,2.886573752104993,0.0122118422259822,1.224901902447985,5,12,-0.2601569046500748,-0.5782108118720349,0.6606655131434859
55544,55544,63893,False,2.273324127381273,0.0475668445552333,1.1522443678874854,5,12,-0.2779346517938889,-0.4090588464960189,0.8019982402475438
55544,55544,59286,False,-2.438267605173506,0.0361082162687547,-1.2360666402212048,5,12,-3.05525217521921,-2.653475351053196,0.7797765726372132
55544,55544,7353,False,-2.6086290926955504,0.0264374682681287,-1.3133932206591443,5,12,-1.76838366803455,-1.4746154458186436,0.7568854103964252
55544,55544,7372,False,2.172415861519716,0.0464719864051683,0.9492651592238548,5,12,-0.0669728671197868,-0.3388104354918801,0.7995042552919458
55544,55544,9816,False,2.5178852557327294,0.0240279277816711,1.1484720830843458,5,12,-0.8569950936308237,-1.0607844337279289,0.7548615691330752
55544,55544,8725,False,-2.3015593742129954,0.044608487145957,-1.159336024133484,5,12,-1.5166486361687497,-1.1549980721084263,0.7982670741340606
55544,55544,8078,False,-2.4403387145624085,0.0421489019824696,-1.2977840538866827,5,12,-1.8323261483231077,-1.4302014243999868,0.7974289184896268
55544,55544,55591,False,2.565996184357156,0.0340471831553208,1.3564784993382175,5,12,-0.315828778124438,-0.5385684606786855,0.7760302177369495
55544,55544,9277,False,2.230149429178662,0.041648140244156,1.0083699792965393,5,12,-0.941998979859422,-1.0841798545365435,0.7955525158072521
55544,55544,55100,False,2.476102606538184,0.0393049087876078,1.393136201564358,3,7,-1.197316411732527,-1.4983092329614571,0.7920195618927413
55544,55544,80335,False,2.590064261628061,0.0241105106880209,1.0669261286856857,5,12,-1.123688849368871,-1.4292907469422813,0.7555168658866813
55544,55544,84292,False,2.6752371360919827,0.0186280978174791,1.2555574832735512,5,12,-0.2367022377107877,-0.497058747249159,0.7134390816796584
55544,55544,7516,False,4.005984815088951,0.0012037223831431,1.7362612369778594,5,12,-0.1751082515557423,-0.5824293609606835,0.3748120081084212
55544,55544,7517,False,3.0064045067833662,0.0090992041425374,1.372698790332115,5,12,-0.2503952656349884,-0.6340141982831822,0.6177479122895033
55544,55544,196441,False,-2.938193927847692,0.0139658679742708,-1.4559478753704904,5,12,-0.670074386823055,-0.521230588600772,0.6757656294720714
55544,55544,51663,False,2.546303760957895,0.0243361201776874,1.2052334188013818,5,12,-0.2172453973220654,-0.3565495997822209,0.7555168658866813
55544,55544,7756,False,-2.3194424108288287,0.0372888267954263,-1.0983539112521608,5,12,-1.404703222977953,-1.1880469996781229,0.7855967493217224
55544,55544,57615,False,2.460979194483996,0.0434777608554907,1.332971552643681,5,12,-0.6783790931711667,-0.9610983963730854,0.7982670741340606
55544,55544,51042,False,3.3652437136895808,0.0090247825896315,1.7463266028209137,5,12,-0.3042500424104638,-0.5662421342479226,0.6152785837144154
55544,55544,26149,False,2.3246779706133265,0.0351126108037235,1.064689679294968,5,12,-0.2199538006644628,-0.3688030768603059,0.7760302177369495
55544,55544,9406,False,2.3016110944593926,0.0361513331925852,1.0304614797276848,5,12,-0.3337951725069703,-0.4496175422581261,0.7797765726372132
64798,"64798, 6641, 6873",6059,False,2.6818031206529387,0.0171028512654368,1.2499735575910949,6,11,-2.103857051875149,-2.320497325657787,0.7098576374439086
64798,"64798, 6641, 6873",50,False,2.2998675409631217,0.0372203545828992,1.0999544944027608,6,11,-0.5775404502350515,-1.126258441804795,0.7855967493217224
64798,"64798, 6641, 6873",27245,False,2.1620086098322244,0.047230980290564,1.0072169296660387,6,11,-0.0122106806389006,-0.1597219946313679,0.8015763446676192
64798,"64798, 6641, 6873",79087,False,2.175449107966116,0.0464456061939359,0.987067393694982,6,11,-0.0411242958024039,-0.194038916456649,0.7994830307113179
64798,"64798, 6641, 6873",55082,False,3.353172885130156,0.0065854794884052,1.690582128863913,6,11,-0.4841202493134366,-0.8133612441161465,0.5853481090725166
64798,"64798, 6641, 6873",539,False,2.652189851042737,0.0181119424522356,1.227894726885916,6,11,-0.2988525291609359,-0.5244178549647804,0.7134390816796584
64798,"64798, 6641, 6873",580,False,3.0833827680900097,0.0113360415924446,1.570129111043025,6,11,-0.3624364784770986,-0.7419224125795014,0.6476956922501441
64798,"64798, 6641, 6873",57448,False,2.3923656987769792,0.0302756954687855,1.1093119611280062,6,11,-0.2766998019117972,-0.5146063527755508,0.7688185734422155
64798,"64798, 6641, 6873",23774,False,2.350996921023192,0.0370072514246984,1.0228791550188796,6,11,0.0394776060071192,-0.1150254363595469,0.7836844213224493
64798,"64798, 6641, 6873",55299,False,2.446982654982909,0.0278475112973183,1.1646981519957942,6,11,-0.8814073555200092,-1.1716515440873103,0.7581377630197409
64798,"64798, 6641, 6873",763,False,-2.684214391314083,0.0202507054008838,-1.3351195039818349,6,11,-0.4513867366632326,-0.3045053418853639,0.7250345459575449
64798,"64798, 6641, 6873",124808,False,2.307787494801496,0.035791951578261,1.0572044270512655,6,11,-0.2772495405761974,-0.3990233611550856,0.7792678241219885
64798,"64798, 6641, 6873",890,False,-2.1800649839372923,0.0458788177545739,-1.0260158526795882,6,11,-1.6830592459345322,-1.3789127380056947,0.7982670741340606
64798,"64798, 6641, 6873",993,False,2.3889926006711257,0.0317979560531682,1.1502578182564387,6,11,-0.2538821416389474,-0.4320274903805243,0.7715553047120207
64798,"64798, 6641, 6873",8317,False,2.776282430451064,0.0141255044984061,1.2811008107754855,6,11,-2.2003804438941583,-2.4849072454490293,0.6787506880374049
64798,"64798, 6641, 6873",55835,False,3.751940344306597,0.0020038570439399,1.773624084230538,6,11,-0.1401057177275769,-0.3904293794318835,0.4446762191621244
64798,"64798, 6641, 6873",22994,False,-2.271299632492785,0.0387217967587247,-1.0739656969195888,6,11,-0.523036335919913,-0.3735071988931259,0.789404272527965
64798,"64798, 6641, 6873",10428,False,2.788310427118865,0.0144443739072705,1.3344213510434977,6,11,-0.1874857823857887,-0.4967602214065014,0.6830391367880794
64798,"64798, 6641, 6873",10523,False,-2.439175197547649,0.0350601266192457,-1.247276507500051,6,11,-1.4228559740682458,-1.145086391143523,0.7760302177369495
64798,"64798, 6641, 6873",23019,False,-2.569100725822038,0.0220217241685931,-1.224848514674258,6,11,-0.9000379736021479,-0.5884593103829561,0.7398212951771879
64798,"64798, 6641, 6873",9125,False,2.3118878105129417,0.0382010966787897,1.1322574291863126,6,11,-0.3284543876033314,-0.5858895021656613,0.7887891891367923
64798,"64798, 6641, 6873",57511,False,3.0865620612992184,0.0088650439001379,1.3580335831339505,6,11,-0.353218653917591,-0.5317509658540976,0.613409593830681
64798,"64798, 6641, 6873",91949,False,2.6893266621474115,0.0172561535956461,1.21489390860639,6,11,-0.1687966313893415,-0.3700252888632807,0.7112864518483171
64798,"64798, 6641, 6873",116228,False,-2.951077855660712,0.0132127544473496,-1.4842754449208828,6,11,-0.4696074999067523,-0.3163518915960679,0.6746356030159332
64798,"64798, 6641, 6873",1329,False,2.136421919475621,0.0495878580709676,0.9960984292659426,6,11,-0.2396962134742072,-0.3966615894133122,0.8046714497212784
64798,"64798, 6641, 6873",1460,False,3.6023657762029693,0.0056214666207157,1.868207203326284,6,11,-0.6850140072212744,-1.146897356711614,0.5716581178580962
64798,"64798, 6641, 6873",10664,False,2.9338192621162174,0.0126966903920645,1.276985071905908,6,11,-1.5349435298728238,-1.8678158510025025,0.6644475108483053
64798,"64798, 6641, 6873",9150,False,2.6758032274476853,0.0187823215177579,1.2994100793823964,6,11,-1.6208953854608674,-1.919283945203842,0.7134390816796584
64798,"64798, 6641, 6873",79016,False,-2.526858642432253,0.0263265282625845,-1.2480565075778889,6,11,-0.4984149945069851,-0.2813232436430322,0.7568854103964252
64798,"64798, 6641, 6873",1642,False,3.523009159723584,0.003115889120962,1.651726721614717,6,11,-1.7695255386210949,-2.203062300214485,0.4999281445021685
64798,"64798, 6641, 6873",54555,False,-2.797039101934826,0.0171490839931389,-1.4028013272697148,6,11,-1.8330370165595216,-1.2568422997144155,0.7108485363674938
64798,"64798, 6641, 6873",1655,False,2.873857266047852,0.0116969752495955,1.3128564652970742,6,11,-0.6647894354754132,-0.9086342211199652,0.6516622677168075
64798,"64798, 6641, 6873",5977,False,2.3500924662611533,0.041047096415652,1.2036784036523156,6,11,-0.1077297116256477,-0.4539214886032452,0.7950058640262805
64798,"64798, 6641, 6873",1781,False,-2.557528652690241,0.0266851248630082,-1.286438299734784,6,11,-1.7001637630501127,-1.493696529018147,0.7568854103964252
64798,"64798, 6641, 6873",1859,False,2.23771026747468,0.040874946905584,1.041936053238056,6,11,0.0957764117822482,-0.1169672239591338,0.7950058640262805
64798,"64798, 6641, 6873",23197,False,2.231009756894673,0.0414025722467383,1.0387694551648272,6,11,-0.2271905292105149,-0.5265750415702337,0.7950058640262805
64798,"64798, 6641, 6873",63877,False,2.72342242800064,0.0157127456494573,1.2559649403999436,6,11,-0.2413429537383689,-0.4315200084884094,0.6974250537130082
64798,"64798, 6641, 6873",26017,False,2.508353967250777,0.0295870500575011,1.2667481363005206,6,11,-0.7737712732111238,-1.0125360120126885,0.7673596757763704
64798,"64798, 6641, 6873",2193,False,3.042534024100199,0.0116943429422456,1.540144653958762,6,11,-0.8086889630401917,-1.0464999295931632,0.6516622677168075
64798,"64798, 6641, 6873",2197,False,-2.923468793314921,0.01326081034787,-1.458414450256357,6,11,-2.9009793292784654,-2.285233372491462,0.6749214675397516
64798,"64798, 6641, 6873",80204,False,3.838977268847728,0.0025991085348556,1.662172384749648,6,11,-0.0111775183743719,-0.3279578559719656,0.4668556929303192
64798,"64798, 6641, 6873",246176,False,2.502803915451751,0.0260318065527215,1.2136291354515882,6,11,-0.1857569053926046,-0.3262401456189768,0.7568854103964252
64798,"64798, 6641, 6873",8487,False,2.241055719462115,0.040973786094269,1.058358670638044,6,11,-0.5631741882240932,-0.8607828494351946,0.7950058640262805
64798,"64798, 6641, 6873",8340,False,-2.325243870217122,0.0449244800987958,-1.2882216066508538,5,7,-0.9756520113590964,-0.7661885201302335,0.7982670741340606
64798,"64798, 6641, 6873",23438,False,2.4307911599418808,0.0308922038762407,1.0672160328970617,6,11,-0.0291940715250608,-0.3082461197864431,0.7693126667133082
64798,"64798, 6641, 6873",54801,False,2.326891096248332,0.0345298848336395,1.064269977335785,6,11,-1.0957693220633329,-1.4020720391549557,0.7760302177369495
64798,"64798, 6641, 6873",25988,False,2.87819374371462,0.0124454358280754,1.281597623435563,6,11,-1.5228517168927744,-1.997397656920362,0.6614171738249465
64798,"64798, 6641, 6873",3633,False,-3.0360422449996034,0.0094858617435735,-1.34223715688205,6,11,-0.3619858213733087,-0.2164205771130041,0.6200387134798324
64798,"64798, 6641, 6873",26512,False,-2.7677324381981703,0.0227448669688291,-1.44839814974689,6,11,-0.9105340258850008,-0.4386749994406887,0.7452362303744248
64798,"64798, 6641, 6873",3735,False,2.5094421615393485,0.0270713344158641,1.237891143986201,6,11,-1.4353979109103463,-1.7842621727502574,0.7578267072412546
64798,"64798, 6641, 6873",3765,False,2.6016100008092944,0.0248885760365197,1.311273045050999,6,11,-0.1590682261720307,-0.3912730691347496,0.7568854103964252
64798,"64798, 6641, 6873",9493,False,2.949497240109637,0.0125649759776005,1.4696996277208043,6,11,-1.8425199412407964,-2.204646189637145,0.6632179544922876
64798,"64798, 6641, 6873",3980,False,2.274386496099816,0.0405115325188689,1.1088785547075026,6,11,-0.2365241645950645,-0.3953264750131822,0.7950058640262805
64798,"64798, 6641, 6873",92935,False,2.267356021867586,0.0400950478380602,1.0927179721799876,6,11,-0.4375836308111059,-0.8316337821551976,0.7947636811015407
64798,"64798, 6641, 6873",55388,False,2.192220454260376,0.0459099722487004,1.053136327229659,6,11,-0.6005391029409606,-0.8125440231259844,0.7982670741340606
64798,"64798, 6641, 6873",9412,False,2.8071926987723708,0.021031181169875,1.465261502578566,6,11,-0.897600417662345,-1.074500805791487,0.7306333539722384
64798,"64798, 6641, 6873",9441,False,2.739292786394022,0.01607502862268,1.3160518718704062,6,11,-0.4956489455721308,-0.7759864144197984,0.7006015786627908
64798,"64798, 6641, 6873",55588,False,3.123758429052893,0.0072827879480312,1.486293451052562,6,11,-0.6387532247845829,-0.9955280134717072,0.5963678797152245
64798,"64798, 6641, 6873",55090,False,5.244380403231459,0.0001069463448409,2.381636140352971,6,11,-0.4533661104293646,-0.8110275803574729,0.1423104397056234
64798,"64798, 6641, 6873",23173,False,-3.133244415948301,0.0085251358642465,-1.5482486054510771,6,11,-1.1318547022305276,-0.6410187959827064,0.613409593830681
64798,"64798, 6641, 6873",56339,False,2.301237535061869,0.038666206828932,1.1234984067344085,6,11,-0.4316352476721099,-0.6137980946352557,0.789404272527965
64798,"64798, 6641, 6873",440574,False,-2.349244312423318,0.0458600427761082,-1.238387514730597,6,11,-0.4886897385373722,-0.2576465403937113,0.7982670741340606
64798,"64798, 6641, 6873",93380,False,-2.789733369483866,0.0176466024060832,-1.4034085493195565,6,11,-0.4872419885497976,-0.1912583677766531,0.7134390816796584
64798,"64798, 6641, 6873",55257,False,-3.641548802614423,0.0040770180718638,-1.8404420725451367,6,11,-0.9669963709456963,-0.6439528615451517,0.5320675763623917
64798,"64798, 6641, 6873",64975,False,2.816580480693329,0.0130879194161951,1.3180722508657134,6,11,-0.4775783986164141,-0.7314423629956684,0.672253504000227
64798,"64798, 6641, 6873",26589,False,2.9743004743113177,0.010133079916934,1.329821378275082,6,11,-0.0494942268341596,-0.3342215426082525,0.6288113398811034
64798,"64798, 6641, 6873",740,False,2.3356709257164883,0.034815299759866,1.1180041479892866,6,11,-0.5481398606705139,-0.7858513461772347,0.7760302177369495
64798,"64798, 6641, 6873",63931,False,2.604456836257871,0.0200108475822625,1.1927875823269212,6,11,-0.3667735507367297,-0.6487805379499384,0.7230822274212263
64798,"64798, 6641, 6873",51023,False,2.331079464708996,0.0407958344651012,1.1808458648468088,6,11,-0.0911444595894288,-0.3560892642060857,0.7950058640262805
64798,"64798, 6641, 6873",28957,False,3.162235003580645,0.0071120318662326,1.4088527697046365,6,11,-0.3592906810882911,-0.584960519728805,0.5938700354709747
64798,"64798, 6641, 6873",10240,False,2.309976191800557,0.0401908585425084,1.002793054678096,6,11,-0.2379389173088613,-0.4694652751306477,0.7947636811015407
64798,"64798, 6641, 6873",8774,False,2.179343992442314,0.0463186755172751,0.9846750023191658,6,11,-0.5622487539277771,-1.0764204848717305,0.798982756151779
64798,"64798, 6641, 6873",23397,False,2.164046631096097,0.0471429745510525,0.9906362610448792,6,11,-0.95133747895746,-1.130095551566802,0.8015763446676192
64798,"64798, 6641, 6873",126328,False,2.1676171576356684,0.0470570813226274,0.9853332176246078,6,11,-0.357253148842838,-0.5437117639768293,0.8015763446676192
64798,"64798, 6641, 6873",4714,False,2.745228125466628,0.017266379420301,1.2036804271784758,6,11,-0.1813624998516567,-0.3777311480733265,0.7112864518483171
64798,"64798, 6641, 6873",4725,False,2.4224955357060187,0.0290328994455495,1.096028314319192,6,11,-0.3973825155860897,-0.6064603961090704,0.7632659636761497
64798,"64798, 6641, 6873",4831,False,-2.1693741953805343,0.0477382033176403,-1.0396004649157655,6,11,-0.4944365438760576,-0.3516908899512987,0.8019982402475438
64798,"64798, 6641, 6873",51070,False,3.080787238130596,0.0081954366078586,1.377995802633399,6,11,-0.1591694024685024,-0.3293023300718581,0.6076895211293379
64798,"64798, 6641, 6873",4905,False,-2.221553834218997,0.0426816350453714,-1.0530285386833889,6,11,-2.2803697409118366,-1.930802057739424,0.7975356290297795
64798,"64798, 6641, 6873",56160,False,2.3946483780389443,0.0301385953729283,1.108053116846036,6,11,-0.8338358121620882,-1.0898180805742874,0.7686204498923369
64798,"64798, 6641, 6873",9972,False,2.6602488774356097,0.019765590080336,1.300071795861762,6,11,-0.5193894292519053,-0.7972466702414095,0.7200773977905233
64798,"64798, 6641, 6873",9818,False,2.1552365713595267,0.0492361723608613,1.0360667023817751,6,11,-0.5475262761715393,-0.8207918287249583,0.8046230511059362
64798,"64798, 6641, 6873",79902,False,2.274266385420944,0.0387396004111856,1.081077448942029,6,11,-1.3975449481495354,-1.6522418001446584,0.789404272527965
64798,"64798, 6641, 6873",8388,False,-2.6863470258187467,0.0351243192942934,-1.630057445466291,5,7,-0.5106608172027779,-0.3143474393191399,0.7760302177369495
64798,"64798, 6641, 6873",23595,False,2.2906316343425828,0.0371318969788593,1.077456170298296,6,11,-0.3835227204187215,-0.5516629403154716,0.7851037911652913
64798,"64798, 6641, 6873",54623,False,2.378148189964296,0.0331072465392361,1.1553233792585569,6,11,-0.6649892560239788,-0.913284246241811,0.7722938751587749
64798,"64798, 6641, 6873",84105,False,2.6456791028559663,0.0184629746961198,1.240261300514765,6,11,-0.0218618899160842,-0.2022148353206312,0.7134390816796584
64798,"64798, 6641, 6873",5134,False,-2.6002691459992606,0.0208251929461532,-1.2427464781595063,6,11,-1.3374092413515484,-0.772107640580699,0.7292762103763515
64798,"64798, 6641, 6873",23047,False,-2.6013086912232337,0.0305105888239373,-1.3686348269565938,6,11,-0.4045068479398039,-0.1263974623152176,0.7689044219165413
64798,"64798, 6641, 6873",5411,False,2.792326415001974,0.0255731937655321,1.5006728448138664,6,11,-0.7280658750176786,-1.0076790749400029,0.7568854103964252
64798,"64798, 6641, 6873",5442,False,2.5373241578512005,0.0262548097707295,1.1050482853070058,6,11,-0.3491537001382862,-0.6210098099317082,0.7568854103964252
64798,"64798, 6641, 6873",151987,False,-2.2848599448190963,0.0379318817011758,-1.0853711249398692,6,11,-0.8164739013024042,-0.5452816879658259,0.7873568976662568
64798,"64798, 6641, 6873",5537,False,2.366202767688501,0.0487634231426614,1.2748428311949078,6,11,-0.2522181276125357,-0.4887755924387878,0.8037156778640308
64798,"64798, 6641, 6873",84366,False,-2.2087029623637178,0.047376026546111,-1.093681747893148,6,11,-0.5915506379183452,-0.4353482761180685,0.8015763446676192
64798,"64798, 6641, 6873",5719,False,2.3448225833351346,0.0332860959871236,1.0952290402255138,6,11,-0.8205570965496186,-1.0896787626746216,0.7722938751587749
64798,"64798, 6641, 6873",5890,False,-3.1553043903101354,0.0113714474665744,-1.6343888264491513,6,11,-0.4738212674718345,-0.1777739753660403,0.6476956922501441
64798,"64798, 6641, 6873",57038,False,2.9689908627757533,0.0126774626014946,1.281480756556484,6,11,-0.1492739609172578,-0.433449342846254,0.6644475108483053
64798,"64798, 6641, 6873",8241,False,2.375492416886896,0.0323164308568622,1.1380747506837567,6,11,-0.3570160961987909,-0.6455431070326468,0.7715553047120207
64798,"64798, 6641, 6873",79171,False,3.3859972660483577,0.0048179877660902,1.6483639971509136,6,11,-0.4009955640530798,-0.7178698769267399,0.5510473205342038
64798,"64798, 6641, 6873",55312,False,2.2266612598981257,0.0440405520865382,0.9852504523420272,6,11,-0.0737363207224137,-0.2782204950059105,0.7982670741340606
64798,"64798, 6641, 6873",10535,False,-2.4631608950585155,0.0488823216165822,-1.371792306958428,6,11,-0.5822559366280825,-0.1776599787665661,0.8037156778640308
64798,"64798, 6641, 6873",84153,False,-2.411062658263593,0.0488657357057309,-1.3202918741518477,6,11,-0.4153834783049523,-0.1156180882069514,0.8037156778640308
64798,"64798, 6641, 6873",6047,False,3.168456734041645,0.0066564318212569,1.429070012898804,6,11,-0.4325609882361045,-0.8438200576047254,0.5853481090725166
64798,"64798, 6641, 6873",6158,False,-2.3866856818858,0.0331713002012144,-1.167723515790629,6,11,-0.987740146138258,-0.6331441363445066,0.7722938751587749
64798,"64798, 6641, 6873",6176,False,-2.292466826047111,0.0389176694935832,-1.1143719319571084,6,11,-1.5608506117268666,-1.330466778145739,0.7897130757303121
64798,"64798, 6641, 6873",6224,False,2.302591775465126,0.0425115882220109,1.1634811322871663,6,11,-2.476387570301958,-2.8076765357580173,0.7975356290297795
64798,"64798, 6641, 6873",25914,False,2.480354231368581,0.0255626911685202,1.1366424552575731,6,11,-0.3736930631967083,-0.6039122938417715,0.7568854103964252
64798,"64798, 6641, 6873",388228,False,3.721035556945567,0.0024952783238725,1.647979523333743,6,11,-0.130560318747667,-0.3025016670577983,0.4614828656242039
64798,"64798, 6641, 6873",23381,False,2.4376741321399664,0.0281194591695758,1.1047552573836097,6,11,-0.964265324678991,-1.1700016377926254,0.7586792529741281
64798,"64798, 6641, 6873",11017,False,3.791973608610921,0.0038674669480454,1.9527706403920837,6,11,-0.9677701105794344,-1.2221434082931195,0.51954243667271
64798,"64798, 6641, 6873",10847,False,3.4450098277228944,0.0070333360346847,1.7817945387130585,6,11,-0.9036867200994002,-1.329965153923728,0.5926082664772035
64798,"64798, 6641, 6873",6432,False,2.813739139185457,0.014485412778831,1.3684802553397917,6,11,-1.918380797618837,-2.297118543253839,0.6831241616173175
64798,"64798, 6641, 6873",57794,False,3.795191379581192,0.0018998715012112,1.8076409967362923,6,11,-0.5470848047427833,-0.7882615240585263,0.4346964188617464
64798,"64798, 6641, 6873",6832,False,2.241086337943254,0.0418289432786175,1.0756046496484897,6,11,-0.7461160669229695,-1.1011876728028056,0.7956001194952814
64798,"64798, 6641, 6873",10474,False,2.928271548592924,0.0104074804910755,1.3649536672194944,6,11,-0.0144287813247017,-0.2969531698615034,0.6383325709132276
64798,"64798, 6641, 6873",6873,False,3.77277534485569,0.0042060485830752,1.9523232567517368,6,11,-0.6240572335388631,-0.9224110652757184,0.5350216543327331
64798,"64798, 6641, 6873",6879,False,2.888229858368683,0.0122943810499763,1.2838579990570511,6,11,-0.6308478390152764,-0.8340901549774632,0.66067505824945
64798,"64798, 6641, 6873",10607,False,-2.397868151592302,0.0305554026177256,-1.0825120742236969,6,11,-1.4031009280990163,-1.1191782964762316,0.7689044219165413
64798,"64798, 6641, 6873",6950,False,-2.194885267778935,0.0468402490431261,-1.0693465345278526,6,11,-2.182626502540552,-1.8178663926390293,0.8015763446676192
64798,"64798, 6641, 6873",79736,False,2.15014774465329,0.0484384722797438,0.9828669234926742,6,11,-0.2769205627814792,-0.5118034167209965,0.8037156778640308
64798,"64798, 6641, 6873",79228,False,3.447645794008201,0.0051175656604407,1.7201805071331684,6,11,-0.2532512276963386,-0.4457502061706613,0.5675677850316042
64798,"64798, 6641, 6873",23534,False,2.2424342345029697,0.0436248082231759,1.1006088370135978,6,11,-1.3779840690006928,-1.5597483056923012,0.7982670741340606
64798,"64798, 6641, 6873",7161,False,2.2370224283430558,0.0443039842155963,0.9808459307364494,6,11,0.0150923771615034,-0.1167938746414211,0.7982670741340606
64798,"64798, 6641, 6873",22974,False,-2.5303331449219564,0.0300164929480615,-1.2939977686838386,6,11,-1.3360539648238563,-1.142596114474591,0.7684580593452173
64798,"64798, 6641, 6873",51399,False,2.514047068451374,0.0378226072681842,1.3447119327107548,6,11,-0.8194897898521001,-1.1263394250439958,0.7866294065922688
64798,"64798, 6641, 6873",54931,False,2.2418593122583097,0.0426855593916318,0.993236574507555,6,11,-0.2216387282101327,-0.3927059890721443,0.7975356290297795
64798,"64798, 6641, 6873",80705,False,2.193491152177041,0.0483924828282646,0.9587569748718572,6,11,-0.2431131167773695,-0.3418403813944018,0.8037156778640308
64798,"64798, 6641, 6873",203068,False,-2.783351262694349,0.0149484637898911,-1.2399132966653266,6,11,-1.9648727975597613,-1.4441827111760288,0.6874491455236397
64798,"64798, 6641, 6873",7283,False,2.2673862092769386,0.0397755562127594,1.0877094315536495,6,11,-1.10970536843791,-1.5560980509635198,0.7935704722558191
64798,"64798, 6641, 6873",10844,False,2.380175954285124,0.0347934310884094,1.1792034618385063,6,11,-1.0163588996191817,-1.5849456473410803,0.7760302177369495
64798,"64798, 6641, 6873",10426,False,2.918205040654528,0.015106688596201,1.4866125669140402,6,11,-1.102449924813362,-1.4578306660442544,0.6900674576710076
64798,"64798, 6641, 6873",27229,False,3.215264897427114,0.0070037115437875,1.4127787908363203,6,11,-1.2586470925324384,-1.6145981450558535,0.592252413130497
64798,"64798, 6641, 6873",114791,False,2.7925415864020304,0.0136823184179812,1.2857432324291318,6,11,-0.9784860827574472,-1.2217610010427131,0.6751793909154472
64798,"64798, 6641, 6873",85378,False,3.611925169794932,0.0029958649239813,1.74801364754315,6,11,-0.8148326561109615,-1.0876271886932731,0.492940809773446
64798,"64798, 6641, 6873",11065,False,-2.5544954148559045,0.0256140732901766,-1.1109870485222937,6,11,-0.6569794911556525,-0.3667044231529619,0.7568854103964252
64798,"64798, 6641, 6873",27338,False,-2.1625047892557325,0.0474602592043543,-0.9843280315454016,6,11,-0.4451600788811329,-0.2993320856082826,0.8018849900886249
64798,"64798, 6641, 6873",59286,False,3.0421521942188363,0.0121622023747703,1.5489916995043558,6,11,-2.4612351615905816,-2.940959465380992,0.6594762366703955
64798,"64798, 6641, 6873",5976,False,2.541953633673047,0.0263003514988572,1.264849964081315,6,11,-1.1414541408182186,-1.4090046464127524,0.7568854103964252
64798,"64798, 6641, 6873",7386,False,2.667606029988995,0.0259575598422391,1.388421482807641,6,11,-0.2881221062008965,-0.5314629183293375,0.7568854103964252
64798,"64798, 6641, 6873",27089,False,2.4791454054254944,0.0290201375620066,1.0812350967209476,6,11,-0.2196417990438838,-0.3802808880188815,0.7631408052182597
64798,"64798, 6641, 6873",7392,False,2.3350919884000327,0.0342973334191492,1.105198269182737,6,11,-0.1049998182757894,-0.2686154681573384,0.7760302177369495
64798,"64798, 6641, 6873",79446,False,2.9038597059127462,0.0135256136072431,1.4442536633545675,6,11,-0.643419729904449,-0.8931932858917708,0.6751793909154472
64798,"64798, 6641, 6873",7516,False,-3.167993984640131,0.0170714743945822,-1.7347043859123377,6,11,-0.7643450806883739,-0.2980566459251518,0.7094815495777185
64798,"64798, 6641, 6873",64132,False,-2.3691703263913024,0.0461406219367059,-1.2605907212826215,6,11,-0.4624737059759587,-0.2411069906209451,0.7982670741340606
64798,"64798, 6641, 6873",27107,False,2.465382916208331,0.0266965387839128,1.1158125479927243,6,11,-1.189944118071418,-1.4860317870143418,0.7568854103964252
64798,"64798, 6641, 6873",23091,False,2.916383882188537,0.0159390368232681,1.4979731618292658,6,11,-0.3031734216784876,-0.6387823213092668,0.7006015786627908
64798,"64798, 6641, 6873",79844,False,-2.7425414044750944,0.0303013914666583,-1.6530883690089428,5,7,-0.4297552341160274,-0.1804418863288218,0.7689044219165413
64798,"64798, 6641, 6873",9745,False,2.2057147702892106,0.0434491243648196,1.0265339227831154,6,11,-0.1335695339333503,-0.2927309375803433,0.7982670741340606
64798,"64798, 6641, 6873",9183,False,2.371682007543126,0.0345674259200061,1.0403594504419855,6,11,-0.210700738208282,-0.4418297599329604,0.7760302177369495
6713,6713,22985,False,2.244163788515385,0.0404920660635172,1.0263222237377074,6,11,-0.4179915961071025,-0.6345657478724681,0.7950058640262805
6713,6713,55803,False,2.202946325461061,0.0450272905148031,1.0587218383950772,6,11,-0.0252596214840846,-0.1930164956568633,0.7982670741340606
6713,6713,102157402,False,-3.607423436885096,0.0025859975510619,-1.670115857766399,6,11,-1.4168736914348192,-0.8642378031142527,0.4653770951372328
6713,6713,55122,False,2.3914885709626423,0.0324007117316756,1.163474678541097,6,11,-0.9101290739931124,-1.1874037174671388,0.7715553047120207
6713,6713,79087,False,2.280871964653182,0.0378399518688022,1.039433244692339,6,11,-0.0365554447908661,-0.1965310170083969,0.7866319400997951
6713,6713,29882,False,-2.62803543918059,0.0326442159344836,-1.4125647289339422,6,11,-1.4301302494807782,-1.0885739941091097,0.7722938751587749
6713,6713,382,False,2.7868324338383488,0.0138225498810693,1.288813828819493,6,11,-0.0704564231123999,-0.3420468625143948,0.6751793909154472
6713,6713,9411,False,2.665602884643124,0.0186124995147604,1.1909480299462183,6,11,-0.2901034734154735,-0.6989158401783276,0.7134390816796584
6713,6713,25820,False,2.675919359880406,0.0195318286036642,1.314118650840483,6,11,-1.360768747739261,-1.7858585761236112,0.7183532871617752
6713,6713,285598,False,-2.2079009448654463,0.0452541365769943,-1.0699132052726263,6,11,-0.3841121035621482,-0.1863802382268631,0.7982670741340606
6713,6713,29028,False,-3.061925353847227,0.0232909875986183,-1.717952368412135,6,11,-0.3910528743496566,-0.1565633380056987,0.7485525004632818
6713,6713,506,False,2.426915578525769,0.0283101595406722,1.1187548190714285,6,11,-0.8660898680237574,-1.1366178525995705,0.758844443768512
6713,6713,84126,False,3.085275838392424,0.01068284750673,1.55814137527925,6,11,-0.4208752179013222,-0.6986929810507823,0.6428513011636617
6713,6713,56970,False,2.427197699575656,0.0326634229308202,1.210741900854387,6,11,0.0099446669483742,-0.4019507989670711,0.7722938751587749
6713,6713,8815,False,2.2420611805022626,0.0405076008061109,1.0405841549180823,6,11,-1.933385924589009,-2.2973249332709744,0.7950058640262805
6713,6713,9774,False,2.5326299371684025,0.0280227841228189,1.2753802315960217,6,11,-0.4905642485514461,-0.7308182991367542,0.7586792529741281
6713,6713,10282,False,2.489598607700642,0.0418868313174787,1.3507100652568274,6,11,-0.2453969696620033,-0.5633712359230019,0.7956001194952814
6713,6713,25855,False,2.6546656797443795,0.0283575638243868,1.39972306630343,6,11,-0.1752117025916096,-0.3824831283196499,0.7595383543965722
6713,6713,701,False,2.2385463420289105,0.0423589800853348,1.0793861088469985,6,11,-1.063365945323196,-1.3081978564888566,0.7975356290297795
6713,6713,9184,False,2.7397337852100816,0.0152810265414984,1.254237211621532,6,11,-2.025372901013217,-2.561473788634532,0.6930523207330397
6713,6713,763,False,-3.217107921960189,0.009941195829156,-1.659184900122319,6,11,-0.4683261737356614,-0.2952656489367664,0.6278978591950445
6713,6713,8812,False,-2.3018781157657866,0.0361443672445635,-1.0733432317887404,6,11,-1.7875262007487909,-1.523677080473088,0.7797765726372132
6713,6713,10574,False,2.652835725542881,0.0226491335380228,1.3360881560498006,6,11,-1.132613575817312,-1.38422518197882,0.7437444055477078
6713,6713,8317,False,2.2618534655842657,0.0396313914123354,1.0216446651597684,6,11,-2.232143421830889,-2.4675819847562668,0.7924614775352322
6713,6713,79019,False,2.2587296448517984,0.0442205308132109,1.127149662638982,6,11,-0.858823501624499,-1.0712623073472811,0.7982670741340606
6713,6713,56683,False,2.692657313949072,0.0175349348945124,1.291590915095162,6,11,-0.948920332161184,-1.2489329508811151,0.7128658384945291
6713,6713,10428,False,3.573048736925841,0.0045142916642785,1.8027185766309777,6,11,-0.1375513587736119,-0.523997179740416,0.5463305204322857
6713,6713,10036,False,2.282358687974898,0.0480720056440088,1.183727910865817,6,11,-0.9616223166147734,-1.247421574324581,0.8026499246604539
6713,6713,64377,False,2.1535237444388757,0.0494942268438923,0.9613809767410998,6,11,-0.144077010441095,-0.2769992413672993,0.8046714497212784
6713,6713,23019,False,-2.69922369688308,0.0171971008634547,-1.2913667359829877,6,11,-0.9084927779281706,-0.5838475989323983,0.7111524121769299
6713,6713,9125,False,3.2768220601386884,0.0068048924272516,1.629322888592827,6,11,-0.278809081863914,-0.612968759841707,0.5871291915890718
6713,6713,91949,False,3.3597435387570225,0.0049169721318597,1.4922607862249284,6,11,-0.1491229411437116,-0.3807563926336243,0.5576407669020836
6713,6713,53981,False,2.976795238192491,0.0112896241708651,1.467721412859139,6,11,-1.4129549106007284,-1.708944129054801,0.6476956922501441
6713,6713,6997,False,-2.200149297656845,0.045859329950868,-0.9771411084885914,6,11,-0.6587366785535828,-0.4551072530657173,0.7982670741340606
6713,6713,1460,False,2.408569621708905,0.043709368780271,1.283573200680338,6,11,-0.739658518636504,-1.1170912595760338,0.7982670741340606
6713,6713,9150,False,2.454003788380714,0.0291952230264309,1.19976977442074,6,11,-1.6309491172831294,-1.913800091482608,0.7643730927910956
6713,6713,79016,False,-2.480271407282361,0.0286196510538319,-1.224146762233323,6,11,-0.4963746467605913,-0.2824361605956106,0.7602841939596087
6713,6713,1642,False,4.974058218787095,0.0001701823835792,2.277946980066213,6,11,-1.7187742595183402,-2.2307448160887144,0.1726789953554151
6713,6713,54555,False,-2.349857475886357,0.0383812881445185,-1.180365487082372,6,11,-1.790719020776818,-1.2799248428686174,0.7891616186922428
6713,6713,57696,False,-2.435056792113184,0.0283930473471035,-1.1562479852956948,6,11,-1.118832958037688,-0.856023011704281,0.7598320119768825
6713,6713,57647,False,-2.2494263685612985,0.0400017545437945,-1.0499967995207689,6,11,-1.773862182171566,-1.47920464208351,0.7944208237294973
6713,6713,1786,False,2.2906726711295806,0.0456177336346272,1.1749600995909713,6,11,-0.721367967624229,-0.8771180207668767,0.7982670741340606
6713,6713,5977,False,2.529269110691005,0.0302171718896379,1.2948943068504382,6,11,-0.095920384470818,-0.4603629397786069,0.7688185734422155
6713,6713,8655,False,-3.677599562026162,0.0025517909038153,-1.6413216518132303,6,11,-0.8003823667101404,-0.3736734297582291,0.4653770951372328
6713,6713,1859,False,2.620241372596207,0.0197350521837057,1.242998219211258,6,11,0.1178795456130957,-0.1290234787759597,0.7200773977905233
6713,6713,10209,False,-3.4204201855935588,0.006180070343761,-1.7355643573298,6,11,-1.3658604733173256,-0.7881126660479058,0.5818844317054163
6713,6713,8661,False,-2.736019995497898,0.0267695693376869,-1.4606854011948855,6,11,-1.982183735623752,-1.60432145278412,0.7568854103964252
6713,6713,1973,False,-3.582297672883101,0.0030166474017297,-1.7187998438582457,6,11,-1.2835822536215336,-0.7586467873961419,0.492940809773446
6713,6713,1975,False,-2.6384104250617444,0.021563511984888,-1.3054931040962603,6,11,-0.6633355056072077,-0.4177701273461437,0.7343931726444771
6713,6713,56943,False,3.556962293800957,0.0034869672179728,1.7331195733555078,6,11,-0.5313498327433516,-0.8380642493815671,0.506575498552766
6713,6713,9700,False,2.338352883519065,0.0397152360018942,1.1795422830655224,6,11,-1.7164025400961351,-2.2225017262679683,0.7930319688611528
6713,6713,91442,False,2.208684373331784,0.0435634361091062,1.0427079664030825,6,11,-0.3550845058121082,-0.6118883793880779,0.7982670741340606
6713,6713,26017,False,2.269179919842693,0.045074841057666,1.1467504974088758,6,11,-0.7844981329600736,-1.00668499760417,0.7982670741340606
6713,6713,2188,False,2.267799095530037,0.0409667114749545,1.0019853676401294,6,11,-0.1395681495544036,-0.4116770138648684,0.7950058640262805
6713,6713,2197,False,-3.037807690635159,0.0104705642549933,-1.508347442617487,6,11,-2.908460800467492,-2.2811525700247204,0.6389455841823463
6713,6713,26268,False,2.843474447753986,0.0166497561445827,1.440392022392975,6,11,-0.1115749971661873,-0.2773691968106366,0.7064221936450886
6713,6713,2521,False,2.334640656307648,0.0354119389050653,1.1266339913101826,6,11,-0.0658187267752413,-0.286164362777518,0.7792678241219885
6713,6713,79833,False,2.252614385977876,0.0423520463487593,1.1003403764901143,6,11,-0.6470634493468094,-0.9689125407585304,0.7975356290297795
6713,6713,11146,False,2.340531122502264,0.0359711708053296,1.143000819778103,6,11,-0.1674792228710337,-0.4100167777417329,0.7796065223202716
6713,6713,51184,False,2.4509650135775405,0.0459455156230164,1.3406912732285834,6,11,-1.02161203004903,-1.4092378018169884,0.7982670741340606
6713,6713,80273,False,2.656782619957015,0.0248073765409118,1.36572788109146,6,11,-1.241535806969025,-1.576752956739051,0.7568854103964252
6713,6713,284110,False,2.359403060302576,0.0344586229468233,1.148547489272859,6,11,-0.227904688338506,-0.379032687526653,0.7760302177369495
6713,6713,2960,False,2.705971912048769,0.025413375822719,1.4192005907856478,6,11,-1.0100081194395212,-1.3287538149339164,0.7568854103964252
6713,6713,2965,False,2.7432934448522364,0.0189489536823961,1.376729453906474,6,11,-0.6094294997584598,-0.8754893324464255,0.7147520404612578
6713,6713,55559,False,2.2093202561209115,0.0480258668854682,1.1003236833849477,6,11,-1.0089776655913354,-1.3683898836087196,0.8025850769705906
6713,6713,10767,False,3.1257462508229152,0.0086443393096623,1.5445125630038272,6,11,-0.1657552630833237,-0.3534148996737963,0.613409593830681
6713,6713,25988,False,2.713250431125529,0.0168727550101692,1.2142549750041078,6,11,-1.5343630171843856,-1.9911187658522105,0.7070974930710524
6713,6713,3099,False,2.308839691539372,0.0363890885549876,1.1002273523659898,6,11,-0.2313856341938323,-0.3759501009017816,0.7818776475075836
6713,6713,51124,False,2.179585737057221,0.0488545811877492,1.0691296397061807,6,11,-0.063847636751049,-0.3212486755887019,0.8037156778640308
6713,6713,3633,False,-3.8389969077828967,0.0045640839976816,-2.0188964605002995,6,11,-0.4008808649996284,-0.1952050987713751,0.5463305204322857
6713,6713,9798,False,2.2270903316595563,0.0450129787426321,0.9772145859829648,6,11,-0.2061521716545129,-0.4179988830851945,0.7982670741340606
6713,6713,10945,False,2.53445365145581,0.0235896932327467,1.209072659423607,6,11,0.0203008608509018,-0.0842536801946071,0.7509897022166259
6713,6713,146909,False,-2.8339005838037847,0.0245397253999375,-1.5280231244558786,6,11,-0.5321500410078445,-0.3226208643958878,0.7555168658866813
6713,6713,9493,False,2.288619469873434,0.0430793308836269,1.1523655656956715,6,11,-1.877675142065787,-2.1854706255507867,0.7982670741340606
6713,6713,8379,False,3.113329348876219,0.0078144998475851,1.3876059685319737,6,11,-0.0211645602909318,-0.2477350872303967,0.6039499425927941
6713,6713,643246,False,2.7862880816469118,0.0138379016725909,1.2883905517079512,6,11,0.1018364933148437,-0.1925810197231184,0.6751793909154472
6713,6713,6885,False,2.625028354937546,0.0256130471528801,1.3433490510147523,6,11,-0.0596894900283427,-0.342826012070131,0.7568854103964252
6713,6713,84246,False,2.598935353051148,0.0373116771777527,1.4222732308411814,6,11,-0.3647558422601458,-0.646064723057714,0.7855967493217224
6713,6713,9441,False,2.51639728241143,0.023993552567423,1.1864333449718951,6,11,-0.5110339802420526,-0.7675945773271139,0.754643184081097
6713,6713,55588,False,2.39125901333918,0.0305912985764656,1.1257523481933818,6,11,-0.6821030056499741,-0.9718826784542208,0.7689044219165413
6713,6713,55090,False,3.2254740500693164,0.0069522474797662,1.5857406173584787,6,11,-0.4919880521419247,-0.7899610666960765,0.5918560655936175
6713,6713,23173,False,-2.5124436218881017,0.0278270533335387,-1.2511027543888995,6,11,-1.0907038038865675,-0.6634647405339573,0.7581377630197409
6713,6713,56339,False,3.2971114032938504,0.0052569003732123,1.5780078152271164,6,11,-0.4016748074257392,-0.6301401529514578,0.5690627652760771
6713,6713,440574,False,-2.437112805492744,0.0401898938873988,-1.2867656801720646,6,11,-0.4929105221820002,-0.2553442947693687,0.7947636811015407
6713,6713,4331,False,2.8822454966076343,0.011398776825351,1.336155733892537,6,11,-0.4636633993544779,-0.6511103129626316,0.6478314579947323
6713,6713,55257,False,-2.4811421129145144,0.0347550269091464,-1.2876616267245748,6,11,-0.929104759728966,-0.6646210131179136,0.7760302177369495
6713,6713,65003,False,3.1920212183086,0.0061126618086279,1.4945541084935408,6,11,-0.0843798383955786,-0.3417406828691495,0.581002650342814
6713,6713,219927,False,2.5369821525638256,0.0234094139765464,1.1430130569639787,6,11,-0.3863420239136343,-0.6609194339852595,0.7485525004632818
6713,6713,28977,False,2.403541738447139,0.0337310491719743,1.1951228292734148,6,11,-0.2454282824147197,-0.4243458810970558,0.7753695800268566
6713,6713,51021,False,2.417393090988584,0.0297407575053299,1.0850650597034155,6,11,-0.2908385178362387,-0.5091645768804288,0.767444887438343
6713,6713,51023,False,2.526414293985048,0.0279986304474336,1.2684563753063216,6,11,-0.0833130357233366,-0.3603609499512269,0.7586792529741281
6713,6713,4502,False,-2.6147727238762424,0.047767624798128,-1.6616866760369902,4,8,-0.59015134771122,-0.3911719139967662,0.8020647869257161
6713,6713,27085,False,2.556015028848352,0.0230730633118943,1.230400130560778,6,11,-1.6113056748521262,-1.8211457836391172,0.7485525004632818
6713,6713,440145,False,2.527143984936689,0.0276182978891642,1.2648055905580855,6,11,-1.1530915361417131,-1.5027458609160156,0.7578267072412546
6713,6713,8883,False,2.7069238963637625,0.0242174691008255,1.4074960319021443,6,11,-0.3637807504490896,-0.6280063352020642,0.7555168658866813
6713,6713,23397,False,2.77651260739809,0.0228391502602836,1.4575852154397286,6,11,-0.897123982524919,-1.1596665496209153,0.7453439108532166
6713,6713,25983,False,-2.3090001943164022,0.0358076705132316,-1.053601994187909,6,11,-0.7937771255370182,-0.5953848097063666,0.7792678241219885
6713,6713,55216,False,2.6558716989139444,0.017989891476894,1.224722270181916,6,11,-0.2289336445244284,-0.4124240903694289,0.7134390816796584
6713,6713,8602,False,-2.382938296519443,0.0394711838135428,-1.2258294478497511,6,11,-1.306306422499669,-1.0202678407481514,0.7920294554796992
6713,6713,51602,False,-2.229082053817807,0.0415247775445891,-1.0337862421804886,6,11,-1.8990886674702143,-1.5543894530058875,0.7953376919186252
6713,6713,10412,False,-2.351246352621303,0.0330072049974493,-1.0726289318531992,6,11,-1.465979333459147,-1.2773391631308877,0.7722938751587749
6713,6713,197370,False,2.6556986246313263,0.0254361335302132,1.3714983452219416,6,11,-0.3192849503370167,-0.5389832929047641,0.7568854103964252
6713,6713,286053,False,2.3841257997749827,0.0325529628650806,1.058221908323999,6,11,-0.3394557048238399,-0.5299501071462981,0.7722938751587749
6713,6713,56160,False,2.7402599010983675,0.0151920178343341,1.2632944158062414,6,11,-0.8167183214549022,-1.099154893687298,0.690986871254628
6713,6713,23386,False,2.5171128033187173,0.0296035416389174,1.2761500695015604,6,11,-0.6027948235839603,-0.8451251759533039,0.7673596757763704
6713,6713,9972,False,2.335883014405585,0.0369525168609866,1.148878542199881,6,11,-0.5342541663163419,-0.789138631842626,0.7836483879259681
6713,6713,9818,False,3.350162520375389,0.0096352729710033,1.7653941447547126,6,11,-0.452928885500054,-0.8723904054548594,0.6229602688458178
6713,6713,79902,False,2.2500671310691374,0.0406353510374921,1.0710368466504665,6,11,-1.3986027355610071,-1.6516648251929469,0.7950058640262805
6713,6713,55593,False,2.187057093344328,0.0452814448483165,1.0295176648201878,6,11,-0.148273809237311,-0.3670625355890729,0.7982670741340606
6713,6713,54623,False,2.6564276299272143,0.0192085754506158,1.2837971313238905,6,11,-0.6525592266195196,-0.9200642622806068,0.7163662249874128
6713,6713,5062,False,-2.598001728341744,0.0368846345191217,-1.41811731620264,6,11,-0.7218237478773237,-0.2199180351960361,0.7836483879259681
6713,6713,5073,False,-2.76195764728758,0.0155112129902384,-1.330816319909457,6,11,-0.4198256252136279,-0.1686556879104175,0.6950759803779362
6713,6713,5091,False,2.463027529878276,0.0291614461364822,1.2105894614514012,6,11,-0.2236442158648012,-0.3746089070950678,0.7641180140251493
6713,6713,5111,False,2.435264382396225,0.043583105665334,1.3092440095706812,6,11,-2.503117591062486,-2.92965099690731,0.7982670741340606
6713,6713,5134,False,-2.7760797655944827,0.0153356379879789,-1.3442831483010806,6,11,-1.3620561046670911,-0.7586638969540395,0.6930559530626134
6713,6713,9409,False,2.731879604972154,0.0154544153212106,1.2585151198843771,6,11,-0.0166321823917963,-0.193020149321032,0.6950759803779362
6713,6713,5245,False,2.378491963748825,0.031739151549786,1.1309697841305006,6,11,-1.8005625645877177,-2.292870175232498,0.7715553047120207
6713,6713,11331,False,2.6080451096951056,0.0211611738164219,1.2619789382881257,6,11,-1.9921168193377108,-2.407836856633142,0.7324479075202417
6713,6713,94005,False,-3.0077887429564805,0.008850904070103,-1.4011101908989303,6,11,-0.4531717472974583,-0.2590101245797472,0.613409593830681
6713,6713,9512,False,2.3829588332167644,0.0311539810297993,1.0831515076405946,6,11,-1.6715995711718188,-1.9333801475241688,0.7710891626210068
6713,6713,87178,False,2.262286504258688,0.043196391018489,1.1219482656317847,6,11,-0.6777079033846088,-1.0220467925294583,0.7982670741340606
6713,6713,84172,False,-2.6072746385195846,0.0231917723617264,-1.2951695433483887,6,11,-1.7377574872080508,-1.3240289101398195,0.7485525004632818
6713,6713,64425,False,-2.1950749881504787,0.0468332285209857,-1.0695450139636606,6,11,-0.9683787884747896,-0.5939564504079007,0.8015763446676192
6713,6713,5438,False,2.3374904173123725,0.0446985610160415,1.2180778099005147,6,11,-1.476575678493792,-1.9119418506675865,0.7982670741340606
6713,6713,5441,False,2.5211445611234637,0.0235914785953717,1.1551644094021294,6,11,-2.2139904136340687,-2.7147377394170573,0.7509897022166259
6713,6713,51645,False,2.8934044092394617,0.0113251145681767,1.316004003485035,6,11,-0.4604345496048387,-1.0220352774381234,0.6476956922501441
6713,6713,10848,False,-2.968439016354822,0.0225888508154515,-1.6277438523922816,6,11,-0.3026314268358942,-0.0798124250143808,0.743696768553327
6713,6713,5537,False,2.466003784921454,0.0429751605778434,1.335286836610415,6,11,-0.2466885440545066,-0.4917917289249855,0.7981287702846972
6713,6713,8575,False,2.1931770650979483,0.0445567412516032,1.0062148553075776,6,11,-0.5399226978747974,-0.7939257966564309,0.7982670741340606
6713,6713,79706,False,2.250335881870197,0.0483599593871478,1.1509007245577492,6,11,-0.2251412349006324,-0.3990356137151174,0.8037156778640308
6713,6713,8559,False,2.645178563600383,0.0224780252554484,1.3258966815516515,6,11,-0.6094969859966827,-0.8984431012567055,0.743696768553327
6713,6713,24148,False,2.7516215597220843,0.0186676306725485,1.38090898175569,6,11,-1.1562884560016549,-1.4006947891678825,0.7134390816796584
6713,6713,10197,False,-2.465958977818928,0.0395039966155943,-1.3102964380609143,6,11,-0.427223768849272,-0.1711131462852007,0.7920294554796992
6713,6713,29127,False,2.722909976987184,0.0157745166033498,1.249241702416756,6,11,-1.1946668083733802,-1.6543135500967203,0.6991438750515371
6713,6713,5884,False,2.205733474545252,0.0435043278239958,1.011912885012053,6,11,-1.0396408868706646,-1.3127290716084266,0.7982670741340606
6713,6713,56852,False,2.168437670713012,0.0469593661394121,1.0222396871244828,6,11,-0.0253228237457518,-0.1828943042618806,0.8015763446676192
6713,6713,8480,False,2.9688410601498902,0.0114598352408837,1.4638080846719643,6,11,-1.3345484715890212,-1.586931791554557,0.6488452626579987
6713,6713,5902,False,2.265348093273769,0.0461797610793208,1.1512133925452073,6,11,-0.2746122203839836,-0.47819298820037,0.7986544754278417
6713,6713,57038,False,2.56818555545413,0.0248710806651868,1.117942517399895,6,11,-0.1671250872852504,-0.4237123648273489,0.7568854103964252
6713,6713,5932,False,2.6515608361724405,0.02669231851493,1.3805405227005745,6,11,-0.7353201474240141,-1.0169419197530958,0.7568854103964252
6713,6713,8241,False,2.4382562351922177,0.0286633131169771,1.168387546544132,6,11,-0.3531942795990324,-0.6476277342688787,0.7606783922604791
6713,6713,114822,False,-3.888249252843523,0.0037519780937901,-2.02330712954927,6,11,-0.4417809030085998,-0.2271406517726612,0.5138175469195508
6713,6713,84153,False,-2.5308148995781745,0.0410843193387919,-1.3849391349194706,6,11,-0.421201151497415,-0.1124448119201535,0.7950058640262805
6713,6713,6047,False,4.694691798574366,0.0002940652701889,2.1484743199033307,6,11,-0.3558731493573086,-0.8856497879022505,0.2174236543050262
6713,6713,26015,False,2.253857956950988,0.0442827772423833,1.1217786734193251,6,11,-1.5831938041743456,-1.8147257887375767,0.7982670741340606
6713,6713,6142,False,-2.4796749122922943,0.0272153982415403,-1.202639562897725,6,11,-2.611256994667894,-2.2671191506083166,0.7578267072412546
6713,6713,6154,False,-3.2917787397980005,0.0063233634874241,-1.6258703635383012,6,11,-2.1811693551290623,-1.637011133116683,0.5853481090725166
6713,6713,6158,False,-2.2548863358204136,0.0428118648073879,-1.1085457909294716,6,11,-0.9796169718175484,-0.6375749587012572,0.7975356290297795
6713,6713,25873,False,-2.8216822636137184,0.0245827878668299,-1.5173922090663974,6,11,-2.274431769348072,-1.887082627313481,0.7558612907641434
6713,6713,6173,False,-2.7945834195319685,0.0410423943937203,-1.853803421351728,3,7,-1.7552736000935,-0.8895341635855578,0.7950058640262805
6713,6713,6176,False,-2.436125661211025,0.0296814419066793,-1.183483718374243,6,11,-1.5677776215577168,-1.3266884091470936,0.767444887438343
6713,6713,6217,False,-2.5948627177660937,0.0217843574498226,-1.257231539139542,6,11,-2.189243273504305,-1.8379193434389576,0.7366843825848629
6713,6713,6228,False,-2.899356091751703,0.0110128632387183,-1.3386569208805603,6,11,-2.4730207717759813,-2.0628675155715284,0.64579115731803
6713,6713,6229,False,-2.960166811749331,0.0103916971456492,-1.4213081398725638,6,11,-1.8609181316356984,-1.4163380097433502,0.6378054582077746
6713,6713,6233,False,-2.3018996385770887,0.0382144195310955,-1.1186228380359755,6,11,-2.1500213936102166,-1.8037465299874076,0.7887891891367923
6713,6713,6203,False,-2.2277919414406084,0.0476308698918853,-1.119422513167178,6,11,-1.8116445051464911,-1.527858765000101,0.8019982402475438
6713,6713,10284,False,2.329101512417027,0.0343572106682327,1.0664607489051807,6,11,-0.9831595853377352,-1.161200422520592,0.7760302177369495
6713,6713,9169,False,-2.8472100042322026,0.026925131496918,-1.5637038972688433,6,11,-0.4308432529962764,-0.2788132908754992,0.7578267072412546
6713,6713,9919,False,3.254701930292332,0.0065546289923447,1.5991631922485146,6,11,-0.3629518168659402,-0.7113237984731833,0.5853481090725166
6713,6713,11231,False,2.3173481663878,0.0356584422858986,1.0464547492875005,6,11,-0.3025755216458827,-0.6140849095452507,0.7792678241219885
6713,6713,26054,False,2.3055347760188187,0.0419635054456825,1.1621306556478197,6,11,-1.1040469991176416,-1.4208970042549718,0.7963464357150325
6713,6713,51639,False,2.838431774074356,0.0235565796297678,1.5218974862738242,6,11,-1.7513888907211592,-2.110729936429818,0.7509368343942597
6713,6713,10559,False,2.2896021958591697,0.0373653315188226,1.0819771311453017,6,11,-0.0229461341848951,-0.2325910977722614,0.7855967493217224
6713,6713,6598,False,2.6153523959420704,0.0216701595623235,1.280756188627145,6,11,-0.7113848299015332,-1.0374906973834457,0.73604291961994
6713,6713,23137,False,2.348927672647084,0.0336199210301765,1.117457791928039,6,11,-0.6230620789910429,-0.8860048995576886,0.774370199859026
6713,6713,6618,False,4.403294509455458,0.0005136630141373,2.0412994651894776,6,11,-0.959760425223258,-1.5717984849513045,0.2839400409879977
6713,6713,6619,False,2.463681106154576,0.0291588286364556,1.0807186801176685,6,11,-1.1459645183063516,-1.4706161197754255,0.7641180140251493
6713,6713,10302,False,2.617470022754055,0.0200389140138898,1.1782151795696012,6,11,-1.0458794916821943,-1.3675382281260813,0.7230822274212263
6713,6713,154007,False,2.1884943608009597,0.0470350237009186,1.0620422556681817,6,11,-0.3140303303142184,-0.5015278316241661,0.8015763446676192
6713,6713,6632,False,3.4623689032899567,0.0059931661150674,1.7649937613046942,6,11,-2.3045806552434103,-2.961518849439399,0.5795206013161482
6713,6713,55133,False,2.5294337148396635,0.0238050824764562,1.2062410153988483,6,11,-1.2242097038446742,-1.5590630894588733,0.7533957011065756
6713,6713,58477,False,2.605474602233305,0.0232499334624795,1.1339705094784722,6,11,-0.5633127802726248,-0.7391552009017596,0.7485525004632818
6713,6713,6432,False,2.604228520975383,0.021677146554403,1.2672446434179818,6,11,-1.9312885893309903,-2.2900779295926648,0.73604291961994
6713,6713,6812,False,-2.969184010427919,0.0193842837880681,-1.5914935870912537,6,11,-0.3713862025539196,-0.1910626476346752,0.7181353628805818
6713,6713,8464,False,4.727764314874146,0.0003209035735858,2.119897134547813,6,11,0.0674113646832205,-0.3662802564492228,0.2284138951122801
6713,6713,9913,False,2.7042230371472957,0.0169155459195506,1.2167299191795904,6,11,0.2228850870678874,-0.1626742669071986,0.7078056318891092
6713,6713,25949,False,2.2292650124411857,0.0482965057117644,1.1264910337122591,6,11,-0.7430939686517886,-1.1216571736807806,0.8037156778640308
6713,6713,6872,False,2.1763479573796367,0.0482371376356249,1.0577525048361556,6,11,-0.7400072314121381,-0.8985439356744418,0.8037156778640308
6713,6713,79101,False,-2.3120982472454465,0.0417647332338233,-0.993691694262128,6,11,-0.8462060688895899,-0.681534636616287,0.7956001194952814
6713,6713,6879,False,3.149522760293166,0.0079819173406939,1.3827409563536022,6,11,-0.6243278914876373,-0.8376464899925391,0.606753867466964
6713,6713,10607,False,-2.800799452829772,0.0148922967496041,-1.238749428866595,6,11,-1.4212732111794004,-1.109266142068749,0.6871175778752507
6713,6713,79228,False,2.2292143205373307,0.0489650549985849,1.1315852328755305,6,11,-0.2824205110816716,-0.4298396879604796,0.8037156778640308
6713,6713,8914,False,2.294384256615836,0.0366199047590099,1.0614005091187548,6,11,-1.2357134211928025,-1.5136317372299255,0.7828467321786678
6713,6713,11011,False,2.4867308646135307,0.035426829987681,1.2989053592917963,6,11,-0.4550534244220667,-0.7111269014126724,0.7792678241219885
6713,6713,9804,False,2.4509746157769614,0.0271156152828061,1.1212119704013097,6,11,-0.4682471882504289,-0.696994889728881,0.7578267072412546
6713,6713,10293,False,2.295205771225449,0.036586453964717,1.0571678881287925,6,11,-0.5036960901499904,-0.8406019397916641,0.7828467321786678
6713,6713,10844,False,2.339682528090555,0.0375522354286251,1.1602238821709314,6,11,-1.0205378932656428,-1.5826661962611923,0.7855967493217224
6713,6713,27229,False,2.2485195054879994,0.0400181418224026,1.045076045352438,6,11,-1.3001254637900477,-1.5919735789153393,0.7944208237294973
6713,6713,114791,False,2.14230315609922,0.0495522936390437,1.0150972620610317,6,11,-1.0024416638336366,-1.2086943204557004,0.8046714497212784
6713,6713,85378,False,2.5633129081298893,0.0236448492409914,1.2510378886929423,6,11,-0.848946648040886,-1.0690195567314962,0.7509897022166259
6713,6713,3093,False,4.393370855648428,0.0010741780137587,1.8946582536648784,6,11,-0.0102036805492157,-0.2638106290249951,0.3532897406010076
6713,6713,27338,False,-2.290550443772598,0.0373402456337412,-1.0384788390833033,6,11,-0.4491702248782552,-0.2971447332462159,0.7855967493217224
6713,6713,90025,False,-3.1839819585446945,0.0125728022385718,-1.68064470781944,6,11,-0.4674587541913067,-0.1308708311061794,0.6632639959694387
6713,6713,59286,False,2.5304422051562887,0.0302030408510582,1.2959490296807443,6,11,-2.494213077568688,-2.922971511211115,0.7688185734422155
6713,6713,5976,False,2.2213855550825774,0.0484223912705236,1.1182577286837954,6,11,-1.1550383883850843,-1.4015950568308253,0.8037156778640308
6713,6713,790955,False,-2.3624956936383947,0.049910722124538,-1.2784166867379627,6,11,-0.5193429242713331,-0.3102318622388508,0.8046714497212784
6713,6713,9875,False,2.505836394443236,0.0242387447601044,1.1647044853161947,6,11,-0.8671332629037143,-1.074716446404374,0.7555168658866813
6713,6713,51542,False,-2.720650657295835,0.0185232346025006,-1.3462926766784529,6,11,-0.5719248090726006,-0.335745226580772,0.7134390816796584
6713,6713,55759,False,-2.797363524505523,0.0162931523657567,-1.3884801895076313,6,11,-1.4795732336565848,-1.2156968184888657,0.7016422622248645
6713,6713,79446,False,2.8956472122432624,0.0137188862309528,1.4399164604998451,6,11,-0.6437597045151845,-0.8930078451950062,0.6751793909154472
6713,6713,9589,False,2.473509600238049,0.0388652419760437,1.3129493715639924,6,11,-0.6859119506384134,-0.9782892996733036,0.7897130757303121
6713,6713,57510,False,2.392760739866956,0.0364112941265222,1.2099019147583658,6,11,-0.3610313126455509,-0.5533426925995439,0.7821785636246772
6713,6713,64132,False,-2.41989443304098,0.0427149775730419,-1.2879070625844324,6,11,-0.4646079722166196,-0.2399428453987664,0.7975356290297795
6713,6713,57002,False,2.575742944036306,0.0332990631792032,1.368245860057569,6,11,-1.0442469217004489,-1.2729833010720908,0.7723811641462126
6713,6713,7534,False,-2.7442428273810227,0.0348695759593509,-1.7485875180391914,3,7,-0.8093414846141066,-0.5958700058740406,0.7760302177369495
6713,6713,79844,False,-3.6908134847036127,0.0144783617875607,-2.347874055792499,4,8,-0.4855305248872119,-0.1837184094166302,0.6831241616173175
6713,6713,677,False,-2.494612552703927,0.042916837971773,-1.36279587447149,6,11,-0.6195014262237548,-0.0987677113684608,0.7977714069206272
6713,6713,55954,False,2.6082217971551374,0.027293834997532,1.3445681779232543,6,11,-0.7021822406020003,-0.9981963437570388,0.7578267072412546
6713,6713,284459,False,2.170054320201085,0.0465606458709738,0.9955367508487546,6,11,0.2345818101832693,0.0107417343454387,0.8003077748292691
7227,"7227, 84294",6059,False,2.8441207002851483,0.0138882507135215,1.3490544757947265,5,12,-2.083000946877399,-2.3111340132582963,0.6754959025012585
7227,"7227, 84294",27245,False,2.7877208467979755,0.0142235379067104,1.2791106871732525,5,12,0.0149455444641254,-0.1587444789249232,0.6793324096164925
7227,"7227, 84294",364,False,2.7788431742668696,0.0140794700087799,1.2239339033742422,5,12,-0.2636347154861075,-0.4570343679076374,0.6787506880374049
7227,"7227, 84294",55082,False,2.274076254928888,0.0458562878071858,1.1372628931421382,5,12,-0.5244174663060145,-0.7691339874690133,0.7982670741340606
7227,"7227, 84294",580,False,3.3583407271333354,0.0111678880208082,1.795850854319917,5,12,-0.3121164655527658,-0.7312652567894397,0.64579115731803
7227,"7227, 84294",57448,False,2.523971929261099,0.0252881538488498,1.1927072569639434,5,12,-0.2540817970994226,-0.5042049755420607,0.7568854103964252
7227,"7227, 84294",2186,False,2.6429326344961024,0.0285430123917544,1.377045547363122,5,12,-0.5447496228377307,-0.7570945207374323,0.7602841939596087
7227,"7227, 84294",672,False,2.439702811975215,0.0421691985708881,1.2972571960779975,5,12,-0.145336905833477,-0.5200545568270594,0.7974289184896268
7227,"7227, 84294",23774,False,2.440279872041285,0.0290065687844138,1.034848898094985,5,12,0.0466588626125268,-0.1051423730812445,0.7629943530305031
7227,"7227, 84294",114049,False,-2.5641374189155317,0.0215900612933152,-1.1429493204879717,5,12,-1.608017720204207,-1.3672298718878997,0.7343931726444771
7227,"7227, 84294",8317,False,2.1722724683923365,0.0476040341572562,1.0088676088620154,5,12,-2.220603181026235,-2.452770538181092,0.8019982402475438
7227,"7227, 84294",55835,False,2.729000557907944,0.0155515589608458,1.2211311063543209,5,12,-0.17066156012771,-0.3568374732898025,0.6950759803779362
7227,"7227, 84294",91687,False,2.686978496087503,0.0168950416170829,1.191971209164478,5,12,-0.7048533733415621,-0.921599380832348,0.7073890142211408
7227,"7227, 84294",55125,False,2.575996409318541,0.042977902517139,1.4559395874455143,5,12,-0.5701468628894775,-0.9009486727934676,0.7981287702846972
7227,"7227, 84294",57511,False,3.241954696930113,0.0057798519776036,1.3930945166063229,5,12,-0.3427332553081771,-0.5212421892799779,0.5764228249838603
7227,"7227, 84294",91949,False,2.1914010188952893,0.0447679778080733,0.9876943722405702,5,12,-0.1810502410271017,-0.3481505633913857,0.7982670741340606
7227,"7227, 84294",8533,False,3.112564682531935,0.0080747119211897,1.4662129116485063,5,12,-0.5770166254654427,-0.8490544273461486,0.606753867466964
7227,"7227, 84294",10987,False,2.8766500677469407,0.01202332760314,1.3256703009008948,5,12,-1.6890073469849671,-2.030155171793488,0.657925487597981
7227,"7227, 84294",90639,False,2.3201768334012973,0.0361555608903883,0.9877656118125558,5,12,-0.0758505038357516,-0.2259379773690066,0.7797765726372132
7227,"7227, 84294",116228,False,-3.0017258599237917,0.0179791223079883,-1.5941189446809745,5,12,-0.4861687471597817,-0.3222226725998627,0.7134390816796584
7227,"7227, 84294",1337,False,-2.572622368804821,0.0218779155143245,-1.1849279543542406,5,12,-0.6213303615769031,-0.4921758411217586,0.7383912610901482
7227,"7227, 84294",1460,False,2.381582818679235,0.0394877748753497,1.2051005195837765,5,12,-0.746184180495249,-1.0829195053899294,0.7920294554796992
7227,"7227, 84294",10664,False,2.7655234524400893,0.0152899842237917,1.178080853354411,5,12,-1.5343274192083385,-1.8403332036852316,0.6930559530626134
7227,"7227, 84294",1642,False,2.5999487544676776,0.0204018444039986,1.1837486779733677,5,12,-1.8152707349232144,-2.1478737382891526,0.7263711305001938
7227,"7227, 84294",54555,False,-2.9677941789488105,0.0182373426462342,-1.5651574616637534,5,12,-1.9052103245677887,-1.274786314448063,0.7134390816796584
7227,"7227, 84294",1655,False,2.5114882063653083,0.0250320400463472,1.1675762787536894,5,12,-0.6660829101660003,-0.8877748745285078,0.7568854103964252
7227,"7227, 84294",9093,False,2.426664259376243,0.0284539347576125,1.0951151099250245,5,12,-0.8987186694482681,-1.1239026635151326,0.7601982754191403
7227,"7227, 84294",5977,False,3.370975970339834,0.0088571433766267,1.7467685137118132,5,12,-0.0221918268191113,-0.460712959191169,0.613409593830681
7227,"7227, 84294",54344,False,2.32206373980334,0.0404330173982894,1.1421792955627923,5,12,-0.3224272093463056,-0.4622012499736024,0.7950058640262805
7227,"7227, 84294",1964,False,-2.867503874319416,0.0161165333213437,-1.426864826030919,5,12,-2.674798403476216,-2.16861644102834,0.7006015786627908
7227,"7227, 84294",8890,False,2.5640939244101397,0.0255850957180365,1.2500487452279612,5,12,-1.625319772348798,-1.8817335274156315,0.7568854103964252
7227,"7227, 84294",1968,False,-3.280793389428257,0.0191700168709339,-1.8856901398991792,5,12,-2.028798162193118,-1.6686412051833124,0.7163662249874128
7227,"7227, 84294",63877,False,2.158944799874297,0.0490118828831174,1.0062173679591555,5,12,-0.2532202675945086,-0.4107230398191812,0.8037156778640308
7227,"7227, 84294",80204,False,3.3017506213644445,0.0061544404918039,1.3711633704748332,5,12,-0.0250765311787865,-0.2957682391703267,0.5814955949380457
7227,"7227, 84294",25988,False,2.204566360532973,0.0484816485935977,0.9072402194055508,5,12,-1.590176925667642,-1.929799991595201,0.8037156778640308
7227,"7227, 84294",3297,False,-2.8034767948716697,0.0296552465942366,-1.5580309095569214,5,12,-0.4216399442031095,-0.1693413387327624,0.7673596757763704
7227,"7227, 84294",3633,False,-2.46198814546767,0.0276130523410565,-1.0477455483031883,5,12,-0.3497283083524321,-0.2336583112267281,0.7578267072412546
7227,"7227, 84294",81875,False,-2.270203328935662,0.0402716041752003,-0.9594728029857834,5,12,-1.173489524445113,-0.9616623864067376,0.7950058640262805
7227,"7227, 84294",3688,False,2.4625485342655704,0.0280599725277176,1.1570424696156936,5,12,0.0966468919723406,-0.3965077222769126,0.7586792529741281
7227,"7227, 84294",3765,False,3.0272584763033854,0.0163155669826983,1.5902303649434135,5,12,-0.1208388020732504,-0.3878515922623481,0.7016422622248645
7227,"7227, 84294",9817,False,2.372507827460895,0.0375612504021287,1.1735659877888,5,12,0.0670261114334379,-0.2484764165166406,0.7855967493217224
7227,"7227, 84294",9493,False,4.246986980891857,0.0012329592261104,2.0672966703721847,5,12,-1.769595439143122,-2.2048542114781475,0.3748120081084212
7227,"7227, 84294",79165,False,3.105169694275044,0.0076957744896704,1.4359472311891364,5,12,-0.1688358668949347,-0.4075080898121572,0.603363561959853
7227,"7227, 84294",23658,False,2.3951634932231127,0.0388848315159595,1.214933714317386,5,12,-1.290399072404867,-1.4833685808527148,0.7897130757303121
7227,"7227, 84294",9412,False,2.824285004616372,0.0296000002953544,1.5789453241658349,5,12,-0.8765709548123353,-1.0685213829682296,0.7673596757763704
7227,"7227, 84294",9441,False,2.666041388426936,0.0236246235002639,1.3372612238713582,5,12,-0.4747850700059195,-0.7613182401684142,0.7509897022166259
7227,"7227, 84294",55588,False,2.2089161788114566,0.0437421401349432,1.0106773827445314,5,12,-0.6889871932608638,-0.9448659608826632,0.7982670741340606
7227,"7227, 84294",29079,False,2.199176168533412,0.0497391180520601,1.077569631831502,5,12,-1.0637497008383612,-1.3673398642391577,0.8046714497212784
7227,"7227, 84294",55090,False,4.106909742107716,0.0009337037460936,1.8296707261752956,5,12,-0.4665182977551698,-0.775742379811045,0.341662508594633
7227,"7227, 84294",23173,False,-2.594611894314123,0.030919547666767,-1.353079219715173,5,12,-1.137211268870909,-0.6796898854031993,0.7697926225289948
7227,"7227, 84294",93380,False,-2.5812574839519837,0.0350204694168499,-1.383176691693372,5,12,-0.5083237603930433,-0.2071395979063962,0.7760302177369495
7227,"7227, 84294",55257,False,-2.915296183728511,0.0208279432271797,-1.5539292224703949,5,12,-0.9693305363744484,-0.6699005850665504,0.7292762103763515
7227,"7227, 84294",64975,False,2.386795335471245,0.0344198350445047,1.1531380149670103,5,12,-0.4796247843509274,-0.7094343719080167,0.7760302177369495
7227,"7227, 84294",26589,False,2.3360489346580517,0.0345475852294112,1.0041015618862397,5,12,-0.0783009595860672,-0.2984914609804499,0.7760302177369495
7227,"7227, 84294",51258,False,2.291122953823064,0.0369973336985147,1.0331580193929102,5,12,-0.2160153679980113,-0.4061450171426111,0.7836483879259681
7227,"7227, 84294",28957,False,3.225171733728156,0.0056782477822425,1.4224279397693145,5,12,-0.3470324226002364,-0.5712623075454516,0.573586731495515
7227,"7227, 84294",10240,False,2.703339002664844,0.0191756035489917,1.1187861212771062,5,12,-0.2149971346812464,-0.4597304880736717,0.7163662249874128
7227,"7227, 84294",440145,False,2.281662111798365,0.0488163571758019,1.1733622763520613,5,12,-1.1466516407753349,-1.4762912902541483,0.8037156778640308
7227,"7227, 84294",4714,False,2.5531267693438235,0.0224939204577552,1.1036613778354745,5,12,-0.1817117686738848,-0.3612215653789256,0.743696768553327
7227,"7227, 84294",51070,False,2.846826436551362,0.0122762443419867,1.275990135170061,5,12,-0.1570279204754477,-0.3160168702686846,0.66067505824945
7227,"7227, 84294",8388,False,-2.8495842725307106,0.0447778255324459,-1.8764542375983024,4,8,-0.5439779776939168,-0.3222280313090253,0.7982670741340606
7227,"7227, 84294",23595,False,2.5739207764403966,0.0238554433064548,1.233197698551037,5,12,-0.361432179396181,-0.5468556474168008,0.7534133533530972
7227,"7227, 84294",84105,False,2.2388818307298166,0.0453388203422105,1.085752886107641,5,12,-0.0235852449476849,-0.1864673586070853,0.7982670741340606
7227,"7227, 84294",5134,False,-3.4141651863644094,0.0044787521655889,-1.6070212309692755,5,12,-1.439976856864851,-0.7764796008477272,0.5434846091624829
7227,"7227, 84294",5411,False,2.5664242907962773,0.0479645230671051,1.4918044180716392,5,12,-0.7025369063468702,-0.9950150452259794,0.8025850769705906
7227,"7227, 84294",404785,False,2.769954275982078,0.0239859191266749,1.610708152977517,4,8,-0.4601584909346523,-0.6983075646992463,0.754643184081097
7227,"7227, 84294",51400,False,2.228184267021572,0.0478508604630336,1.097707248601208,5,12,-0.1530243726882777,-0.3486902841655501,0.8025198177862338
7227,"7227, 84294",151987,False,-2.538980979943646,0.0267632306608405,-1.2376418430737566,5,12,-0.8522441494403108,-0.5529767690197465,0.7568854103964252
7227,"7227, 84294",8575,False,2.5225487812213045,0.0238853834516347,1.0903719342940728,5,12,-0.5218046881764526,-0.7803080424656051,0.7541092314576188
7227,"7227, 84294",5682,False,2.684129586361186,0.0327350134685551,1.4685186635306413,5,12,-2.0007491914943705,-2.356337866930747,0.7722938751587749
7227,"7227, 84294",5683,False,-2.6557585285928105,0.027323588640545,-1.3757709795463322,5,12,-2.6450547196893357,-2.23444987620123,0.7578267072412546
7227,"7227, 84294",5719,False,2.7869226261395537,0.0148965077750676,1.3043050036609396,5,12,-0.7806389741740902,-1.0838845081540085,0.6871175778752507
7227,"7227, 84294",56984,False,-2.187214969625517,0.0452002341110839,-0.9551745807146744,5,12,-0.8287690698298519,-0.6341626180894596,0.7982670741340606
7227,"7227, 84294",57038,False,2.7150539936345344,0.0180034878614239,1.1344538995303008,5,12,-0.1555281215079512,-0.4071621607727154,0.7134390816796584
7227,"7227, 84294",8241,False,2.4581445275515104,0.0330433765678478,1.2246946493811208,5,12,-0.3271048066085012,-0.6339622267924462,0.7722938751587749
7227,"7227, 84294",79171,False,2.847027671609456,0.0187320678022117,1.452576198734839,5,12,-0.3965752046851307,-0.6933055005905805,0.7134390816796584
7227,"7227, 84294",55312,False,2.8450231496204417,0.0137892870633445,1.194373347078266,5,12,-0.0434573830570001,-0.2737963711762082,0.6751793909154472
7227,"7227, 84294",285190,False,2.7660478935410278,0.028754058582561,1.6623997594975677,4,8,-0.2403279985776378,-0.3999505651904916,0.7616078750973275
7227,"7227, 84294",165918,False,2.2348100209840043,0.0412967463325656,0.9754243509831584,5,12,-0.456877273377072,-0.7739723070685063,0.7950058640262805
7227,"7227, 84294",6047,False,2.7458006930716428,0.0151993417463244,1.2453788186490442,5,12,-0.4388737269880892,-0.8069181606773469,0.6909904749393149
7227,"7227, 84294",11224,False,-3.3839944967160625,0.0128585194428423,-1.8587425025384152,5,12,-1.800301808089919,-1.4185401616296975,0.6662903083787362
7227,"7227, 84294",6176,False,-2.4479682576472537,0.03563770962857,-1.2421986025147251,5,12,-1.5898531647924778,-1.337581033833495,0.7792678241219885
7227,"7227, 84294",388228,False,3.2508826037824896,0.0054257508775817,1.4239438935638258,5,12,-0.1333036817538838,-0.2870301534460304,0.571156009807942
7227,"7227, 84294",6400,False,2.340545504678307,0.0345858047078251,0.99971467072062,5,12,-0.0831761006539458,-0.2547565191131237,0.7760302177369495
7227,"7227, 84294",6421,False,2.7996441858083,0.0266602130311325,1.5171882847279246,5,12,-1.4520417808089716,-1.832180331229445,0.7568854103964252
7227,"7227, 84294",9126,False,2.976510829871694,0.0098142991690377,1.2799816664268728,5,12,-1.1922638257073823,-1.4216856836540857,0.6262169779905742
7227,"7227, 84294",11017,False,2.540533596345389,0.0293908690523637,1.2753851162592085,5,12,-0.9988914067491188,-1.1879784267462772,0.7663258759299784
7227,"7227, 84294",10847,False,2.850548909991016,0.0267657148378938,1.570622263516842,5,12,-0.8906807767688708,-1.2998610941594213,0.7568854103964252
7227,"7227, 84294",6432,False,3.6977764370501056,0.0030074591068997,1.7813725809041878,5,12,-1.8505989277424115,-2.293799510232766,0.492940809773446
7227,"7227, 84294",10735,False,2.241255973553593,0.0417312460678631,1.038926871857923,5,12,-0.0709723127909468,-0.3252535975390236,0.7956001194952814
7227,"7227, 84294",57794,False,4.302254908943811,0.000889691391421,2.045199087266853,5,12,-0.5209309324331359,-0.7790609109112342,0.3338525584572977
7227,"7227, 84294",6873,False,2.513511644881153,0.0261064980604885,1.1938047051514875,5,12,-0.6737311489267807,-0.876850781219348,0.7568854103964252
7227,"7227, 84294",6879,False,2.5478203155585524,0.0223034515128464,1.127254973781761,5,12,-0.6348273511083982,-0.8154951652751469,0.7427656780180805
7227,"7227, 84294",441864,False,2.1373377257167405,0.0497549374049693,0.9308415740994364,5,12,0.0449735760480179,-0.1038686978236302,0.8046714497212784
7227,"7227, 84294",10607,False,-2.407863109132037,0.0297026446784378,-1.09538556535675,5,12,-1.4190996426568954,-1.1361723847123473,0.767444887438343
7227,"7227, 84294",8563,False,3.012248771900522,0.008807985695763,1.321283900576774,5,12,-1.2173304475131963,-1.460376330005542,0.613409593830681
7227,"7227, 84294",79228,False,3.228620990314894,0.0121505318169466,1.6987320525240968,5,12,-0.2397870263246105,-0.4353187085360211,0.65921818780919
7227,"7227, 84294",64759,False,2.2473997686002,0.0427132986235036,0.9425071301356512,5,12,-0.1985893937293271,-0.3550591032195891,0.7975356290297795
7227,"7227, 84294",7161,False,2.20538470807927,0.0440007428567657,0.9536601865129158,5,12,0.0184717976086241,-0.107211445510811,0.7982670741340606
7227,"7227, 84294",80705,False,2.5882332325630064,0.022606345202695,1.0850793919387622,5,12,-0.2323164781146852,-0.3381117087857676,0.7437444055477078
7227,"7227, 84294",203068,False,-2.27611710835368,0.0381185381612239,-0.9949581124355402,5,12,-1.9280135677108876,-1.5029315641450374,0.7887891891367923
7227,"7227, 84294",10844,False,3.807858214725649,0.0021685890655995,1.8023984484224296,5,12,-0.8687765113520969,-1.5990560801422076,0.4563336296853107
7227,"7227, 84294",27229,False,2.845804021601208,0.0125992519306753,1.2299038676845668,5,12,-1.266603349187426,-1.5816204504059903,0.6638619145533403
7227,"7227, 84294",114791,False,2.185338721760396,0.0462031703349432,1.0101970466543315,5,12,-0.9961875367313696,-1.19411248536314,0.7987406983602949
7227,"7227, 84294",85378,False,3.50911014106611,0.0056644861396447,1.7617163174132433,5,12,-0.7952878323945861,-1.0730379875265703,0.5729300355388897
7227,"7227, 84294",27089,False,2.271148445249757,0.0394034152220663,0.9708592022532504,5,12,-0.2225604690542567,-0.365678184766643,0.7920294554796992
7227,"7227, 84294",6944,False,3.179603816951551,0.0157582579634505,1.7262219538524426,5,12,-0.2840430089685091,-0.5846272796913609,0.6990679653761144
7227,"7227, 84294",55759,False,-2.8089237938051275,0.0215484464596009,-1.457486521590771,5,12,-1.5038541053923726,-1.2275694898629304,0.7343771707527326
7227,"7227, 84294",79446,False,2.523027423920043,0.0362028406613961,1.33203713924589,5,12,-0.6342019412092809,-0.8762195681824808,0.7797765726372132
80851,80851,10121,False,4.402866418641039,0.0005331327682623,1.7932841089462956,3,14,-0.3061430129206692,-0.8306860627848515,0.2839400409879977
80851,80851,93973,False,3.158634667099324,0.0265059247248604,1.6774363825003005,3,14,-0.335898992555127,-0.6915670135773571,0.7568854103964252
80851,80851,414189,False,-3.5128398283036306,0.0355145780691994,-2.150613835715424,3,14,-0.7107166155465814,-0.4832510698908822,0.7792678241219885
80851,80851,10768,False,3.898142357368503,0.0129026536716421,2.0842645899619003,3,14,-0.0949858764950836,-0.4678330074502719,0.6663689134509992
80851,80851,55122,False,-3.913334097567407,0.0436927437789056,-2.773118419039763,3,14,-1.5524255013506518,-0.9903527737175174,0.7982670741340606
80851,80851,1175,False,2.809851521580912,0.0140306608221083,1.076962254920728,3,14,-0.2882167629196702,-0.5753215727016412,0.6775850119249974
80851,80851,285598,False,2.8748211718561043,0.0452452525379315,1.6155933817091142,3,14,-0.0319209785943054,-0.3042208790061048,0.7982670741340606
80851,80851,402,False,-2.36283010799337,0.037684097558301,-1.0428696951011542,3,14,-1.9376898583786208,-1.679803910931698,0.7858448431886305
80851,80851,79798,False,3.020024235424568,0.0092289722128222,1.1592074937368977,3,14,-0.1498559271116046,-0.3963425982532124,0.6177479122895033
80851,80851,10159,False,2.8015887645893214,0.0327684007310997,1.42165793953754,3,14,-0.5579012552960065,-0.8844084706321976,0.7722938751587749
80851,80851,8314,False,2.469516894123289,0.0432541914866036,1.1984404458659228,3,14,-0.4088361569238194,-0.63924545969006,0.7982670741340606
80851,80851,7862,False,-2.833451963822906,0.0409673242251631,-1.5321308831943878,3,14,-0.6232946534928002,-0.338800945332854,0.7950058640262805
80851,80851,148223,False,2.43630454139074,0.0277818320301967,0.9709254507693816,3,14,-0.1491546934311094,-0.3016977008426556,0.7581377630197409
80851,80851,28974,False,2.902010666228111,0.0109819564297085,1.16974898116198,3,14,-0.4655051055005597,-0.7614152618453721,0.64579115731803
80851,80851,708,False,2.963882150958393,0.0097314235783093,1.1676421784473292,3,14,-0.2587673869420137,-0.4943630406995359,0.6258755559511553
80851,80851,23523,False,2.42058100802754,0.0288516383763716,0.95018090429618,3,14,-0.0231594662140749,-0.163456030809911,0.7619890028077354
80851,80851,58509,False,2.602061975101715,0.0241978128836337,1.1423180872387302,3,14,-0.7825131104348942,-0.969857942687229,0.7555168658866813
80851,80851,832,False,-4.244580615583944,0.0008435085099315,-1.6252316921046144,3,14,-1.4251217228743631,-1.0978458358122751,0.3324504056560358
80851,80851,84317,False,3.072622333654396,0.007737947303193,1.2277118942198904,3,14,-0.4715514227496071,-0.8083059019451032,0.603363561959853
80851,80851,57820,False,3.1803299333891437,0.0102285381447876,1.4399570708213556,3,14,-0.1896171076063412,-0.3019897669799903,0.6318573443728646
80851,80851,246184,False,-2.7421455602380265,0.0376942530073494,-1.4132255845170254,3,14,-0.9745635173829044,-0.720199695534949,0.7858448431886305
80851,80851,1019,False,2.6453957044923486,0.018698300540899,1.08461070417117,3,14,-0.3911726285440056,-0.6831931459073458,0.7134390816796584
80851,80851,8760,False,2.66429178754506,0.0177501389183329,1.0770246112887267,3,14,-0.166900485030791,-0.5041801739500166,0.7134390816796584
80851,80851,401541,False,2.548474214075823,0.031406306874455,1.1718688246214497,3,14,-0.2408915414972382,-0.4290086934418091,0.7710891626210068
80851,80851,29105,False,3.4920906318963585,0.0041579701329593,1.49620065662276,3,14,-0.2885123649376618,-0.5388403382502763,0.5320675763623917
80851,80851,149465,False,-3.1501872628331835,0.0068434341789089,-1.295372739366112,3,14,-0.3720398879991338,-0.2174992941921694,0.5881026768672172
80851,80851,118487,False,-2.9576753605182518,0.0128928151384506,-1.301807768653585,3,14,-0.8102447478614166,-0.6101206930782592,0.6663689134509992
80851,80851,23070,False,3.47314867312844,0.0065098248266465,1.579501132476097,3,14,-0.632904888237214,-0.8924452860888474,0.5853481090725166
80851,80851,1314,False,-2.383216283974031,0.0433946948631064,-1.1139948197539815,3,14,-2.37065573099092,-2.0441959531628617,0.7982670741340606
80851,80851,1315,False,2.6982950418723592,0.0166686881899087,1.0594639463506106,3,14,-1.9974580294744455,-2.4600322956300267,0.7069109874901303
80851,80851,51138,False,-2.5364485256155547,0.048572408164505,-1.3053753618307649,3,14,-1.476926741212253,-1.1386248333603124,0.8037156778640308
80851,80851,10980,False,-2.5531563209059778,0.0221217292273497,-1.0306996592418227,3,14,-1.8255340695942632,-1.562138823577128,0.7402564234419811
80851,80851,29894,False,2.9564106153554777,0.0304561025792709,1.5401226730924964,3,14,-0.9165342485821708,-1.2393536139551746,0.7689044219165413
80851,80851,1431,False,4.305524415819264,0.0009402768906505,1.8491705736348607,3,14,-0.2210656208333996,-0.4434497456832244,0.341662508594633
80851,80851,1452,False,-3.567808398770844,0.0482971527401746,-2.4342547075676912,3,14,-1.8535209691681345,-0.9515245311676932,0.8037156778640308
80851,80851,1553,False,3.066414716907725,0.0081665064330193,1.188225846198146,3,14,-0.0817093597976437,-0.2346639518169968,0.606753867466964
80851,80851,84516,False,3.4170588086735645,0.0060115779994391,1.5170422851585372,3,14,-1.03483217287915,-1.3335877693331,0.5797556097153778
80851,80851,10671,False,4.3650745595610285,0.0006260446584001,1.8086831654480664,3,14,-1.0414807544702978,-1.3068354355151963,0.2959724763522215
80851,80851,1663,False,3.370153584186353,0.0042106279746367,1.3414816850946598,3,14,-0.6176029317531601,-1.0118363374792652,0.5350216543327331
80851,80851,1654,False,-2.893058949099751,0.026028717732188,-1.4332924247417116,3,14,-1.4129913659653568,-1.0975316842638918,0.7568854103964252
80851,80851,56919,False,3.515376650645985,0.027204872110707,2.0188432253150097,3,14,-0.7322530531472832,-1.3673793009724449,0.7578267072412546
80851,80851,11083,False,3.034351844978818,0.0127102410923648,1.3670935047970736,3,14,-0.3042725349561833,-0.4313682544032491,0.6644475108483053
80851,80851,1738,False,2.6816594582988,0.0183329241502987,1.1285564376018231,3,14,-0.0102115653609074,-0.2681735125490623,0.7134390816796584
80851,80851,728489,False,3.408317738483276,0.0060422051820077,1.5109297838436058,3,14,-0.0904864393548151,-0.4314115582465184,0.581002650342814
80851,80851,51143,False,3.249412006924401,0.0144442095510897,1.5794529139202818,3,14,0.0953758952976265,-0.1505029125451846,0.6830391367880794
80851,80851,8655,False,2.555342230188287,0.0261687443280153,1.119845322922702,3,14,-0.2746089683302352,-0.5777767873293327,0.7568854103964252
80851,80851,1915,False,-2.3645897368281297,0.0467713978624527,-1.3285595023331855,3,7,-2.762775779953285,-2.1363354035156976,0.8015763446676192
80851,80851,1938,False,4.670670249634339,0.0014232815310535,2.1776407967148046,3,14,-2.272748435341947,-2.718650950267359,0.3760584785207648
80851,80851,54583,False,3.009905214125351,0.0087957065587992,1.1994052972950555,3,14,0.0591255635746122,-0.216054746628274,0.613409593830681
80851,80851,8890,False,-4.771337113286633,0.0059508004623553,-2.5542731804259,3,14,-2.152709662487815,-1.732090871662009,0.5795206013161482
80851,80851,23587,False,-3.002908323491304,0.0176067812375971,-1.4218638931138965,3,14,-1.2489734717255576,-0.8699732627056667,0.7134390816796584
80851,80851,23065,False,2.795201395279651,0.0347910170000436,1.4356458756293662,3,14,-0.1831570307754695,-0.5164676624880352,0.7760302177369495
80851,80851,83460,False,3.027714525833233,0.0277996640882759,1.574780136945999,3,14,-0.0054186174768379,-0.2902082095017234,0.7581377630197409
80851,80851,56851,False,3.008215307436931,0.0317983894521283,1.6031388671470137,3,14,-0.345174178958181,-0.7182713300979756,0.7715553047120207
80851,80851,2023,False,3.0584995836669524,0.0476034460353605,1.8339013689761312,3,14,-0.0649475259519425,-0.4437841668499115,0.8019982402475438
80851,80851,125228,False,2.851999964236115,0.0293506903017655,1.432758985792699,3,14,-0.2011232636047056,-0.4559702543224695,0.7657110203205958
80851,80851,79760,False,2.763560573654473,0.0484686706559416,1.5329198381366833,3,14,-0.4409374911675223,-0.7363247971279961,0.8037156778640308
80851,80851,348654,False,3.9618480543853134,0.0012555833563503,1.5745319376105822,3,14,0.1810358529711767,-0.0311904388348404,0.3748120081084212
80851,80851,2735,False,2.837840608260284,0.0438477137400341,1.5644595662514882,3,14,-0.1576756699763246,-0.3194344911969523,0.7982670741340606
80851,80851,51218,False,-2.238996029466705,0.0498821797431874,-1.0131108458052431,3,14,-0.6070999712607349,-0.4274512753886735,0.8046714497212784
80851,80851,83743,False,3.148088603210598,0.0492896627543199,1.953525232705927,3,14,-0.3221435359923036,-0.8119622852536876,0.8046714497212784
80851,80851,2971,False,2.621537423935151,0.0250587903582329,1.173179943118006,3,14,-0.9276774584420338,-1.2356971807415953,0.7568854103964252
80851,80851,8335,False,3.1201497228138804,0.016259982392199,1.5013096603450824,3,14,-0.3715839869776718,-0.6193541039413065,0.7016422622248645
80851,80851,8334,False,3.737835378844834,0.0023867862469887,1.578952874561739,3,14,-0.4710072276718018,-0.6875135809333998,0.4587117602278026
80851,80851,3013,False,3.651458047086811,0.0027438999936276,1.5349100778380198,3,14,-0.2443581483101197,-0.4428632531066562,0.4749735707662604
80851,80851,3012,False,2.791512577020624,0.0452318572584367,1.531236225120144,3,14,-0.1303317621812517,-0.3773461992688283,0.7982670741340606
80851,80851,128312,False,4.994781196841492,0.0022805942373249,2.4886029493102493,3,14,0.0652245418003671,-0.2858482852781515,0.4575028306380896
80851,80851,3017,False,5.522901071789786,0.0005233680621995,2.5884223318843493,3,14,-0.224520965743526,-0.611088823796517,0.2839400409879977
80851,80851,8339,False,2.963085491386472,0.0127236481346342,1.3032382763325847,3,14,-0.2069427904719401,-0.3908959525064025,0.6644475108483053
80851,80851,8355,False,3.805812014494349,0.0330357285585616,2.416943440904401,3,14,-0.227103275703099,-0.4975256223744784,0.7722938751587749
80851,80851,3099,False,-2.78976981346173,0.0147774065142677,-1.1714236323451117,3,14,-0.43657855407378,-0.3010020894900894,0.6865339775569129
80851,80851,3191,False,-4.157232011543585,0.0059572061526195,-2.084447018623606,3,14,-1.6226578986084492,-1.2764829868419807,0.5795206013161482
80851,80851,55699,False,2.853331594893314,0.0205699916703136,1.3321014439407255,3,14,-0.86342788788438,-1.0882924647387322,0.7286224885389405
80851,80851,54556,False,2.6615349934469816,0.0394625900467431,1.3524049435354633,3,14,-0.0976909035638733,-0.3436147435229219,0.7920294554796992
80851,80851,54617,False,2.50588142613537,0.0452072205792549,1.2492196066268924,3,14,-0.7009706320123842,-0.9395425552020752,0.7982670741340606
80851,80851,26512,False,2.992618489808837,0.0205343683869758,1.453681609814493,3,14,-0.2546169708208454,-0.6803413026210746,0.728381106416472
80851,80851,9798,False,-2.79068493452757,0.0284155915252413,-1.36721696431651,3,14,-0.5704706631422031,-0.2945349110312577,0.7599647358586262
80851,80851,9735,False,2.3993179772396243,0.0300488113939804,0.9427715547074664,3,14,-0.0794855235340742,-0.1983062900342719,0.7684580593452173
80851,80851,3838,False,-2.370934616942907,0.0427159158962041,-1.096116720484574,3,14,-0.4910745571917734,-0.3430539001336751,0.7975356290297795
80851,80851,286826,False,-2.90666706273068,0.026012493915146,-1.4452640166924122,3,14,-0.7411407124176232,-0.4719697259027968,0.7568854103964252
80851,80851,220064,False,2.2305335333633285,0.0469907736542988,0.9795451449328576,3,14,-1.5474806664083027,-1.8050519662536144,0.8015763446676192
80851,80851,7851,False,4.411423680534188,0.0005066824927848,1.752917093411798,3,14,-0.1135188459217885,-0.3037009803205253,0.2839400409879977
80851,80851,6885,False,-3.436654129804029,0.0102210495278666,-1.648841376072705,3,14,-0.4903798471367506,-0.189863109395089,0.6318573443728646
80851,80851,2011,False,-3.9161683260891382,0.0045368037160867,-1.8465797627004408,3,14,-0.5687356741144047,-0.2653783773141399,0.5463305204322857
80851,80851,4141,False,2.2961542516213003,0.0420002711714259,1.0098571874117088,3,14,-1.507345613204083,-1.7877466180976092,0.7964103109462105
80851,80851,4221,False,-2.747337567808544,0.0321193621080892,-1.36512894217473,3,14,-0.5661693009258596,-0.3227303778435987,0.7715553047120207
80851,80851,23173,False,3.258773210654853,0.018552614783832,1.6540599321518037,3,14,-0.4041979015627663,-0.9021243760360456,0.7134390816796584
80851,80851,10988,False,2.8504441591363,0.0121877285410346,1.1486946987121391,3,14,-0.3344739294302769,-0.6992081989968745,0.6597696498523294
80851,80851,440574,False,3.2746402425355243,0.005695626605633,1.2509080808005086,3,14,-0.1831016327913675,-0.3726389626557825,0.5742528224298918
80851,80851,54069,False,2.7495621357827504,0.0155849877705497,1.058952614026849,3,14,-0.7966502357281332,-0.9893683859002944,0.6962438166591396
80851,80851,93380,False,3.675900237651466,0.0062366599659951,1.728783186253961,3,14,-0.0335457690173758,-0.3519040478421316,0.5851271518693187
80851,80851,128308,False,-2.7581576323125514,0.0214991927854742,-1.2581087724343123,3,14,-0.7276243745184799,-0.4221288027570525,0.7343771707527326
80851,80851,28957,False,-2.8885673409965844,0.0279884738188643,-1.451162442506966,3,14,-0.6967500490108808,-0.4642899754652827,0.7586792529741281
80851,80851,2475,False,2.396821738666217,0.0436520073343062,1.1296870181059384,3,14,-1.1494950172316345,-1.3613905739605368,0.7982670741340606
80851,80851,60314,False,2.6235948894018155,0.0202501670404708,1.098090724588582,3,14,-0.1918646929656235,-0.3016249726083161,0.7250345459575449
80851,80851,80218,False,-3.572590296952687,0.0267444796462058,-2.0658761138371364,3,14,-2.32670932543531,-1.6481052299122572,0.7568854103964252
80851,80851,23397,False,-3.2496470076079964,0.0311649709571404,-1.8233120223992452,3,14,-1.3115094664614018,-1.014610538685384,0.7710891626210068
80851,80851,54820,False,2.9599543846161613,0.024639900597716,1.4766160368117351,3,14,-0.0843109700628319,-0.4335616393362262,0.7561940738115759
80851,80851,4714,False,-2.549867737023903,0.0224619468323917,-1.0408667149432698,3,14,-0.441159120078743,-0.2799814476914502,0.743696768553327
80851,80851,4798,False,3.273650083148359,0.0149829198885934,1.6088528149147152,3,14,-0.2838568184843939,-0.5267600528660461,0.6883861680286661
80851,80851,57122,False,-2.7775697192817925,0.0144075759112894,-1.081222237405339,3,14,-1.217035677687723,-1.0293547561157246,0.6830391367880794
80851,80851,53371,False,-3.4041822622602,0.0241811268502937,-1.8676700698581252,3,14,-1.14280996366734,-0.7430313430980882,0.7555168658866813
80851,80851,9818,False,-3.259692647477672,0.033112244855944,-1.8591362063098331,3,14,-1.0805733472550851,-0.648010552231323,0.7722938751587749
80851,80851,7849,False,-2.7567107091819234,0.0302552151412796,-1.3552098036417803,3,14,-1.4849697623000628,-0.7939081127172146,0.7688185734422155
80851,80851,5093,False,4.262171295185425,0.0215859518608722,2.626044220311244,3,14,-0.6049471687916294,-1.3793887974434862,0.7343931726444771
80851,80851,27043,False,3.771751318185255,0.0184350824892177,2.0968379667312336,3,14,-0.6712878611061797,-1.0724665743555983,0.7134390816796584
80851,80851,5230,False,2.466244679610313,0.045641120360017,1.2136607489828604,3,14,-0.4184428878965104,-0.8762137476976674,0.7982670741340606
80851,80851,5315,False,2.3986753464167228,0.0326357429321881,1.0264103713134107,3,14,-0.5778734679715548,-0.8392203699676727,0.7722938751587749
80851,80851,56655,False,3.563936788798851,0.0029432559861199,1.3886021044019456,3,14,0.0606976746955594,-0.1657422778154402,0.4907776445806566
80851,80851,64425,False,5.968216299546713,0.0002756015432543,2.7792460255399702,3,14,-0.1624543229349034,-0.8468879083236381,0.2111584150833162
80851,80851,25913,False,4.185650302261809,0.0015245827422044,1.846651874896039,3,14,-0.0386113700639929,-0.4336745306867639,0.3942287434805286
80851,80851,56342,False,4.537944892008589,0.0020688634792801,2.149525290279758,3,14,-0.5707535101723584,-1.1728652904982837,0.4465260283830929
80851,80851,8493,False,2.5873454784446634,0.0315280881789807,1.2103752883284935,3,14,-0.074380721680002,-0.304536947790631,0.7710891626210068
80851,80851,84919,False,-2.5312582577701184,0.0231722411878414,-0.9961559161052068,3,14,-1.189676103716612,-0.9218269948110234,0.7485525004632818
80851,80851,8559,False,-3.398849999332566,0.0042238994507443,-1.406360197380294,3,14,-1.0149005002140887,-0.7496538949401138,0.5350216543327331
80851,80851,5710,False,-3.344207783409269,0.0045577135971305,-1.3067975899535955,3,14,-1.7653290893753966,-1.4496253691792145,0.5463305204322857
80851,80851,5725,False,4.179159050851723,0.0008101284851224,1.6819035667472084,3,14,-0.0719336203666856,-0.4898104821865724,0.3260305687025182
80851,80851,11137,False,4.3875358867267975,0.0229289315155285,2.7879275909242067,3,14,-0.3155008787277557,-0.7309214516832896,0.7468013790046008
80851,80851,5829,False,-3.954899496342025,0.0146989244739425,-2.174997131063591,3,14,-0.6357635853233746,-0.3301020665143205,0.6862304049927407
80851,80851,22931,False,2.7725755284402123,0.0172231607347174,1.2071321954341272,3,14,0.0493805623055878,-0.2301796393603532,0.7112864518483171
80851,80851,25782,False,2.560042416817758,0.0322221232459341,1.1910107190235106,3,14,-0.0502644304706957,-0.2241758603500705,0.7715553047120207
80851,80851,56852,False,-2.679938780659736,0.0408192213484462,-1.381913599848976,3,14,-0.2877849102021809,-0.0928871113391896,0.7950058640262805
80851,80851,5889,False,3.642677688063152,0.0090395128733492,1.783810457436433,3,14,-0.5604469439140309,-0.8578153719914894,0.6154412706398456
80851,80851,5928,False,2.542475612164268,0.0399967810844465,1.24299968125193,3,14,-1.0333471486568866,-1.273636492379954,0.7944208237294973
80851,80851,64145,False,5.368812182568218,7.905163531245543e-05,2.1264560393902605,3,14,-0.0577192797245568,-0.3512443822020376,0.1277728056223882
80851,80851,55159,False,5.232367867875222,0.0006218846753156,2.424434486181068,3,14,-0.0494601843535165,-0.3730944400714157,0.2959724763522215
80851,80851,9827,False,2.917908070944935,0.0149278593698093,1.3047195602137691,3,14,-0.2728253244431624,-0.5027261939756767,0.6871175778752507
80851,80851,6117,False,7.5603880941372354,2.9591239708121992e-06,3.167161904634724,3,14,-1.546562576471677,-2.3677452624491857,0.0705595713030241
80851,80851,25873,False,2.8655077395755737,0.0237496696705843,1.3823751639587514,3,14,-1.7620904201199006,-2.079873446869787,0.752814803426607
80851,80851,6124,False,4.819375644527752,0.0003039467664508,1.8348470312701024,3,14,-1.8218195812415203,-2.2910645739033457,0.2230010664408813
80851,80851,6129,False,-3.120079327978077,0.0312123321073665,-1.701014217934189,3,14,-1.9506940240158024,-1.484344486442343,0.7710891626210068
80851,80851,6132,False,5.108240926894291,0.0001287182894017,2.0477847078923386,3,14,-1.975106064219808,-2.4915872384364457,0.1461550205339268
80851,80851,6206,False,-2.7538322935700426,0.0385568784601125,-1.4323469096214476,3,14,-2.5784128862450206,-2.3110241938927345,0.7891616186922428
80851,80851,6228,False,4.305979213238785,0.0009691046327072,1.8552001481442515,3,14,-1.799290243502316,-2.295128326531125,0.3424241293940285
80851,80851,10670,False,4.930221806034449,0.0024795253340111,2.460048969565968,3,14,-0.205472676532316,-0.5503242056436172,0.4614828656242039
80851,80851,64121,False,2.618555274642297,0.0199460721291574,1.0134913430538426,3,14,-0.2067168915035114,-0.4656810037888606,0.7221619156895851
80851,80851,27341,False,3.1860404157267914,0.0257358878240096,1.692146339811153,3,14,-0.5963598123809727,-0.9066429423159568,0.7568854103964252
80851,80851,55316,False,3.025182038883036,0.0227919988373612,1.5112999510323757,3,14,-0.2404302288489789,-0.4060321427385509,0.7453133695795386
80851,80851,10856,False,5.8778421708981154,0.0007541721174976,2.8810489926262046,3,14,-1.4538022412117366,-1.9938491499954123,0.3254849882117898
80851,80851,10284,False,2.430199178337233,0.0284372256186313,0.9496256036269272,3,14,-0.9807342250692356,-1.1235685346103728,0.7599647358586262
80851,80851,9092,False,-3.621772617960384,0.0039586252537306,-1.594724527764923,3,14,-1.3816687089908697,-1.1092038073229216,0.525131735849204
80851,80851,6390,False,-2.191449358893197,0.0494958097191855,-0.9548622260214844,3,14,-0.4548845966618834,-0.2404363244664676,0.8046714497212784
80851,80851,112869,False,-2.4327700290435166,0.0311174082576924,-1.0476718956328124,3,14,-0.5946889763349464,-0.3130604177320433,0.7710891626210068
80851,80851,81894,False,2.683793091331589,0.017177604243129,1.0926126603565665,3,14,-0.315596768474195,-0.626220110612865,0.7111036089867203
80851,80851,6632,False,-2.47545150977772,0.0267190571852619,-1.031191545205184,3,14,-3.0434463590169822,-2.6624180141602074,0.7568854103964252
80851,80851,55133,False,-2.468362814624541,0.0266018212967252,-1.0158841869761708,3,14,-1.6518488469587558,-1.3956718333028133,0.7568854103964252
80851,80851,6428,False,-3.864394824759618,0.0017364124428012,-1.6123669355560275,3,14,-2.9071556191096524,-2.432348298422162,0.4157785292209414
80851,80851,90196,False,3.0097437336483504,0.008920063243811,1.1805029678363173,3,14,-0.7153509389504137,-1.0950257225939146,0.613409593830681
80851,80851,9015,False,2.7011498053189564,0.0358771869060315,1.3577791794544074,3,14,-0.6068099267722734,-0.8643768656003272,0.7795226781081193
80851,80851,9013,False,3.56156197442416,0.0103596763347899,1.7516672532597504,3,14,-0.5879027168726921,-1.2263499606782493,0.6370699994428947
80851,80851,6873,False,-2.316871128880216,0.041257277144922,-1.0263188449019822,3,14,-0.952875217655644,-0.7880171047356533,0.7950058640262805
80851,80851,132001,False,3.545320889405956,0.0033071889418246,1.3569987433353785,3,14,-0.4665455384630465,-0.7783042994174509,0.5028055018374575
80851,80851,128637,False,3.3492110778164705,0.0044259495248644,1.3221688249514711,3,14,0.2325052645730911,-0.1427577308125163,0.5425997940000584
80851,80851,9984,False,-2.463933673375561,0.0287316973722807,-1.0517278616961814,3,14,-1.329857548123424,-1.1081912090717037,0.7616078750973275
80851,80851,57187,False,-4.273990879373126,0.0044686078894426,-2.1084018870765364,3,14,-2.469387971960516,-1.9886817111216952,0.5434846091624829
80851,80851,29928,False,3.3650045489795435,0.0389369320711768,2.0477859680268344,3,14,-0.3734850391806563,-0.7596952825675146,0.7897130757303121
80851,80851,7086,False,2.6441720306816943,0.0196542509228358,1.0085077340623954,3,14,-0.1841248978289742,-0.3825038699644119,0.7200773977905233
80851,80851,55319,False,3.8850660458480855,0.0032685887606711,1.761071912746246,3,14,-0.5023123317278416,-0.7764157957768514,0.5028055018374575
80851,80851,22878,False,2.5967222458995334,0.0478868670679825,1.3598501422085616,3,14,-1.369370895376818,-1.686074759617858,0.8025850769705906
80851,80851,51499,False,3.158885234787357,0.0066817987664404,1.29533441220977,3,14,-0.9783169282552834,-1.298909812549944,0.5853481090725166
80851,80851,55720,False,2.828318562454407,0.0426323422932466,1.5432038599734834,3,14,-1.0573492251810688,-1.4053025939679689,0.7975356290297795
80851,80851,7268,False,2.2548016320657296,0.0442743070377442,0.983094611530952,3,14,-0.2740969378635818,-0.5297873894374321,0.7982670741340606
80851,80851,10426,False,-4.406545669520293,0.0160805848348293,-2.611262255706967,3,14,-1.7587407700306332,-1.2410438975196478,0.7006015786627908
80851,80851,54957,False,3.702853087355531,0.0029066098632934,1.595211514771275,3,14,-0.6027647498954817,-0.98368612782895,0.4882808802677182
80851,80851,10054,False,3.136525608541997,0.0453828269111077,1.8911432213046728,3,14,-1.01735420618126,-1.2508926123170327,0.7982670741340606
80851,80851,90025,False,2.7633011312583857,0.0284874067137826,1.3430837863584668,3,14,-0.0364780848270335,-0.2953498152024795,0.7602841939596087
80851,80851,59286,False,-5.116210297225071,0.0026825472557275,-2.6096084581498094,3,14,-3.3035499323213373,-2.657665377983599,0.4724836524595978
80851,80851,7385,False,-2.895058893562498,0.0127196560026713,-1.2360028443513291,3,14,-0.4881818617701346,-0.2771423808625173,0.6644475108483053
80851,80851,9875,False,3.273571141230383,0.0067135677019639,1.419763561888198,3,14,-0.816091514140383,-1.0411718532463752,0.5853481090725166
80851,80851,9097,False,2.756862799625992,0.0243452693549305,1.2918611363425143,3,14,0.1334499950842372,-0.2305367481901968,0.7555168658866813
80851,80851,203547,False,2.792465104863925,0.0193302177267181,1.260050573206843,3,14,-0.1896294801827258,-0.4172479322053476,0.7181353628805818
80851,80851,84313,False,4.80536386956227,0.0077788547333008,2.6648590802520347,3,14,-1.4819631620358245,-2.4057421878492145,0.6039499425927941
80851,80851,55275,False,4.404124843095587,0.0016797758789801,2.019846461356193,3,14,-0.0982998486087037,-0.4265656995047325,0.4108085732339637
80851,80851,253725,False,2.872093509358841,0.0231183497957984,1.3806762028258373,3,14,-0.0111697329585897,-0.3846328386323204,0.7485525004632818
80851,80851,57418,False,3.0883935149699,0.0309956188604496,1.6686672096148203,3,14,-0.6364670769947733,-1.1923209214278223,0.7706098858578238
80851,80851,9277,False,2.5853529792589725,0.0342920428871328,1.2344535207548049,3,14,-0.9070934512609714,-1.0713480571394798,0.7760302177369495
80851,80851,79726,False,-2.7474946355794883,0.0401872829730307,-1.441305883932957,3,14,-0.5483901712993254,-0.3515947683736812,0.7947636811015407
80851,80851,23335,False,5.253423522147043,0.0001173543264865,2.026629599902263,3,14,-0.4334177015494477,-0.98993108898264,0.1461550205339268
80851,80851,84128,False,2.7726674871477925,0.0242752226870729,1.3053846456317564,3,14,-1.2065515221796457,-1.6724757769689342,0.7555168658866813
80851,80851,7516,False,3.180648768880564,0.0072048661279989,1.3509904979048557,3,14,-0.1908511463155365,-0.5208671535971646,0.5949722306687546
80851,80851,7517,False,3.326669062844026,0.0192024597608165,1.722312769978689,3,14,-0.1386625744888687,-0.6031542131504659,0.7163662249874128
80851,80851,79693,False,-4.535936023341959,0.0005575603723708,-1.927685957894273,3,14,-2.663213833723065,-1.3287926396334366,0.2839400409879977
80851,80851,27107,False,-3.364348808100908,0.015966087841819,-1.7012961205967176,3,14,-1.7183186362311371,-1.30936131834949,0.7006015786627908
80851,80851,7776,False,2.4483421367522955,0.0271786246278724,0.9695063183618065,3,14,-0.3086262578638222,-0.4755504749896991,0.7578267072412546
80851,80851,26149,False,2.7801426595420966,0.0151750695281834,1.1707051576501193,3,14,-0.2016287855690708,-0.3514656834956267,0.6908749195840616
80851,80851,9406,False,2.698380236594387,0.0425857597296619,1.4152581275011826,3,14,-0.2889423865193942,-0.4426828007195844,0.7975356290297795
85453,85453,60,False,-2.5108918847687463,0.024982565355949,-0.964422166352042,3,14,-0.6927772686338782,-0.4967072401094329,0.7568854103964252
85453,85453,102157402,False,-2.959937264568276,0.0357587126425833,-1.6012824581275502,3,14,-1.5172216937359475,-0.9611566358327036,0.7792678241219885
85453,85453,230,False,-3.4541066233300426,0.0488459229667103,-2.3043524955579007,3,14,-0.5647149157757835,-0.295884947136913,0.8037156778640308
85453,85453,23141,False,2.5866522193373367,0.0393190600191041,1.279677199598548,3,14,-1.9471523697599624,-2.3330128943165698,0.7920195618927413
85453,85453,163,False,2.4483667394849697,0.0306541590585795,1.0599279116874043,3,14,-0.0217328058247627,-0.1650254889390119,0.7689044219165413
85453,85453,1175,False,3.313778333126756,0.0047414367289679,1.335216834780433,3,14,-0.2359629725585043,-0.5865188134933196,0.5484471920552845
85453,85453,285598,False,-2.395094834817191,0.036639587506975,-1.0676368498224416,3,14,-0.4007115581281542,-0.2251943262488514,0.7828467321786678
85453,85453,506,False,3.3784202124872422,0.0047298384624186,1.423320019592526,3,14,-0.7919822069923472,-1.0945277832686269,0.5484471920552845
85453,85453,513,False,2.327466028125335,0.0357647401358018,0.8904235626846968,3,14,-0.6258449932200065,-0.8079301410915355,0.7792678241219885
85453,85453,539,False,2.9038313491722065,0.0249123552804043,1.430044713009535,3,14,-0.2415841811550048,-0.4883542168652275,0.7568854103964252
85453,85453,617,False,4.733829298245669,0.0002690482009098,1.8738671676466767,3,14,-0.1400964635615496,-0.3711999169283279,0.2103405602834605
85453,85453,23774,False,2.2437352828498702,0.0473302633372439,0.9978376402886476,3,14,0.0573345051438296,-0.0857441199531278,0.8015763446676192
85453,85453,2972,False,2.617951032676425,0.0194836909842978,1.059613187699225,3,14,-1.1561537357833946,-1.392168673248817,0.7182293791563088
85453,85453,705,False,-6.328597026272937,0.0001259340666891,-2.896193274483068,3,14,-1.8582429160283465,-1.2710531695120288,0.1461550205339268
85453,85453,83608,False,-2.6133658280512435,0.0455116603081429,-1.3569656351471926,3,14,-0.7320710202699144,-0.4569420190883737,0.7982670741340606
85453,85453,128061,False,-5.134477990392567,0.0001404566335581,-2.119547359332828,3,14,-1.0699561927539465,-0.7756211580845378,0.1539840603694562
85453,85453,65265,False,-2.214613826194441,0.0467644725876832,-0.9578354027615306,3,14,-0.4296678341241748,-0.2727447448032546,0.8015763446676192
85453,85453,819,False,2.7361110844985284,0.015311719077507,1.0898818345910928,3,14,-0.2943357601310236,-0.4523410978467734,0.6930559530626134
85453,85453,124808,False,2.4289543900428563,0.0416631000163267,1.145941465451353,3,14,-0.2547462375758201,-0.3777511073882618,0.7955525158072521
85453,85453,11189,False,2.797597165879228,0.0136741104811787,1.0977724263223594,3,14,0.024876264685556,-0.0743490050814579,0.6751793909154472
85453,85453,55835,False,3.023476186132307,0.0091529051004531,1.260702573290432,3,14,-0.1534140509302902,-0.333936809094665,0.6177479122895033
85453,85453,55125,False,2.568116816534274,0.0375932870444058,1.2472742854759364,3,14,-0.597108069124168,-0.8479138700426068,0.7855967493217224
85453,85453,55165,False,2.653371837818004,0.0191274296613054,1.0153888626378302,3,14,-0.0132930667035962,-0.1744467080679067,0.7163662249874128
85453,85453,57511,False,2.458038994130478,0.0366937064232331,1.1327709775458892,3,14,-0.3457903537472394,-0.4950858204756359,0.7833055114014222
85453,85453,64326,False,-3.023844684031851,0.0301299848744883,-1.598520957911684,3,14,-0.5612274494441487,-0.3338174200288192,0.7686204498923369
85453,85453,55352,False,2.897516779467061,0.0156991714527245,1.2996278647939403,3,14,-0.0313893059651143,-0.2301785641943878,0.6974249063760671
85453,85453,8533,False,2.3898467868651663,0.0446175466549493,1.1301785868377572,3,14,-0.594653444402052,-0.8064125658767743,0.7982670741340606
85453,85453,10063,False,2.5318404856585777,0.0233869441463174,0.9867011199612108,3,14,-0.4522227287816332,-0.6639794411030568,0.7485525004632818
85453,85453,90639,False,2.453226391539752,0.02979915944987,1.054190189687269,3,14,-0.0559370140833638,-0.2087640860969104,0.767444887438343
85453,85453,1337,False,-2.298248123117317,0.0497870012912007,-1.0753671733391468,3,14,-0.6239530735564138,-0.5100644771911699,0.8046714497212784
85453,85453,1340,False,2.533721130800364,0.023357938766414,0.985695335758976,3,14,-0.3415198149674744,-0.4488218886186781,0.7485525004632818
85453,85453,1345,False,2.975537081620097,0.0297471284813299,1.5497447833011766,3,14,-0.1861991511298887,-0.3905687893098472,0.767444887438343
85453,85453,6997,False,-2.641430459234663,0.0272000358833255,-1.2170768683984403,3,14,-0.7193654301629661,-0.4857502546111064,0.7578267072412546
85453,85453,51379,False,2.5199619147614003,0.0238290784547344,1.0289015372628212,3,14,-0.0962313660812965,-0.2455905358741795,0.7533957011065756
85453,85453,10664,False,2.684922094597174,0.0178013099310556,1.0315363024175066,3,14,-1.539270504037712,-1.7955588591536666,0.7134390816796584
85453,85453,1642,False,2.7239098632443586,0.0304765905252194,1.32733945616767,3,14,-1.754012389990974,-2.1134858117223554,0.7689044219165413
85453,85453,27292,False,-3.3263048470202934,0.0125493314027185,-1.6080683377382787,3,14,-1.487204582934214,-1.097761824855158,0.6630760309431742
85453,85453,55929,False,3.099746357847196,0.0073338554141941,1.2304715207323,3,14,-0.9702070585784576,-1.1803958378580337,0.5963678797152245
85453,85453,9093,False,3.7661922325180983,0.0020634463782494,1.450571951725209,3,14,-0.841367652175812,-1.104023025206821,0.4465260283830929
85453,85453,55735,False,-2.3085527135857085,0.0357069599262582,-0.912690907372682,3,14,-0.7810603579370315,-0.5851865248217656,0.7792678241219885
85453,85453,8813,False,3.741803546918757,0.0048472798197527,1.7283853042054602,3,14,-0.0623428193465965,-0.2946736765628336,0.5510473205342038
85453,85453,54344,False,2.7401931936554966,0.0472730718195957,1.4983056149441245,3,14,-0.2791301746568557,-0.4515114658888707,0.8015763446676192
85453,85453,29102,False,3.6858374174632256,0.0022530232929352,1.445895061181371,3,14,-0.4322175899217899,-0.6590757347654409,0.4563336296853107
85453,85453,51514,False,2.9516956728301444,0.0100690606710271,1.2048158920515235,3,14,-1.946381754433216,-2.2526447635322286,0.6281078729508837
85453,85453,8655,False,-2.153423373087674,0.0480165801635475,-0.8531452786716515,3,14,-0.7138751412534171,-0.4836483217029365,0.8025850769705906
85453,85453,1871,False,-3.71906677005676,0.0116609465566906,-1.9080577654930493,3,14,-0.8145940865554451,-0.2991972441913147,0.6512373017693148
85453,85453,23167,False,3.968346523695079,0.0013384313751529,1.5372925482051802,3,14,-0.068480039732188,-0.4631306432639451,0.3754654297962222
85453,85453,1964,False,-3.538448272954169,0.0033512485462514,-1.481014851195493,3,14,-2.7067398840088197,-2.234083546978193,0.5028055018374575
85453,85453,8661,False,-3.360555606657123,0.0255027583274442,-1.8477094014635929,3,14,-2.0840148490966475,-1.663470989076992,0.7568854103964252
85453,85453,8662,False,-13.025603476070236,1.576436090483788e-09,-5.281700669181033,3,14,-2.5558630011259083,-1.7929259134981606,7.517944893712662e-05
85453,85453,8666,False,-5.562261812251872,0.0009924216714132,-2.719856490094162,3,14,-1.683909945118664,-1.224929751706237,0.3424241293940285
85453,85453,9470,False,2.6901531572354025,0.0400296341840862,1.384772580714115,3,14,-0.0593022296972751,-0.329091016837948,0.7944208237294973
85453,85453,56943,False,3.171602277039585,0.0228097351178212,1.6400016587912136,3,14,-0.48829058398337,-0.7815667134076597,0.7453133695795386
85453,85453,51575,False,-3.8782648265577793,0.0054817647996803,-1.856117089961105,3,14,-1.0831321654114816,-0.7030092530164626,0.571156009807942
85453,85453,80204,False,2.743937253077369,0.0163100737089629,1.0444475217628164,3,14,-0.0473056927664712,-0.2523346034027456,0.7016422622248645
85453,85453,26268,False,3.5058305767495024,0.0199438757695586,1.8901577305785608,3,14,-0.0578151251022249,-0.2533618409005323,0.7221619156895851
85453,85453,54433,False,-2.45221207256241,0.0402924242280877,-1.1577775399852217,3,14,-0.7439535905944045,-0.5432640542859201,0.7950058640262805
85453,85453,246176,False,5.12896851712509,0.0001261601333882,2.074730755040721,3,14,-0.1208327175191533,-0.3100489201147795,0.1461550205339268
85453,85453,7485,False,3.087175143010169,0.0122395063436222,1.4035498043994188,3,14,0.0466196604494835,-0.2161327950236994,0.66067505824945
85453,85453,439,False,2.683829833254753,0.0426959090515731,1.4020592170861894,3,14,-0.2154168648600794,-0.6899852523026251,0.7975356290297795
85453,85453,51608,False,2.8817849255655137,0.0114977155564072,1.1345656902305363,3,14,0.0765001265602531,-0.2123428487507743,0.6488452626579987
85453,85453,8841,False,3.3862486536127707,0.0065949103548303,1.511995187944748,3,14,-0.6183924704931819,-1.0727807025912337,0.5853481090725166
85453,85453,25988,False,2.222985069243541,0.0430930837450848,0.8559901866824825,3,14,-1.579970518975954,-1.8834694978966264,0.7982670741340606
85453,85453,57461,False,-4.0315784347492185,0.0061584313331159,-1.9967493848379951,3,14,-1.3480868704855322,-0.9795319245433356,0.5814955949380457
85453,85453,3705,False,2.298230384783748,0.0381636660115383,0.8749165915979736,3,14,-0.1170308263896999,-0.2513431408296363,0.7887891891367923
85453,85453,10300,False,3.335267895890115,0.0048468005957849,1.2859029323149622,3,14,-0.2603975462389772,-0.4769962209261116,0.5510473205342038
85453,85453,81930,False,-2.5949799940223426,0.0214232857505171,-1.0865710693058266,3,14,-2.2469361498031075,-1.7838502967553544,0.7331528917128181
85453,85453,9493,False,4.181567605361881,0.0103129347301538,2.248677281619768,3,14,-1.683815996463358,-2.1610556960045217,0.6350144619931224
85453,85453,3845,False,-4.250816829428368,0.0134647989372425,-2.397837483838776,3,14,-1.6087748642481532,-0.405796797320575,0.6751793909154472
85453,85453,51631,False,3.083722426067109,0.015154914310953,1.4528422166025865,3,14,-0.0913413375236335,-0.2963106866870329,0.6903445942639606
85453,85453,10459,False,2.4263428380590644,0.0350372050601247,1.084922287244709,3,14,-0.6032455379116175,-1.0886521171792465,0.7760302177369495
85453,85453,4172,False,3.34397059598656,0.0059929126910746,1.4542909907564987,3,14,-0.7982436857865943,-1.040139894123849,0.5795206013161482
85453,85453,55090,False,4.798525680690042,0.0003415656313026,2.036620660801838,3,14,-0.4129127934593875,-0.7430544047235876,0.239545502558918
85453,85453,64745,False,2.7235209902890003,0.0163459845520867,1.0504691343437071,3,14,-0.4060467219095733,-0.6194021604388548,0.7016422622248645
85453,85453,9927,False,2.587606713964249,0.0423480715260704,1.3058658545658874,3,14,-0.3950080160136124,-0.7316424310444025,0.7975356290297795
85453,85453,9526,False,2.357889541288257,0.0350488423334599,1.0069999551082431,3,14,-0.187926161366899,-0.3294685663915692,0.7760302177369495
85453,85453,64981,False,2.4656453993394147,0.0287789790761574,1.0545552022105722,3,14,-0.7102241484291619,-0.8729277867604058,0.7616078750973275
85453,85453,84311,False,2.169904000592519,0.047412890849935,0.8382322813646198,3,14,-0.5945402780064047,-0.7689027527426769,0.8015763446676192
85453,85453,51649,False,2.5563533813302968,0.0242806724457494,1.0932535686710867,3,14,-0.2620659884588599,-0.5503417347148288,0.7555168658866813
85453,85453,28957,False,2.976125530255904,0.0104270556986633,1.2554955090912951,3,14,-0.3450702936252956,-0.5396499230479082,0.6383325709132276
85453,85453,10240,False,2.240687029562683,0.04137591924868,0.8675171506936903,3,14,-0.2355559597024834,-0.4203631179416315,0.7950058640262805
85453,85453,64969,False,2.710679862738215,0.0162363063271151,1.1005926307428695,3,14,-0.5831692180700755,-0.7833246860138098,0.7016422622248645
85453,85453,92170,False,2.51607603605256,0.0314889501142252,1.140862457767505,3,14,0.0176482498388821,-0.1921620094232239,0.7710891626210068
85453,85453,10135,False,2.202677389896734,0.0464407993257488,0.9384015678548948,3,14,-0.1848613328964221,-0.4609057508302371,0.7994830307113179
85453,85453,55226,False,-3.752546862684164,0.0025433409582434,-1.6073288581861498,3,14,-1.4578181997788848,-1.1287349413584475,0.4653770951372328
85453,85453,54820,False,-2.877971367556662,0.0473155041279446,-1.639646708165448,3,14,-0.7033662528185326,-0.3009069358885761,0.8015763446676192
85453,85453,9221,False,-2.5894459746425573,0.0474209940938494,-1.34887581861711,3,14,-0.5384625641299133,-0.3784418086421707,0.8015763446676192
85453,85453,51070,False,2.5781378958959333,0.0327857366495016,1.2136582428891265,3,14,-0.1462398171433995,-0.2956158995836611,0.7722938751587749
85453,85453,10412,False,-2.4255599682346647,0.0328004554661547,-1.0601801228803542,3,14,-1.4854545022249344,-1.3135888063228458,0.7722938751587749
85453,85453,83540,False,-3.117459152815922,0.007135481192398,-1.2265273594264765,3,14,-2.036468338457393,-1.7306358551545264,0.5938700354709747
85453,85453,79902,False,3.202008436158635,0.0161329339933574,1.5681384831594638,3,14,-1.2949837297388325,-1.6196413072337108,0.7006015786627908
85453,85453,23047,False,-3.870961164915292,0.035740745465285,-2.544334157475637,3,14,-0.5817065879592581,-0.1480209578020316,0.7792678241219885
85453,85453,5238,False,2.42143195611807,0.0286404880413599,0.9597022650070322,3,14,-0.0374160592538357,-0.3384412358551305,0.7602841939596087
85453,85453,221476,False,3.307265024839789,0.0047945319637277,1.313931072241876,3,14,-0.0451610823412271,-0.2069969310344565,0.5510473205342038
85453,85453,56902,False,-3.756359010509791,0.0022199310131366,-1.5769353928141945,3,14,-1.391016576697675,-1.1009222585851757,0.4563336296853107
85453,85453,84172,False,-3.5439863965700376,0.0134387164642601,-1.8033991760385395,3,14,-1.884243307405117,-1.3812952151836408,0.6751793909154472
85453,85453,5441,False,3.961786771691531,0.0013282426817291,1.6274003384143445,3,14,-2.0377356146454897,-2.645203626532542,0.3748120081084212
85453,85453,5451,False,2.287141735722614,0.0373197687821021,0.9287078044978568,3,14,-0.1701227873689933,-0.2649838951422293,0.7855967493217224
85453,85453,8624,False,-2.294632660616604,0.0369630891531991,-0.938040440761692,3,14,-0.7747018374411431,-0.5108216568258024,0.7836483879259681
85453,85453,118672,False,2.6179386096197628,0.0487334357890911,1.3878958373228965,3,14,-0.3598535683981642,-0.6575459353913992,0.8037156778640308
85453,85453,11021,False,2.95920261315721,0.0098450084544229,1.163717817682296,3,14,0.0460681208645572,-0.1945705050424604,0.6262169779905742
85453,85453,29127,False,2.632415955060966,0.041447567441401,1.3415759305169417,3,14,-1.096639528283397,-1.5768236654610013,0.7950058640262805
85453,85453,57038,False,3.0939767741080213,0.0076016030763641,1.206749399659795,3,14,-0.1249097902511679,-0.3777755118613455,0.6017422814857531
85453,85453,55312,False,2.843487246621397,0.0131097151096197,1.1874229800715088,3,14,-0.0232402852323669,-0.2452230366930284,0.672253504000227
85453,85453,57589,False,2.9067080938308054,0.0108794458385257,1.1506742883134649,3,14,-0.0678268194733762,-0.4877692835214562,0.64579115731803
85453,85453,165918,False,2.70822250880252,0.019793881381247,1.185896100054723,3,14,-0.3841375128575526,-0.7442601080810556,0.7200773977905233
85453,85453,64320,False,2.482254935469684,0.0270037858336101,0.9442645185660672,3,14,-0.1120197872867612,-0.3347753425352792,0.7578267072412546
85453,85453,6047,False,4.687756764565785,0.0003179333169388,1.8233472353939664,3,14,-0.3163623605275598,-0.7805928201061378,0.2280012168143919
85453,85453,6135,False,-3.130157387401957,0.0095704014565594,-1.3806370538557855,3,14,-2.5080339380167853,-2.248121729648782,0.6222326656613393
85453,85453,6122,False,-3.1352777020145184,0.0134774526868505,-1.467513129291986,3,14,-2.819930185137629,-2.437525933676304,0.6751793909154472
85453,85453,6205,False,-2.480685890618173,0.0457530501503206,-1.2287121993430985,3,14,-2.7180572142460213,-2.348979809611456,0.7982670741340606
85453,85453,6188,False,-2.859817566631972,0.0148572525704142,-1.2488278295631468,3,14,-2.7125805124614115,-2.4801170361251184,0.6870363619667661
85453,85453,88745,False,-2.83345452312844,0.0147611427656788,-1.220297370000062,3,14,-0.4999934232536003,-0.3324957570179535,0.6865339775569129
85453,85453,84324,False,-3.100814304482001,0.014433491546611,-1.455233282996733,3,14,-0.6013384891835178,-0.3667432218722887,0.6830391367880794
85453,85453,644096,False,2.464333436253853,0.026637434654173,1.0085634909096484,3,14,-0.2430368829281239,-0.4023713888213714,0.7568854103964252
85453,85453,6390,False,2.806991092611977,0.027489066918258,1.3721220071687827,3,14,-0.0261134102091743,-0.3323158644206197,0.7578267072412546
85453,85453,22928,False,2.745489655357532,0.0175186093169034,1.1846290295619244,3,14,-0.4026580557602968,-0.8256723094271704,0.7128658384945291
85453,85453,9197,False,2.8094045102387724,0.0213096141512817,1.3023730897228831,3,14,-0.0826889182676151,-0.322557588959785,0.7325802880632503
85453,85453,10051,False,2.669258924591845,0.0270280870968426,1.2413104533338897,3,14,-1.4298016732068266,-1.6026743011261206,0.7578267072412546
85453,85453,23381,False,3.247680410623542,0.0080833989108545,1.442025273996374,3,14,-0.8991670598619096,-1.13986491315765,0.606753867466964
85453,85453,6618,False,2.547266077039869,0.0265201146993144,1.1158834154628443,3,14,-1.0467176223716324,-1.4220137870492142,0.7568854103964252
85453,85453,6619,False,3.0955222538016307,0.0074485269613549,1.254399566661343,3,14,-1.0746525851396138,-1.4163290479963535,0.5992150173155361
85453,85453,10302,False,2.821895452175008,0.0141549408423369,1.192840902903317,3,14,-1.0056840080550966,-1.307224673951055,0.6787506880374049
85453,85453,6648,False,2.449230730562927,0.0351072920387083,1.1092649119664466,3,14,-0.7716238686373927,-1.2338512523561231,0.7760302177369495
85453,85453,283377,False,-3.3722279452308705,0.0181878872334064,-1.7451526959329429,3,14,-0.6019625796748203,-0.4380534687652641,0.7134390816796584
85453,85453,153443,False,-2.933255505686406,0.0113706230622139,-1.2386187291650843,3,14,-1.115086851695939,-0.7825422552042139,0.6476956922501441
85453,85453,10250,False,2.2751670272071376,0.0413902724248506,0.978165180260068,3,14,-0.6818378782684191,-0.8256022103170012,0.7950058640262805
85453,85453,85369,False,-2.332586737916491,0.0347582098417999,-0.9640796429371494,3,14,-0.7158184229077177,-0.5286905861345241,0.7760302177369495
85453,85453,8464,False,4.202259391721941,0.0009443374737647,1.7659395347086742,3,14,0.1017236823724648,-0.2806989771399658,0.341662508594633
85453,85453,9913,False,2.2320873139476296,0.0436441246562073,0.8453059859876382,3,14,0.1802272048302223,-0.0709134305758948,0.7982670741340606
85453,85453,84447,False,2.348177764077926,0.0338163233349873,0.9723474247805658,3,14,-0.3423245865218478,-0.6650957457583182,0.7756806519949839
85453,85453,6874,False,-2.6614459643304627,0.0203892495536052,-1.146678567025798,3,14,-0.454683731573032,-0.2867458407441494,0.7263711305001938
85453,85453,6879,False,2.9593766446355168,0.0101529039612701,1.1452723412136523,3,14,-0.6226187443694319,-0.7923016075525328,0.6288141733259653
85453,85453,6901,False,3.121582564115565,0.0099544878700991,1.3828648149708265,3,14,-0.1222217704678386,-0.4559627213474129,0.6278978591950445
85453,85453,10607,False,-3.3267426054146227,0.0048433586722839,-1.3730810201770105,3,14,-1.4818078639348056,-1.1631530884305878,0.5510473205342038
85453,85453,7023,False,3.532213805920774,0.0035986356385718,1.495640361065112,3,14,-0.1328466907140026,-0.2756251861032757,0.5071411507405079
85453,85453,84321,False,2.623392990480079,0.0254996399380738,1.18037599863412,3,14,-1.1224788332067812,-1.4434177508403956,0.7568854103964252
85453,85453,8563,False,2.664846665929908,0.0323137876948477,1.2906278556279944,3,14,-1.1920684322533288,-1.43106877863375,0.7715553047120207
85453,85453,11011,False,2.299402411908257,0.0381761815119139,0.8743180869567383,3,14,-0.498759250741353,-0.6468884792748385,0.7887891891367923
85453,85453,9777,False,-2.7371834340574908,0.0409181035352384,-1.4380179404343871,3,14,-0.2158459230259558,-0.0947585735924011,0.7950058640262805
85453,85453,64759,False,2.3820665969106005,0.0318132416873395,0.9891501195695108,3,14,-0.18041660322452,-0.3366004569720104,0.7715553047120207
85453,85453,7161,False,2.90861752665449,0.0114959305539315,1.213195709350163,3,14,0.0509241667912757,-0.0962107756043171,0.6488452626579987
85453,85453,10293,False,2.727389885192897,0.0312819232428978,1.3385184499084797,3,14,-0.3980141232622459,-0.7910539649158219,0.7710891626210068
85453,85453,9319,False,2.4240766006639403,0.0363683337556519,1.0954331470043082,3,14,-0.1994078431644202,-0.3739706241537747,0.781607774961768
85453,85453,80705,False,2.4071945423401493,0.031249870822014,1.0170192691752489,3,14,-0.2275504936589095,-0.3240193867875648,0.7710891626210068
85453,85453,90121,False,-2.802171263660721,0.0138032908397393,-1.087344318221349,3,14,-1.8862576349957048,-1.6253298240578975,0.6751793909154472
85453,85453,10844,False,4.564288144210152,0.0003874084387973,1.85888267992024,3,14,-0.7977025108175847,-1.509960570429587,0.2496664154327569
85453,85453,27229,False,3.053706299965431,0.0093648659620493,1.3026571049855833,3,14,-1.2260876829214835,-1.545299935860326,0.6196372357436517
85453,85453,85378,False,3.058876337180694,0.0462349929821783,1.8181831538150668,3,14,-0.743890498222224,-1.0443731084017929,0.7987406983602949
85453,85453,11065,False,-2.188717860144855,0.0448681771076703,-0.8701081128825431,3,14,-0.6460357365211968,-0.4312513137180647,0.7982670741340606
85453,85453,3093,False,3.9104394876834574,0.0014072751554279,1.5434529691039982,3,14,0.0020194644607088,-0.212085528282312,0.3758375691415674
85453,85453,7386,False,2.9727316072273853,0.0175469264987419,1.394945759978026,3,14,-0.2673099320315744,-0.4837782101952405,0.7128658384945291
85453,85453,27089,False,2.1740994917802063,0.0476715395627819,0.9103447798231716,3,14,-0.2179853047296582,-0.3462131891630018,0.8019982402475438
85453,85453,9100,False,-2.778939554076937,0.0208131294554235,-1.2681731945761046,3,14,-0.7237174674773286,-0.5406633095099308,0.7292762103763515
85453,85453,10813,False,-2.1719535743637346,0.0479198370375127,-0.91026910107835,3,14,-0.4055375259878187,-0.2698378125673194,0.8025850769705906
85453,85453,27340,False,-5.5741691776478,5.32072984044804e-05,-2.2210585623167587,3,14,-1.822726347783025,-1.379987331165936,0.1096423598059726
85453,85453,7414,False,2.9960238685669576,0.0093181637976968,1.165319048256395,3,14,-0.2689308462031706,-0.4396104163998431,0.6193429580909584
85453,85453,55759,False,-6.691264012262483,9.232599324720254e-06,-2.766449278098764,3,14,-1.6243682046769294,-1.2412142708061598,0.0880596090992493
85453,85453,10885,False,-3.240677401076719,0.0194150899309431,-1.6516465303743944,3,14,-1.631525407394955,-1.2865775758382985,0.7181353628805818
85453,85453,8089,False,2.616253040716498,0.0460346877531526,1.3641068385834627,3,14,-0.4723297318034138,-0.7827350690466099,0.7982670741340606
85453,85453,51441,False,3.3103684742319794,0.010796374402395,1.559673709015714,3,14,0.0426712418511394,-0.224592018324234,0.6448011234352163
8725,"8725, 898",10121,False,2.485565325306756,0.0269091821561678,1.1153587172360908,4,13,-0.453480113714888,-0.8257010356069521,0.7578267072412546
8725,"8725, 898",90956,False,2.148546037183954,0.049321264968081,0.943326636544282,4,13,-0.0670813971658732,-0.1848012993841851,0.8046714497212784
8725,"8725, 898",226,False,2.579081795451115,0.0246464579025017,1.1982708106126667,4,13,-0.8453529764754172,-1.2989160370754271,0.7561940738115759
8725,"8725, 898",79087,False,2.519573748532898,0.0254192426732158,1.134770538690149,4,13,-0.0143811873822298,-0.1787422389468187,0.7568854103964252
8725,"8725, 898",79053,False,3.397922597941618,0.0058696251797514,1.5955870699308252,4,13,-0.1579701611643837,-0.3895923831161422,0.5783460537391655
8725,"8725, 898",51529,False,-3.378470468048455,0.0065752158787693,-1.6071788248790753,4,13,-1.6835984154265489,-1.3021354588994416,0.5853481090725166
8725,"8725, 898",27301,False,3.8067212559715,0.0055240055680787,1.9387689074718637,4,13,0.0549018305566443,-0.3226627323042467,0.571156009807942
8725,"8725, 898",89872,False,2.6377792938195164,0.0187219305480037,1.1000964410358065,4,13,-0.0417013769166716,-0.1880136726108952,0.7134390816796584
8725,"8725, 898",378,False,2.3871355576382225,0.0316415595335482,1.0551572043357798,4,13,-0.423470444602871,-0.9076761699358892,0.7715553047120207
8725,"8725, 898",8874,False,4.86690893666318,0.000366093100915,1.9154819253243944,4,13,0.0897829170785937,-0.3943903486593336,0.2458985483956318
8725,"8725, 898",196528,False,-4.40251192552196,0.0011838937645484,-2.0938090530249966,4,13,-0.8100083958838614,-0.3958149561942349,0.3748120081084212
8725,"8725, 898",79798,False,2.3259210824917416,0.0346000995222914,0.9987622537475176,4,13,-0.1791377283800775,-0.4062933264122674,0.7760302177369495
8725,"8725, 898",79065,False,2.469486675014446,0.0291081011642186,1.132603253776729,4,13,-0.1149221813932822,-0.2466398368701149,0.7637693482646525
8725,"8725, 898",57099,False,2.290651586918472,0.036955915602166,0.9576828075985898,4,13,0.027893364869298,-0.1455949939359536,0.7836483879259681
8725,"8725, 898",552,False,2.7945597001798608,0.0136989360501528,1.1993628458774956,4,13,-0.1772166928074907,-0.378431059824241,0.6751793909154472
8725,"8725, 898",221927,False,3.320262599778432,0.0100223311802311,1.6642439971819054,4,13,0.0228789380252942,-0.3499300533360863,0.6278978591950445
8725,"8725, 898",83990,False,4.499755058911512,0.0005261113514452,1.8138461097740108,4,13,-0.1215165565593097,-0.3148604936406106,0.2839400409879977
8725,"8725, 898",7862,False,-4.31607625561664,0.0007391847718231,-1.918982433626488,4,13,-0.6286789290616408,-0.3152601137609072,0.3204668379623464
8725,"8725, 898",115749,False,2.4395152025652176,0.0442363970714522,1.2673032200398435,4,13,-0.0709860210894632,-0.2383731855158772,0.7982670741340606
8725,"8725, 898",284018,False,2.3866699807339704,0.0306139657494833,1.01060079442225,4,13,-0.2673699884993494,-0.4222886612577777,0.7689044219165413
8725,"8725, 898",28974,False,3.402815358240462,0.0041368774682854,1.4872560086835522,4,13,-0.4228708362320549,-0.7972958182622052,0.5320675763623917
8725,"8725, 898",790,False,3.0515984198082853,0.0104147619495058,1.4188824992452318,4,13,-0.0712275944811652,-0.40132614953488,0.6383325709132276
8725,"8725, 898",819,False,3.1487085099274394,0.0081676991678414,1.4436767084673428,4,13,-0.2620142698504565,-0.4744404285266211,0.606753867466964
8725,"8725, 898",22794,False,-2.5830052874732883,0.0225944931650895,-1.164722310038472,4,13,-0.5847118132754145,-0.3764697298424766,0.743696768553327
8725,"8725, 898",84317,False,3.532236120138859,0.009226414412252,1.832368777314445,4,13,-0.3595218738581598,-0.8686807230805869,0.6177479122895033
8725,"8725, 898",51244,False,-4.92065469829606,0.0002649985940695,-2.2129789298895286,4,13,-1.0542799139716734,-0.6988294540674631,0.2103405602834605
8725,"8725, 898",283234,False,-3.005796167327762,0.0119447177717978,-1.414383672190473,4,13,-0.3821198301457769,-0.2556023301366897,0.6570214742539268
8725,"8725, 898",595,False,3.1513705497599003,0.0067222714288354,1.3023825453529927,4,13,-0.2275484465184402,-1.0684122082557388,0.5853481090725166
8725,"8725, 898",898,False,-4.721239034106127,0.0046002317168235,-2.660230507622733,4,13,-1.494231956551609,-0.3805305441905148,0.5463305204322857
8725,"8725, 898",1000,False,2.700173823271758,0.0188368971625865,1.0652634909366478,4,13,0.0136895581108004,-0.2665628637501471,0.7134390816796584
8725,"8725, 898",1017,False,-5.2241278283618975,0.0012637329916357,-2.7323335403358464,4,13,-1.8929199940997488,-0.8864591994370385,0.3748120081084212
8725,"8725, 898",1021,False,2.558283148693309,0.0230972798978147,1.0303600525470489,4,13,-0.0582869414204812,-0.3339736724001101,0.7485525004632818
8725,"8725, 898",81620,False,-3.1588281450382647,0.0281734427648451,-1.8566920376860647,4,13,-2.128840948720579,-1.7339735498308193,0.7586792529741281
8725,"8725, 898",4680,False,2.7397199817320765,0.0152770082055373,1.1742013159122504,4,13,-0.1870574789693743,-0.3535900943970242,0.6930523207330397
8725,"8725, 898",64105,False,-2.336369140888756,0.0373524143855886,-1.0739433155975828,4,13,-1.8355712382533205,-1.5364965326224136,0.7855967493217224
8725,"8725, 898",80152,False,-2.555128141111701,0.0365728487129114,-1.3197758363818033,4,13,-0.8983737673433243,-0.6149812222467614,0.7828467321786678
8725,"8725, 898",29956,False,3.3394095194306943,0.0082838230855477,1.6313027569282814,4,13,-0.070987538319693,-0.3693343636239955,0.6104389914563702
8725,"8725, 898",8208,False,-2.3932415311191577,0.0423869318601828,-1.197576769599332,4,13,-2.176272756487025,-1.8471954570306932,0.7975356290297795
8725,"8725, 898",57680,False,-2.6772435897328006,0.017328106140466,-1.1145237181999132,4,13,-0.6202348351940661,-0.3628741958891011,0.7117732280669741
8725,"8725, 898",57650,False,2.455052691653273,0.0270759142986548,1.062897195192247,4,13,-0.2272604425788641,-0.4966020791153864,0.7578267072412546
8725,"8725, 898",10370,False,-2.625140532434711,0.0267823774402023,-1.2813060671385152,4,13,-0.3772318442203718,-0.1997319946164609,0.7568854103964252
8725,"8725, 898",1163,False,-7.538317939554402,2.2571956668837825e-05,-3.911717972891599,3,9,-1.137772735351131,-0.5682210073465543,0.098218039898729
8725,"8725, 898",80790,False,3.3573227320640533,0.004320556474364,1.4162727797596273,4,13,-0.0752638802780371,-0.3565861463062487,0.5375383092681167
8725,"8725, 898",51727,False,3.490886641049656,0.0148603920966133,1.9392323249843264,4,13,-0.4560488774146434,-0.974120006341109,0.6870363619667661
8725,"8725, 898",23019,False,2.524051687100188,0.0250514012206869,1.0102753366892088,4,13,-0.5170413319550302,-0.7542396098465602,0.7568854103964252
8725,"8725, 898",80347,False,3.1183006849310275,0.0088214425077793,1.4361598514570677,4,13,-0.2077241415188637,-0.5410595759714469,0.613409593830681
8725,"8725, 898",1297,False,-4.050403355741305,0.0028831898713875,-1.992999989249021,4,13,-0.0833312623719378,0.0133753731460177,0.4875811467075703
8725,"8725, 898",10920,False,2.807025378937701,0.0205350946765419,1.382125880910131,4,13,-0.9002829888903575,-1.182734714085217,0.728381106416472
8725,"8725, 898",51692,False,2.28043865319931,0.0473734294369534,1.1116103098073684,4,13,-1.4134371173617148,-1.7102746149450638,0.8015763446676192
8725,"8725, 898",1477,False,2.237434876479396,0.0409039618070296,0.9532939327796464,4,13,-0.5415905054256397,-0.7665874104104233,0.7950058640262805
8725,"8725, 898",23399,False,-2.758222649794095,0.0163700468292624,-1.0967475999213354,4,13,-0.5613749782556732,-0.3257758863733328,0.7016422622248645
8725,"8725, 898",1503,False,4.01740861881804,0.0013641149266521,1.613117426973809,4,13,-0.2500164481319639,-0.6504189447041224,0.3758375691415674
8725,"8725, 898",57703,False,-3.531873598736018,0.0068947202391915,-1.7564756678709494,4,13,-1.7557976124292425,-1.3791508590569497,0.5908459314410133
8725,"8725, 898",80777,False,2.228637138091936,0.0416244385014969,0.9516235497448252,4,13,-0.0434546451869094,-0.3659216436094308,0.7955525158072521
8725,"8725, 898",1553,False,3.4648706423999527,0.0034721856905651,1.4544989317773094,4,13,-0.0648037916301053,-0.2516314029469588,0.506575498552766
8725,"8725, 898",51164,False,-2.536783128277339,0.0476176710768964,-1.4088159069356745,4,13,-1.018110437227283,-0.8595097461194251,0.8019982402475438
8725,"8725, 898",11218,False,-2.6743490476699785,0.0334900128762299,-1.4143060907662353,4,13,-1.5844828618150917,-1.2511390086946836,0.7736039978034098
8725,"8725, 898",9188,False,2.438156829636652,0.0299894561709472,0.9694801509620172,4,13,-1.015039592290515,-1.2646509565929422,0.7684580593452173
8725,"8725, 898",317781,False,2.997716566923681,0.0262538493423059,1.6589400014168965,4,13,-0.5528702549470293,-0.9909290402371403,0.7568854103964252
8725,"8725, 898",57696,False,2.6676542543330712,0.0493576542703499,1.5784171942348275,4,13,-0.6687626496672784,-1.0349384829464694,0.8046714497212784
8725,"8725, 898",1665,False,-2.3219683116454504,0.0465268990324808,-1.1534363207861662,4,13,-1.7466683419951816,-1.502511509427652,0.799906451183292
8725,"8725, 898",54505,False,2.29393369834722,0.043185733470744,1.0871831764012272,4,13,0.0458994744270866,-0.154227753903533,0.7982670741340606
8725,"8725, 898",170506,False,2.7510940887237534,0.0284835799015292,1.4352496933164545,4,13,-0.592400436280059,-0.8567437661153818,0.7602841939596087
8725,"8725, 898",1738,False,2.442974155426572,0.027542493622906,1.0483861377900172,4,13,-0.0326900875080749,-0.2811002709028689,0.7578267072412546
8725,"8725, 898",9231,False,2.946441005020927,0.0107923362985387,1.310270580309226,4,13,-0.0526627867603062,-0.3176726507215029,0.6448011234352163
8725,"8725, 898",116143,False,3.170219350361504,0.0083113828647284,1.471442907162703,4,13,-0.4901128081806267,-0.973076060235916,0.6104389914563702
8725,"8725, 898",54919,False,3.223402200017217,0.005718190743497,1.3462276812823413,4,13,-0.1102539363410396,-0.2890707190108983,0.5745320491000993
8725,"8725, 898",55192,False,-4.136382186573457,0.0033527747110854,-2.0957868830372828,4,13,-1.5030710925892208,-1.1240991406164382,0.5028055018374575
8725,"8725, 898",10059,False,-3.614431513816825,0.0032325516589937,-1.6418653733445714,4,13,-1.132108593657326,-0.6719782234961266,0.5028055018374575
8725,"8725, 898",22845,False,2.5028756309910496,0.0319371077551974,1.2110449181813876,4,13,-0.3738525674187499,-0.5516793534193771,0.7715553047120207
8725,"8725, 898",8818,False,2.5120528096430554,0.0260801469091792,1.137261021804571,4,13,-0.2668816529180745,-0.5138903788728494,0.7568854103964252
8725,"8725, 898",1810,False,3.052732132356978,0.0287159076624143,1.752370777526956,4,13,-0.5807008476870067,-0.9307106410530428,0.7616078750973275
8725,"8725, 898",1841,False,2.5673542946625365,0.0407661849310568,1.37607595002175,4,13,-0.7022110442540472,-1.3741402308457142,0.7950058640262805
8725,"8725, 898",1869,False,4.224511987645576,0.0007378461057913,1.7963515608968952,4,13,0.016808510891265,-0.2445658304022858,0.3204668379623464
8725,"8725, 898",1944,False,2.182810464409023,0.0454698580882513,0.910602197741732,4,13,-0.2854437213811396,-0.4198245455575035,0.7982670741340606
8725,"8725, 898",1973,False,3.0105193283194045,0.0127163422543387,1.4382082531923877,4,13,-0.5966917672702606,-1.050757008769671,0.6644475108483053
8725,"8725, 898",1994,False,3.5975760253257705,0.0064205884798266,1.7961890877546711,4,13,-0.1603569774334101,-0.3800095565062355,0.5853481090725166
8725,"8725, 898",63916,False,3.470647847765305,0.00353113561712,1.4313508771958712,4,13,0.0597874894545147,-0.3638604481225082,0.506575498552766
8725,"8725, 898",84337,False,-3.008895481881759,0.0089214776473937,-1.2962424251570726,4,13,-0.5742115695100167,-0.3702986092631724,0.613409593830681
8725,"8725, 898",9694,False,2.37909036606502,0.0352740851316587,1.1035220809391162,4,13,-0.1450491323490589,-0.3636399358655516,0.7778975643404572
8725,"8725, 898",55831,False,2.299806619375612,0.0451516320239344,1.1141958626519777,4,13,-0.5032732175823011,-0.7950077146232031,0.7982670741340606
8725,"8725, 898",51234,False,4.41172830490035,0.0042494291746388,2.378239181273894,4,13,-0.2694061896220034,-0.5503456706972788,0.5353838715904888
8725,"8725, 898",83460,False,3.037720621877189,0.0116143349418796,1.4381991612354337,4,13,-0.0407098187410243,-0.3012562700377341,0.6512373017693148
8725,"8725, 898",80233,False,2.668645676781895,0.0180806503271358,1.1697868420406816,4,13,-0.2707702724290147,-0.4214340426664224,0.7134390816796584
8725,"8725, 898",84908,False,2.436093419684428,0.0279285862974305,1.0134237558710193,4,13,-0.3675914845754177,-0.4785037063424999,0.7586792529741281
8725,"8725, 898",2176,False,2.9348414883816565,0.010379931859481,1.2659767708979404,4,13,0.0455523799594946,-0.2065881980956223,0.6374935742597804
8725,"8725, 898",2189,False,2.4149652187399986,0.0289872778748387,1.0140470858435522,4,13,0.0582490453059055,-0.1852682840837846,0.7627438360397004
8725,"8725, 898",55215,False,2.637609684648695,0.0189039493398969,1.1419903785691083,4,13,-0.1688111018928212,-0.4183574046301203,0.7140751620158526
8725,"8725, 898",55120,False,3.227049146997006,0.005683006335391,1.3461294145853262,4,13,-0.0600506761431071,-0.3276377606408196,0.573586731495515
8725,"8725, 898",57697,False,2.4266661809345083,0.030391517293457,0.967943110608354,4,13,-0.4250728848208404,-0.7127345281993885,0.7689044219165413
8725,"8725, 898",8061,False,2.7294983388244902,0.0191748953640733,1.276814801585044,4,13,-0.1642555491263342,-0.5428986074178179,0.7163662249874128
8725,"8725, 898",100288801,False,2.48358885520658,0.0341863513605557,1.2050247790306152,3,9,-0.1312493251506361,-0.311416021705728,0.7760302177369495
8725,"8725, 898",2539,False,3.732813071246663,0.003513906507154,1.7709259760840028,4,13,0.0600276579807192,-0.3031239002094139,0.506575498552766
8725,"8725, 898",2553,False,2.391040393440941,0.0315375378582764,1.059891620221189,4,13,-0.4154636713181964,-0.8303704163182256,0.7710891626210068
8725,"8725, 898",51608,False,2.2062887326795715,0.0472161727061249,0.8681306904745305,4,13,0.0152440416824444,-0.215713513043066,0.8015763446676192
8725,"8725, 898",9453,False,2.669567068874064,0.018460231377669,1.184587793202542,4,13,-0.8148208889563254,-1.3289058119543664,0.7134390816796584
8725,"8725, 898",9837,False,-2.4606823315460207,0.047893848281806,-1.3246999517817977,4,13,-2.5984799437786985,-2.0961658351018797,0.8025850769705906
8725,"8725, 898",29925,False,2.450658579522912,0.0423800522588951,1.262401231573545,4,13,-0.6712841688635942,-1.0077925522879494,0.7975356290297795
8725,"8725, 898",8833,False,2.4529378840230693,0.0278158605019234,1.0823698161323148,4,13,-0.5954545892141584,-1.0771992281078404,0.7581377630197409
8725,"8725, 898",54584,False,4.744139313156555,0.000400559432375,2.1536886471695627,4,13,-0.4281902358889879,-0.882766770497017,0.253012967553002
8725,"8725, 898",29889,False,2.635173918732997,0.0209633055934257,1.1995360097726355,4,13,-1.0500539185236646,-1.2649180252140495,0.7306333539722384
8725,"8725, 898",727832,False,2.518558115064155,0.0331727933771558,1.3513001324531482,3,9,-0.329304888879931,-0.5550610337923642,0.7722938751587749
8725,"8725, 898",54856,False,-3.12442439458324,0.0080668055185787,-1.412696499414231,4,13,-0.6072310558534385,-0.4514324249048753,0.606753867466964
8725,"8725, 898",2885,False,2.8275613750468045,0.0249670508268164,1.4676178741223334,4,13,-0.3609522380957756,-0.8749043664930564,0.7568854103964252
8725,"8725, 898",80273,False,-2.417596690952151,0.0456879229861883,-1.2558609033034438,4,13,-1.688977773835901,-1.387506636200008,0.7982670741340606
8725,"8725, 898",2935,False,-2.654065070683144,0.0337358134505698,-1.3954861017967302,4,13,-2.364285063559405,-1.7402046944410463,0.7753695800268566
8725,"8725, 898",2976,False,2.932990531945345,0.0124060575994211,1.3493040298307368,4,13,-0.8345916145178811,-1.0390093149019255,0.6614171738249465
8725,"8725, 898",9329,False,2.540141000510245,0.0307389653515475,1.238379156122458,4,13,-0.3808755603451711,-0.7024152953198803,0.7689044219165413
8725,"8725, 898",9328,False,2.745378853852976,0.0264949831511962,1.4039361144681417,4,13,-0.490996731936114,-0.8206283872784971,0.7568854103964252
8725,"8725, 898",57817,False,-3.0268646257184577,0.0361586619384654,-1.8322919254015144,4,13,-0.5302395756860216,-0.2459932067230712,0.7797765726372132
8725,"8725, 898",115106,False,-2.757136776922315,0.0240552247557648,-1.383173555368954,4,13,-1.8387287157256385,-1.48997831727868,0.7552216201382808
8725,"8725, 898",54930,False,-2.876475271193551,0.0496126513946765,-1.836583465566881,4,13,-1.7104788792791956,-1.1753237983878586,0.8046714497212784
8725,"8725, 898",3159,False,2.368902564421186,0.0332287854727553,1.0569067389791518,4,13,-0.5096384066593417,-0.732316584848088,0.7722938751587749
8725,"8725, 898",150274,False,2.4880938937630024,0.0398185918092707,1.279267217526466,4,13,-0.2682615355924718,-0.6570821828874596,0.7937271295907964
8725,"8725, 898",3615,False,2.7305180490059917,0.0178216858319157,1.2501494159871822,4,13,-0.3608839416626645,-0.7165906128256907,0.7134390816796584
8725,"8725, 898",81556,False,2.83992386627316,0.0175201884358259,1.364659553982728,4,13,-0.1566770929521423,-0.4239922642876594,0.7128658384945291
8725,"8725, 898",79034,False,2.3079766389290204,0.0441487474049676,1.1143728863918894,4,13,-0.2068839992065048,-0.4947835044610244,0.7982670741340606
8725,"8725, 898",26512,False,2.897286762658396,0.0222170960463275,1.498543586917187,4,13,-0.2541516067212823,-0.713232517097881,0.7418611169987012
8725,"8725, 898",3843,False,4.433315703856912,0.0006957554165831,1.7607795260569232,4,13,-0.0275500611937679,-0.318049863643399,0.3100955882162747
8725,"8725, 898",3660,False,2.2070883331419147,0.0459235864142509,0.9980554776998176,4,13,0.175311298406136,-0.1231296174483471,0.7982670741340606
8725,"8725, 898",3725,False,3.3248158601795077,0.0049443500396936,1.352804454870347,4,13,-0.146977101912501,-0.4100439704158599,0.5587525621278903
8725,"8725, 898",22992,False,-2.983291308046188,0.029422792173068,-1.6893028521506697,4,13,-0.8963291491065631,-0.5289967749346114,0.7663258759299784
8725,"8725, 898",688,False,-2.9736989525846,0.010022004483898,-1.3122385903806102,4,13,-0.6859479251526901,-0.3181740476035939,0.6278978591950445
8725,"8725, 898",3837,False,2.851958072724244,0.0179379545150964,1.3845591769256025,4,13,-1.7661656281798532,-2.1174315527634224,0.7134390816796584
8725,"8725, 898",386676,False,3.328243448345113,0.0055726349597368,1.320270046158522,4,13,-0.233089628810233,-0.4024765626422534,0.5713625183381494
8725,"8725, 898",51520,False,3.055960781892571,0.0127725331507511,1.4841557639288694,4,13,-1.4996252034815738,-1.7496882287213171,0.6648757342407524
8725,"8725, 898",81887,False,2.8998589840563413,0.0159135338436087,1.3955343114777694,4,13,-0.7143287725577976,-1.1485925369095105,0.7006015786627908
8725,"8725, 898",114823,False,-4.168789697279003,0.0053363701401755,-2.235545519823329,4,13,-0.6167843826026076,-0.2942907504278887,0.5705647490366753
8725,"8725, 898",11019,False,2.8199087637309628,0.0173690260335666,1.3409222852031468,4,13,-0.2004067938831662,-0.4808033669179878,0.712599943563994
8725,"8725, 898",1241,False,2.334710126865548,0.0338849666556325,0.9815481280670696,4,13,-0.2855810282397975,-0.3924173700445171,0.7757835416820886
8725,"8725, 898",5594,False,3.5590537192635034,0.0036233191341106,1.6193418118166514,4,13,-0.0020182967520178,-0.314268653414779,0.5071411507405079
8725,"8725, 898",4149,False,2.366801926070368,0.044361294721322,1.1857868242378984,4,13,-0.5588206302624612,-0.887791459409066,0.7982670741340606
8725,"8725, 898",51360,False,2.1797009726126464,0.0460821953312115,0.8978222994399524,4,13,-0.397520438376852,-0.6580769761063837,0.7982670741340606
8725,"8725, 898",4193,False,2.307723739527407,0.0383994108964639,0.9160158567546566,4,13,-0.2731073995865543,-0.5515274514803993,0.7891616186922428
8725,"8725, 898",9443,False,-2.3302014499088592,0.0481065807856958,-1.1771416341300345,4,13,-1.0240990931320455,-0.8220122050811812,0.8030027246690382
8725,"8725, 898",10988,False,2.336915234082696,0.0349947973777598,1.0366088142418446,4,13,-0.3666852838570391,-0.7173534952937627,0.7760302177369495
8725,"8725, 898",79066,False,4.091892682616569,0.0010056474391118,1.688169787777319,4,13,-0.6085637504471111,-1.186055167559931,0.3424241293940285
8725,"8725, 898",57534,False,-2.781716270322746,0.021760742471582,-1.3751423827625917,4,13,-0.4382042320302717,-0.2155682571773108,0.7365215955276894
8725,"8725, 898",93380,False,2.7023942692712626,0.0169720375813914,1.1868326466708303,4,13,-0.1168701614239286,-0.3507548716266351,0.7084358741687247
8725,"8725, 898",4324,False,2.60821769516413,0.0309807950838282,1.315228965413816,4,13,-0.0296462643952804,-0.136156363941049,0.7706098858578238
8725,"8725, 898",27304,False,2.7870681348657422,0.0159953813989353,1.2752310293026927,4,13,-0.4485203748757183,-0.7711134369974852,0.7006015786627908
8725,"8725, 898",65003,False,-2.8694114001816984,0.0381332566742142,-1.6811461485133203,4,13,-0.4882541695423306,-0.177877681828061,0.7887891891367923
8725,"8725, 898",51154,False,6.455996904600867,4.946396793036499e-05,3.04591764393846,4,13,-0.5459410444849487,-1.059873970669875,0.1096423598059726
8725,"8725, 898",27085,False,-3.455068141166008,0.0074384734743943,-1.7077077454034912,4,13,-1.946332262679624,-1.6857775860326578,0.5992150173155361
8725,"8725, 898",4598,False,3.2511053483197325,0.0070942630319562,1.5060333312320664,4,13,-0.3419534555987901,-0.8501465579640506,0.5938700354709747
8725,"8725, 898",80018,False,2.9900595525544045,0.021791014898692,1.5843291468267595,4,13,-0.5699719164125822,-0.8856914179615712,0.7366843825848629
8725,"8725, 898",10135,False,2.2755874007315997,0.0386276504656245,0.9317862240984336,4,13,-0.200114910722683,-0.4774465282632196,0.7891616186922428
8725,"8725, 898",23310,False,2.814672501245884,0.0172783452418981,1.3336290358664449,4,13,-0.4689150880205267,-0.8900432138008239,0.7112864518483171
8725,"8725, 898",54892,False,3.3867729220145617,0.0043858114918582,1.4927907086642636,4,13,-0.5439840197671381,-1.0702387950732402,0.5390648379921961
8725,"8725, 898",29781,False,2.6719518521212957,0.0232301069007344,1.281697616515746,4,13,-0.3301511517787948,-0.8721656449725915,0.7485525004632818
8725,"8725, 898",27158,False,3.20757245222986,0.0076122701248196,1.4829920602928155,4,13,-0.5201202916140789,-0.8438381269237905,0.6020320996974936
8725,"8725, 898",121441,False,-3.122794503665828,0.0069845795349364,-1.321110375745074,4,13,-2.0083510456724225,-1.6312841615787772,0.592252413130497
8725,"8725, 898",79707,False,3.573037803980523,0.0030606744728091,1.448648654580508,4,13,-0.7758226101260298,-1.1360488283725236,0.4964695077245988
8725,"8725, 898",4839,False,2.68246682212622,0.0282381645965107,1.360739986976608,4,13,-1.010705933803501,-1.2736347429507555,0.7586792529741281
8725,"8725, 898",11051,False,-2.890988839077827,0.0112104206399998,-1.2142838609897697,4,13,-1.916614588177906,-1.6633960867877584,0.64579115731803
8725,"8725, 898",4926,False,-2.893934487129794,0.0185448890656039,-1.437290195303486,4,13,-0.8545728108306363,-0.6700019864805955,0.7134390816796584
8725,"8725, 898",10482,False,-2.66053034021587,0.0483129514416003,-1.5588932812801084,4,13,-1.534044352536816,-1.1714720750968968,0.8037156778640308
8725,"8725, 898",4991,False,2.806005103262037,0.0285594178114365,1.6165927278032763,3,9,-0.3812862574774335,-0.5097280902308571,0.7602841939596087
8725,"8725, 898",403253,False,2.33449456506688,0.0497930931657253,1.3027385821382922,3,9,-0.3880327968651473,-0.5219820280986687,0.8046714497212784
8725,"8725, 898",283092,False,2.455106859986603,0.0366090579574653,1.3146521547639949,3,9,-0.0148072173538109,-0.2052254258550354,0.7828467321786678
8725,"8725, 898",23594,False,-2.694301537204233,0.0429672149963922,-1.540447806337485,4,13,-2.433172610398241,-1.8975401998381551,0.7981287702846972
8725,"8725, 898",55593,False,2.5453747797960395,0.0230423410053901,1.116317334161738,4,13,-0.1243049637337165,-0.3407777609206771,0.7485525004632818
8725,"8725, 898",54623,False,-3.175933234328714,0.006275162119093,-1.3507076734683394,4,13,-1.0200387838635738,-0.7658390084115,0.5851271518693187
8725,"8725, 898",10606,False,2.2871983030031657,0.0376074238390119,0.9406860512633756,4,13,-0.2590045531385935,-0.4995435938803638,0.7855967493217224
8725,"8725, 898",5062,False,2.573086117050275,0.0212101091778546,1.0912189324933568,4,13,-0.1385489442804572,-0.4766034690229623,0.7325802880632503
8725,"8725, 898",84612,False,-2.6667394168031726,0.0310503552041261,-1.3781531091788497,4,13,-0.8757627505863514,-0.3963532405895978,0.7710891626210068
8725,"8725, 898",5073,False,2.3867718738101256,0.0313726593726784,1.04772383070272,4,13,-0.1115131609958885,-0.3021625903317542,0.7710891626210068
8725,"8725, 898",7849,False,-4.420251211710925,0.0060778495714009,-2.4883440431995654,4,13,-1.7649399577762996,-0.654604848756615,0.581002650342814
8725,"8725, 898",5130,False,3.120371235997637,0.0094828717077828,1.4605489585040352,4,13,-0.5378212616308751,-0.9469812632170582,0.6200387134798324
8725,"8725, 898",22984,False,2.519217022869466,0.0236397558803617,1.0749215023154843,4,13,-1.1259370598146434,-1.3792833456313365,0.7509897022166259
8725,"8725, 898",53918,False,2.3812409739080245,0.0326794151301388,1.0666286913187204,4,13,-0.6132232320690604,-1.0224598311427031,0.7722938751587749
8725,"8725, 898",5216,False,6.353010722985872,1.4029120748159215e-05,2.6301390763443706,4,13,-0.0341022205823737,-0.7144715070812337,0.0961198625807901
8725,"8725, 898",5226,False,3.017727955095894,0.0093097496595005,1.220189702027887,4,13,-0.5488852686793414,-0.839903039360353,0.6193429580909584
8725,"8725, 898",5238,False,2.6447722117786374,0.0184949320897482,1.1004131330688585,4,13,-0.0165915684788367,-0.3680045542936913,0.7134390816796584
8725,"8725, 898",11331,False,-2.3968261591713755,0.0415197985010494,-1.1933278969550558,4,13,-2.5569692090945715,-2.170079192508657,0.7953376919186252
8725,"8725, 898",10654,False,3.5720259020730847,0.0034042339280383,1.6142012370463366,4,13,0.0278960548587815,-0.3305469797682313,0.5064742986717362
8725,"8725, 898",87178,False,-2.5959571711882754,0.025559629789028,-1.2321061745499484,4,13,-1.163725186586615,-0.8195277993680953,0.7568854103964252
8725,"8725, 898",5422,False,-2.766138923036782,0.0383554190213306,-1.5689453004454226,4,13,-1.2867391617554302,-0.9050995985341916,0.7891616186922428
8725,"8725, 898",5424,False,2.634264878117148,0.0278531145703262,1.304990174280758,4,13,-1.927855129811624,-2.3084482508376016,0.7581377630197409
8725,"8725, 898",10721,False,2.6704437833153283,0.0190006747355817,1.2010082683189125,4,13,-0.1657527461625518,-0.3710866922783583,0.7153926528277387
8725,"8725, 898",9533,False,2.8266870027884496,0.0143971814699842,1.2811299969222183,4,13,-1.429180252808944,-1.7644750333038242,0.6830391367880794
8725,"8725, 898",5437,False,-3.7726122646611904,0.0019420046490352,-1.5495204459520526,4,13,-1.8881342787562776,-1.5400296182470614,0.4386768469956549
8725,"8725, 898",55703,False,2.6056285064855707,0.0280489201384803,1.2767000330121143,4,13,-1.7298701451375669,-2.0707509137491247,0.7586792529741281
8725,"8725, 898",55718,False,-2.470712982135461,0.0260125428942727,-1.034038874810686,4,13,-1.1411476659257782,-0.9551333704259554,0.7568854103964252
8725,"8725, 898",171568,False,4.145090844358402,0.0019596069041976,1.9889051503961013,4,13,-1.2717109268054665,-1.7505934183704428,0.4397772868599258
8725,"8725, 898",5451,False,2.27696806947652,0.0378941588616316,0.9681455144880176,4,13,-0.1700820150572522,-0.2722934487591677,0.7870864484879649
8725,"8725, 898",8493,False,2.2948684964258583,0.0366801088068849,0.982076514544087,4,13,-0.1183326641455706,-0.3087175982712737,0.7833055114014222
8725,"8725, 898",5501,False,3.630655468801796,0.0025142876659066,1.5637842236556148,4,13,-0.0963389478911766,-0.2703126592277921,0.4629541376187497
8725,"8725, 898",10113,False,-2.4468381339774425,0.0374791029212031,-1.2095567720285338,4,13,-1.468072232435185,-1.1933985567394725,0.7855967493217224
8725,"8725, 898",3276,False,2.5718824531916,0.0349649857693071,1.3208477526428737,4,13,-0.8155528049554492,-1.236002164239182,0.7760302177369495
8725,"8725, 898",55015,False,-3.1716821914017803,0.0141751143465399,-1.6242388683037448,4,13,-0.689195309294991,-0.3681368856311943,0.6787506880374049
8725,"8725, 898",5692,False,-2.2022822396752333,0.0489770555601886,-1.027176980933562,4,13,-2.4789894242066177,-2.193181252086394,0.8037156778640308
8725,"8725, 898",5704,False,-3.7720060795116495,0.0018775288159681,-1.6212060976228062,4,13,-1.6072903412621178,-1.3107404177667592,0.4316886916595785
8725,"8725, 898",10213,False,-4.667817714352475,0.0008532792051447,-2.2374570904280144,4,13,-1.9338983227714688,-1.513755451989001,0.3324764278827098
8725,"8725, 898",5709,False,-4.092917793164869,0.0087162902025402,-2.315430145990744,4,13,-2.3221868625286883,-1.5651059222647237,0.613409593830681
8725,"8725, 898",118672,False,2.413616851164276,0.0304618878774195,0.972175277729787,4,13,-0.4501394658601667,-0.6526650720948781,0.7689044219165413
8725,"8725, 898",375743,False,5.550530677964622,5.747720137869584e-05,2.3098179039640305,4,13,-0.0079498597272145,-0.33518547476826,0.1096423598059726
8725,"8725, 898",114971,False,2.64126837283299,0.023340274216011,1.249498279193047,4,13,-0.4467093876195285,-0.6558404842295277,0.7485525004632818
8725,"8725, 898",5781,False,2.7635823000641437,0.0182345284198411,1.2967784463408265,4,13,-0.4930575898355466,-0.8219640871433733,0.7134390816796584
8725,"8725, 898",5888,False,5.188605295101903,0.0002500695962766,2.410950943689784,4,13,-0.9988839804951926,-1.524075707019328,0.2103405602834605
8725,"8725, 898",5890,False,3.2703463284439658,0.0051712044659442,1.3738889648159869,4,13,-0.1055292168740194,-0.3366403435662595,0.5679220261202397
8725,"8725, 898",5889,False,2.345084298001277,0.0383070167540001,1.097627983447092,4,13,-0.6503910338969452,-0.8530147618488588,0.7891616186922428
8725,"8725, 898",5892,False,3.159329449728792,0.0164049682906059,1.6567101130854214,4,13,-0.2202023513206317,-0.6345950170740055,0.7016422622248645
8725,"8725, 898",5903,False,-2.742481226104428,0.0452413533651739,-1.6210083368178956,4,13,-0.7882136621550659,-0.5168115318729983,0.7982670741340606
8725,"8725, 898",65059,False,4.513890385072259,0.0007674930407288,2.097762451044308,4,13,-0.0003710125017662,-0.3230008194180145,0.3259895048147984
8725,"8725, 898",5931,False,2.991709030093089,0.0091357890763156,1.2715531314474726,4,13,0.132954192404264,-0.1574062825421349,0.6177479122895033
8725,"8725, 898",10432,False,2.764670337653332,0.0187555282082498,1.307784558126356,4,13,-0.9420573927755644,-1.5054671895690837,0.7134390816796584
8725,"8725, 898",51634,False,-2.9236771954627985,0.0385345520999994,-1.7476406539077485,4,13,-0.8956749841561669,-0.561576678629875,0.7891616186922428
8725,"8725, 898",5980,False,3.04157754677585,0.0086117687262498,1.333024766829729,4,13,-0.3265728713677363,-0.6051997069087133,0.613409593830681
8725,"8725, 898",9827,False,3.0893805179141887,0.0089971373310203,1.4115355115923571,4,13,-0.2699788150204975,-0.5212867253005361,0.6150093925147891
8725,"8725, 898",6120,False,4.192393329133387,0.0010916372329186,1.6638523131324028,4,13,-0.3020623600315393,-0.7270152473892151,0.3554597371047544
8725,"8725, 898",22934,False,2.514478047853292,0.0239661114148157,1.0813059743068123,4,13,-0.1035565275650878,-0.2993178386978833,0.7544104754566708
8725,"8725, 898",6141,False,3.0272849219514835,0.0173087981079686,1.5466158006915214,4,13,-1.18778395295596,-1.636337530787085,0.7112864518483171
8725,"8725, 898",6161,False,2.3281505751031184,0.0343161538261607,0.9884889752374793,4,13,-1.97107847817083,-2.2786326252210376,0.7760302177369495
8725,"8725, 898",6185,False,2.906555169869137,0.0137705808571592,1.3560713021345143,4,13,-0.4856938837434496,-0.6887898287727806,0.6751793909154472
8725,"8725, 898",58490,False,2.393033352563524,0.0378895600700134,1.1517780373945443,4,13,-0.1827159313809296,-0.4158294549030673,0.7870864484879649
8725,"8725, 898",6209,False,2.6521829759158235,0.0403937105385972,1.4657528062795009,4,13,-1.965228270237764,-2.391063135637616,0.7950058640262805
8725,"8725, 898",6233,False,3.0748135885032037,0.0178874367055948,1.6027637432247832,4,13,-1.5809810511571554,-2.0321089220687814,0.7134390816796584
8725,"8725, 898",23212,False,2.929356863331789,0.0291057537092968,1.6283216093470163,4,13,-0.9297057462496012,-1.3594999248119757,0.7637693482646525
8725,"8725, 898",65117,False,2.730621809384283,0.0274817170608901,1.4013882371945274,4,13,-0.3033496426562354,-0.4364506854198581,0.7578267072412546
8725,"8725, 898",6256,False,2.351645801506685,0.0340780940564613,0.950003807691466,4,13,-0.0047228901735065,-0.1652621783235925,0.7760302177369495
8725,"8725, 898",22937,False,2.4108442127054155,0.0372684361545749,1.165981135173336,4,13,-0.6632759163912999,-1.168594012982428,0.7855967493217224
8725,"8725, 898",151648,False,-2.8635176042232358,0.0307295492666421,-1.5808131106957115,4,13,-1.4554803686786124,-0.984314628802364,0.7689044219165413
8725,"8725, 898",9652,False,2.31802568682963,0.038940404120445,1.0696657088748944,4,13,-0.1332337320976551,-0.2617822961503313,0.7897130757303121
8725,"8725, 898",6502,False,-3.428508385195252,0.0213293855036396,-2.016097845038362,4,13,-1.4397103278832395,-0.6951116920670004,0.7325802880632503
8725,"8725, 898",1317,False,3.7713686119128345,0.0018783045223657,1.620192195852327,4,13,-0.0865018777661996,-0.3029049460205545,0.4316886916595785
8725,"8725, 898",54407,False,2.3736011177161744,0.0434559183411955,1.1851658253591448,4,13,-0.3432688642784326,-0.4716863110715482,0.7982670741340606
8725,"8725, 898",8140,False,2.8894200734198017,0.0133354619952695,1.325977939759281,4,13,0.0815420446896579,-0.1453465306745122,0.6751793909154472
8725,"8725, 898",84138,False,-3.515487601513658,0.0061875462475258,-1.715321535168254,4,13,-1.2955573150307385,-1.0070136826513751,0.5820137806141715
8725,"8725, 898",200172,False,2.788630929442927,0.0146395224380433,1.1268457016442068,4,13,-0.2166413605798824,-0.3388074834709659,0.6857144437477962
8725,"8725, 898",6597,False,-3.058562520467798,0.0372824110110252,-1.8850280570742592,4,13,-0.8098262163028243,-0.3171316822719203,0.7855967493217224
8725,"8725, 898",6598,False,-2.800518189284397,0.0364528915815702,-1.5842818654071202,4,13,-1.2275344493775733,-0.8285052963936009,0.7822319428767802
8725,"8725, 898",10285,False,-3.678763563651137,0.005905980453145,-1.8458781324188265,4,13,-1.3080849445410716,-0.960431134764268,0.5795206013161482
8725,"8725, 898",6619,False,2.164413911464637,0.0485490914817158,0.962592872635909,4,13,-1.1381485619268992,-1.4230746292046303,0.8037156778640308
8725,"8725, 898",10302,False,3.141791253419327,0.0091120832460441,1.470205565266714,4,13,-0.9657311666612812,-1.3427132917565336,0.6177479122895033
8725,"8725, 898",6628,False,-3.332385866312922,0.0084975153600509,-1.63155580330153,4,13,-1.958352809655376,-1.5954068205422602,0.613409593830681
8725,"8725, 898",10073,False,-2.7399805616268664,0.0483856497454759,-1.6538582832106408,4,13,-1.3975237726940408,-0.9735575193946774,0.8037156778640308
8725,"8725, 898",147841,False,-4.012534164146379,0.0031603075565003,-1.981918483642724,4,13,-2.461954963753686,-1.8798814833078965,0.4999281445021685
8725,"8725, 898",79794,False,2.500146336084418,0.0244995599328888,1.0578479693994838,4,13,0.0267215586664358,-0.1610283335247925,0.7555168658866813
8725,"8725, 898",6741,False,2.3537190117407567,0.0377997252678675,1.102595821904905,4,13,-0.4716366473333194,-0.6632258288683028,0.7866294065922688
8725,"8725, 898",79991,False,2.442041439303808,0.0436952672198502,1.2651131897815433,4,13,-0.1263451634536714,-0.433030570136272,0.7982670741340606
8725,"8725, 898",23512,False,-2.6970722421367284,0.0288108221269108,-1.3831083856551505,4,13,-0.6677026963218965,-0.3744761390331746,0.7616224411069574
8725,"8725, 898",10492,False,3.600085081079447,0.0037548184632144,1.6682349773488596,4,13,-0.0381337586580755,-0.3346532973013158,0.5138175469195508
8725,"8725, 898",9014,False,2.328665579040048,0.0484198391469429,1.178095302394748,4,13,-0.7114813508097102,-1.0256476370217853,0.8037156778640308
8725,"8725, 898",57187,False,-2.605359236136324,0.0338802786836888,-1.3450523435168285,4,13,-2.349381675635304,-1.988629320695697,0.7757835416820886
8725,"8725, 898",25976,False,2.371198000243841,0.0317008756883812,0.9861557903848048,4,13,-0.1829664984834522,-0.4915588422951718,0.7715553047120207
8725,"8725, 898",7086,False,2.70897734282712,0.0261414390959999,1.361600192941545,4,13,-0.1271231231137745,-0.4153027985025839,0.7568854103964252
8725,"8725, 898",7094,False,2.4286030186869434,0.0489684370026704,1.2977674072741414,4,13,-0.3548413041618584,-0.5723174406392956,0.8037156778640308
8725,"8725, 898",10452,False,2.3189977844774887,0.0453332354864164,1.1389434607424964,4,13,-1.0034012697426733,-1.2761487073047102,0.7982670741340606
8725,"8725, 898",7153,False,3.658780807544703,0.0023608904413613,1.5222287842263251,4,13,-1.6716486655699208,-2.257594557677764,0.4587117602278026
8725,"8725, 898",7167,False,3.556275271792478,0.0105733683818462,1.8922912884541825,4,13,-0.4582826503659221,-0.965914073144994,0.640760049053759
8725,"8725, 898",27010,False,2.73155338344872,0.0159238153248551,1.1953166084579676,4,13,0.0434667594737866,-0.0851963536767801,0.7006015786627908
8725,"8725, 898",7175,False,-3.5193818228028046,0.0031546344722847,-1.5159270450416276,4,13,-1.2846137660299717,-1.0252511679656129,0.4999281445021685
8725,"8725, 898",115708,False,2.6026703850191546,0.0356138394195907,1.361039808940698,4,13,0.0190338494826375,-0.2035372375325406,0.7792678241219885
8725,"8725, 898",54822,False,2.528266954421148,0.024146013830866,1.1184096461485895,4,13,-0.2545272889655508,-0.6070992893389786,0.7555168658866813
8725,"8725, 898",283989,False,3.8120501791095536,0.002183833717186,1.726486311845777,4,13,-0.5487224644978523,-0.8417946361631052,0.4563336296853107
8725,"8725, 898",115939,False,2.373466350626319,0.0333774796419711,0.9492032495348796,4,13,0.0713468026766027,-0.1510606153101024,0.7734476751145687
8725,"8725, 898",7268,False,3.2321812449686136,0.0058308781529307,1.323662923574118,4,13,-0.2318813796705499,-0.5624452882332766,0.5783460537391655
8725,"8725, 898",7270,False,-3.8810717293061376,0.004252108782832,-1.939570588798157,4,13,-0.7775226963493189,-0.6161030769265738,0.5353838715904888
8725,"8725, 898",63893,False,2.559947002367552,0.0420341781054056,1.380562255567588,4,13,-0.2542098816376933,-0.4062722992592998,0.7964297787163211
8725,"8725, 898",65264,False,3.8176918773392905,0.0021901111015336,1.7326672962998653,4,13,-0.1709592045617531,-0.3457873587779755,0.4563336296853107
8725,"8725, 898",7353,False,-2.567788953404502,0.0430760281484569,-1.399618373456121,4,13,-1.802188764556004,-1.4868114332132658,0.7982670741340606
8725,"8725, 898",7372,False,2.757515165238424,0.0146948621533418,1.1550246719390185,4,13,-0.021576822182243,-0.331867867136348,0.6862304049927407
8725,"8725, 898",9816,False,2.416601287096836,0.0358796737787354,1.1572757226686108,4,13,-0.8438102700835961,-1.0491651994272986,0.7795226781081193
8725,"8725, 898",7389,False,2.646453555312533,0.0194096224121622,1.1772962773899616,4,13,-0.1974291388630984,-0.7176426598213385,0.7181353628805818
8725,"8725, 898",7414,False,3.2044144766132834,0.0064044124928902,1.297279066596098,4,13,-0.2632402409962144,-0.4544905695555738,0.5853481090725166
8725,"8725, 898",154807,False,2.3866158663325243,0.0318674252260479,0.964421051789132,4,13,0.0009955460804963,-0.1350428192626227,0.7715553047120207
8725,"8725, 898",81552,False,3.443973655384356,0.0036178536605431,1.4510426515990829,4,13,-0.1628065319512594,-0.4018608831292228,0.5071411507405079
8725,"8725, 898",7443,False,3.1417969121632083,0.018173720228749,1.6725230547975047,4,13,-0.2894639371831465,-0.7006588969667723,0.7134390816796584
8725,"8725, 898",10785,False,2.546325322128001,0.0225192109925923,1.0957873004289451,4,13,-0.0378163858545638,-0.2240583346684918,0.743696768553327
8725,"8725, 898",57599,False,3.3472304701845608,0.0044473212895053,1.395701916336744,4,13,-0.2371357672098868,-0.7045625758726229,0.5434846091624829
8725,"8725, 898",80335,False,2.449912249238276,0.0289486024811276,0.9790845026392544,4,13,-1.128160952045988,-1.4044068770744444,0.7627438360397004
8725,"8725, 898",84292,False,3.242400005363075,0.0076585449673918,1.519423530249059,4,13,-0.1943602500600501,-0.4900596273310497,0.6031910490874228
8725,"8725, 898",7516,False,3.929056349409183,0.0013940621461128,1.7024062213996078,4,13,-0.155918264741557,-0.557001579256976,0.3758375691415674
8725,"8725, 898",7517,False,2.9124030281969584,0.0148404035007141,1.3864165151028511,4,13,-0.2246352784254213,-0.6124311995285725,0.6870363619667661
8725,"8725, 898",64132,False,2.705402860532087,0.0223851023584817,1.304854656390135,4,13,-0.1648891039094451,-0.3667279013114128,0.743696768553327
8725,"8725, 898",55702,False,-2.3445877925377765,0.0362095615154715,-1.069425614776479,4,13,-1.844075933405328,-1.5968222188810892,0.7797765726372132
8725,"8725, 898",339487,False,2.4999662675051235,0.0294047695509409,1.1751631453638658,4,13,-0.9342132789593875,-1.2961720632185942,0.7663258759299784
8725,"8725, 898",196441,False,-2.483000316693039,0.0469359468481265,-1.3412638238686276,4,13,-0.675398632344343,-0.531041882149782,0.8015763446676192
8725,"8725, 898",677,False,2.78818951026327,0.0189149084349312,1.3357489721303508,4,13,0.0587189604758011,-0.3875637864845233,0.7142062753821493
8725,"8725, 898",51663,False,2.6019186925837734,0.0301815634771349,1.2990350745662722,4,13,-0.2019901018354017,-0.3505278289734901,0.7688185734422155
8725,"8725, 898",51042,False,2.9192786825720582,0.0319627669228099,1.6560698186692553,4,13,-0.2876885561858547,-0.5511847383295363,0.7715553047120207
8725,"8725, 898",8882,False,2.697430952542737,0.0202846009704009,1.2611912278389945,4,13,-1.0780367078668318,-1.426534702709463,0.7251380775498089
8725,"8725, 898",9406,False,2.347949308909528,0.0369812057227931,1.0847702405996726,4,13,-0.3238085461577806,-0.4437809373077879,0.7836483879259681
9166,9166,27245,False,2.82220373718298,0.0201123989769919,1.2981308684950132,3,14,0.0317109534253669,-0.1375242060753251,0.7230843984880345
9166,9166,102157402,False,-2.655057472151251,0.0430900232527538,-1.3774609088424263,3,14,-1.4583011884917954,-0.973782458385022,0.7982670741340606
9166,9166,5832,False,3.2583276038125,0.0055074071602438,1.266011330553635,3,14,0.0230185223958867,-0.1954977959138735,0.571156009807942
9166,9166,79868,False,2.3029613805917784,0.0409246279829943,1.007202116106716,3,14,-0.5993737201419311,-0.8569238705678929,0.7950058640262805
9166,9166,199857,False,2.2185143855526643,0.0444440801811621,0.8430106497045745,3,14,-0.7656625913791104,-0.920258276764116,0.7982670741340606
9166,9166,84079,False,2.684055434529611,0.016995295328805,1.0700266342716866,3,14,-0.0115433335780431,-0.1517423554577495,0.708786302215172
9166,9166,25820,False,4.451139664030834,0.0005616096984811,1.8595433108067183,3,14,-1.225504829572736,-1.7237530239340777,0.2839400409879977
9166,9166,285598,False,-3.1555117975130136,0.0116592806564407,-1.4498725299370514,3,14,-0.4459213779215105,-0.2155065077217037,0.6512373017693148
9166,9166,79798,False,3.970404055972504,0.0012859084533156,1.5502784489456314,3,14,-0.0919219195524972,-0.4087570284444496,0.3748120081084212
9166,9166,55723,False,2.316456880628996,0.0352374128369851,0.9391405576842252,3,14,-0.0599140991582761,-0.1824474929424601,0.7774483458197553
9166,9166,440,False,2.357307318814581,0.0324152438304785,0.9428112430098472,3,14,-0.0384783714625111,-0.2187406283912907,0.7715553047120207
9166,9166,9296,False,-4.090080511135512,0.0010065900845702,-1.598914277840109,3,14,-1.499728512907515,-1.0410785097100244,0.3424241293940285
9166,9166,221927,False,3.272888916534656,0.0051599663125281,1.2951427838641116,3,14,-0.0321742291843769,-0.3115037324082009,0.5679220261202397
9166,9166,9184,False,3.0261705534628462,0.0127821454093901,1.3613310736182056,3,14,-1.926707551315455,-2.467737601936627,0.6648757342407524
9166,9166,819,False,3.0990327962523443,0.0089867009748933,1.3353660518870316,3,14,-0.2659682191581788,-0.4584198566266688,0.6150093925147891
9166,9166,908,False,3.715110030860594,0.0123574822960716,1.9206814512700248,3,14,-1.4156518080758624,-1.7498950973210654,0.66067505824945
9166,9166,1062,False,-3.197926976453103,0.0061175890599103,-1.251161927552474,3,14,-1.12799853823752,-0.8966753483630867,0.581002650342814
9166,9166,55835,False,3.0996879321662854,0.0091777337842513,1.341864717687224,3,14,-0.1437135877505699,-0.3360154797760336,0.6177479122895033
9166,9166,4848,False,2.8565197440378887,0.0188118753797214,1.3109560862962857,3,14,-0.2612513423045973,-0.5109322534176401,0.7134390816796584
9166,9166,57511,False,2.4182595359681103,0.0372931480812714,1.0980181533241742,3,14,-0.3497195681574244,-0.4942438459591677,0.7855967493217224
9166,9166,55352,False,2.2972040244439857,0.0376939123865882,0.8811059323051328,3,14,-0.0841405830979588,-0.2188747190944925,0.7858448431886305
9166,9166,10987,False,3.113941384267766,0.020333431252339,1.5558232063363486,3,14,-1.6125356570880005,-1.997806558941621,0.7252738741274658
9166,9166,116228,False,-3.3919970713965517,0.0422964478411287,-2.127277891521142,3,14,-0.5415522165559864,-0.3337756540949501,0.7974289184896268
9166,9166,10664,False,2.166197322732924,0.0471582523381196,0.8841969974019046,3,14,-1.5644625466421875,-1.7901605643098502,0.8015763446676192
9166,9166,57703,False,-2.595001669585678,0.04424454835217,-1.3286040486080029,3,14,-1.7168685441520497,-1.4143961417857978,0.7982670741340606
9166,9166,1603,False,2.4291696398990887,0.0410151912141716,1.140912586254082,3,14,-1.7776196799293158,-2.1375196998966937,0.7950058640262805
9166,9166,26528,False,2.314889777370473,0.0369306607067063,0.974426458316628,3,14,-0.0402855496137939,-0.2011611754917347,0.7836483879259681
9166,9166,1639,False,2.3479461442489717,0.0401319855772238,1.0500309766179643,3,14,-0.3142424153697259,-0.4627635577570856,0.7947636811015407
9166,9166,1642,False,2.4538546614739185,0.0362504253879093,1.1245898571668,3,14,-1.7988667423624145,-2.1038741647856187,0.7797765726372132
9166,9166,8886,False,-5.805818449822723,3.501149878934639e-05,-2.337470995676809,3,14,-1.8840910530349693,-1.5775040056268252,0.1096423598059726
9166,9166,83479,False,2.670815811601277,0.0175013859728224,1.0777837390762868,3,14,-0.8365726672840426,-1.070317801030922,0.7128658384945291
9166,9166,9093,False,3.468380627468545,0.0039441082245393,1.3217925962297896,3,14,-0.8581349986722581,-1.100430022386154,0.5246654091329729
9166,9166,5977,False,7.061487325946729,1.41087459098026e-05,3.0667341934796664,3,14,0.1441822224509304,-0.4337186651244554,0.0961198625807901
9166,9166,8655,False,-2.907723099489504,0.0111912255745315,-1.1983454622119876,3,14,-0.7848665729055625,-0.4684358720631912,0.64579115731803
9166,9166,124454,False,2.5210968411004924,0.0242795223015772,0.972565932244476,3,14,0.0298491589931047,-0.2126359546177905,0.7555168658866813
9166,9166,1937,False,-3.2563795464816883,0.0318236303381546,-1.83861064097764,3,14,-1.1940044393158202,-0.946520255097744,0.7715553047120207
9166,9166,8666,False,-5.626357341168188,0.0008648310355434,-2.73828299020266,3,14,-1.684861052207357,-1.2247259430443742,0.3324764278827098
9166,9166,56943,False,3.630495392119816,0.022229621534953,2.04172896340373,3,14,-0.4375396639756883,-0.792441910552163,0.7418611169987012
9166,9166,57697,False,2.273672350804715,0.0426420707395039,0.9896737610184008,3,14,-0.4022381885064617,-0.6970804171682875,0.7975356290297795
9166,9166,2197,False,-3.0775999229954154,0.0371084475458146,-1.7306446718604,3,14,-3.07735861222619,-2.3793833740284507,0.7848436170090578
9166,9166,80204,False,2.954002693472185,0.0101173980778748,1.2124112260342943,3,14,-0.0199695425384653,-0.2581923498801755,0.628469083532895
9166,9166,55294,False,2.2857322203193564,0.0447294776672657,1.0227596038377584,3,14,0.0088847861551791,-0.2971164914168037,0.7982670741340606
9166,9166,112812,False,2.8912339366740296,0.0121231380577533,1.103743393951614,3,14,-0.627795710483574,-0.8607018706616959,0.658481084743995
9166,9166,2963,False,-2.4509942697159657,0.0304774551796472,-1.0606813401031985,3,14,-0.9604913857099804,-0.7455291470672101,0.7689044219165413
9166,9166,8341,False,2.3637560554257533,0.0322273672194587,0.961680900474388,3,14,-0.6706705962473528,-1.225378532048505,0.7715553047120207
9166,9166,23438,False,2.35625621576158,0.0345108566822715,0.8937431089829231,3,14,-0.0324786025547366,-0.2477454242240736,0.7760302177369495
9166,9166,25988,False,2.507997618461034,0.0255993467211444,0.9556466884831673,3,14,-1.5537381274851487,-1.889090724644656,0.7568854103964252
9166,9166,10300,False,3.738248270321055,0.0020023620746615,1.4738590984044109,3,14,-0.2376537497708699,-0.4818698915978489,0.4446762191621244
9166,9166,9493,False,2.969884819934098,0.0378474713838262,1.6334284374241033,3,14,-1.7577088592187533,-2.145221511128366,0.7866319400997951
9166,9166,653240,False,2.521560953315632,0.0246115963938054,1.0542692016314197,3,14,-0.4095799021377244,-0.7588060955272046,0.7560105119706824
9166,9166,26239,False,2.915143871383015,0.014816759312211,1.3001989369379106,3,14,-0.0383619906072058,-0.3267684863917988,0.6866898379200101
9166,9166,79165,False,2.943610880573032,0.0307934900992872,1.5320682897037332,3,14,-0.1275007156685338,-0.3822695903724969,0.7690631820319243
9166,9166,57819,False,-2.703850629564017,0.0366475918092845,-1.367385005003085,3,14,-2.7805962421917307,-2.313190333204073,0.7828467321786678
9166,9166,57128,False,2.57166973883089,0.0219836373999494,1.0660055392282903,3,14,-0.9768747667118708,-1.3704666208121892,0.7398212951771879
9166,9166,8379,False,2.4235882146163528,0.0289890479628001,0.996607690460766,3,14,-0.0361988327929492,-0.1959626302072219,0.7627438360397004
9166,9166,55090,False,3.8576210050052575,0.0015640328064933,1.5241490143438867,3,14,-0.4702140395253318,-0.7307755662808851,0.3942663363598785
9166,9166,64745,False,2.3070014488027284,0.0357389555357207,0.9201204373678225,3,14,-0.4248811872482126,-0.6153662035805748,0.7792678241219885
9166,9166,29081,False,2.2432167011219177,0.0493047267564514,1.0132695524809092,3,14,-0.2183688051862595,-0.3773925993378923,0.8046714497212784
9166,9166,219927,False,2.4291244434678325,0.0302548160951307,0.9195039736615488,3,14,-0.396952681395686,-0.5998077052237573,0.7688185734422155
9166,9166,64983,False,2.482486708995327,0.0298975030094696,1.0886719951876274,3,14,-0.36814603192864,-0.5538028539012485,0.7683489996775338
9166,9166,64979,False,2.468227313393155,0.0276003723669612,0.940731569911673,3,14,-0.303729137826898,-0.4621619036392541,0.7578267072412546
9166,9166,26589,False,2.475259179369208,0.0322280005723593,1.1071522091635784,3,14,-0.042037924765223,-0.2748063253857191,0.7715553047120207
9166,9166,63931,False,2.9481889797769214,0.0099773475167928,1.182893335742622,3,14,-0.3400263121704075,-0.5940820203827485,0.6278978591950445
9166,9166,28957,False,4.230363538172624,0.0007826837836692,1.739983201075325,3,14,-0.2972391065943591,-0.549899463125966,0.3259895048147984
9166,9166,10240,False,2.3462676740234585,0.0332071981509217,0.9481910844422934,3,14,-0.220790456691177,-0.4235271543011972,0.7722938751587749
9166,9166,65993,False,3.318528913427101,0.0109401029273445,1.5693482988691798,3,14,-0.2852506376019325,-0.62536335309986,0.64579115731803
9166,9166,339287,False,-2.9307778321576614,0.0218566017391322,-1.4168429956477673,3,14,-0.6194740759755551,-0.3900487708946043,0.7379330326643176
9166,9166,4609,False,-2.7371139921940832,0.0161164844735859,-1.141980169729632,3,14,-2.0398660262673665,-1.5637252854050208,0.7006015786627908
9166,9166,27158,False,2.303952354892184,0.0359762384564078,0.9261793739333356,3,14,-0.6003243889313805,-0.8035288321193893,0.7796065223202716
9166,9166,4714,False,3.355108710060701,0.0043769306114356,1.3575794914777144,3,14,-0.1412332439826598,-0.344251278283468,0.5386674384362842
9166,9166,25836,False,4.335181106602892,0.0006299333469579,1.6877544964567437,3,14,-0.2752350690969369,-0.542556530472668,0.2959724763522215
9166,9166,51070,False,3.3491685496838333,0.0084291283626315,1.535559748505417,3,14,-0.1209365637435914,-0.3010380253121915,0.6118431005322945
9166,9166,10412,False,-2.2349918183235142,0.0418384970750331,-0.8650815867227571,3,14,-1.4577120753777515,-1.3195336120758137,0.7956001194952814
9166,9166,286053,False,3.031788090911772,0.0088623422879663,1.1697864960516098,3,14,-0.3074675368030941,-0.4959844855102169,0.613409593830681
9166,9166,55593,False,2.949675327630087,0.0100101660980222,1.194623910787464,3,14,-0.1087261493322753,-0.328653735636203,0.6278978591950445
9166,9166,399909,False,-2.6260142671583644,0.0282763472530635,-1.2140795504849302,3,14,-0.6626591547926851,-0.5076174244689909,0.758844443768512
9166,9166,94005,False,-2.9094777724886742,0.0332863689930731,-1.5272299469679669,3,14,-0.4988411216991937,-0.2908298920760278,0.7722938751587749
9166,9166,9512,False,3.094980754659459,0.0120439289712208,1.4063308103050003,3,14,-1.588711788859267,-1.8950459773727832,0.657925487597981
9166,9166,11284,False,2.929923439078413,0.0334716331934506,1.5483316808873515,3,14,-0.1168572075243238,-0.4183302823858095,0.7736039978034098
9166,9166,56902,False,-2.62560921059174,0.0333719102312,-1.2639313241020442,3,14,-1.3594755145904651,-1.107681057608149,0.7734476751145687
9166,9166,5441,False,2.451335203077963,0.0388615620516056,1.1449826436623498,3,14,-2.1514212375438966,-2.6208424216257398,0.7897130757303121
9166,9166,51728,False,2.491663381182471,0.0314515116830611,1.1158285591625596,3,14,-1.3516404965618467,-1.6311699520304763,0.7710891626210068
9166,9166,60490,False,3.117790599407989,0.0105131976197831,1.3929887123874771,3,14,0.1176010832647264,-0.0967878868004739,0.6396442334748876
9166,9166,151987,False,-4.866065218561236,0.000206780035571,-1.930416047452303,3,14,-0.955442931462367,-0.5736152272179578,0.1896413701197644
9166,9166,8575,False,2.400254729530831,0.0314770082779359,0.9139405439530408,3,14,-0.5356397829522107,-0.7404143286866353,0.7710891626210068
9166,9166,8624,False,-2.3814171831785065,0.0320347698301971,-0.992623665807098,3,14,-0.7874225792379058,-0.5080957835836389,0.7715553047120207
9166,9166,118672,False,2.929577423681268,0.0349601790940088,1.5638351168103204,3,14,-0.3347705643199812,-0.6629208648367241,0.7760302177369495
9166,9166,5879,False,-2.8386573629459924,0.0224247172137506,-1.3425545583393084,3,14,-1.0840429938869904,-0.7273185452271439,0.743696768553327
9166,9166,29127,False,2.6192505276956863,0.0197011897599081,1.074338744156991,3,14,-1.1884885258939073,-1.557141737401606,0.7200773977905233
9166,9166,57038,False,2.372525891391868,0.033535313176978,1.0050599035540808,3,14,-0.1526212613536489,-0.3718373394822425,0.7736039978034098
9166,9166,55312,False,2.2512127174769514,0.0398365653797077,0.8925954510072117,3,14,-0.066651823468421,-0.2359205642138739,0.7937271295907964
9166,9166,114822,False,-6.261497350970816,0.001573037423093,-3.297688607450434,3,14,-0.5326204442926383,-0.2536693753337827,0.3942663363598785
9166,9166,165918,False,2.183581978402395,0.0455409385410922,0.8884793934901936,3,14,-0.4567762159668975,-0.7286946717004817,0.7982670741340606
9166,9166,6047,False,2.395425486470153,0.0487867176741616,1.1668048093492087,3,14,-0.4161958671204082,-0.7591999258362419,0.8037156778640308
9166,9166,9810,False,2.8156929002772166,0.0457345508266134,1.560358607949062,3,14,-0.2540700244380018,-0.492884204245358,0.7982670741340606
9166,9166,6117,False,-3.166778444364434,0.0064482337081497,-1.284206131192047,3,14,-2.579732007822966,-2.146351812873909,0.5853481090725166
9166,9166,6169,False,-3.503654761687277,0.0036461914012437,-1.337390456857394,3,14,-1.8330492731008083,-1.6523977284291074,0.5071411507405079
9166,9166,6218,False,-2.5265688056406383,0.0474328404502463,-1.4984183808959677,3,9,-1.762474649375463,-1.48223231151642,0.8015763446676192
9166,9166,84881,False,2.9709815784113487,0.0096311785394634,1.2080044797344909,3,14,-0.0947855068810857,-0.3172029300257026,0.6229602688458178
9166,9166,388228,False,3.9567610816100096,0.001302903298651,1.5513266916068962,3,14,-0.1125871916134717,-0.2695084768058121,0.3748120081084212
9166,9166,6389,False,2.3482549768705216,0.0424898436734867,1.0708723357062546,3,14,-0.0138314266485074,-0.2183579408742822,0.7975356290297795
9166,9166,644096,False,3.06346369988509,0.0111013146755019,1.3587331956957662,3,14,-0.2000612886057717,-0.4115804447475898,0.64579115731803
9166,9166,6500,False,-2.403555005236815,0.0297974873259691,-0.9446195859926746,3,14,-1.5186865777249,-1.3494971018361104,0.767444887438343
9166,9166,10463,False,2.850235195861967,0.0357340405064737,1.496714219945834,3,14,0.0196768797926041,-0.2990257841092255,0.7792678241219885
9166,9166,9197,False,2.8260054248823376,0.0205281320112094,1.3071180220846823,3,14,-0.0822285588486094,-0.3226562374067147,0.728381106416472
9166,9166,8467,False,-6.082951318946894,0.0002660112402438,-2.846716252225276,3,14,-0.7525190641607497,-0.3956975518751596,0.2103405602834605
9166,9166,6618,False,2.487787872633553,0.0498694278025387,1.2668127728684706,3,14,-0.9915807838354418,-1.433828823878398,0.8046714497212784
9166,9166,10615,False,-3.0396275919708144,0.0342310738948834,-1.6605015822322449,3,14,-0.7830631486152932,-0.5079672942434015,0.7760302177369495
9166,9166,55133,False,3.4027111042289326,0.0208738951636735,1.8147912881269177,3,14,-1.0690776025490831,-1.5205513856763146,0.7292788449875541
9166,9166,10250,False,2.28030438323452,0.0456662641663909,1.0246830697628333,3,14,-0.6750553374742508,-0.8270556119157517,0.7982670741340606
9166,9166,6432,False,2.47272361992128,0.0491199344582203,1.2462297045611332,3,14,-1.8880597740285607,-2.2224578171013976,0.8041555490371772
9166,9166,6812,False,-3.002660903818,0.0100664626992862,-1.13773447842456,3,14,-0.3487138052534278,-0.23456178025319,0.6281078729508837
9166,9166,57794,False,4.37743659063724,0.0015300636796574,1.985405964033348,3,14,-0.4964501516361954,-0.7474310812994217,0.3942287434805286
9166,9166,8464,False,5.330372967029172,8.908300654683321e-05,2.172402244723412,3,14,0.150258319075128,-0.2910992564333936,0.1277728056223882
9166,9166,9913,False,2.5518075933195963,0.0461044352476716,1.3012646764061522,3,14,0.3070485828910649,-0.098089440160361,0.7982670741340606
9166,9166,6879,False,3.3142844579695456,0.0050895038010988,1.3782139995999942,3,14,-0.5955728566637705,-0.7980971549180316,0.5657713089102593
9166,9166,10607,False,-3.2013833938890643,0.0062777945233537,-1.2374175433049912,3,14,-1.4558598181469682,-1.1687133839565529,0.5851271518693187
9166,9166,150483,False,2.683751979390341,0.0188313306227552,1.1422649853299756,3,14,-0.1886718761463273,-0.3018250725944977,0.7134390816796584
9166,9166,8563,False,2.302273851210854,0.0459994568091094,1.0510084499303132,3,14,-1.227726535741103,-1.423427756457798,0.7982670741340606
9166,9166,7156,False,2.5159323750597413,0.0242772255205965,1.0364716257594615,3,14,-0.9468332415959768,-1.242670581161219,0.7555168658866813
9166,9166,112858,False,3.7937687734508794,0.0033719164953655,1.6977662348657332,3,14,-0.5449228017629894,-0.9438403399091516,0.5040909457859972
9166,9166,7161,False,2.5460994694235586,0.0263088634300679,1.111829496372361,3,14,0.0434059528874706,-0.0945997297677874,0.7568854103964252
9166,9166,51002,False,2.583558761953007,0.0294610772955751,1.1860020563119478,3,14,-0.3840018767618287,-0.5947625728643723,0.7663258759299784
9166,9166,9319,False,2.2891213389303604,0.0373014625262119,0.895988254672703,3,14,-0.2280862186914323,-0.3678252579694149,0.7855967493217224
9166,9166,7249,False,2.6778885598252007,0.0476143657320564,1.4386071734369408,3,14,0.461275068689948,0.0088413490630258,0.8019982402475438
9166,9166,10844,False,4.529363323937114,0.0006289754952203,1.9451358413160895,3,14,-0.7707691925586996,-1.5157319957707769,0.2959724763522215
9166,9166,27229,False,2.8989770035776488,0.0120141510105248,1.1048720812248265,3,14,-1.2674156743992873,-1.536443937686511,0.657925487597981
9166,9166,3093,False,4.52977227035572,0.0005136753570105,1.726273996890764,3,14,0.0171279126468752,-0.2153230528936333,0.2839400409879977
9166,9166,27338,False,-2.449782420603427,0.0272700451375621,-0.9609091067925494,3,14,-0.4552630174239704,-0.328416025907571,0.7578267072412546
9166,9166,55245,False,2.212657951904232,0.0486559183385402,0.9731243417780944,3,14,-0.0736640719614871,-0.200723753839177,0.8037156778640308
9166,9166,7385,False,3.4003793815607017,0.0052279384239043,1.470854018077912,3,14,-0.1124178983921273,-0.3576632301578046,0.5679220261202397
9166,9166,7386,False,2.673380234606397,0.0183098833549512,1.0248669230458292,3,14,-0.3166083789800191,-0.4732142572777166,0.7134390816796584
9166,9166,27089,False,2.9894622481057134,0.0092152089079939,1.2081344236485103,3,14,-0.1885638973418721,-0.3525177764603845,0.6177479122895033
9166,9166,8239,False,4.348211846140085,0.0055339828185995,2.21166110477017,3,14,-0.208219574637267,-0.7575030872469305,0.571156009807942
9166,9166,55759,False,-3.1477654388295395,0.0330466437387024,-1.7499215606134948,3,14,-1.5648127277611847,-1.253976158716677,0.7722938751587749
9166,9166,55339,False,-2.52043205070574,0.0339746180579664,-1.1693368273259814,3,14,-1.99777960742601,-1.8138355651688944,0.7760302177369495
9166,9166,7690,False,4.252113037447143,0.0059505937119162,2.1561161042486825,3,14,-0.949646927281154,-1.3168619310798602,0.5795206013161482
