Biomarker,Biomarker_HGNC,BiomarkerCluster,BiomarkerCluster_HGNC,Rep_Biomarker,Rep_Biomarker_HGNC,TargetGene,TargetGene_HGNC,A1_entrez,A2_entrez,interact,shared_ppi,shared_ppi_hgnc,n_total_ppi,n_shared_ppi,shared_ppi_jaccard_idx,fet_ppi_overlap
1004,CDH6,"1004, 55322","CDH6, C5orf22",1004,CDH6,7328,UBE2H,1004,7328,False,set(),,1961,0,0.0,0.0
1004,CDH6,"1004, 55322","CDH6, C5orf22",1004,CDH6,7849,PAX8,1004,7849,False,set(),,107,0,0.0,0.0
1004,CDH6,"1004, 55322","CDH6, C5orf22",1004,CDH6,8467,SMARCA5,1004,8467,False,{1499},CTNNB1,395,1,0.0025316455696202,1.4086845271146666
10051,SMC4,"10051, 3840, 51068, 8706","SMC4, KPNA4, NMD3, B3GALNT1",10051,SMC4,4605,MYBL2,10051,4605,False,"{4609, 1025, 9219, 899, 142, 112399, 8467, 1050, 8359, 5928, 1108, 25942, 23512, 2146, 6117, 2033, 25976, 1017, 3066}","MYC, CDK9, MTA2, CCNF, PARP1, EGLN3, SMARCA5, CEBPA, H4C1, RBBP4, CHD4, SIN3A, SUZ12, EZH2, RPA1, EP300, TIPARP, CDK2, HDAC2",392,19,0.048469387755102,13.237624048054904
10051,SMC4,"10051, 3840, 51068, 8706","SMC4, KPNA4, NMD3, B3GALNT1",10051,SMC4,54468,MIOS,10051,54468,False,"{57664, 8452, 25831, 8878, 112399, 4914, 2099, 2100, 440730, 51548}","PLEKHA4, CUL3, HECTD1, SQSTM1, EGLN3, NTRK1, ESR1, ESR2, TRIM67, SIRT6",329,10,0.0303951367781155,7.540668350567673
10051,SMC4,"10051, 3840, 51068, 8706","SMC4, KPNA4, NMD3, B3GALNT1",3840,KPNA4,132660,LIN54,3840,132660,False,"{6657, 4609, 10849, 5925, 6119, 5928, 1994, 3020, 5071, 23152, 54386, 7157, 5371}","SOX2, MYC, POLR1G, RB1, RPA3, RBBP4, ELAVL1, H3-3A, PRKN, CIC, TERF2IP, TP53, PML",290,13,0.0448275862068965,10.93809547675621
10059,DNM1L,"10059, 51067","DNM1L, YARS2",51067,YARS2,7862,BRPF1,51067,7862,False,"{4609, 1459, 81532, 4221}","MYC, CSNK2A2, MOB2, MEN1",298,4,0.0134228187919463,1.9927526788697636
10059,DNM1L,"10059, 51067","DNM1L, YARS2",10059,DNM1L,8773,SNAP23,10059,8773,False,"{6657, 92421, 7430, 5894, 57111, 9367, 3608, 4893, 29984, 6059, 8878, 8766, 4287, 57664, 6117, 6118, 6119, 5865, 5867, 5868, 54764, 3182, 7542}","SOX2, CHMP4C, EZR, RAF1, RAB25, RAB9A, ILF2, NRAS, RHOD, ABCE1, SQSTM1, RAB11A, ATXN3, PLEKHA4, RPA1, RPA2, RPA3, RAB3B, RAB4A, RAB5A, ZRANB1, HNRNPAB, ZFPL1",479,23,0.0480167014613778,13.657178085551516
10059,DNM1L,"10059, 51067","DNM1L, YARS2",10059,DNM1L,10370,CITED2,10059,10370,False,{5594},MAPK1,333,1,0.003003003003003,0.6452638014872446
10059,DNM1L,"10059, 51067","DNM1L, YARS2",10059,DNM1L,10615,SPAG5,10059,10615,False,"{5216, 899, 5478, 6119, 5195, 10540, 7534, 2932, 79829, 983, 25976, 440730}","PFN1, CCNF, PPIA, RPA3, PEX14, DCTN2, YWHAZ, GSK3B, NAA40, CDK1, TIPARP, TRIM67",483,12,0.0248447204968944,4.557964368917656
10139,ARFRP1,"10139, 24148, 26205, 54915, 55738, 57473, 7165, 80331, 84619, 85441","ARFRP1, PRPF6, GMEB2, YTHDF1, ARFGAP1, ZNF512B, TPD52L2, DNAJC5, ZGPAT, HELZ2",24148,PRPF6,5970,RELA,24148,5970,False,"{4609, 899, 4869, 79753, 142, 10768, 3091, 440730, 1051, 7328, 51361, 6432, 672, 64425, 10284, 4914, 2099, 10432, 6595, 9928, 3276, 1743, 5071, 6615, 2521, 1499, 51548, 6625, 2146, 10849, 6634, 54764, 3309, 3312, 2033, 4851, 10614, 5371, 4221, 55294}","MYC, CCNF, NPM1, SNIP1, PARP1, AHCYL1, HIF1A, TRIM67, CEBPB, UBE2H, HOOK1, SRSF7, BRCA1, POLR1E, SAP18, NTRK1, ESR1, RBM14, SMARCA2, KIF14, PRMT1, DLST, PRKN, SNAI1, FUS, CTNNB1, SIRT6, SNRNP70, EZH2, POLR1G, SNRPD3, ZRANB1, HSPA5, HSPA8, EP300, NOTCH1, HEXIM1, PML, MEN1, FBXW7",720,40,0.0555555555555555,18.18457824385888
10195,ALG3,"10195, 1857, 1962, 1981, 2049, 5437, 55324, 55486, 5708, 8893, 9718","ALG3, DVL3, EHHADH, EIF4G1, EPHB3, POLR2H, ABCF3, PARL, PSMD2, EIF2B5, ECE2",5708,PSMD2,54468,MIOS,5708,54468,False,"{57664, 8924, 8452, 25831, 8878, 112399, 10576, 5071, 4914, 2100, 83478, 440730, 51548}","PLEKHA4, HERC2, CUL3, HECTD1, SQSTM1, EGLN3, CCT2, PRKN, NTRK1, ESR2, ARHGAP24, TRIM67, SIRT6",473,13,0.0274841437632135,8.803634658051475
10298,PAK4,"10298, 22933, 4793, 6183","PAK4, SIRT2, NFKBIB, MRPS12",4793,NFKBIB,2491,CENPI,4793,2491,False,{351},APP,112,1,0.0089285714285714,0.8995204978346764
10298,PAK4,"10298, 22933, 4793, 6183","PAK4, SIRT2, NFKBIB, MRPS12",10298,PAK4,7919,DDX39B,10298,7919,False,"{9984, 7430, 7431, 648, 58517, 22938, 440730, 5034, 6829, 4914, 60, 6733, 5071, 203100, 988, 4067, 6117, 5478, 999, 6118, 6119, 7532, 54764, 4719, 1778, 4082, 25976, 2810, 6780, 4734}","THOC1, EZR, VIM, BMI1, RBM25, SNW1, TRIM67, P4HB, SUPT5H, NTRK1, ACTB, SRPK2, PRKN, HTRA4, CDC5L, LYN, RPA1, PPIA, CDH1, RPA2, RPA3, YWHAG, ZRANB1, NDUFS1, DYNC1H1, MARCKS, TIPARP, SFN, STAU1, NEDD4",689,30,0.0435413642960812,15.855558764891455
10298,PAK4,"10298, 22933, 4793, 6183","PAK4, SIRT2, NFKBIB, MRPS12",6183,MRPS12,10440,TIMM17A,6183,10440,False,"{57664, 10469, 7846}","PLEKHA4, TIMM44, TUBA1A",253,3,0.0118577075098814,2.858658913209001
10298,PAK4,"10298, 22933, 4793, 6183","PAK4, SIRT2, NFKBIB, MRPS12",22933,SIRT2,51343,FZR1,22933,51343,True,"{8451, 5901, 142, 3856, 8850, 3091, 83732, 6432, 11051, 10540, 29110, 29882, 9531, 4170, 207, 5071, 8405, 7514, 991, 6502, 10598, 8940, 92140, 64112, 3312, 8945, 23411, 7284, 4082, 6129, 7157, 7417, 5500, 1017}","CUL4A, RAN, PARP1, KRT8, KAT2B, HIF1A, RIOK1, SRSF7, NUDT21, DCTN2, TBK1, ANAPC2, BAG3, MCL1, AKT1, PRKN, SPOP, XPO1, CDC20, SKP2, AHSA1, TOP3B, MTDH, MOAP1, HSPA8, BTRC, SIRT1, TUFM, MARCKS, RPL7, TP53, VDAC2, PPP1CB, CDK2",1229,34,0.0276647681041497,12.21521770958946
10298,PAK4,"10298, 22933, 4793, 6183","PAK4, SIRT2, NFKBIB, MRPS12",22933,SIRT2,54458,PRR13,22933,54458,False,{57142},RTN4,199,1,0.0050251256281407,0.4852176364240863
10298,PAK4,"10298, 22933, 4793, 6183","PAK4, SIRT2, NFKBIB, MRPS12",10298,PAK4,57534,MIB1,10298,57534,False,"{57664, 5829, 2697, 8878, 8239, 4914, 7157, 440730}","PLEKHA4, PXN, GJA1, SQSTM1, USP9X, NTRK1, TP53, TRIM67",443,8,0.0180586907449209,2.60015654619265
10298,PAK4,"10298, 22933, 4793, 6183","PAK4, SIRT2, NFKBIB, MRPS12",10298,PAK4,57622,LRFN1,10298,57622,False,"{1956, 23303, 4301, 25776, 51133}","EGFR, KIF13B, AFDN, CBY1, KCTD3",283,5,0.0176678445229682,2.437887969396951
10298,PAK4,"10298, 22933, 4793, 6183","PAK4, SIRT2, NFKBIB, MRPS12",6183,MRPS12,64965,MRPS9,6183,64965,True,"{8192, 10240, 6657, 4609, 51204, 4613, 6150, 7182, 23078, 6182, 5160, 3630, 23107, 60488, 29777, 4191, 56945, 3196, 7818, 7316, 26284, 51373, 6832, 708, 84681, 55028, 55037, 9987, 54534, 219927, 28957, 28973, 28976, 28977, 84273, 128308, 51001, 30012, 57664, 3396, 28998, 51021, 51023, 23376, 22868, 2926, 26995, 25976, 79736, 22907, 51069, 54148, 55173, 51081, 10128, 84881, 29074, 1431, 440730, 51116, 64432, 4528, 64949, 64951, 63931, 64960, 51649, 51650, 22983, 64968, 65993, 64969, 65992, 64975, 64976, 64978, 11222, 6625, 85476, 81892, 54764, 55794, 6134}","CLPP, MRPS31, SOX2, MYC, TACO1, MYCN, MRPL23, NR2C2, VWA8, MRPL12, PDHA1, INS, MRPS27, MRPS35, ABT1, MDH2, MRPS22, TLX2, DAP3, UBC, ERAL1, MRPS17, SUPV3L1, C1QBP, HINT2, MTNAP1, PTCD3, HNRNPDL, MRPL50, MRPL21, MRPS28, MRPS18B, ACAD9, MRPL42, NOA1, MRPL55, MTERF3, TLX3, PLEKHA4, MRPL58, MRPL13, MRPS16, MRPS18C, UFL1, FASTKD2, GRSF1, TRUB2, TIPARP, TEFM, DHX30, MRPL2, MRPL39, MRPS10, MRPS7, LRPPRC, RPUSD4, MRPL18, CS, TRIM67, MRPS2, MRPS25, MTIF2, MRPS26, MRPS24, MRPS14, MRPS15, MRPS23, MRPS33, MAST1, MRPS6, MRPS34, MRPS5, DDRGK1, MRPL41, MRPL40, MRPL38, MRPL3, SNRNP70, GFM1, SLIRP, ZRANB1, DDX28, RPL10",519,83,0.1599229287090559,84.25683503937886
10298,PAK4,"10298, 22933, 4793, 6183","PAK4, SIRT2, NFKBIB, MRPS12",6183,MRPS12,91750,LIN52,6183,91750,False,"{4609, 3191}","MYC, HNRNPL",282,2,0.0070921985815602,0.9707742404599538
10298,PAK4,"10298, 22933, 4793, 6183","PAK4, SIRT2, NFKBIB, MRPS12",10298,PAK4,132660,LIN54,10298,132660,False,"{6117, 6118, 6119, 5071, 7157, 25976}","RPA1, RPA2, RPA3, PRKN, TP53, TIPARP",245,6,0.0244897959183673,4.065453235738199
10298,PAK4,"10298, 22933, 4793, 6183","PAK4, SIRT2, NFKBIB, MRPS12",10298,PAK4,163131,ZNF780B,10298,163131,False,set(),,163,0,0.0,0.0
10298,PAK4,"10298, 22933, 4793, 6183","PAK4, SIRT2, NFKBIB, MRPS12",22933,SIRT2,503834,DPRX,22933,503834,False,{7284},TUFM,162,1,0.0061728395061728,0.9311381608051356
10397,NDRG1,10397,NDRG1,10397,NDRG1,1871,E2F3,10397,1871,False,"{4609, 7706, 3191}","MYC, TRIM25, HNRNPL",271,3,0.011070110701107,1.590908711350861
10397,NDRG1,10397,NDRG1,10397,NDRG1,51575,ESF1,10397,51575,False,"{7328, 4609, 8314, 6119, 54764, 10413, 440730, 6194, 2547, 79829, 3192, 6202, 379}","UBE2H, MYC, BAP1, RPA3, ZRANB1, YAP1, TRIM67, RPS6, XRCC6, NAA40, HNRNPU, RPS8, ARL4D",348,13,0.0373563218390804,8.190514775478785
10404,CPQ,10404,CPQ,10404,CPQ,116228,COX20,10404,116228,False,set(),,66,0,0.0,0.0
10434,LYPLA1,"10434, 6917","LYPLA1, TCEA1",10434,LYPLA1,5870,RAB6A,10434,5870,False,"{5894, 1994, 54764, 440730, 2801, 7706}","RAF1, ELAVL1, ZRANB1, TRIM67, GOLGA2, TRIM25",184,6,0.0326086956521739,5.4905015044394805
10434,LYPLA1,"10434, 6917","LYPLA1, TCEA1",6917,TCEA1,7268,TTC4,6917,7268,False,"{7289, 5071, 2033, 7157, 26233, 440730, 1051, 26973, 6878}","TULP3, PRKN, EP300, TP53, FBXL6, TRIM67, CEBPB, CHORDC1, TAF6",232,9,0.0387931034482758,7.320659751774894
10434,LYPLA1,"10434, 6917","LYPLA1, TCEA1",10434,LYPLA1,9497,SLC4A7,10434,9497,False,"{7706, 998, 440730}","TRIM25, CDC42, TRIM67",240,3,0.0125,1.693613773179739
10434,LYPLA1,"10434, 6917","LYPLA1, TCEA1",6917,TCEA1,11004,KIF2C,6917,11004,False,"{6118, 56647, 54764, 440730, 5071, 2962, 23476, 63893, 1050, 1051, 351}","RPA2, BCCIP, ZRANB1, TRIM67, PRKN, GTF2F1, BRD4, UBE2O, CEBPA, CEBPB, APP",279,11,0.039426523297491,8.223388229405943
10434,LYPLA1,"10434, 6917","LYPLA1, TCEA1",6917,TCEA1,29035,HAPSTR1,6917,29035,False,"{3939, 515, 51366, 10291, 1434}","LDHA, ATP5PB, UBR5, SF3A1, CSE1L",580,5,0.0086206896551724,0.6910255513342893
10434,LYPLA1,"10434, 6917","LYPLA1, TCEA1",6917,TCEA1,79016,DDA1,6917,79016,True,"{123169, 64963, 4171, 4172, 54764, 2033, 9493, 5430, 8726, 79577, 8314, 80349}","LEO1, MRPS11, MCM2, MCM3, ZRANB1, EP300, KIF23, POLR2A, EED, CDC73, BAP1, SKIC8",468,12,0.0256410256410256,5.829179344304608
10499,NCOA2,10499,NCOA2,10499,NCOA2,3297,HSF1,10499,3297,False,"{6880, 29894, 2314, 1387, 3306, 54862, 23054, 2801, 2033, 7157, 790, 3191, 4085, 5371, 9532, 9439}","TAF9, CPSF1, FLII, CREBBP, HSPA2, CC2D1A, NCOA6, GOLGA2, EP300, TP53, CAD, HNRNPL, MAD2L1, PML, BAG2, MED23",697,16,0.0229555236728837,6.4461684052700265
10499,NCOA2,10499,NCOA2,10499,NCOA2,3845,KRAS,10499,3845,False,"{2314, 8500, 405, 2070, 5371, 9532}","FLII, PPFIA1, ARNT, EYA4, PML, BAG2",1246,6,0.0048154093097913,0.0
10499,NCOA2,10499,NCOA2,10499,NCOA2,5134,PDCD2,10499,5134,False,"{2033, 112399}","EP300, EGLN3",156,2,0.0128205128205128,1.6072484607234232
10499,NCOA2,10499,NCOA2,10499,NCOA2,25920,NELFB,10499,25920,False,"{672, 6118, 2353, 2099, 2100, 25976, 1050}","BRCA1, RPA2, FOS, ESR1, ESR2, TIPARP, CEBPA",220,7,0.0318181818181818,5.419556989024194
10526,IPO8,10526,IPO8,10526,IPO8,8773,SNAP23,10526,8773,False,"{57664, 8452, 6117, 6118, 1351, 8872, 6119, 54764, 6196, 9077, 5879, 1080, 10492}","PLEKHA4, CUL3, RPA1, RPA2, COX8A, CDC123, RPA3, ZRANB1, RPS6KA2, DIRAS3, RAC1, CFTR, SYNCRIP",358,13,0.0363128491620111,7.704777441974179
10526,IPO8,10526,IPO8,10526,IPO8,10615,SPAG5,10526,10615,False,"{899, 8452, 1639, 5031, 6119, 25962, 440730, 3856, 81622, 25976, 152185, 23322}","CCNF, CUL3, DCTN1, P2RY6, RPA3, VIRMA, TRIM67, KRT8, UNC93B1, TIPARP, SPICE1, RPGRIP1L",352,12,0.034090909090909,6.955641289382814
10565,ARFGEF1,10565,ARFGEF1,10565,ARFGEF1,3845,KRAS,10565,3845,False,"{382, 4478, 2697, 400, 83986, 4627, 440730, 1947, 10787, 1956, 252839, 8872, 682, 10928, 10419, 8766, 3265, 5573, 7879, 253260, 5584, 4691, 1499, 55004, 64746, 25963, 3312, 10228, 9590, 54910}","ARF6, MSN, GJA1, ARL1, FAM234A, MYH9, TRIM67, EFNB1, NCKAP1, EGFR, TMEM9, CDC123, BSG, RALBP1, PRMT5, RAB11A, HRAS, PRKAR1A, RAB7A, RICTOR, PRKCI, NCL, CTNNB1, LAMTOR1, ACBD3, TMEM87A, HSPA8, STX6, AKAP12, SEMA4C",1249,30,0.0240192153722978,9.411884051862184
10565,ARFGEF1,10565,ARFGEF1,10565,ARFGEF1,5134,PDCD2,10565,5134,False,"{8872, 11318}","CDC123, ACKR5",183,2,0.0109289617486338,1.4401639832708917
10565,ARFGEF1,10565,ARFGEF1,10565,ARFGEF1,23047,PDS5B,10565,23047,False,"{9993, 27020, 83986, 2840, 440730, 55716, 252839, 682, 4914, 11318, 57664, 93377, 3920, 6118, 6119, 25962, 3312, 10618, 4221}","DGCR2, NPTN, FAM234A, GPR17, TRIM67, LMBR1L, TMEM9, BSG, NTRK1, ACKR5, PLEKHA4, OPALIN, LAMP2, RPA2, RPA3, VIRMA, HSPA8, TGOLN2, MEN1",298,19,0.0637583892617449,16.66229161036375
10644,IGF2BP2,10644,IGF2BP2,10644,IGF2BP2,4605,MYBL2,10644,4605,False,"{1025, 4609, 6657, 6117, 8940, 1107, 25976, 1050, 1211}","CDK9, MYC, SOX2, RPA1, TOP3B, CHD3, TIPARP, CEBPA, CLTA",480,9,0.01875,3.082885533823768
10644,IGF2BP2,10644,IGF2BP2,10644,IGF2BP2,54468,MIOS,10644,54468,False,"{57664, 8452, 25831, 4204, 5071, 440730}","PLEKHA4, CUL3, HECTD1, MECP2, PRKN, TRIM67",411,6,0.0145985401459854,2.8964186283995343
10653,SPINT2,"10653, 64073, 90522, 94274","SPINT2, C19orf33, YIF1B, PPP1R14A",10653,SPINT2,2491,CENPI,10653,2491,False,"{64946, 351}","CENPH, APP",166,2,0.0120481927710843,1.6627107671460102
10653,SPINT2,"10653, 64073, 90522, 94274","SPINT2, C19orf33, YIF1B, PPP1R14A",90522,YIF1B,7919,DDX39B,90522,7919,False,"{6117, 6118, 399687, 6119, 3312, 8405, 25976, 7706, 6047}","RPA1, RPA2, MYO18A, RPA3, HSPA8, SPOP, TIPARP, TRIM25, RNF4",617,9,0.0145867098865478,3.916261694158684
10653,SPINT2,"10653, 64073, 90522, 94274","SPINT2, C19orf33, YIF1B, PPP1R14A",90522,YIF1B,10440,TIMM17A,90522,10440,False,"{57664, 7706}","PLEKHA4, TRIM25",86,2,0.0232558139534883,2.713947748381009
10653,SPINT2,"10653, 64073, 90522, 94274","SPINT2, C19orf33, YIF1B, PPP1R14A",10653,SPINT2,51343,FZR1,10653,51343,False,"{10592, 9793, 114882, 80097, 27044, 9928, 10952, 9517, 23310, 26608, 9531, 4343, 6201, 10459, 991}","SMC2, CKAP5, OSBPL8, MZT2B, SND1, KIF14, SEC61B, SPTLC2, NCAPD3, TBL2, BAG3, MOV10, RPS7, MAD2L2, CDC20",1238,15,0.0121163166397415,1.922450764971373
10653,SPINT2,"10653, 64073, 90522, 94274","SPINT2, C19orf33, YIF1B, PPP1R14A",10653,SPINT2,54458,PRR13,10653,54458,False,set(),,188,0,0.0,0.0
10653,SPINT2,"10653, 64073, 90522, 94274","SPINT2, C19orf33, YIF1B, PPP1R14A",10653,SPINT2,57534,MIB1,10653,57534,False,"{79649, 10952, 9928, 64786, 5979}","MAP7D3, SEC61B, KIF14, TBC1D15, RET",418,5,0.0119617224880382,1.3440861431808102
10653,SPINT2,"10653, 64073, 90522, 94274","SPINT2, C19orf33, YIF1B, PPP1R14A",90522,YIF1B,57622,LRFN1,90522,57622,False,"{3384, 8995}","ICAM2, TNFSF18",193,2,0.0103626943005181,1.1528108990715145
10653,SPINT2,"10653, 64073, 90522, 94274","SPINT2, C19orf33, YIF1B, PPP1R14A",90522,YIF1B,64965,MRPS9,90522,64965,False,"{57664, 6117, 6118, 6119, 25976, 4221}","PLEKHA4, RPA1, RPA2, RPA3, TIPARP, MEN1",430,6,0.013953488372093,2.7790844552759
10653,SPINT2,"10653, 64073, 90522, 94274","SPINT2, C19orf33, YIF1B, PPP1R14A",94274,PPP1R14A,91750,LIN52,94274,91750,False,"{4609, 10212}","MYC, DDX39A",65,2,0.0307692307692307,2.999935610930934
10653,SPINT2,"10653, 64073, 90522, 94274","SPINT2, C19orf33, YIF1B, PPP1R14A",10653,SPINT2,132660,LIN54,10653,132660,True,{1998},ELF2,220,1,0.0045454545454545,0.3517481535772614
10653,SPINT2,"10653, 64073, 90522, 94274","SPINT2, C19orf33, YIF1B, PPP1R14A",10653,SPINT2,163131,ZNF780B,10653,163131,False,set(),,135,0,0.0,0.0
10653,SPINT2,"10653, 64073, 90522, 94274","SPINT2, C19orf33, YIF1B, PPP1R14A",10653,SPINT2,503834,DPRX,10653,503834,False,set(),,151,0,0.0,0.0
10656,KHDRBS3,10656,KHDRBS3,10656,KHDRBS3,114822,RHPN1,10656,114822,False,{65986},ZBTB10,138,1,0.0072463768115942,0.7021534673883253
10723,SLC12A7,10723,SLC12A7,10723,SLC12A7,10615,SPAG5,10723,10615,False,"{25962, 10618}","VIRMA, TGOLN2",304,2,0.006578947368421,0.4993818772040214
10867,TSPAN9,10867,TSPAN9,10867,TSPAN9,1981,EIF4G1,10867,1981,False,"{328, 440730, 6047}","APEX1, TRIM67, RNF4",406,3,0.0073891625615763,3.575361471173441
10867,TSPAN9,10867,TSPAN9,10867,TSPAN9,23047,PDS5B,10867,23047,False,"{328, 440730, 6047}","APEX1, TRIM67, RNF4",178,3,0.0168539325842696,4.6556806517521725
10923,SUB1,"10923, 134218, 26064, 51663, 54545","SUB1, DNAJC21, RAI14, ZFR, MTMR12",51663,ZFR,7328,UBE2H,51663,7328,True,"{6160, 83987, 55832, 55833, 3608, 7706, 3609, 2091, 6188, 6187, 6194, 9782, 6202, 6204, 23107, 6726, 6217, 3148, 6223, 2130, 1108, 6741, 6230, 6749, 103, 3178, 3181, 3183, 3184, 7791, 3187, 1655, 1656, 3191, 3192, 1660, 6780, 5245, 6281, 23185, 26263, 23708, 23196, 56997, 51373, 7874, 3276, 5335, 5859, 84196, 3312, 7415, 4343, 7417, 1786, 22803, 6428, 6431, 6432, 4904, 11052, 389421, 10236, 23363, 11091, 124245, 5976, 871, 25962, 9584, 51574, 2935, 23435, 10128, 10642, 440730, 11164, 6045, 51101, 10658, 221092, 10155, 444, 5052, 56257, 22983, 51143, 1994, 5071, 26065, 3030, 2521, 6625, 6626, 6628, 81892, 55269, 6631, 6119, 6117, 5610, 9188, 7150, 2547, 7157, 7158, 6135, 6137, 79868, 6143}","RPL31, CCDC8, CAND1, UBAP2, ILF2, TRIM25, ILF3, FBL, RPS3, RPS2, RPS6, MATR3, RPS8, RPS10, MRPS27, SRP9, RPS16, HMGB2, RPS19, EWSR1, CHD4, SSB, RPS25, SSRP1, ADAR, HNRNPA1, HNRNPA2B1, HNRNPC, HNRNPD, ZYX, HNRNPH1, DDX5, DDX6, HNRNPL, HNRNPU, DHX9, STAU1, PHB1, S100A10, LARP4B, FBXO22, GSPT2, FAM120A, COQ8A, MRPS17, USP7, PRMT1, PLCG1, QARS1, USP48, HSPA8, VCP, MOV10, VDAC2, DNMT1, XRN2, SRSF3, SRSF6, SRSF7, YBX1, CPSF6, LIN28B, HNRNPR, OBSL1, WDR5, ZC3H18, UPF1, SERPINH1, VIRMA, RBM39, LARP7, GSPT1, TARDBP, LRPPRC, IGF2BP1, TRIM67, NUDT5, RNF2, ZC2HC1A, CELF1, HNRNPUL2, TRIM28, ASPH, PRDX1, MEPCE, MAST1, DYNC1LI1, ELAVL1, PRKN, LSM14A, HADHA, FUS, SNRNP70, SNRPA, SNRPB, SLIRP, PSPC1, SNRPC, RPA3, RPA1, EIF2AK2, DDX21, TOP1, XRCC6, TP53, TP53BP1, RPL11, RPL13, ALG13, RPL19",2137,110,0.0514740290126345,37.69683493545297
10923,SUB1,"10923, 134218, 26064, 51663, 54545","SUB1, DNAJC21, RAI14, ZFR, MTMR12",10923,SUB1,7849,PAX8,10923,7849,False,"{54790, 5450, 142, 7182, 2033}","TET2, POU2AF1, PARP1, NR2C2, EP300",328,5,0.0152439024390243,2.1497835722801906
10923,SUB1,"10923, 134218, 26064, 51663, 54545","SUB1, DNAJC21, RAI14, ZFR, MTMR12",51663,ZFR,8467,SMARCA5,51663,8467,False,"{4609, 6657, 4613, 4113, 83987, 56852, 94234, 1051, 2091, 70, 10318, 6223, 1107, 1108, 9820, 6749, 79968, 23137, 104, 3183, 3192, 6780, 4221, 648, 8335, 26263, 8350, 672, 8359, 54443, 10413, 9401, 7874, 9928, 9935, 25831, 10987, 3312, 440563, 7415, 1786, 9982, 2304, 57602, 2307, 57664, 23363, 84294, 330, 11091, 124245, 9055, 26471, 11113, 25962, 367, 9584, 10614, 899, 677770, 27023, 440730, 6045, 10155, 23476, 3018, 5071, 79829, 84444, 6625, 9188, 6117, 6118, 6119, 54764, 55789, 7150, 2547, 7157, 6137, 10236}","MYC, SOX2, MYCN, MAGEB2, CCDC8, RAD18, FOXQ1, CEBPB, FBL, ACTC1, TNIP1, RPS19, CHD3, CHD4, CUL7, SSRP1, WDR76, SMC5, ADARB1, HNRNPC, HNRNPU, STAU1, MEN1, BMI1, H2AC4, FBXO22, H3C1, BRCA1, H4C1, ANLN, YAP1, RECQL4, USP7, KIF14, MAFB, HECTD1, COPS5, HSPA8, HNRNPCL2, VCP, DNMT1, FGFBP1, FOXE1, USP36, FOXS1, PLEKHA4, OBSL1, UTP23, BIRC3, WDR5, ZC3H18, PRC1, NUPR1, CIT, VIRMA, AR, RBM39, HEXIM1, CCNF, 677770, FOXB1, TRIM67, RNF2, TRIM28, BRD4, H2BC3, PRKN, NAA40, DOT1L, SNRNP70, DDX21, RPA1, RPA2, RPA3, ZRANB1, DEPDC1B, TOP1, XRCC6, TP53, RPL13, HNRNPR",603,81,0.1343283582089552,70.0244490245275
11047,ADRM1,"11047, 149986, 26164, 3911, 9885","ADRM1, LSM14B, MTG2, LAMA5, OSBPL2",11047,ADRM1,9857,CEP350,11047,9857,False,"{672, 6273, 7529, 5515, 5516, 8878, 55054, 112399, 5518, 5071, 7415, 25976, 9113, 10971, 1981, 351}","BRCA1, S100A2, YWHAB, PPP2CA, PPP2CB, SQSTM1, ATG16L1, EGLN3, PPP2R1A, PRKN, VCP, TIPARP, LATS1, YWHAQ, EIF4G1, APP",386,16,0.0414507772020725,10.1524251341205
11054,OGFR,11054,OGFR,11054,OGFR,5970,RELA,11054,5970,False,"{672, 4609, 7328, 899, 23586, 7874, 2146, 54764, 5071, 3312, 4914, 29110, 4089, 440730, 1019, 6045}","BRCA1, MYC, UBE2H, CCNF, RIGI, USP7, EZH2, ZRANB1, PRKN, HSPA8, NTRK1, TBK1, SMAD4, TRIM67, CDK4, RNF2",460,16,0.0347826086956521,15.220817930322116
11083,DIDO1,11083,DIDO1,11083,DIDO1,5970,RELA,11083,5970,False,"{4609, 899, 4869, 3725, 142, 8473, 440730, 2203, 6432, 10413, 2099, 5300, 2521, 84196, 5478, 7528, 54764, 2547, 1783, 1660, 4221, 55294}","MYC, CCNF, NPM1, JUN, PARP1, OGT, TRIM67, FBP1, SRSF7, YAP1, ESR1, PIN1, FUS, USP48, PPIA, YY1, ZRANB1, XRCC6, DYNC1LI2, DHX9, MEN1, FBXW7",581,22,0.0378657487091222,10.661148233788817
11156,PTP4A3,11156,PTP4A3,11156,PTP4A3,114822,RHPN1,11156,114822,False,set(),,148,0,0.0,0.0
11244,ZHX1,"11244, 29028","ZHX1, ATAD2",29028,ATAD2,5073,PARN,29028,5073,False,"{4609, 348995, 142, 1457, 10482, 85395, 2099, 440730, 51547, 4221, 8350}","MYC, NUP43, PARP1, CSNK2A1, NXF1, SLX9, ESR1, TRIM67, SIRT7, MEN1, H3C1",188,11,0.0585106382978723,12.66068514494639
11244,ZHX1,"11244, 29028","ZHX1, ATAD2",11244,ZHX1,5890,RAD51B,11244,5890,False,"{672, 1107}","BRCA1, CHD3",130,2,0.0153846153846153,1.803649773080758
11244,ZHX1,"11244, 29028","ZHX1, ATAD2",29028,ATAD2,29028,ATAD2,29028,29028,False,"{4609, 2177, 387, 79366, 79753, 8202, 79885, 142, 85395, 8339, 144535, 29978, 7706, 440730, 8349, 8350, 8352, 10146, 1058, 1457, 8370, 2099, 2100, 1460, 6712, 65082, 9530, 4926, 3265, 9410, 348995, 11335, 841, 330, 253260, 1869, 1870, 1871, 3020, 1874, 8019, 51547, 54107, 84444, 8412, 79968, 8290, 3428, 25962, 54509, 10482, 440563, 27250, 6130, 25976, 6780, 4221}","MYC, FANCD2, RHOA, HMGN5, SNIP1, NCOA3, HDAC11, PARP1, SLX9, H2BC8, CFAP54, UBQLN2, TRIM25, TRIM67, H2BC21, H3C1, H3C3, G3BP1, CENPA, CSNK2A1, H4C14, ESR1, ESR2, CSNK2B, SPTBN2, VPS33A, BAG4, NUMA1, HRAS, SNRNP40, NUP43, CBX3, CASP8, BIRC3, RICTOR, E2F1, E2F2, E2F3, H3-3A, E2F4, BRD3, SIRT7, POLE3, DOT1L, BCAR3, WDR76, H3-4, IFI16, VIRMA, RHOF, NXF1, HNRNPCL2, PDCD4, RPL7A, TIPARP, STAU1, MEN1",57,57,1.0,168.51007862537614
113655,MFSD3,113655,MFSD3,113655,MFSD3,51575,ESF1,113655,51575,False,set(),,166,0,0.0,0.0
115908,CTHRC1,"115908, 81034","CTHRC1, SLC25A32",115908,CTHRC1,116228,COX20,115908,116228,False,set(),,66,0,0.0,0.0
116228,COX20,116228,COX20,116228,COX20,898,CCNE1,116228,898,False,set(),,154,0,0.0,0.0
116228,COX20,116228,COX20,116228,COX20,6502,SKP2,116228,6502,False,"{6117, 6119}","RPA1, RPA3",331,2,0.0060422960725075,0.8503881216857232
116228,COX20,116228,COX20,116228,COX20,11113,CIT,116228,11113,False,"{57664, 9859, 5894, 1778, 26135, 54939}","PLEKHA4, CEP170, RAF1, DYNC1H1, SERBP1, COMMD4",1449,6,0.0041407867494824,0.8635813479014499
116228,COX20,116228,COX20,116228,COX20,56288,PARD3,116228,56288,False,"{57664, 6117, 5894, 6119, 54764}","PLEKHA4, RPA1, RAF1, RPA3, ZRANB1",323,5,0.0154798761609907,3.337221325951464
116228,COX20,116228,COX20,116228,COX20,80232,WDR26,116228,80232,False,"{57664, 54764}","PLEKHA4, ZRANB1",218,2,0.0091743119266055,1.216546159128762
116228,COX20,116228,COX20,116228,COX20,84612,PARD6B,116228,84612,False,"{1778, 5894}","DYNC1H1, RAF1",178,2,0.0112359550561797,1.4192684532141275
116228,COX20,116228,COX20,116228,COX20,254910,LCE5A,116228,254910,False,set(),,134,0,0.0,0.0
1207,CLNS1A,1207,CLNS1A,1207,CLNS1A,47,ACLY,1207,47,False,"{1540, 8452, 55819, 63891, 7316, 83732, 7706, 1051, 440730, 2335, 7328, 9506, 8872, 6187, 4914, 23476, 9401, 3276, 5071, 9040, 23376, 6615, 6628, 9830, 25962, 54764, 23152, 2033, 3187, 2037, 51574, 8314}","CYLD, CUL3, RNF130, RNF123, UBC, RIOK1, TRIM25, CEBPB, TRIM67, FN1, UBE2H, PAGE4, CDC123, RPS2, NTRK1, BRD4, RECQL4, PRMT1, PRKN, UBE2M, UFL1, SNAI1, SNRPB, TRIM14, VIRMA, ZRANB1, CIC, EP300, HNRNPH1, EPB41L2, LARP7, BAP1",476,32,0.0672268907563025,23.03605410339929
1207,CLNS1A,1207,CLNS1A,1207,CLNS1A,617,BCS1L,1207,617,False,"{440730, 23543, 5071, 4191}","TRIM67, RBFOX2, PRKN, MDH2",287,4,0.0139372822299651,1.7762492663265317
1207,CLNS1A,1207,CLNS1A,1207,CLNS1A,4221,MEN1,1207,4221,False,"{10885, 4116, 2197, 51095, 58525, 10146, 55720, 1457, 2099, 51637, 5686, 4926, 56257, 51780, 50628, 23367, 6606, 11218, 6227, 25940, 9698, 6632, 6634, 6635, 6637, 6638, 1653, 6138, 5886}","WDR3, MAGOH, FAU, TRNT1, WIZ, G3BP1, TSR1, CSNK2A1, ESR1, RTRAF, PSMA5, NUMA1, MEPCE, KDM3B, GEMIN4, LARP1, SMN1, DDX20, RPS21, FAM98A, PUM1, SNRPD1, SNRPD3, SNRPE, SNRPG, SNRPN, DDX1, RPL15, RAD23A",1174,29,0.024701873935264,7.1488993933943465
1207,CLNS1A,1207,CLNS1A,1207,CLNS1A,4605,MYBL2,1207,4605,False,"{2033, 9775}","EP300, EIF4A3",325,2,0.0061538461538461,0.4222968084506217
1207,CLNS1A,1207,CLNS1A,1207,CLNS1A,6183,MRPS12,1207,6183,False,"{8872, 54764, 23376, 7316, 440730, 1022, 4191}","CDC123, ZRANB1, UFL1, UBC, TRIM67, CDK7, MDH2",416,7,0.016826923076923,2.164059616969413
1207,CLNS1A,1207,CLNS1A,1207,CLNS1A,6901,TAFAZZIN,1207,6901,False,"{9113, 3309}","LATS1, HSPA5",364,2,0.0054945054945054,0.1641508634543646
1207,CLNS1A,1207,CLNS1A,1207,CLNS1A,7385,UQCRC2,1207,7385,False,"{387, 8452, 440730, 1051, 26270, 5034, 4914, 2099, 23476, 9401, 7737, 5071, 23376, 6615, 2912, 25962, 54764, 5868, 2033}","RHOA, CUL3, TRIM67, CEBPB, FBXO6, P4HB, NTRK1, ESR1, BRD4, RECQL4, RNF113A, PRKN, UFL1, SNAI1, GRM2, VIRMA, ZRANB1, RAB5A, EP300",512,19,0.037109375,9.225671831229006
1207,CLNS1A,1207,CLNS1A,1207,CLNS1A,7862,BRPF1,1207,7862,False,"{25962, 409, 23586, 4926}","VIRMA, ARRB2, RIGI, NUMA1",256,4,0.015625,2.298765608816052
1207,CLNS1A,1207,CLNS1A,1207,CLNS1A,8289,ARID1A,1207,8289,False,"{8452, 25962, 440730, 2033, 2099, 10419, 7706}","CUL3, VIRMA, TRIM67, EP300, ESR1, PRMT5, TRIM25",398,7,0.0175879396984924,2.3473481257765845
1207,CLNS1A,1207,CLNS1A,1207,CLNS1A,8458,TTF2,1207,8458,False,"{8872, 25962, 51343, 23152, 7316}","CDC123, VIRMA, FZR1, CIC, UBC",320,5,0.015625,2.0111940014392933
1207,CLNS1A,1207,CLNS1A,1207,CLNS1A,9553,MRPL33,1207,9553,False,"{7328, 54764, 51574, 10492}","UBE2H, ZRANB1, LARP7, SYNCRIP",229,4,0.0174672489082969,3.024021206627417
1207,CLNS1A,1207,CLNS1A,1207,CLNS1A,9804,TOMM20,1207,9804,False,"{7328, 23586, 1540, 8872, 5195, 54764, 23376, 3187, 7316, 9401, 7706, 192669}","UBE2H, RIGI, CYLD, CDC123, PEX14, ZRANB1, UFL1, HNRNPH1, UBC, RECQL4, TRIM25, AGO3",406,12,0.0295566502463054,5.72350030666877
1207,CLNS1A,1207,CLNS1A,1207,CLNS1A,10428,CFDP1,1207,10428,False,"{54764, 2033, 3187, 23476, 83732, 440730}","ZRANB1, EP300, HNRNPH1, BRD4, RIOK1, TRIM67",255,6,0.0235294117647058,4.150733687085013
1207,CLNS1A,1207,CLNS1A,1207,CLNS1A,10440,TIMM17A,1207,10440,False,{7706},TRIM25,204,1,0.0049019607843137,0.788436175566555
1207,CLNS1A,1207,CLNS1A,1207,CLNS1A,10463,SLC30A9,1207,10463,False,"{387, 8872, 7316, 440730, 4191}","RHOA, CDC123, UBC, TRIM67, MDH2",329,5,0.0151975683890577,1.901795450512624
1207,CLNS1A,1207,CLNS1A,1207,CLNS1A,11146,GLMN,1207,11146,False,"{8452, 51185, 6615, 440730, 1051}","CUL3, CRBN, SNAI1, TRIM67, CEBPB",351,5,0.0142450142450142,1.6670668001953586
1207,CLNS1A,1207,CLNS1A,1207,CLNS1A,22992,KDM2A,1207,22992,False,"{10241, 8452, 25962, 440730, 2033, 2099, 23476, 7706}","CALCOCO2, CUL3, VIRMA, TRIM67, EP300, ESR1, BRD4, TRIM25",273,8,0.0293040293040293,5.53170490283207
1207,CLNS1A,1207,CLNS1A,1207,CLNS1A,23512,SUZ12,1207,23512,False,"{54542, 7443, 4116, 7316, 440730, 7706, 1051, 10397, 55720, 5034, 9775, 2099, 23476, 4026, 4926, 23367, 3276, 10189, 9425, 6615, 6632, 6633, 25962, 6634, 79084, 6638}","RC3H2, VRK1, MAGOH, UBC, TRIM67, TRIM25, CEBPB, NDRG1, TSR1, P4HB, EIF4A3, ESR1, BRD4, LPP, NUMA1, LARP1, PRMT1, ALYREF, CDYL, SNAI1, SNRPD1, SNRPD2, VIRMA, SNRPD3, WDR77, SNRPN",795,26,0.0327044025157232,9.635946208960414
1207,CLNS1A,1207,CLNS1A,1207,CLNS1A,26995,TRUB2,1207,26995,False,"{8872, 6187, 54764, 440730, 4191}","CDC123, RPS2, ZRANB1, TRIM67, MDH2",527,5,0.0094876660341555,0.5865079687244394
1207,CLNS1A,1207,CLNS1A,1207,CLNS1A,28973,MRPS18B,1207,28973,False,"{7328, 2912, 56257, 9401, 8452, 54764, 10189, 54542, 51343, 440730, 149041, 5071, 2099, 7316, 51574, 7737, 8314, 4191}","UBE2H, GRM2, MEPCE, RECQL4, CUL3, ZRANB1, ALYREF, RC3H2, FZR1, TRIM67, RC3H1, PRKN, ESR1, UBC, LARP7, RNF113A, BAP1, MDH2",468,18,0.0384615384615384,9.357993503591825
1207,CLNS1A,1207,CLNS1A,1207,CLNS1A,51649,MRPS23,1207,51649,False,"{8452, 54542, 51343, 7316, 440730, 1051, 2335, 7328, 2099, 9401, 56257, 57154, 10189, 5071, 23376, 4191, 25962, 54764, 51574, 8314}","CUL3, RC3H2, FZR1, UBC, TRIM67, CEBPB, FN1, UBE2H, ESR1, RECQL4, MEPCE, SMURF1, ALYREF, PRKN, UFL1, MDH2, VIRMA, ZRANB1, LARP7, BAP1",455,20,0.0439560439560439,11.476243103781778
1207,CLNS1A,1207,CLNS1A,1207,CLNS1A,55015,PRPF39,1207,55015,False,"{440730, 1051, 8452}","TRIM67, CEBPB, CUL3",233,3,0.0128755364806866,1.948151260228741
1207,CLNS1A,1207,CLNS1A,1207,CLNS1A,65260,COA7,1207,65260,False,"{6628, 8872, 54764, 5464, 440730}","SNRPB, CDC123, ZRANB1, PPA1, TRIM67",304,5,0.0164473684210526,2.229593410609932
1207,CLNS1A,1207,CLNS1A,1207,CLNS1A,114034,TOE1,1207,114034,False,"{387, 8452, 83732, 440730, 7328, 6187, 2099, 25804, 5071, 6628, 6634, 6635, 79084, 6636, 6637, 6638, 54764, 2033, 51574}","RHOA, CUL3, RIOK1, TRIM67, UBE2H, RPS2, ESR1, LSM4, PRKN, SNRPB, SNRPD3, SNRPE, WDR77, SNRPF, SNRPG, SNRPN, ZRANB1, EP300, LARP7",304,19,0.0625,16.47120182461298
1207,CLNS1A,1207,CLNS1A,1207,CLNS1A,114823,LENG8,1207,114823,False,"{23586, 54764, 6606, 2099, 10419}","RIGI, ZRANB1, SMN1, ESR1, PRMT5",337,5,0.0148367952522255,1.811472814968092
1207,CLNS1A,1207,CLNS1A,1207,CLNS1A,147965,FAM98C,1207,147965,False,"{1653, 51637}","DDX1, RTRAF",190,2,0.0105263157894736,2.899724594684855
1207,CLNS1A,1207,CLNS1A,1207,CLNS1A,163131,ZNF780B,1207,163131,False,set(),,187,0,0.0,0.0
1207,CLNS1A,1207,CLNS1A,1207,CLNS1A,253260,RICTOR,1207,253260,False,"{4738, 387, 8452, 7311, 440730, 7706, 58525, 9124, 8872, 5034, 1457, 2099, 5686, 3916, 9040, 6615, 23136, 25962, 7531, 54764, 3309, 6636, 113130, 3187, 2035, 2037, 5879}","NEDD8, RHOA, CUL3, UBA52, TRIM67, TRIM25, WIZ, PDLIM1, CDC123, P4HB, CSNK2A1, ESR1, PSMA5, LAMP1, UBE2M, SNAI1, EPB41L3, VIRMA, YWHAE, ZRANB1, HSPA5, SNRPF, CDCA5, HNRNPH1, EPB41, EPB41L2, RAC1",879,27,0.030716723549488,9.155322567022608
1207,CLNS1A,1207,CLNS1A,1207,CLNS1A,286053,NSMCE2,1207,286053,False,"{54764, 9924, 8452, 10492}","ZRANB1, PAN2, CUL3, SYNCRIP",221,4,0.0180995475113122,3.335061660845652
1207,CLNS1A,1207,CLNS1A,1207,CLNS1A,503834,DPRX,1207,503834,False,set(),,203,0,0.0,0.0
121512,FGD4,121512,FGD4,121512,FGD4,23047,PDS5B,121512,23047,False,"{9928, 25962, 998}","KIF14, VIRMA, CDC42",192,3,0.015625,3.114864539193292
126526,C19orf47,"126526, 23646","C19orf47, PLD3",23646,PLD3,329,BIRC2,23646,329,False,"{8452, 1956, 5894, 54472, 54764, 7184, 205428, 57561, 26043, 5245}","CUL3, EGFR, RAF1, TOLLIP, ZRANB1, HSP90B1, DIPK2A, ARRDC3, UBXN7, PHB1",453,10,0.0220750551876379,3.420576841888211
126526,C19orf47,"126526, 23646","C19orf47, PLD3",23646,PLD3,333,APLP1,23646,333,False,"{2064, 7083, 5621, 310}","ERBB2, TK1, PRNP, ANXA7",286,4,0.0139860139860139,2.4943822865629075
126526,C19orf47,"126526, 23646","C19orf47, PLD3",23646,PLD3,3842,TNPO1,23646,3842,False,"{4609, 899, 8452, 26253, 10383, 2064, 440730, 338339, 55716, 1956, 5031, 4914, 26043, 56649, 81622, 9820, 51296, 6117, 6118, 6119, 10987, 4204, 54764, 132724, 5621, 7415}","MYC, CCNF, CUL3, CLEC4E, TUBB4B, ERBB2, TRIM67, CLEC4D, LMBR1L, EGFR, P2RY6, NTRK1, UBXN7, TMPRSS4, UNC93B1, CUL7, SLC15A3, RPA1, RPA2, RPA3, COPS5, MECP2, ZRANB1, TMPRSS11B, PRNP, VCP",497,26,0.0523138832997987,15.085034984810346
126526,C19orf47,"126526, 23646","C19orf47, PLD3",23646,PLD3,3960,LGALS4,23646,3960,False,"{1080, 5894}","CFTR, RAF1",258,2,0.0077519379844961,1.5895237086051648
126526,C19orf47,"126526, 23646","C19orf47, PLD3",23646,PLD3,5756,TWF1,23646,5756,False,"{4609, 338339, 1956, 6117, 6118, 8519, 6119, 7113, 10410, 1803, 10987, 26253, 1520, 4914, 5621, 440730}","MYC, CLEC4D, EGFR, RPA1, RPA2, IFITM1, RPA3, TMPRSS2, IFITM3, DPP4, COPS5, CLEC4E, CTSS, NTRK1, PRNP, TRIM67",388,16,0.0412371134020618,9.83160017401139
126526,C19orf47,"126526, 23646","C19orf47, PLD3",23646,PLD3,9058,SLC13A2,23646,9058,False,set(),,257,0,0.0,0.0
126526,C19orf47,"126526, 23646","C19orf47, PLD3",23646,PLD3,9757,KMT2B,23646,9757,False,"{4609, 6118, 6119, 7083, 54764, 2100, 310}","MYC, RPA2, RPA3, TK1, ZRANB1, ESR2, ANXA7",350,7,0.02,3.2622610448168303
126526,C19orf47,"126526, 23646","C19orf47, PLD3",23646,PLD3,10200,MPHOSPH6,23646,10200,False,{4613},MYCN,304,1,0.0032894736842105,0.2609053514326158
126526,C19orf47,"126526, 23646","C19orf47, PLD3",23646,PLD3,23144,ZC3H3,23646,23144,False,"{54764, 2100}","ZRANB1, ESR2",462,2,0.0043290043290043,0.0
126526,C19orf47,"126526, 23646","C19orf47, PLD3",23646,PLD3,23405,DICER1,23646,23405,False,"{7328, 10241, 899, 8452, 4869, 5894, 5031, 6117, 6118, 6119, 54764, 4914, 7415, 440730}","UBE2H, CALCOCO2, CCNF, CUL3, NPM1, RAF1, P2RY6, RPA1, RPA2, RPA3, ZRANB1, NTRK1, VCP, TRIM67",395,14,0.0354430379746835,7.750519593145024
126526,C19orf47,"126526, 23646","C19orf47, PLD3",23646,PLD3,51013,EXOSC1,23646,51013,False,"{7328, 54764, 2100, 4077}","UBE2H, ZRANB1, ESR2, NBR1",340,4,0.0117647058823529,1.4279316590669
126526,C19orf47,"126526, 23646","C19orf47, PLD3",23646,PLD3,55173,MRPS10,23646,55173,False,"{4609, 4613, 5894, 1355, 54764, 3191}","MYC, MYCN, RAF1, COX15, ZRANB1, HNRNPL",447,6,0.0134228187919463,1.356068322998906
126526,C19orf47,"126526, 23646","C19orf47, PLD3",23646,PLD3,64963,MRPS11,23646,64963,False,"{7328, 4609, 8452, 4613, 6117, 6118, 10987, 4204, 26253, 9166, 4077, 54764, 2100, 440730}","UBE2H, MYC, CUL3, MYCN, RPA1, RPA2, COPS5, MECP2, CLEC4E, EBAG9, NBR1, ZRANB1, ESR2, TRIM67",441,14,0.0317460317460317,6.453285120018846
126526,C19orf47,"126526, 23646","C19orf47, PLD3",23646,PLD3,65003,MRPL11,23646,65003,False,"{4609, 899, 8452, 4613, 4869, 1803, 26253, 440730, 7328, 338339, 6185, 10410, 2100, 1080, 8519, 7113, 1514, 10987, 54764, 3182, 132724, 3191, 10618, 5245}","MYC, CCNF, CUL3, MYCN, NPM1, DPP4, CLEC4E, TRIM67, UBE2H, CLEC4D, RPN2, IFITM3, ESR2, CFTR, IFITM1, TMPRSS2, CTSL, COPS5, ZRANB1, HNRNPAB, TMPRSS11B, HNRNPL, TGOLN2, PHB1",605,24,0.0396694214876033,10.234550368885856
126526,C19orf47,"126526, 23646","C19orf47, PLD3",23646,PLD3,79156,PLEKHF1,23646,79156,False,{6117},RPA1,248,1,0.0040322580645161,0.9456726961243832
126526,C19orf47,"126526, 23646","C19orf47, PLD3",23646,PLD3,83889,WDR87,23646,83889,False,"{3008, 4869}","H1-4, NPM1",257,2,0.0077821011673151,1.6296042253902527
126526,C19orf47,"126526, 23646","C19orf47, PLD3",23646,PLD3,84456,L3MBTL3,23646,84456,False,"{4609, 8452, 6117, 6118, 6119}","MYC, CUL3, RPA1, RPA2, RPA3",355,5,0.0140845070422535,1.8186230258175728
126526,C19orf47,"126526, 23646","C19orf47, PLD3",23646,PLD3,91750,LIN52,23646,91750,False,"{4609, 3191}","MYC, HNRNPL",284,2,0.0070422535211267,0.9647147399655792
126526,C19orf47,"126526, 23646","C19orf47, PLD3",23646,PLD3,115727,RASGRP4,23646,115727,False,"{7184, 56649}","HSP90B1, TMPRSS4",246,2,0.008130081300813,2.314594232940559
126526,C19orf47,"126526, 23646","C19orf47, PLD3",23646,PLD3,199720,GGN,23646,199720,False,set(),,263,0,0.0,0.0
126526,C19orf47,"126526, 23646","C19orf47, PLD3",23646,PLD3,284459,ZNF875,23646,284459,False,"{8452, 3191}","CUL3, HNRNPL",241,2,0.0082987551867219,3.075583194846005
126526,C19orf47,"126526, 23646","C19orf47, PLD3",23646,PLD3,441864,TARM1,23646,441864,False,set(),,239,0,0.0,0.0
133957,CCDC127,133957,CCDC127,133957,CCDC127,10615,SPAG5,133957,10615,False,{9928},KIF14,194,1,0.0051546391752577,0.8298660402291475
133957,CCDC127,133957,CCDC127,133957,CCDC127,79844,ZDHHC11,133957,79844,False,set(),,40,0,0.0,0.0
137682,NDUFAF6,"137682, 79666, 9791","NDUFAF6, PLEKHF2, PTDSS1",9791,PTDSS1,116228,COX20,9791,116228,False,"{54764, 6117, 6119}","ZRANB1, RPA1, RPA3",251,3,0.0119521912350597,1.9162103105317736
137695,TMEM68,"137695, 96764","TMEM68, TGS1",96764,TGS1,2539,G6PD,96764,2539,False,"{25962, 54764, 7514, 112399, 440730}","VIRMA, ZRANB1, XPO1, EGLN3, TRIM67",260,5,0.0192307692307692,3.2947600986902748
137695,TMEM68,"137695, 96764","TMEM68, TGS1",96764,TGS1,8270,LAGE3,96764,8270,False,"{6636, 10916, 112399}","SNRPF, MAGED2, EGLN3",171,3,0.0175438596491228,2.261318260168404
137695,TMEM68,"137695, 96764","TMEM68, TGS1",96764,TGS1,9497,SLC4A7,96764,9497,False,"{1080, 25962, 440730}","CFTR, VIRMA, TRIM67",241,3,0.0124481327800829,1.6761957167710235
137695,TMEM68,"137695, 96764","TMEM68, TGS1",96764,TGS1,29035,HAPSTR1,96764,29035,False,"{10916, 6741, 23513, 7514, 3836}","MAGED2, SSB, SCRIB, XPO1, KPNA1",528,5,0.0094696969696969,1.722315563891621
137695,TMEM68,"137695, 96764","TMEM68, TGS1",96764,TGS1,57599,WDR48,96764,57599,False,"{6273, 440730, 3836}","S100A2, TRIM67, KPNA1",207,3,0.0144927536231884,1.9198735858574916
137695,TMEM68,"137695, 96764","TMEM68, TGS1",96764,TGS1,64858,DCLRE1B,96764,64858,False,{10811},NOXA1,98,1,0.010204081632653,0.985293084121684
152137,CCDC50,"152137, 3556, 4026","CCDC50, IL1RAP, LPP",4026,LPP,54468,MIOS,4026,54468,False,"{8452, 8878, 5071, 2100, 55093, 440730, 9404}","CUL3, SQSTM1, PRKN, ESR2, NTAQ1, TRIM67, LPXN",181,7,0.0386740331491712,6.754458938530181
152137,CCDC50,"152137, 3556, 4026","CCDC50, IL1RAP, LPP",4026,LPP,85440,DOCK7,4026,85440,False,"{899, 8452, 7430, 440730, 2100, 1859, 5071, 25937, 7514, 5216, 25962, 10987, 54764, 7533, 10094, 3309, 2931, 2932, 5621, 55294}","CCNF, CUL3, EZR, TRIM67, ESR2, DYRK1A, PRKN, WWTR1, XPO1, PFN1, VIRMA, COPS5, ZRANB1, YWHAH, ARPC3, HSPA5, GSK3A, GSK3B, PRNP, FBXW7",345,20,0.0579710144927536,16.616487926191564
152137,CCDC50,"152137, 3556, 4026","CCDC50, IL1RAP, LPP",4026,LPP,132660,LIN54,4026,132660,False,"{3303, 6119, 1994, 5071, 5371}","HSPA1A, RPA3, ELAVL1, PRKN, PML",203,5,0.0246305418719211,3.718566268035493
1537,CYC1,"1537, 26873, 81858, 84232, 84875","CYC1, OPLAH, SHARPIN, MAF1, PARP10",1537,CYC1,116228,COX20,1537,116228,False,"{4513, 6117, 6119, 54764, 4697}","MT-CO2, RPA1, RPA3, ZRANB1, NDUFA4",261,5,0.0191570881226053,3.834789054684066
157769,FAM91A1,157769,FAM91A1,157769,FAM91A1,5073,PARN,157769,5073,False,"{6118, 6119, 54764, 2099, 7157, 440730}","RPA2, RPA3, ZRANB1, ESR1, TP53, TRIM67",272,6,0.0220588235294117,3.3710012466280395
157769,FAM91A1,157769,FAM91A1,157769,FAM91A1,5890,RAD51B,157769,5890,False,set(),,179,0,0.0,0.0
157769,FAM91A1,157769,FAM91A1,157769,FAM91A1,29028,ATAD2,157769,29028,False,"{1058, 79366, 54509, 2099, 440730, 8349}","CENPA, HMGN5, RHOF, ESR1, TRIM67, H2BC21",187,6,0.0320855614973262,5.6163430443617255
163882,CNST,"163882, 25909, 51097","CNST, AHCTF1, SCCPDH",25909,AHCTF1,292,SLC25A5,25909,292,False,"{4609, 6787, 8452, 4869, 5894, 79753, 3598, 7182, 8726, 3738, 440730, 6047, 28960, 4000, 8359, 54443, 9131, 10413, 2099, 23476, 5045, 2626, 11335, 10951, 328, 10318, 11091, 3671, 84444, 23137, 2146, 3428, 6117, 6118, 6119, 25962, 54764, 29935, 7157}","MYC, NEK4, CUL3, NPM1, RAF1, SNIP1, IL13RA2, NR2C2, EED, KCNA3, TRIM67, RNF4, DCPS, LMNA, H4C1, ANLN, AIFM1, YAP1, ESR1, BRD4, FURIN, GATA4, CBX3, CBX1, APEX1, TNIP1, WDR5, ISLR, DOT1L, SMC5, EZH2, IFI16, RPA1, RPA2, RPA3, VIRMA, ZRANB1, RPA4, TP53",502,39,0.0776892430278884,32.785746572977914
163882,CNST,"163882, 25909, 51097","CNST, AHCTF1, SCCPDH",51097,SCCPDH,892,CCNC,51097,892,False,"{4259, 9412, 6118, 5071, 2100}","MGST3, MED21, RPA2, PRKN, ESR2",366,5,0.0136612021857923,1.5291871395688263
163882,CNST,"163882, 25909, 51097","CNST, AHCTF1, SCCPDH",51097,SCCPDH,3611,ILK,51097,3611,False,"{51726, 440730, 672, 56993, 6184, 8872, 57003, 821, 10165, 5071, 4697, 6622, 84833, 6117, 6118, 3303, 10728, 6119, 54764, 4722, 498, 30968, 506}","DNAJB11, TRIM67, BRCA1, TOMM22, RPN1, CDC123, CCDC47, CANX, SLC25A13, PRKN, NDUFA4, SNCA, ATP5MK, RPA1, RPA2, HSPA1A, PTGES3, RPA3, ZRANB1, NDUFS3, ATP5F1A, STOML2, ATP5F1B",466,23,0.0493562231759656,13.963441953650596
163882,CNST,"163882, 25909, 51097","CNST, AHCTF1, SCCPDH",25909,AHCTF1,4297,KMT2A,25909,4297,False,"{4609, 8452, 4869, 10762, 7182, 2322, 8339, 440730, 8347, 8349, 8350, 8352, 8359, 10413, 2099, 2100, 23476, 4926, 2626, 9410, 348995, 11335, 328, 3020, 25937, 11091, 79829, 3159, 51547, 84444, 23137, 2146, 6117, 6118, 6119, 11113, 25962, 54386, 2547, 85236, 7157, 25976, 4221, 9982}","MYC, CUL3, NPM1, NUP50, NR2C2, FLT3, H2BC8, TRIM67, H2BC4, H2BC21, H3C1, H3C3, H4C1, YAP1, ESR1, ESR2, BRD4, NUMA1, GATA4, SNRNP40, NUP43, CBX3, APEX1, H3-3A, WWTR1, WDR5, NAA40, HMGA1, SIRT7, DOT1L, SMC5, EZH2, RPA1, RPA2, RPA3, CIT, VIRMA, TERF2IP, XRCC6, H2BC12, TP53, TIPARP, MEN1, FGFBP1",381,44,0.1154855643044619,46.3446738971015
163882,CNST,"163882, 25909, 51097","CNST, AHCTF1, SCCPDH",25909,AHCTF1,6810,STX4,25909,6810,False,"{4000, 9217, 9218, 3107, 4001, 55746, 2010, 9631, 5770, 64215, 440730, 10268, 23197, 6047}","LMNA, VAPB, VAPA, HLA-C, LMNB1, NUP133, EMD, NUP155, PTPN1, DNAJC1, TRIM67, RAMP3, FAF2, RNF4",543,14,0.0257826887661141,5.798420402244904
163882,CNST,"163882, 25909, 51097","CNST, AHCTF1, SCCPDH",163882,CNST,7940,LST1,163882,7940,False,set(),,25,0,0.0,0.0
163882,CNST,"163882, 25909, 51097","CNST, AHCTF1, SCCPDH",25909,AHCTF1,9044,BTAF1,25909,9044,False,"{8452, 10762, 440730, 3106, 3107, 55716, 11318, 93377, 11335, 970, 3020, 79829, 84709, 6117, 6118, 6119, 54764, 54386, 25976, 4221}","CUL3, NUP50, TRIM67, HLA-B, HLA-C, LMBR1L, ACKR5, OPALIN, CBX3, CD70, H3-3A, NAA40, MGARP, RPA1, RPA2, RPA3, ZRANB1, TERF2IP, TIPARP, MEN1",247,20,0.0809716599190283,20.99005670106395
163882,CNST,"163882, 25909, 51097","CNST, AHCTF1, SCCPDH",25909,AHCTF1,9525,VPS4B,25909,9525,False,"{8452, 54764, 10413, 54509, 10482, 440730, 4926}","CUL3, ZRANB1, YAP1, RHOF, NXF1, TRIM67, NUMA1",219,7,0.0319634703196347,5.646981884205034
163882,CNST,"163882, 25909, 51097","CNST, AHCTF1, SCCPDH",51097,SCCPDH,9927,MFN2,51097,9927,False,"{150274, 23140, 6117, 6118, 54764, 3309, 8878, 54958, 5071, 4914, 8508, 440730, 54940, 6047}","HSCB, ZZEF1, RPA1, RPA2, ZRANB1, HSPA5, SQSTM1, TMEM160, PRKN, NTRK1, NIPSNAP1, TRIM67, OCIAD1, RNF4",310,14,0.0451612903225806,10.392357383397442
163882,CNST,"163882, 25909, 51097","CNST, AHCTF1, SCCPDH",25909,AHCTF1,10112,KIF20A,25909,10112,True,"{4609, 8452, 4869, 5894, 7431, 255626, 8970, 8339, 8726, 440730, 8349, 23197, 9631, 8352, 4000, 4001, 8359, 54443, 79023, 2100, 23476, 4926, 9410, 55746, 70, 11335, 9928, 6472, 3159, 5339, 2146, 3428, 6119, 11113, 25962, 9324, 2547, 7157, 4343, 25976, 5499, 5501}","MYC, CUL3, NPM1, RAF1, VIM, H2BC1, H2BC11, H2BC8, EED, TRIM67, H2BC21, FAF2, NUP155, H3C3, LMNA, LMNB1, H4C1, ANLN, NUP37, ESR2, BRD4, NUMA1, SNRNP40, NUP133, ACTC1, CBX3, KIF14, SHMT2, HMGA1, PLEC, EZH2, IFI16, RPA3, CIT, VIRMA, HMGN3, XRCC6, TP53, MOV10, TIPARP, PPP1CA, PPP1CC",1147,42,0.036617262423714,20.139043905220888
163882,CNST,"163882, 25909, 51097","CNST, AHCTF1, SCCPDH",25909,AHCTF1,10296,MAEA,25909,10296,False,"{10112, 128866, 8452, 5894, 440730}","KIF20A, CHMP4B, CUL3, RAF1, TRIM67",280,5,0.0178571428571428,2.4472168786156363
163882,CNST,"163882, 25909, 51097","CNST, AHCTF1, SCCPDH",51097,SCCPDH,10972,TMED10,51097,10972,False,"{1537, 51726, 440730, 1051, 6047, 55969, 4257, 51495, 5160, 8872, 2100, 821, 1727, 10952, 55379, 3032, 9694, 2787, 5861, 6117, 6118, 6119, 10857, 54764, 3309}","CYC1, DNAJB11, TRIM67, CEBPB, RNF4, RAB5IF, MGST1, HACD3, PDHA1, CDC123, ESR2, CANX, CYB5R3, SEC61B, LRRC59, HADHB, EMC2, GNG5, RAB1A, RPA1, RPA2, RPA3, PGRMC1, ZRANB1, HSPA5",403,25,0.0620347394540942,18.374103388348125
163882,CNST,"163882, 25909, 51097","CNST, AHCTF1, SCCPDH",25909,AHCTF1,51441,YTHDF2,25909,51441,False,"{4609, 8452, 5894, 92312, 440730, 3738, 1051, 8359, 54443, 2099, 5045, 9928, 79829, 23137, 6117, 6118, 6119, 54764, 29935, 7157, 4343, 25976, 129401, 5499}","MYC, CUL3, RAF1, MEX3A, TRIM67, KCNA3, CEBPB, H4C1, ANLN, ESR1, FURIN, KIF14, NAA40, SMC5, RPA1, RPA2, RPA3, ZRANB1, RPA4, TP53, MOV10, TIPARP, NUP35, PPP1CA",420,24,0.0571428571428571,17.826806237760685
163882,CNST,"163882, 25909, 51097","CNST, AHCTF1, SCCPDH",51097,SCCPDH,55012,PPP2R3C,51097,55012,False,{5071},PRKN,228,1,0.0043859649122807,0.4929665475394497
163882,CNST,"163882, 25909, 51097","CNST, AHCTF1, SCCPDH",25909,AHCTF1,55165,CEP55,25909,55165,False,"{8452, 3856, 92312, 440730, 3738, 3875, 54443, 10413, 2099, 10426, 9928, 25937, 11091, 128866, 25962, 54509, 54894, 10482, 7157}","CUL3, KRT8, MEX3A, TRIM67, KCNA3, KRT18, ANLN, YAP1, ESR1, TUBGCP3, KIF14, WWTR1, WDR5, CHMP4B, VIRMA, RHOF, RNF43, NXF1, TP53",377,19,0.0503978779840848,13.661642024086513
163882,CNST,"163882, 25909, 51097","CNST, AHCTF1, SCCPDH",163882,CNST,56169,GSDMC,163882,56169,False,set(),,27,0,0.0,0.0
163882,CNST,"163882, 25909, 51097","CNST, AHCTF1, SCCPDH",25909,AHCTF1,56970,ATXN7L3,25909,56970,False,"{4609, 2099, 8349, 8359}","MYC, ESR1, H2BC21, H4C1",185,4,0.0216216216216216,3.464588870190457
163882,CNST,"163882, 25909, 51097","CNST, AHCTF1, SCCPDH",25909,AHCTF1,80232,WDR26,25909,80232,False,"{8452, 4869, 54764, 11091, 2100, 23476, 440730, 23197}","CUL3, NPM1, ZRANB1, WDR5, ESR2, BRD4, TRIM67, FAF2",308,8,0.0259740259740259,4.457353250740544
163882,CNST,"163882, 25909, 51097","CNST, AHCTF1, SCCPDH",163882,CNST,84366,PRAC1,163882,84366,False,set(),,22,0,0.0,0.0
163882,CNST,"163882, 25909, 51097","CNST, AHCTF1, SCCPDH",25909,AHCTF1,84838,ZNF496,25909,84838,False,"{4869, 11335}","NPM1, CBX3",193,2,0.0103626943005181,1.263252373570093
163882,CNST,"163882, 25909, 51097","CNST, AHCTF1, SCCPDH",51097,SCCPDH,118424,UBE2J2,51097,118424,False,"{3309, 5071}","HSPA5, PRKN",224,2,0.0089285714285714,1.3048475944139866
163882,CNST,"163882, 25909, 51097","CNST, AHCTF1, SCCPDH",25909,AHCTF1,151987,PPP4R2,25909,151987,False,"{440730, 23476, 6118, 70}","TRIM67, BRD4, RPA2, ACTC1",250,4,0.016,2.0766935683590866
163882,CNST,"163882, 25909, 51097","CNST, AHCTF1, SCCPDH",163882,CNST,221476,PI16,163882,221476,False,set(),,28,0,0.0,0.0
170506,DHX36,170506,DHX36,170506,DHX36,4605,MYBL2,170506,4605,False,"{3008, 4609, 2146, 899, 6117, 2033, 7157, 25976}","H1-4, MYC, EZH2, CCNF, RPA1, EP300, TP53, TIPARP",421,8,0.0190023752969121,2.991375525225453
170506,DHX36,170506,DHX36,170506,DHX36,54468,MIOS,170506,54468,False,"{57664, 8452, 25831, 4204, 5071, 57520, 4914, 2099, 2100, 440730}","PLEKHA4, CUL3, HECTD1, MECP2, PRKN, HECW2, NTRK1, ESR1, ESR2, TRIM67",347,10,0.0288184438040345,7.276884564562073
1891,ECH1,"1891, 27335, 3191, 3963, 5714, 81","ECH1, EIF3K, HNRNPL, LGALS7, PSMD8, ACTN4",3191,HNRNPL,2491,CENPI,3191,2491,False,"{672, 351, 79661, 91607, 6047, 3006, 6175}","BRCA1, APP, NEIL1, SLFN11, RNF4, H1-2, RPLP0",1991,7,0.0035158211953792,1.3544169456388508
1891,ECH1,"1891, 27335, 3191, 3963, 5714, 81","ECH1, EIF3K, HNRNPL, LGALS7, PSMD8, ACTN4",3191,HNRNPL,7919,DDX39B,3191,7919,True,"{4609, 1540, 4613, 7182, 4116, 4628, 8726, 3609, 7706, 1051, 51741, 9759, 2597, 4646, 6188, 6189, 9775, 9776, 10291, 4659, 9782, 8761, 6117, 60, 573, 4670, 6119, 580, 11338, 6733, 10318, 4686, 81, 4691, 1107, 1108, 9820, 6749, 3676, 81502, 5725, 23137, 55914, 3178, 4204, 3181, 3183, 7284, 3190, 1655, 3192, 8826, 8314, 1660, 5245, 4734, 2177, 1665, 114823, 51343, 9877, 10397, 672, 7328, 55970, 8359, 2731, 54443, 57521, 7347, 9401, 1213, 10432, 5315, 118987, 3276, 10963, 8405, 118487, 10458, 5339, 84706, 3303, 92906, 3309, 9967, 3312, 1778, 7412, 3329, 8451, 8452, 57619, 6421, 84248, 8473, 10521, 10014, 2335, 6434, 129831, 5928, 1832, 11052, 302, 4914, 307, 79155, 829, 23363, 3396, 330, 11091, 8539, 10075, 7520, 26471, 11113, 26986, 7023, 9584, 7536, 25976, 22907, 84859, 10112, 22913, 899, 59272, 51593, 23435, 908, 3983, 1938, 90007, 440730, 6045, 6047, 4000, 4001, 9636, 221092, 79784, 9129, 55210, 10155, 23476, 5052, 11198, 7112, 7113, 1994, 10189, 26574, 5071, 26064, 6613, 91607, 2521, 203228, 6625, 6626, 6628, 23524, 9188, 6631, 6632, 5093, 10212, 10213, 54764, 81892, 7150, 6118, 84464, 3575, 65018, 10236, 84991}","MYC, CYLD, MYCN, NR2C2, MAGOH, MYH10, EED, ILF3, TRIM25, CEBPB, WWOX, HDAC4, GAPDH, MYO6, RPS3, RPS3A, EIF4A3, ATG13, SF3A1, PPP1R12A, MATR3, PABPC4, RPA1, ACTB, BAG1, HNRNPM, RPA3, BARD1, U2AF2, SRPK2, TNIP1, NCBP1, ACTN4, NCL, CHD3, CHD4, CUL7, SSRP1, ITGA4, HM13, PTBP1, SMC5, ERBIN, HNRNPA1, MECP2, HNRNPA2B1, HNRNPC, TUFM, HNRNPK, DDX5, HNRNPU, IQGAP1, BAP1, DHX9, PHB1, NEDD4, FANCD2, DHX15, LENG8, FZR1, ZC3H11A, NDRG1, BRCA1, UBE2H, GNG12, H4C1, GLDC, ANLN, RPTOR, UCHL3, RECQL4, CLTC, RBM14, PKM, PDZD8, PRMT1, STIP1, SPOP, CHCHD1, BAIAP2, PLEC, GPT2, HSPA1A, HNRNPLL, HSPA5, THRAP3, HSPA8, DYNC1H1, VCAM1, HSPD1, CUL4A, CUL3, SHROOM3, SFPQ, FYTTD1, OGT, DDX17, HDAC5, FN1, TRA2B, RBM45, RBBP4, DSP, CPSF6, ANXA2, NTRK1, ANXA4, TNIP2, CAPZA1, OBSL1, MRPL58, BIRC3, WDR5, API5, HUWE1, XRCC5, NUPR1, CIT, PABPC1, TFAP4, RBM39, SF1, TIPARP, DHX30, LRCH3, KIF20A, RALY, CCNF, ACE2, SRRT, TARDBP, CCT6A, ABLIM1, EEF2, MIDN, TRIM67, RNF2, RNF4, LMNA, LMNB1, ISG15, HNRNPUL2, MYH14, PRPF3, ATAD3A, TRIM28, BRD4, PRDX1, SUPT16H, TMPO, TMPRSS2, ELAVL1, ALYREF, AATF, PRKN, RAI14, SUMO2, SLFN11, FUS, C9orf72, SNRNP70, SNRPA, SNRPB, SRRM2, DDX21, SNRPC, SNRPD1, PCBP1, DDX39A, PSMD14, ZRANB1, SLIRP, TOP1, RPA2, SLX4, IL7R, PINK1, HNRNPR, RBM17",2340,179,0.0764957264957265,48.94210792979483
1891,ECH1,"1891, 27335, 3191, 3963, 5714, 81","ECH1, EIF3K, HNRNPL, LGALS7, PSMD8, ACTN4",3191,HNRNPL,10440,TIMM17A,3191,10440,False,"{57664, 23274, 51025, 7706, 6428, 222, 81855}","PLEKHA4, CLEC16A, PAM16, TRIM25, SRSF3, ALDH3B2, SFXN3",1976,7,0.0035425101214574,2.818994620971885
1891,ECH1,"1891, 27335, 3191, 3963, 5714, 81","ECH1, EIF3K, HNRNPL, LGALS7, PSMD8, ACTN4",3191,HNRNPL,51343,FZR1,3191,51343,True,"{10240, 4609, 6657, 54788, 9733, 1540, 2058, 2064, 83987, 3091, 3093, 3608, 3609, 7706, 6175, 2597, 4134, 6188, 4141, 6189, 9775, 84524, 10291, 5684, 9782, 8761, 6714, 6203, 9276, 4670, 23112, 6729, 8266, 5707, 60488, 11338, 4686, 23122, 595, 4691, 6738, 6742, 23640, 7257, 5725, 6238, 5728, 113251, 3181, 3182, 3183, 3184, 3185, 4722, 23154, 3187, 7284, 3190, 1655, 3192, 3703, 124540, 1660, 5245, 1152, 1665, 2177, 7812, 7818, 142, 9877, 10393, 23196, 57504, 4771, 6311, 9898, 54443, 23211, 51373, 10927, 9908, 5813, 27316, 2235, 10432, 9410, 5315, 708, 10949, 7874, 9928, 4809, 8394, 10450, 10963, 8405, 2778, 9444, 747, 3309, 3310, 7919, 10480, 8945, 26354, 2289, 3312, 3313, 10492, 55037, 8451, 9987, 7428, 8454, 2317, 6418, 22803, 6421, 10521, 10523, 28957, 7965, 6431, 79648, 6434, 51495, 4904, 5928, 11052, 302, 6449, 220988, 829, 831, 57154, 79171, 84295, 328, 23367, 1871, 51025, 11091, 9044, 124245, 84310, 5976, 10075, 9055, 7520, 6500, 871, 26986, 8555, 7531, 10605, 2926, 367, 9584, 7534, 51574, 22907, 5500, 94081, 6018, 899, 51593, 23435, 908, 9100, 5520, 10128, 83858, 1938, 10642, 10644, 10643, 3475, 26524, 2975, 10657, 55717, 9129, 8106, 10155, 1452, 1453, 51634, 64949, 29110, 55226, 5052, 51649, 4035, 1479, 7112, 65993, 26057, 1994, 54733, 10189, 8655, 5071, 5584, 1488, 80335, 51663, 10197, 64975, 2521, 26586, 23517, 6625, 6626, 9188, 10213, 5094, 5606, 6628, 6631, 490, 23524, 81892, 7150, 65008, 7157, 10236, 56829, 84991}","MRPS31, MYC, SOX2, DNAJB12, SART3, CYLD, EPRS1, ERBB2, CCDC8, HIF1A, UBE2K, ILF2, ILF3, TRIM25, RPLP0, GAPDH, MAP4, RPS3, MARS1, RPS3A, EIF4A3, ZC3H8, SF3A1, PSMA3, MATR3, PABPC4, SRC, RPS9, COPB2, HNRNPM, TNRC6B, SRP54, UBL4A, PSMD1, MRPS35, U2AF2, NCBP1, CLASP2, CCND1, NCL, RO60, SSBP1, HSPBP1, TSNAX, PTBP1, RRBP1, PTEN, LARP4, HNRNPA2B1, HNRNPAB, HNRNPC, HNRNPD, HNRNPF, NDUFS3, NCDN, HNRNPH1, TUFM, HNRNPK, DDX5, HNRNPU, STT3A, MSI2, DHX9, PHB1, CKB, DHX15, FANCD2, CSDE1, DAP3, PARP1, ZC3H11A, ANAPC10, FAM120A, MTA3, NF2, ATXN2, UBAP2L, ANLN, ZC3H4, MRPS17, SPIN1, G3BP2, PURA, RBMX, FECH, RBM14, SNRNP40, PKM, C1QBP, HNRNPA0, USP7, KIF14, SNU13, PIP5K1A, PPIE, STIP1, SPOP, GNAS, QKI, DAGLA, HSPA5, HSPA6, DDX39B, EIF3M, BTRC, GNL3, FKBP5, HSPA8, HSPA9, SYNCRIP, PTCD3, CUL4A, HNRNPDL, VHL, CUL1, FLNB, SET, XRN2, SFPQ, DDX17, CHERP, MRPS28, AIMP2, SRSF6, MCPH1, TRA2B, HACD3, YBX1, RBBP4, CPSF6, ANXA2, SGTA, HNRNPA3, CAPZA1, CAST, SMURF1, RBM42, PHF6, APEX1, LARP1, E2F3, PAM16, WDR5, BTAF1, ZC3H18, CHLSN, UPF1, HUWE1, PRC1, XRCC5, SKP1, SERPINH1, PABPC1, CDC14B, YWHAE, PAIP1, GRSF1, AR, RBM39, YWHAZ, LARP7, DHX30, PPP1CB, SFXN1, RLF, CCNF, SRRT, TARDBP, CCT6A, USP10, PPP2R2A, LRPPRC, ATAD3B, EEF2, IGF2BP1, IGF2BP2, IGF2BP3, IFRD1, LATS2, GTF3C1, KHDRBS1, WDR11, PRPF3, PABPN1, TRIM28, CSNK1A1, CSNK1D, RBMX2, MRPS26, TBK1, NAT10, PRDX1, MRPS23, LRP1, CSTF3, TMPO, MRPS34, ANKRD17, ELAVL1, SLC35F2, ALYREF, DYNLL1, PRKN, PRKCI, CTBP2, WDR82, ZFR, PSME3, MRPL41, FUS, CKAP2, MTREX, SNRNP70, SNRPA, DDX21, PSMD14, PCBP2, MAP2K3, SNRPB, SNRPC, ATP2B1, SRRM2, SLIRP, TOP1, MRPL1, TP53, HNRNPR, ZC3HAV1, RBM17",2852,229,0.0802945301542777,27.492282278023648
1891,ECH1,"1891, 27335, 3191, 3963, 5714, 81","ECH1, EIF3K, HNRNPL, LGALS7, PSMD8, ACTN4",3191,HNRNPL,54458,PRR13,3191,54458,False,"{54502, 9319, 8880, 2130, 5684, 10197, 25816, 10458}","RBM47, TRIP13, FUBP1, EWSR1, PSMA3, PSME3, TNFAIP8, BAIAP2",2010,8,0.0039800995024875,0.6096510423400225
1891,ECH1,"1891, 27335, 3191, 3963, 5714, 81","ECH1, EIF3K, HNRNPL, LGALS7, PSMD8, ACTN4",1891,ECH1,57534,MIB1,1891,57534,True,"{4609, 55681, 145508, 9093, 25962, 7182, 117178, 1969, 4914, 6453, 80184, 440730, 9851, 9662, 51199}","MYC, SCYL2, CEP128, DNAJA3, VIRMA, NR2C2, SSX2IP, EPHA2, NTRK1, ITSN1, CEP290, TRIM67, KIAA0753, CEP135, NIN",494,15,0.0303643724696356,6.095600265781889
1891,ECH1,"1891, 27335, 3191, 3963, 5714, 81","ECH1, EIF3K, HNRNPL, LGALS7, PSMD8, ACTN4",3191,HNRNPL,57622,LRFN1,3191,57622,False,"{9223, 2064, 5783, 9759, 1956, 56104, 9644, 57521, 23095, 89796, 27332, 23367, 23380, 8295, 57706, 221035, 344558, 57460, 116987, 23677}","MAGI1, ERBB2, PTPN13, HDAC4, EGFR, 56104, SH3PXD2A, RPTOR, KIF1B, NAV1, ZNF638, LARP1, SRGAP2, TRRAP, DENND1A, REEP3, SH3RF3, PPM1H, AGAP1, SH3BP4",2070,20,0.0096618357487922,1.4739485849963208
1891,ECH1,"1891, 27335, 3191, 3963, 5714, 81","ECH1, EIF3K, HNRNPL, LGALS7, PSMD8, ACTN4",3191,HNRNPL,64965,MRPS9,3191,64965,False,"{10240, 6657, 4609, 51204, 4613, 7182, 8209, 9238, 55832, 3609, 549, 6183, 5160, 55342, 222255, 3630, 149041, 51250, 26164, 6203, 4670, 8775, 60488, 11338, 2130, 1618, 6742, 9820, 4191, 5728, 104, 3178, 3183, 3187, 7284, 3192, 7289, 55422, 51335, 7818, 142, 51343, 7316, 23196, 7328, 23203, 54443, 51373, 9401, 708, 414919, 84681, 2261, 118487, 54502, 64745, 92399, 3313, 2803, 54516, 23291, 55037, 3329, 9987, 8452, 7428, 219402, 54542, 22803, 140564, 6934, 6428, 28957, 6431, 9512, 4904, 25898, 11052, 79661, 28976, 28977, 4914, 5939, 51001, 57664, 11074, 79171, 3396, 330, 54606, 23376, 11091, 11097, 134492, 351, 80742, 2926, 367, 9584, 55666, 26995, 10614, 51574, 25976, 10102, 22907, 55173, 55692, 10128, 9617, 10642, 10643, 10644, 84881, 1431, 440730, 10658, 221092, 10155, 4528, 55218, 64949, 91574, 51649, 22983, 65992, 65993, 1994, 10189, 64975, 5584, 5071, 84444, 6625, 6626, 6628, 85476, 81892, 6117, 6118, 83943, 196074, 65003, 54764, 6119, 55794, 7157, 10236, 56829, 55294}","MRPS31, SOX2, MYC, TACO1, MYCN, NR2C2, GATD3, TBRG4, CAND1, ILF3, AUH, MRPS12, PDHA1, STRBP, ATXN7L1, INS, RC3H1, MTRES1, MTG2, RPS9, HNRNPM, NAPA, MRPS35, U2AF2, EWSR1, DAZL, SSBP1, CUL7, MDH2, PTEN, ADARB1, HNRNPA1, HNRNPC, HNRNPH1, TUFM, HNRNPU, TULP3, ZNF331, NGRN, DAP3, PARP1, FZR1, UBC, FAM120A, UBE2H, PMPCA, ANLN, MRPS17, RECQL4, C1QBP, C8orf82, HINT2, FGFR3, CHCHD1, RBM47, METTL17, MRRF, HSPA9, GOLGA4, MTRF1L, FBXW11, PTCD3, HSPD1, HNRNPDL, CUL3, VHL, MTIF3, RC3H2, XRN2, APOBEC3D, TCF7L2, SRSF3, MRPS28, SRSF6, PMPCB, YBX1, RCHY1, CPSF6, NEIL1, ACAD9, MRPL42, NTRK1, RBMS2, MTERF3, PLEKHA4, TRIM31, RBM42, MRPL58, BIRC3, DDX56, UFL1, WDR5, NUP42, NUDCD2, APP, PRR3, GRSF1, AR, RBM39, NPLOC4, TRUB2, HEXIM1, LARP7, TIPARP, TSFM, DHX30, MRPS10, LUC7L, LRPPRC, MTRF1, IGF2BP1, IGF2BP3, IGF2BP2, RPUSD4, CS, TRIM67, CELF1, HNRNPUL2, TRIM28, MTIF2, EXD2, MRPS26, MTRFR, MRPS23, MAST1, DDRGK1, MRPS34, ELAVL1, ALYREF, MRPL41, PRKCI, PRKN, DOT1L, SNRNP70, SNRPA, SNRPB, GFM1, SLIRP, RPA1, RPA2, IMMP2L, METTL15, MRPL11, ZRANB1, RPA3, DDX28, TP53, HNRNPR, ZC3HAV1, FBXW7",2181,150,0.0687757909215956,56.043732242862674
1891,ECH1,"1891, 27335, 3191, 3963, 5714, 81","ECH1, EIF3K, HNRNPL, LGALS7, PSMD8, ACTN4",3191,HNRNPL,91750,LIN52,3191,91750,True,"{57504, 4609, 10212, 8359, 5928, 2186, 79155, 1107, 7991, 1050}","MTA3, MYC, DDX39A, H4C1, RBBP4, BPTF, TNIP2, CHD3, TUSC3, CEBPA",1999,10,0.0050025012506253,1.9090566440647472
1891,ECH1,"1891, 27335, 3191, 3963, 5714, 81","ECH1, EIF3K, HNRNPL, LGALS7, PSMD8, ACTN4",3191,HNRNPL,132660,LIN54,3191,132660,False,"{6657, 4609, 7182, 11279, 1050, 1317, 8359, 5928, 4784, 7991, 54971, 11335, 328, 1994, 5071, 2004, 23137, 6117, 91750, 6118, 3303, 6119, 367, 23152, 29935, 54386, 7157, 25976}","SOX2, MYC, NR2C2, KLF8, CEBPA, SLC31A1, H4C1, RBBP4, NFIX, TUSC3, BANP, CBX3, APEX1, ELAVL1, PRKN, ELK3, SMC5, RPA1, LIN52, RPA2, HSPA1A, RPA3, AR, CIC, RPA4, TERF2IP, TP53, TIPARP",2025,28,0.0138271604938271,7.861870463717899
1891,ECH1,"1891, 27335, 3191, 3963, 5714, 81","ECH1, EIF3K, HNRNPL, LGALS7, PSMD8, ACTN4",81,ACTN4,163131,ZNF780B,81,163131,False,{83478},ARHGAP24,368,1,0.0027173913043478,1.7350735897960228
1891,ECH1,"1891, 27335, 3191, 3963, 5714, 81","ECH1, EIF3K, HNRNPL, LGALS7, PSMD8, ACTN4",3191,HNRNPL,503834,DPRX,3191,503834,False,"{2597, 463, 84464, 7284, 6742}","GAPDH, ZFHX3, SLX4, TUFM, SSBP1",1976,5,0.0025303643724696,1.6865826105213222
1894,ECT2,"1894, 57552","ECT2, NCEH1",1894,ECT2,54468,MIOS,1894,54468,False,"{57664, 641, 25831, 79726, 112399, 8878, 5071, 2099, 27252, 440730, 6396}","PLEKHA4, BLM, HECTD1, WDR59, EGLN3, SQSTM1, PRKN, ESR1, KLHL20, TRIM67, SEC13",942,11,0.0116772823779193,3.685182892923408
1936,EEF1D,"1936, 79792","EEF1D, GSDMD",1936,EEF1D,116228,COX20,1936,116228,False,"{57664, 6117, 5894, 6119, 54764, 26135}","PLEKHA4, RPA1, RAF1, RPA3, ZRANB1, SERBP1",359,6,0.0167130919220055,4.064992080787616
1974,EIF4A2,"1974, 51726, 5984, 6434","EIF4A2, DNAJB11, RFC4, TRA2B",6434,TRA2B,4605,MYBL2,6434,4605,False,"{4609, 6657, 899, 2316, 142, 8726, 1050, 8359, 9775, 348995, 29894, 2130, 1107, 1108, 23512, 81631, 2146, 2033, 7157, 25976}","MYC, SOX2, CCNF, FLNA, PARP1, EED, CEBPA, H4C1, EIF4A3, NUP43, CPSF1, EWSR1, CHD3, CHD4, SUZ12, MAP1LC3B, EZH2, EP300, TP53, TIPARP",462,20,0.0432900432900432,12.432905027539178
1974,EIF4A2,"1974, 51726, 5984, 6434","EIF4A2, DNAJB11, RFC4, TRA2B",5984,RFC4,54468,MIOS,5984,54468,False,"{57664, 641, 8452, 25831, 4204, 8878, 5071, 4914, 2100, 440730}","PLEKHA4, BLM, CUL3, HECTD1, MECP2, SQSTM1, PRKN, NTRK1, ESR2, TRIM67",276,10,0.036231884057971,8.445687963518022
203054,ADCK5,203054,ADCK5,203054,ADCK5,51575,ESF1,203054,51575,False,set(),,161,0,0.0,0.0
208,AKT2,"208, 5704, 8857, 9149","AKT2, PSMC4, FCGBP, DYRK1B",5704,PSMC4,2926,GRSF1,5704,2926,False,"{4609, 899, 8452, 1540, 5894, 5771, 7182, 51343, 54542, 9361, 10131, 8473, 440730, 7328, 4904, 56257, 1351, 54472, 65992, 330, 1743, 23376, 5071, 3069, 5716, 3028, 9690, 3428, 54764, 367, 9584, 10482, 5621, 51574, 4343, 5245, 117246, 9343}","MYC, CCNF, CUL3, CYLD, RAF1, PTPN2, NR2C2, FZR1, RC3H2, LONP1, TRAP1, OGT, TRIM67, UBE2H, YBX1, MEPCE, COX8A, TOLLIP, DDRGK1, BIRC3, DLST, UFL1, PRKN, HDLBP, PSMD10, HSD17B10, UBE3C, IFI16, ZRANB1, AR, RBM39, NXF1, PRNP, LARP7, MOV10, PHB1, FTSJ3, EFTUD2",800,38,0.0475,14.211671550468044
208,AKT2,"208, 5704, 8857, 9149","AKT2, PSMC4, FCGBP, DYRK1B",5704,PSMC4,3960,LGALS4,5704,3960,False,"{1080, 5894}","CFTR, RAF1",345,2,0.0057971014492753,1.3430429588665986
208,AKT2,"208, 5704, 8857, 9149","AKT2, PSMC4, FCGBP, DYRK1B",5704,PSMC4,4001,LMNB1,5704,4001,False,"{4609, 899, 8452, 4869, 5894, 10121, 7182, 79890, 7316, 90007, 22938, 29979, 1051, 440730, 79902, 3738, 7328, 672, 8091, 55716, 6184, 6185, 8872, 3880, 10540, 8237, 10155, 4914, 79155, 23476, 10551, 1080, 9401, 57664, 29126, 65992, 330, 1743, 9040, 23376, 5071, 10963, 11091, 6615, 6745, 203228, 8924, 83932, 2912, 90850, 151011, 23524, 6117, 6118, 3303, 26471, 6119, 25962, 54764, 367, 25840, 3312, 9584, 7157, 2554, 3069}","MYC, CCNF, CUL3, NPM1, RAF1, ACTR1A, NR2C2, RIN3, UBC, MIDN, SNW1, UBQLN1, CEBPB, TRIM67, NUP85, KCNA3, UBE2H, BRCA1, HMGA2, LMBR1L, RPN1, RPN2, CDC123, KRT19, DCTN2, USP11, TRIM28, NTRK1, TNIP2, BRD4, AGR2, CFTR, RECQL4, PLEKHA4, CD274, DDRGK1, BIRC3, DLST, UBE2M, UFL1, PRKN, STIP1, WDR5, SNAI1, SSR1, C9orf72, HERC2, SPRTN, GRM2, ZNF598, SEPTIN10, SRRM2, RPA1, RPA2, HSPA1A, NUPR1, RPA3, VIRMA, ZRANB1, AR, TMT1A, HSPA8, RBM39, TP53, GABRA1, HDLBP",850,66,0.0776470588235294,35.49314617786029
208,AKT2,"208, 5704, 8857, 9149","AKT2, PSMC4, FCGBP, DYRK1B",5704,PSMC4,23144,ZC3H3,5704,23144,False,"{4904, 54764, 10482, 51574, 4343, 117246}","YBX1, ZRANB1, NXF1, LARP7, MOV10, FTSJ3",545,6,0.0110091743119266,0.7280911363201643
208,AKT2,"208, 5704, 8857, 9149","AKT2, PSMC4, FCGBP, DYRK1B",5704,PSMC4,25937,WWTR1,5704,25937,False,"{8458, 5518, 51474, 63893, 8473, 9113, 4131, 5682, 23476, 328, 54859, 9040, 988, 10592, 57698, 90850, 10606, 9070, 7153, 7157, 7158, 3831, 23291, 3069}","TTF2, PPP2R1A, LIMA1, UBE2O, OGT, LATS1, MAP1B, PSMA1, BRD4, APEX1, ELP6, UBE2M, CDC5L, SMC2, SHTN1, ZNF598, PAICS, ASH2L, TOP2A, TP53, TP53BP1, KLC1, FBXW11, HDLBP",689,24,0.034833091436865,7.593646808992314
208,AKT2,"208, 5704, 8857, 9149","AKT2, PSMC4, FCGBP, DYRK1B",5704,PSMC4,26065,LSM14A,5704,26065,False,"{4609, 899, 5894, 54542, 11279, 83855, 8473, 29978, 1050, 1051, 440730, 7328, 23586, 8872, 4904, 10801, 4914, 9401, 57664, 56257, 29126, 328, 3276, 5071, 23376, 6615, 5727, 10598, 54764, 7157, 51574, 4343, 10614}","MYC, CCNF, RAF1, RC3H2, KLF8, KLF16, OGT, UBQLN2, CEBPA, CEBPB, TRIM67, UBE2H, RIGI, CDC123, YBX1, SEPTIN9, NTRK1, RECQL4, PLEKHA4, MEPCE, CD274, APEX1, PRMT1, PRKN, UFL1, SNAI1, PTCH1, AHSA1, ZRANB1, TP53, LARP7, MOV10, HEXIM1",533,33,0.0619136960600375,20.39890938287412
208,AKT2,"208, 5704, 8857, 9149","AKT2, PSMC4, FCGBP, DYRK1B",5704,PSMC4,51343,FZR1,5704,51343,True,"{4609, 1540, 5683, 5684, 5685, 10294, 5686, 5687, 6201, 10808, 5688, 5689, 5690, 5691, 5693, 5695, 5692, 5700, 5701, 70, 5702, 5705, 5706, 5707, 5708, 5709, 5710, 5713, 5714, 5204, 5717, 5718, 5719, 5721, 4217, 5245, 9343, 9861, 4751, 7314, 29882, 10963, 7917, 54512, 3312, 10482, 4343, 4869, 8458, 3856, 790, 29978, 11047, 4904, 5928, 10540, 8500, 9532, 57154, 328, 55626, 10059, 11091, 10075, 10592, 5985, 10598, 367, 9584, 51574, 5496, 5500, 25980, 894, 899, 10121, 5518, 5520, 63893, 5537, 10155, 1981, 5071, 3028, 10197, 988, 83932, 23524, 10213, 7157, 3069}","MYC, CYLD, PSMA2, PSMA3, PSMA4, DNAJA2, PSMA5, PSMA6, RPS7, HSPH1, PSMA7, PSMB1, PSMB2, PSMB3, PSMB5, PSMB7, PSMB4, PSMC1, PSMC2, ACTC1, PSMC3, PSMC5, PSMC6, PSMD1, PSMD2, PSMD3, PSMD4, PSMD7, PSMD8, PFDN5, PSMD11, PSMD12, PSMD13, PSME2, MAP3K5, PHB1, EFTUD2, PSMD6, NEK2, UBB, ANAPC2, STIP1, BAG6, EXOSC4, HSPA8, NXF1, MOV10, NPM1, TTF2, KRT8, CAD, UBQLN2, ADRM1, YBX1, RBBP4, DCTN2, PPFIA1, BAG2, SMURF1, APEX1, AMBRA1, DNM1L, WDR5, HUWE1, SMC2, RFC5, AHSA1, AR, RBM39, LARP7, PPM1G, PPP1CB, AAR2, CCND2, CCNF, ACTR1A, PPP2R1A, PPP2R2A, UBE2O, PPP6C, TRIM28, EIF4G1, PRKN, HSD17B10, PSME3, CDC5L, SPRTN, SRRM2, PSMD14, TP53, HDLBP",1352,91,0.0673076923076923,38.48792594283786
208,AKT2,"208, 5704, 8857, 9149","AKT2, PSMC4, FCGBP, DYRK1B",208,AKT2,57817,HAMP,208,57817,False,set(),,121,0,0.0,0.0
208,AKT2,"208, 5704, 8857, 9149","AKT2, PSMC4, FCGBP, DYRK1B",5704,PSMC4,64745,METTL17,5704,64745,False,"{5597, 56257, 899, 5894, 328, 26263, 54764, 1743, 5071, 9361, 4627, 3028, 10614, 7415, 9401, 5500, 5245}","MAPK6, MEPCE, CCNF, RAF1, APEX1, FBXO22, ZRANB1, DLST, PRKN, LONP1, MYH9, HSD17B10, HEXIM1, VCP, RECQL4, PPP1CB, PHB1",710,17,0.0239436619718309,3.468671855516148
208,AKT2,"208, 5704, 8857, 9149","AKT2, PSMC4, FCGBP, DYRK1B",5704,PSMC4,91750,LIN52,5704,91750,False,"{5928, 4609, 1050, 79155}","RBBP4, MYC, CEBPA, TNIP2",369,4,0.010840108401084,2.1469114610506392
208,AKT2,"208, 5704, 8857, 9149","AKT2, PSMC4, FCGBP, DYRK1B",208,AKT2,147965,FAM98C,208,147965,False,"{57664, 899}","PLEKHA4, CCNF",122,2,0.0163934426229508,3.2923899015395106
208,AKT2,"208, 5704, 8857, 9149","AKT2, PSMC4, FCGBP, DYRK1B",8857,FCGBP,284459,ZNF875,8857,284459,False,{8452},CUL3,18,1,0.0555555555555555,2.523226345941471
208,AKT2,"208, 5704, 8857, 9149","AKT2, PSMC4, FCGBP, DYRK1B",5704,PSMC4,286053,NSMCE2,5704,286053,False,"{672, 4609, 54764, 8452}","BRCA1, MYC, ZRANB1, CUL3",361,4,0.0110803324099723,2.4389508729487868
208,AKT2,"208, 5704, 8857, 9149","AKT2, PSMC4, FCGBP, DYRK1B",5704,PSMC4,342897,NCCRP1,5704,342897,False,"{4609, 899, 1540, 29126, 8872, 54764, 3312, 5621, 10678, 1080, 8924, 414301}","MYC, CCNF, CYLD, CD274, CDC123, ZRANB1, HSPA8, PRNP, B3GNT2, CFTR, HERC2, DDI1",420,12,0.0285714285714285,6.792569154014535
2122,MECOM,2122,MECOM,2122,MECOM,10096,ACTR3,2122,10096,False,"{6657, 51429, 6597, 6950, 7273, 7082, 908, 813, 142, 4591, 10576, 3185, 9584, 3187, 54033, 10097, 7157, 8826}","SOX2, SNX9, SMARCA4, TCP1, TTN, TJP1, CCT6A, CALU, PARP1, TRIM37, CCT2, HNRNPF, RBM39, HNRNPH1, RBM11, ACTR2, TP53, IQGAP1",625,18,0.0288,5.360055640211787
2122,MECOM,2122,MECOM,2122,MECOM,23047,PDS5B,2122,23047,False,"{1058, 9126, 11335, 8359, 328, 25962, 3276, 142, 10735, 8243, 79155, 25976, 8350}","CENPA, SMC3, CBX3, H4C1, APEX1, VIRMA, PRMT1, PARP1, STAG2, SMC1A, TNIP2, TIPARP, H3C1",516,13,0.0251937984496124,4.83653436473105
2146,EZH2,"2146, 8454","EZH2, CUL1",2146,EZH2,10959,TMED2,2146,10959,False,"{9601, 81542, 10514, 22931, 81562, 440730, 23326, 1314, 5036, 813, 2099, 6836, 821, 1727, 1994, 9554, 55379, 81876, 6231, 10972, 476, 8668, 5861, 5862, 10857, 11113, 54764, 58477, 3309, 3312}","PDIA4, TMX1, MYBBP1A, RAB18, LMAN2L, TRIM67, USP22, COPA, PA2G4, CALU, ESR1, SURF4, CANX, CYB5R3, ELAVL1, SEC22B, LRRC59, RAB1B, RPS26, TMED10, ATP1A1, EIF3I, RAB1A, RAB2A, PGRMC1, CIT, ZRANB1, SRPRB, HSPA5, HSPA8",1558,30,0.0192554557124518,7.85205806443054
2271,FH,2271,FH,2271,FH,439,GET3,2271,439,False,"{55968, 3303, 3312, 83639, 440730, 10551}","NSFL1C, HSPA1A, HSPA8, TEX101, TRIM67, AGR2",266,6,0.0225563909774436,3.5816943001464256
2271,FH,2271,FH,2271,FH,892,CCNC,2271,892,False,"{6118, 5071}","RPA2, PRKN",346,2,0.0057803468208092,0.1771696177272614
2271,FH,2271,FH,2271,FH,4146,MATN1,2271,4146,False,set(),,173,0,0.0,0.0
2271,FH,2271,FH,2271,FH,6814,STXBP3,2271,6814,False,"{57664, 6118, 7531, 83442, 10551, 440730}","PLEKHA4, RPA2, YWHAE, SH3BGRL3, AGR2, TRIM67",249,6,0.0240963855421686,3.994492078556728
2271,FH,2271,FH,2271,FH,6885,MAP3K7,2271,6885,False,"{7430, 29968, 7317, 56616, 7086, 7345, 191, 57664, 3276, 5071, 471, 217, 219, 4191, 79839, 2146, 1892, 6118, 3303, 2665, 5226, 7531, 29035, 873, 5230, 54764, 6648, 4478}","EZR, PSAT1, UBA1, DIABLO, TKT, UCHL1, AHCY, PLEKHA4, PRMT1, PRKN, ATIC, ALDH2, ALDH1B1, MDH2, CCDC102B, EZH2, ECHS1, RPA2, HSPA1A, GDI2, PGD, YWHAE, HAPSTR1, CBR1, PGK1, ZRANB1, SOD2, MSN",500,28,0.056,18.62779478351223
2271,FH,2271,FH,2271,FH,6996,TDG,2271,6996,False,{26135},SERBP1,224,1,0.0044642857142857,0.4064879508184479
2271,FH,2271,FH,2271,FH,7296,TXNRD1,2271,7296,False,"{57664, 55163, 6118, 3303, 5834, 219, 5071, 10551, 440730, 1371}","PLEKHA4, PNPO, RPA2, HSPA1A, PYGB, ALDH1B1, PRKN, AGR2, TRIM67, CPOX",258,10,0.0387596899224806,7.867009744164753
2271,FH,2271,FH,2271,FH,7411,VBP1,2271,7411,True,"{3303, 56616, 7531, 54764, 219, 55699, 7317, 7511, 217, 440730, 1051}","HSPA1A, DIABLO, YWHAE, ZRANB1, ALDH1B1, IARS2, UBA1, XPNPEP1, ALDH2, TRIM67, CEBPB",350,11,0.0314285714285714,6.148562798664311
2271,FH,2271,FH,2271,FH,7940,LST1,2271,7940,False,set(),,168,0,0.0,0.0
2271,FH,2271,FH,2271,FH,9525,VPS4B,2271,9525,False,"{57664, 54764, 5071, 3312, 26135, 8473, 440730}","PLEKHA4, ZRANB1, PRKN, HSPA8, SERBP1, OGT, TRIM67",242,7,0.0289256198347107,5.2150635909336645
2271,FH,2271,FH,2271,FH,9913,SUPT7L,2271,9913,False,"{57664, 8359}","PLEKHA4, H4C1",231,2,0.0086580086580086,0.9647790932519772
2271,FH,2271,FH,2271,FH,10109,ARPC2,2271,10109,False,"{800, 2146, 6118, 7529, 330, 54764, 10318, 5071, 152273, 10551, 1017, 440730}","CALD1, EZH2, RPA2, YWHAB, BIRC3, ZRANB1, TNIP1, PRKN, FGD5, AGR2, CDK2, TRIM67",326,12,0.0368098159509202,7.666974738419957
2271,FH,2271,FH,2271,FH,10296,MAEA,2271,10296,False,"{8803, 3276, 7534, 5071, 440730}","SUCLA2, PRMT1, YWHAZ, PRKN, TRIM67",303,5,0.0165016501650165,2.173322633010776
2271,FH,2271,FH,2271,FH,23291,FBXW11,2271,23291,False,"{57664, 2146, 7529, 1738, 7531, 7532, 54764, 7534, 5071, 7317, 8473}","PLEKHA4, EZH2, YWHAB, DLD, YWHAE, YWHAG, ZRANB1, YWHAZ, PRKN, UBA1, OGT",616,11,0.0178571428571428,2.791114810801233
2271,FH,2271,FH,2271,FH,24137,KIF4A,2271,24137,False,"{57664, 6118, 8359, 3018, 3020, 54764, 5071, 440730, 51547}","PLEKHA4, RPA2, H4C1, H2BC3, H3-3A, ZRANB1, PRKN, TRIM67, SIRT7",256,9,0.03515625,6.84556577271992
2271,FH,2271,FH,2271,FH,51441,YTHDF2,2271,51441,False,"{57664, 6118, 8359, 29035, 3276, 7532, 54764, 5071, 26135, 8473, 440730, 1051}","PLEKHA4, RPA2, H4C1, HAPSTR1, PRMT1, YWHAG, ZRANB1, PRKN, SERBP1, OGT, TRIM67, CEBPB",455,12,0.0263736263736263,5.087322558274177
2271,FH,2271,FH,2271,FH,56169,GSDMC,2271,56169,False,set(),,170,0,0.0,0.0
2271,FH,2271,FH,2271,FH,56970,ATXN7L3,2271,56970,False,{8359},H4C1,211,1,0.0047393364928909,0.4909589746261078
2271,FH,2271,FH,2271,FH,64321,SOX17,2271,64321,False,{6742},SSBP1,244,1,0.0040983606557377,0.3139660241930816
2271,FH,2271,FH,2271,FH,221476,PI16,2271,221476,False,set(),,171,0,0.0,0.0
2271,FH,2271,FH,2271,FH,339559,ZFP69,2271,339559,False,set(),,166,0,0.0,0.0
22827,PUF60,"22827, 23513, 286077, 340371, 5339, 83481","PUF60, SCRIB, FAM83H, NRBP2, PLEC, EPPK1",22827,PUF60,116228,COX20,22827,116228,False,"{57664, 6117, 5894, 6119, 54764}","PLEKHA4, RPA1, RAF1, RPA3, ZRANB1",401,5,0.0124688279301745,2.8613494383995826
2288,FKBP4,2288,FKBP4,2288,FKBP4,64858,DCLRE1B,2288,64858,False,"{672, 3308, 3312, 3303}","BRCA1, HSPA4, HSPA8, HSPA1A",301,4,0.0132890365448504,2.997965480193528
2288,FKBP4,2288,FKBP4,2288,FKBP4,114034,TOE1,2288,114034,False,"{7328, 4609, 2146, 57664, 9733, 5894, 8473, 6117, 6119, 54443, 10155, 54764, 5071, 2130, 2099, 26233, 440730}","UBE2H, MYC, EZH2, PLEKHA4, SART3, RAF1, OGT, RPA1, RPA3, ANLN, TRIM28, ZRANB1, PRKN, EWSR1, ESR1, FBXL6, TRIM67",392,17,0.0433673469387755,11.255438753987
22916,NCBP2,"22916, 5062, 54965","NCBP2, PAK2, PIGX",22916,NCBP2,54468,MIOS,22916,54468,False,"{57664, 2099, 2100, 6829}","PLEKHA4, ESR1, ESR2, SUPT5H",189,4,0.0211640211640211,3.049487427736908
22916,NCBP2,"22916, 5062, 54965","NCBP2, PAK2, PIGX",5062,PAK2,85440,DOCK7,5062,85440,False,"{1152, 6657, 4609, 388, 3845, 5894, 3738, 440730, 4646, 4914, 1213, 148932, 9928, 5071, 5720, 6118, 998, 7529, 3945, 7531, 7532, 54509, 3309, 7533, 7534, 54764, 2033, 2932, 5879, 25976, 2810, 6780}","CKB, SOX2, MYC, RHOB, KRAS, RAF1, KCNA3, TRIM67, MYO6, NTRK1, CLTC, MOB3C, KIF14, PRKN, PSME1, RPA2, CDC42, YWHAB, LDHB, YWHAE, YWHAG, RHOF, HSPA5, YWHAH, YWHAZ, ZRANB1, EP300, GSK3B, RAC1, TIPARP, SFN, STAU1",400,32,0.08,26.750777224976343
22916,NCBP2,"22916, 5062, 54965","NCBP2, PAK2, PIGX",5062,PAK2,132660,LIN54,5062,132660,False,"{6657, 4609, 6117, 5702, 6118, 3303, 6119, 1994, 7182, 5071, 29935, 25976, 1050, 5371}","SOX2, MYC, RPA1, PSMC3, RPA2, HSPA1A, RPA3, ELAVL1, NR2C2, PRKN, RPA4, TIPARP, CEBPA, PML",261,14,0.053639846743295,13.035727662839616
23012,STK38L,23012,STK38L,23012,STK38L,2122,MECOM,23012,2122,False,"{25962, 5987, 3276}","VIRMA, TRIM27, PRMT1",424,3,0.0070754716981132,0.8660316858551738
23012,STK38L,23012,STK38L,23012,STK38L,6597,SMARCA4,23012,6597,False,"{8353, 6117, 6118, 25962, 54764, 440730, 23152, 7706, 7994, 26270}","H3C6, RPA1, RPA2, VIRMA, ZRANB1, TRIM67, CIC, TRIM25, KAT6A, FBXO6",462,10,0.0216450216450216,5.787844299746642
23012,STK38L,23012,STK38L,23012,STK38L,10762,NUP50,23012,10762,False,"{23586, 9924, 6117, 6118, 25962, 54764, 9040, 3191, 440730}","RIGI, PAN2, RPA1, RPA2, VIRMA, ZRANB1, UBE2M, HNRNPL, TRIM67",398,9,0.0226130653266331,5.502393811250321
23012,STK38L,23012,STK38L,23012,STK38L,23047,PDS5B,23012,23047,False,"{11329, 6117, 6118, 25962, 113130, 3276, 54764, 440730, 7706}","STK38, RPA1, RPA2, VIRMA, CDCA5, PRMT1, ZRANB1, TRIM67, TRIM25",237,9,0.0379746835443038,7.907774222698033
23085,ERC1,23085,ERC1,23085,ERC1,6158,RPL28,23085,6158,False,"{4609, 1540, 8452, 7316, 9493, 3738, 7706, 1051, 440730, 9343, 672, 4137, 54443, 54455, 10551, 57664, 832, 9924, 9928, 5195, 6733, 5071, 79829, 5216, 11113, 54764, 6124, 1781, 8314, 6780, 1022, 6143}","MYC, CYLD, CUL3, UBC, KIF23, KCNA3, TRIM25, CEBPB, TRIM67, EFTUD2, BRCA1, MAPT, ANLN, FBXO42, AGR2, PLEKHA4, CAPZB, PAN2, KIF14, PEX14, SRPK2, PRKN, NAA40, PFN1, CIT, ZRANB1, RPL4, DYNC1I2, BAP1, STAU1, CDK7, RPL19",582,32,0.0549828178694158,19.61626899466865
23085,ERC1,23085,ERC1,23085,ERC1,23047,PDS5B,23085,23047,False,"{57664, 4609, 55716, 9928, 328, 11113, 25962, 54764, 440730, 7706, 351}","PLEKHA4, MYC, LMBR1L, KIF14, APEX1, CIT, VIRMA, ZRANB1, TRIM67, TRIM25, APP",341,11,0.032258064516129,6.330323189961077
23085,ERC1,23085,ERC1,23085,ERC1,64858,DCLRE1B,23085,64858,False,{672},BRCA1,210,1,0.0047619047619047,0.5922500286879537
23085,ERC1,23085,ERC1,23085,ERC1,387893,KMT5A,23085,387893,False,"{9928, 1540}","KIF14, CYLD",254,2,0.0078740157480314,0.8148576406657291
23094,SIPA1L3,23094,SIPA1L3,23094,SIPA1L3,2491,CENPI,23094,2491,False,{25962},VIRMA,143,1,0.0069930069930069,0.7666179170058091
23094,SIPA1L3,23094,SIPA1L3,23094,SIPA1L3,7919,DDX39B,23094,7919,False,"{899, 5894, 7431, 55054, 7184, 4627, 4641, 4646, 54443, 2731, 10413, 79155, 2100, 2810, 60, 830, 832, 399687, 1994, 6733, 1499, 26471, 999, 25962, 7532, 8940, 54764, 4591, 9584, 3191, 8826, 3069}","CCNF, RAF1, VIM, ATG16L1, HSP90B1, MYH9, MYO1C, MYO6, ANLN, GLDC, YAP1, TNIP2, ESR2, SFN, ACTB, CAPZA2, CAPZB, MYO18A, ELAVL1, SRPK2, CTNNB1, NUPR1, CDH1, VIRMA, YWHAG, TOP3B, ZRANB1, TRIM37, RBM39, HNRNPL, IQGAP1, HDLBP",635,32,0.0503937007874015,23.29472072576729
23094,SIPA1L3,23094,SIPA1L3,23094,SIPA1L3,10440,TIMM17A,23094,10440,False,set(),,129,0,0.0,0.0
23094,SIPA1L3,23094,SIPA1L3,23094,SIPA1L3,51343,FZR1,23094,51343,False,"{6657, 899, 7431, 3856, 405, 26524, 54443, 29882, 830, 1859, 22981, 9928, 163786, 1994, 1499, 7531, 7532, 7533, 7534, 8940, 9584, 3191, 5500, 3069}","SOX2, CCNF, VIM, KRT8, ARNT, LATS2, ANLN, ANAPC2, CAPZA2, DYRK1A, NINL, KIF14, SASS6, ELAVL1, CTNNB1, YWHAE, YWHAG, YWHAH, YWHAZ, TOP3B, RBM39, HNRNPL, PPP1CB, HDLBP",1205,24,0.0199170124481327,8.143067969208808
23094,SIPA1L3,23094,SIPA1L3,23094,SIPA1L3,54458,PRR13,23094,54458,False,set(),,164,0,0.0,0.0
23094,SIPA1L3,23094,SIPA1L3,23094,SIPA1L3,57534,MIB1,23094,57534,False,"{23299, 163, 5829, 9928, 25962, 7082, 163786, 8940, 8878, 112399, 689, 2100, 161176, 6491, 636, 9662, 51199}","BICD2, AP2B1, PXN, KIF14, VIRMA, TJP1, SASS6, TOP3B, SQSTM1, EGLN3, BTF3, ESR2, SYNE3, STIL, BICD1, CEP135, NIN",382,17,0.0445026178010471,12.42206931955958
23094,SIPA1L3,23094,SIPA1L3,23094,SIPA1L3,57622,LRFN1,23094,57622,False,"{4301, 8940, 26037}","AFDN, TOP3B, SIPA1L1",233,3,0.0128755364806866,1.489604064881939
23094,SIPA1L3,23094,SIPA1L3,23094,SIPA1L3,64965,MRPS9,23094,64965,False,"{6657, 1994, 54443, 154796, 54764, 55054, 8878, 9584, 2099, 56852, 2100}","SOX2, ELAVL1, ANLN, AMOT, ZRANB1, ATG16L1, SQSTM1, RBM39, ESR1, RAD18, ESR2",466,11,0.0236051502145922,5.238684078740207
23094,SIPA1L3,23094,SIPA1L3,23094,SIPA1L3,91750,LIN52,23094,91750,False,"{1859, 79155, 3191}","DYRK1A, TNIP2, HNRNPL",154,3,0.0194805194805194,2.657013433107561
23094,SIPA1L3,23094,SIPA1L3,23094,SIPA1L3,132660,LIN54,23094,132660,False,"{6657, 1994}","SOX2, ELAVL1",197,2,0.0101522842639593,1.0639748331458991
23094,SIPA1L3,23094,SIPA1L3,23094,SIPA1L3,163131,ZNF780B,23094,163131,False,set(),,111,0,0.0,0.0
23094,SIPA1L3,23094,SIPA1L3,23094,SIPA1L3,503834,DPRX,23094,503834,False,set(),,127,0,0.0,0.0
23126,POGZ,"23126, 5298, 57530, 57592, 5993, 8991","POGZ, PI4KB, CGN, ZNF687, RFX5, SELENBP1",57530,CGN,5879,RAC1,57530,5879,False,"{85377, 153090, 5894, 9223, 51474, 83987, 5783, 5784, 9113, 440730, 4763, 100506658, 23586, 7074, 1452, 55607, 399687, 9928, 3146, 23380, 1495, 84445, 9826, 6117, 998, 6118, 6119, 9833, 490, 7532, 54893, 7534, 51564, 85360, 344558, 55667, 9462, 90102, 8826, 116987, 3069}","MICALL1, DAB2IP, RAF1, MAGI1, LIMA1, CCDC8, PTPN13, PTPN14, LATS1, TRIM67, NF1, OCLN, RIGI, TIAM1, CSNK1A1, PPP1R9A, MYO18A, KIF14, HMGB1, SRGAP2, CTNNA1, LZTS2, ARHGEF11, RPA1, CDC42, RPA2, RPA3, MELK, ATP2B1, YWHAG, MTMR10, YWHAZ, HDAC7, SYDE1, SH3RF3, DENND4C, RASAL2, PHLDB2, IQGAP1, AGAP1, HDLBP",1090,41,0.0376146788990825,19.497050593109684
23126,POGZ,"23126, 5298, 57530, 57592, 5993, 8991","POGZ, PI4KB, CGN, ZNF687, RFX5, SELENBP1",23126,POGZ,7186,TRAF2,23126,7186,False,"{4609, 55041, 6660, 57862, 51592, 64778, 255374, 440730, 6045, 6047, 4899, 7716, 6310, 10413, 2100, 10551, 54971, 57664, 328, 51274, 330, 5071, 9555, 54870, 2908, 7133, 6118, 54764, 9841, 3316, 2553, 6780, 55294}","MYC, PLEKHB2, SOX5, ZNF410, TRIM33, FNDC3B, MBLAC1, TRIM67, RNF2, RNF4, NRF1, VEZF1, ATXN1, YAP1, ESR2, AGR2, BANP, PLEKHA4, APEX1, KLF3, BIRC3, PRKN, MACROH2A1, QRICH1, NR3C1, TNFRSF1B, RPA2, ZRANB1, ZBTB24, HSPB2, GABPB1, STAU1, FBXW7",813,33,0.040590405904059,11.809839717242763
23126,POGZ,"23126, 5298, 57530, 57592, 5993, 8991","POGZ, PI4KB, CGN, ZNF687, RFX5, SELENBP1",57592,ZNF687,7490,WT1,57592,7490,False,"{1856, 4609, 54764, 7182, 1050, 4221}","DVL2, MYC, ZRANB1, NR2C2, CEBPA, MEN1",173,6,0.0346820809248554,5.690419394188949
23126,POGZ,"23126, 5298, 57530, 57592, 5993, 8991","POGZ, PI4KB, CGN, ZNF687, RFX5, SELENBP1",23126,POGZ,7716,VEZF1,23126,7716,True,"{4613, 5894, 6671, 729233, 100528019, 11030, 3096, 729240, 1050, 130074, 414236, 729246, 6047, 8352, 729250, 4899, 8359, 10919, 2354, 2100, 10551, 54971, 4800, 9410, 11077, 122183, 28999, 9802, 3020, 5071, 7248, 54738, 5204, 2004, 8022, 337879, 23137, 26086, 4204, 54764, 3316}","MYCN, RAF1, SP4, PRR20B, 100528019, RBPMS, HIVEP1, PRR20C, CEBPA, FAM168B, 414236, PRR20D, RNF4, H3C3, PRR20E, NRF1, H4C1, EHMT2, FOSB, ESR2, AGR2, BANP, NFYA, SNRNP40, HSF2BP, PRR20A, KLF15, DAZAP2, H3-3A, PRKN, TSC1, FEV, PFDN5, ELK3, LHX3, KRTAP8-1, SMC5, GPSM1, MECP2, ZRANB1, HSPB2",311,41,0.1318327974276527,52.61213003456385
23126,POGZ,"23126, 5298, 57530, 57592, 5993, 8991","POGZ, PI4KB, CGN, ZNF687, RFX5, SELENBP1",57530,CGN,9411,ARHGAP29,57530,9411,False,"{23586, 999, 7532, 4301, 7534, 5783, 9662}","RIGI, CDH1, YWHAG, AFDN, YWHAZ, PTPN13, CEP135",203,7,0.0344827586206896,6.404093204080282
23126,POGZ,"23126, 5298, 57530, 57592, 5993, 8991","POGZ, PI4KB, CGN, ZNF687, RFX5, SELENBP1",57530,CGN,9857,CEP350,57530,9857,False,"{5894, 83987, 9113, 7465, 154796, 23095, 9662, 163786, 1495, 6491, 10971, 6117, 6118, 23271, 7529, 7532, 7533, 10733, 2810}","RAF1, CCDC8, LATS1, WEE1, AMOT, KIF1B, CEP135, SASS6, CTNNA1, STIL, YWHAQ, RPA1, RPA2, CAMSAP2, YWHAB, YWHAG, YWHAH, PLK4, SFN",276,19,0.0688405797101449,17.779605336359204
23126,POGZ,"23126, 5298, 57530, 57592, 5993, 8991","POGZ, PI4KB, CGN, ZNF687, RFX5, SELENBP1",23126,POGZ,10093,ARPC4,23126,10093,False,"{57664, 4609, 6657, 6117, 6118, 6119, 2023, 54764, 6045, 440730, 5071, 10482, 2100, 4343, 7514, 6780, 10551}","PLEKHA4, MYC, SOX2, RPA1, RPA2, RPA3, ENO1, ZRANB1, RNF2, TRIM67, PRKN, NXF1, ESR2, MOV10, XPO1, STAU1, AGR2",394,17,0.0431472081218274,10.898160704326012
23126,POGZ,"23126, 5298, 57530, 57592, 5993, 8991","POGZ, PI4KB, CGN, ZNF687, RFX5, SELENBP1",5298,PI4KB,10490,VTI1B,5298,10490,False,"{7879, 5868, 10228, 9367, 55004, 1022}","RAB7A, RAB5A, STX6, RAB9A, LAMTOR1, CDK7",226,6,0.0265486725663716,5.2241834908935605
23126,POGZ,"23126, 5298, 57530, 57592, 5993, 8991","POGZ, PI4KB, CGN, ZNF687, RFX5, SELENBP1",23126,POGZ,10972,TMED10,23126,10972,False,"{57664, 6657, 2177, 6117, 6118, 3975, 6119, 54764, 11279, 83855, 440730, 2100, 1050, 6045, 6047}","PLEKHA4, SOX2, FANCD2, RPA1, RPA2, LHX1, RPA3, ZRANB1, KLF8, KLF16, TRIM67, ESR2, CEBPA, RNF2, RNF4",486,15,0.0308641975308641,6.181230465065317
23126,POGZ,"23126, 5298, 57530, 57592, 5993, 8991","POGZ, PI4KB, CGN, ZNF687, RFX5, SELENBP1",57530,CGN,25937,WWTR1,57530,25937,True,"{51474, 5783, 5784, 9113, 7706, 26524, 800, 7082, 54443, 154796, 23367, 23368, 4301, 1627, 10971, 84445, 7529, 7531, 7532, 7533, 7534, 7159, 3069}","LIMA1, PTPN13, PTPN14, LATS1, TRIM25, LATS2, CALD1, TJP1, ANLN, AMOT, LARP1, PPP1R13B, AFDN, DBN1, YWHAQ, LZTS2, YWHAB, YWHAE, YWHAG, YWHAH, YWHAZ, TP53BP2, HDLBP",509,23,0.0451866404715127,14.080969001436276
23126,POGZ,"23126, 5298, 57530, 57592, 5993, 8991","POGZ, PI4KB, CGN, ZNF687, RFX5, SELENBP1",57530,CGN,56288,PARD3,57530,56288,False,"{10112, 4609, 5894, 9223, 5783, 5784, 9113, 7706, 440730, 26524, 100506658, 7082, 154796, 26037, 9414, 9928, 23368, 4301, 25937, 1495, 10971, 84445, 144100, 6117, 998, 999, 6118, 7529, 6119, 7531, 7532, 7533, 7534, 29935, 490, 9462, 7159, 90102, 2810, 3069}","KIF20A, MYC, RAF1, MAGI1, PTPN13, PTPN14, LATS1, TRIM25, TRIM67, LATS2, OCLN, TJP1, AMOT, SIPA1L1, TJP2, KIF14, PPP1R13B, AFDN, WWTR1, CTNNA1, YWHAQ, LZTS2, PLEKHA7, RPA1, CDC42, CDH1, RPA2, YWHAB, RPA3, YWHAE, YWHAG, YWHAH, YWHAZ, RPA4, ATP2B1, RASAL2, TP53BP2, PHLDB2, SFN, HDLBP",389,40,0.1028277634961439,39.58883578362372
23126,POGZ,"23126, 5298, 57530, 57592, 5993, 8991","POGZ, PI4KB, CGN, ZNF687, RFX5, SELENBP1",57592,ZNF687,80232,WDR26,57592,80232,True,"{1856, 6657, 899, 8452, 54764, 23186, 23476, 51317, 63893, 114932, 3065, 440730, 23774}","DVL2, SOX2, CCNF, CUL3, ZRANB1, RCOR1, BRD4, PHF21A, UBE2O, MRFAP1L1, HDAC1, TRIM67, BRD1",271,13,0.047970479704797,10.856536951074249
23126,POGZ,"23126, 5298, 57530, 57592, 5993, 8991","POGZ, PI4KB, CGN, ZNF687, RFX5, SELENBP1",57592,ZNF687,151987,PPP4R2,57592,151987,False,"{1050, 6118, 23476, 1108, 440730, 51548}","CEBPA, RPA2, BRD4, CHD4, TRIM67, SIRT6",218,6,0.0275229357798165,4.399317298357243
23167,EFR3A,23167,EFR3A,23167,EFR3A,1871,E2F3,23167,1871,False,{1994},ELAVL1,164,1,0.0060975609756097,0.5693928382823521
23167,EFR3A,23167,EFR3A,23167,EFR3A,3006,H1-2,23167,3006,False,"{10112, 26471, 9928, 2697, 25962, 2099, 2100, 6045}","KIF20A, NUPR1, KIF14, GJA1, VIRMA, ESR1, ESR2, RNF2",744,8,0.010752688172043,1.6663015615700585
23200,ATP11B,"23200, 54165, 56922","ATP11B, DCUN1D1, MCCC1",56922,MCCC1,4605,MYBL2,56922,4605,False,"{4609, 23137, 899, 3066, 6117, 8359, 84464, 7157, 10202}","MYC, SMC5, CCNF, HDAC2, RPA1, H4C1, SLX4, TP53, DHRS2",301,9,0.0299003322259136,5.494269560327395
23200,ATP11B,"23200, 54165, 56922","ATP11B, DCUN1D1, MCCC1",56922,MCCC1,54468,MIOS,56922,54468,False,"{57664, 4914, 5071, 440730}","PLEKHA4, NTRK1, PRKN, TRIM67",234,4,0.017094017094017,2.5563129793959063
23246,BOP1,23246,BOP1,23246,BOP1,10902,BRD8,23246,10902,False,"{4609, 348995, 2091, 26354, 2099, 8339, 23476, 7157}","MYC, NUP43, FBL, GNL3, ESR1, H2BC8, BRD4, TP53",315,8,0.0253968253968253,4.351041478202525
23246,BOP1,23246,BOP1,23246,BOP1,94005,PIGS,23246,94005,False,"{57664, 9601, 6117, 6118, 6119, 5071, 2100, 440730}","PLEKHA4, PDIA4, RPA1, RPA2, RPA3, PRKN, ESR2, TRIM67",310,8,0.0258064516129032,4.4647859565614905
23246,BOP1,23246,BOP1,23246,BOP1,114822,RHPN1,23246,114822,False,set(),,233,0,0.0,0.0
23246,BOP1,23246,BOP1,23246,BOP1,116228,COX20,23246,116228,False,"{57664, 6117, 5894, 6119, 26135}","PLEKHA4, RPA1, RAF1, RPA3, SERBP1",225,5,0.0222222222222222,4.200033784420776
23350,U2SURP,23350,U2SURP,23350,U2SURP,11097,NUP42,23350,11097,False,"{23586, 3010, 4613, 6117, 129831, 81559, 65992, 6119, 10987, 6636, 10291, 4691, 3191, 6137, 6426, 6175}","RIGI, H1-6, MYCN, RPA1, RBM45, TRIM11, DDRGK1, RPA3, COPS5, SNRPF, SF3A1, NCL, HNRNPL, RPL13, SRSF1, RPLP0",467,16,0.0342612419700214,8.525507618869417
23509,POFUT1,"23509, 9371, 9777","POFUT1, KIF3B, TM9SF4",9371,KIF3B,509,ATP5F1C,9371,509,False,"{57664, 3329, 60485, 5705, 25962, 54764, 5071, 4914, 440730, 351}","PLEKHA4, HSPD1, SAV1, PSMC5, VIRMA, ZRANB1, PRKN, NTRK1, TRIM67, APP",445,10,0.0224719101123595,7.528725792390997
23509,POFUT1,"23509, 9371, 9777","POFUT1, KIF3B, TM9SF4",9777,TM9SF4,9373,PLAA,9777,9373,False,"{6117, 6118, 6119, 3916, 3312, 11250, 7157, 440730, 345757}","RPA1, RPA2, RPA3, LAMP1, HSPA8, GPR45, TP53, TRIM67, FAM174A",181,9,0.0497237569060773,9.159899391464291
23509,POFUT1,"23509, 9371, 9777","POFUT1, KIF3B, TM9SF4",23509,POFUT1,91746,YTHDC1,23509,91746,True,"{6117, 6118, 6119, 5071, 440730, 114907}","RPA1, RPA2, RPA3, PRKN, TRIM67, FBXO32",418,6,0.0143540669856459,4.279604534963038
23527,ACAP2,23527,ACAP2,23527,ACAP2,10096,ACTR3,23527,10096,False,"{7328, 832, 3428, 6119, 54764, 5071, 9584, 440730}","UBE2H, CAPZB, IFI16, RPA3, ZRANB1, PRKN, RBM39, TRIM67",328,8,0.024390243902439,6.414654659926225
254048,UBN2,254048,UBN2,254048,UBN2,8467,SMARCA5,254048,8467,False,"{8463, 8350, 1058, 8359, 5928, 5931, 10413, 2099, 2100, 6780, 11335, 51274, 3020, 3159, 23137, 6117, 6118, 6119, 25962, 367, 7157, 25976, 149628}","TEAD2, H3C1, CENPA, H4C1, RBBP4, RBBP7, YAP1, ESR1, ESR2, STAU1, CBX3, KLF3, H3-3A, HMGA1, SMC5, RPA1, RPA2, RPA3, VIRMA, AR, TP53, TIPARP, PYHIN1",455,23,0.0505494505494505,19.57731966615748
254048,UBN2,254048,UBN2,254048,UBN2,10959,TMED2,254048,10959,False,"{6117, 6118, 25962, 83855, 11279, 2801, 2099, 2100}","RPA1, RPA2, VIRMA, KLF16, KLF8, GOLGA2, ESR1, ESR2",207,8,0.038647342995169,7.104678238365238
254048,UBN2,254048,UBN2,254048,UBN2,25843,MOB4,254048,25843,False,"{6117, 6118, 4171, 2801, 2100, 25976}","RPA1, RPA2, MCM2, GOLGA2, ESR2, TIPARP",225,6,0.0266666666666666,4.44187953572986
254827,NAALADL2,254827,NAALADL2,254827,NAALADL2,595,CCND1,254827,595,False,{3191},HNRNPL,279,1,0.003584229390681,0.674857014437371
254827,NAALADL2,254827,NAALADL2,254827,NAALADL2,5894,RAF1,254827,5894,False,"{2064, 8452, 351}","ERBB2, CUL3, APP",1855,3,0.0016172506738544,0.6447984794104756
25852,ARMC8,"25852, 349565, 51163, 5291, 55179, 5947, 9276","ARMC8, NMNAT3, DBR1, PIK3CB, FAIM, RBP1, COPB2",9276,COPB2,4605,MYBL2,9276,4605,False,"{832, 4609, 1025, 899, 6117, 8520, 2033, 7157, 100128731}","CAPZB, MYC, CDK9, CCNF, RPA1, HAT1, EP300, TP53, OST4",484,9,0.018595041322314,3.047954908138294
25852,ARMC8,"25852, 349565, 51163, 5291, 55179, 5947, 9276","ARMC8, NMNAT3, DBR1, PIK3CB, FAIM, RBP1, COPB2",9276,COPB2,10440,TIMM17A,9276,10440,False,"{57664, 60481, 23274}","PLEKHA4, ELOVL5, CLEC16A",368,3,0.0081521739130434,2.371443116578281
25937,WWTR1,"25937, 4071, 51122","WWTR1, TM4SF1, COMMD2",25937,WWTR1,4605,MYBL2,25937,4605,False,"{832, 9219, 8359, 8458, 2186, 1387, 23309, 8463, 8467, 7157, 25942, 1213}","CAPZB, MTA2, H4C1, TTF2, BPTF, CREBBP, SIN3B, TEAD2, SMARCA5, TP53, SIN3A, CLTC",516,12,0.0232558139534883,4.705203227181348
25937,WWTR1,"25937, 4071, 51122","WWTR1, TM4SF1, COMMD2",25937,WWTR1,8773,SNAP23,25937,8773,False,"{56288, 867, 7430, 3309, 4301, 3799, 3069, 9342}","PARD3, CBL, EZR, HSPA5, AFDN, KIF5B, HDLBP, SNAP29",563,8,0.0142095914742451,1.5657645387410648
25937,WWTR1,"25937, 4071, 51122","WWTR1, TM4SF1, COMMD2",4071,TM4SF1,10440,TIMM17A,4071,10440,False,{7706},TRIM25,25,1,0.04,2.1782426358773166
26043,UBXN7,"26043, 5130, 7037","UBXN7, PCYT1A, TFRC",7037,TFRC,54468,MIOS,7037,54468,False,"{57664, 8519, 7879, 10410, 3916, 8878, 5071, 3920, 4914, 2099, 2100, 83478, 9367, 440730}","PLEKHA4, IFITM1, RAB7A, IFITM3, LAMP1, SQSTM1, PRKN, LAMP2, NTRK1, ESR1, ESR2, ARHGAP24, RAB9A, TRIM67",526,14,0.026615969581749,9.198775606405968
26043,UBXN7,"26043, 5130, 7037","UBXN7, PCYT1A, TFRC",7037,TFRC,85440,DOCK7,7037,85440,False,"{4609, 9601, 899, 388, 3845, 5879, 11021, 2064, 3738, 440730, 51741, 4893, 10013, 29984, 6047, 4646, 8872, 4914, 2100, 9529, 9532, 1213, 832, 4162, 8517, 55366, 29766, 9928, 5071, 4067, 998, 26471, 6118, 3945, 25962, 10987, 54764, 54509, 3309, 10094, 2033, 2932, 7157, 91894, 7415, 8314, 6780, 382}","MYC, PDIA4, CCNF, RHOB, KRAS, RAC1, RAB35, ERBB2, KCNA3, TRIM67, WWOX, NRAS, HDAC6, RHOD, RNF4, MYO6, CDC123, NTRK1, ESR2, BAG5, BAG2, CLTC, CAPZB, MCAM, IKBKG, LGR4, TMOD3, KIF14, PRKN, LYN, CDC42, NUPR1, RPA2, LDHB, VIRMA, COPS5, ZRANB1, RHOF, HSPA5, ARPC3, EP300, GSK3B, TP53, C11orf52, VCP, BAP1, STAU1, ARF6",669,48,0.0717488789237668,29.46655353165141
26043,UBXN7,"26043, 5130, 7037","UBXN7, PCYT1A, TFRC",26043,UBXN7,132660,LIN54,26043,132660,False,"{6657, 4609, 348995, 4802, 6118, 11335, 5071, 54386, 8339, 5080}","SOX2, MYC, NUP43, NFYC, RPA2, CBX3, PRKN, TERF2IP, H2BC8, PAX6",339,10,0.0294985250737463,6.619874246498238
26065,LSM14A,26065,LSM14A,26065,LSM14A,3856,KRT8,26065,3856,False,"{6657, 4609, 22919, 648, 23049, 8473, 64793, 56478, 9887, 7328, 8872, 54443, 2099, 3638, 56257, 51141, 54726, 23112, 328, 9931, 85451, 5071, 219988, 5599, 9698, 25831, 23019, 54764, 7157, 10614, 253943, 79868, 404734}","SOX2, MYC, MAPRE1, BMI1, SMG1, OGT, CEP85, EIF4ENIF1, SMG7, UBE2H, CDC123, ANLN, ESR1, INSIG1, MEPCE, INSIG2, OTUD4, TNRC6B, APEX1, HELZ, UNK, PRKN, PATL1, MAPK8, PUM1, HECTD1, CNOT1, ZRANB1, TP53, HEXIM1, YTHDF3, ALG13, 404734",632,33,0.0522151898734177,16.864891420119932
26065,LSM14A,26065,LSM14A,26065,LSM14A,7849,PAX8,26065,7849,False,"{23152, 23609, 84726}","CIC, MKRN2, PRRC2B",342,3,0.0087719298245614,0.8781479791683378
26065,LSM14A,26065,LSM14A,26065,LSM14A,7862,BRPF1,26065,7862,False,"{4609, 23586, 11004, 2100, 92312, 84444}","MYC, RIGI, KIF2C, ESR2, MEX3A, DOT1L",308,6,0.0194805194805194,3.579572227878724
26233,FBXL6,26233,FBXL6,26233,FBXL6,51575,ESF1,26233,51575,True,"{51202, 10762, 142, 83732, 65056, 6191, 6319, 11056, 2099, 8886, 26168, 23481, 6202, 55226, 29889, 29777, 6229, 25831, 488, 10482, 23411, 3192}","DDX47, NUP50, PARP1, RIOK1, GPBP1, RPS4X, SCD, DDX52, ESR1, DDX18, SENP3, PES1, RPS8, NAT10, GNL2, ABT1, RPS24, HECTD1, ATP2A2, NXF1, SIRT1, HNRNPU",703,22,0.0312944523470839,9.670588521105271
26958,COPG2,"26958, 51530","COPG2, ZC3HC1",26958,COPG2,8467,SMARCA5,26958,8467,False,"{4609, 899, 7182, 23186, 2324, 9493, 83478, 440730, 22938, 10155, 558, 51759, 4017, 4914, 2099, 2100, 57664, 5954, 10963, 79829, 114907, 988, 23137, 2146, 6117, 1894, 6118, 6119, 25962, 10987, 54764, 3309, 23028, 10614, 25976, 3065, 6780}","MYC, CCNF, NR2C2, RCOR1, FLT4, KIF23, ARHGAP24, TRIM67, SNW1, TRIM28, AXL, C9orf78, LOXL2, NTRK1, ESR1, ESR2, PLEKHA4, RCN1, STIP1, NAA40, FBXO32, CDC5L, SMC5, EZH2, RPA1, ECT2, RPA2, RPA3, VIRMA, COPS5, ZRANB1, HSPA5, KDM1A, HEXIM1, TIPARP, HDAC1, STAU1",504,37,0.0734126984126984,29.787495004901643
26958,COPG2,"26958, 51530","COPG2, ZC3HC1",26958,COPG2,91746,YTHDC1,26958,91746,False,"{57664, 4609, 2146, 2010, 6117, 6118, 6119, 54764, 7182, 23186, 2099, 2100, 25976, 440730, 114907}","PLEKHA4, MYC, EZH2, EMD, RPA1, RPA2, RPA3, ZRANB1, NR2C2, RCOR1, ESR1, ESR2, TIPARP, TRIM67, FBXO32",522,15,0.028735632183908,6.707323764974516
26986,PABPC1,"26986, 50484, 51123, 79977, 92140","PABPC1, RRM2B, ZNF706, GRHL2, MTDH",92140,MTDH,116228,COX20,92140,116228,False,"{57664, 6117, 5894, 6119, 54764, 26135}","PLEKHA4, RPA1, RAF1, RPA3, ZRANB1, SERBP1",535,6,0.011214953271028,3.0442271458461905
27161,AGO2,27161,AGO2,27161,AGO2,490,ATP2B1,27161,490,False,"{4609, 899, 8452, 57488, 440730, 7706, 4914, 2100, 23609, 57664, 9928, 85451, 131405, 6734, 5071, 6117, 487, 6119, 25962, 7534, 3191, 5245}","MYC, CCNF, CUL3, ESYT2, TRIM67, TRIM25, NTRK1, ESR2, MKRN2, PLEKHA4, KIF14, UNK, TRIM71, SRPRA, PRKN, RPA1, ATP2A1, RPA3, VIRMA, YWHAZ, HNRNPL, PHB1",664,22,0.0331325301204819,7.8000036098616174
27161,AGO2,27161,AGO2,27161,AGO2,5073,PARN,27161,5073,False,"{54464, 4609, 705, 6117, 6119, 9261, 6157, 5071, 23411, 7316, 7157, 5976, 3609, 440730, 6205, 9887}","XRN1, MYC, BYSL, RPA1, RPA3, MAPKAPK2, RPL27A, PRKN, SIRT1, UBC, TP53, UPF1, ILF3, TRIM67, RPS11, SMG7",583,16,0.0274442538593482,6.780287627690932
27161,AGO2,27161,AGO2,27161,AGO2,6541,SLC7A1,27161,6541,False,"{899, 6117, 6119, 25962, 1994, 8940, 7157, 3191, 440730}","CCNF, RPA1, RPA3, VIRMA, ELAVL1, TOP3B, TP53, HNRNPL, TRIM67",638,9,0.0141065830721003,1.3654185386252993
27161,AGO2,27161,AGO2,27161,AGO2,10197,PSME3,27161,10197,False,"{4609, 899, 8452, 1655, 4627, 7316, 8087, 440730, 7706, 2332, 64798, 672, 4904, 9513, 9782, 10551, 3191, 5687, 4282, 120892, 6205, 57664, 9928, 5071, 2139, 203228, 10980, 6117, 3303, 6119, 25962, 3312, 3185, 2289, 2547, 23411, 7157, 4343, 3192, 1660}","MYC, CCNF, CUL3, DDX5, MYH9, UBC, FXR1, TRIM67, TRIM25, FMR1, DEPTOR, BRCA1, YBX1, FXR2, MATR3, AGR2, HNRNPL, PSMA6, MIF, LRRK2, RPS11, PLEKHA4, KIF14, PRKN, EYA2, C9orf72, COPS6, RPA1, HSPA1A, RPA3, VIRMA, HSPA8, HNRNPF, FKBP5, XRCC6, SIRT1, TP53, MOV10, HNRNPU, DHX9",802,40,0.0498753117206982,14.896689270067943
27161,AGO2,27161,AGO2,27161,AGO2,56893,UBQLN4,27161,56893,False,"{8452, 5702, 23112, 56937, 9260, 8241, 2100, 7316, 5687, 440730, 10551}","CUL3, PSMC3, TNRC6B, PMEPA1, PDLIM7, RBM10, ESR2, UBC, PSMA6, TRIM67, AGR2",697,11,0.0157819225251076,1.481203346922113
27161,AGO2,27161,AGO2,27161,AGO2,114822,RHPN1,27161,114822,False,"{65986, 84675, 84676, 8940, 114928, 55031, 84445, 22911}","ZBTB10, TRIM55, TRIM63, TOP3B, GPRASP2, USP47, LZTS2, WDR47",498,8,0.0160642570281124,4.857584468429627
27161,AGO2,27161,AGO2,27161,AGO2,374354,NHLRC2,27161,374354,False,"{899, 6282, 23435, 3608, 440730, 8994, 5034, 4914, 29110, 5687, 10551, 23609, 23352, 1981, 57534, 55748, 55621, 9928, 5071, 56922, 23644, 6117, 5606, 3303, 6119, 25962, 2288, 3185, 7157, 10492, 8575}","CCNF, S100A11, TARDBP, ILF2, TRIM67, LIMD1, P4HB, NTRK1, TBK1, PSMA6, AGR2, MKRN2, UBR4, EIF4G1, MIB1, CNDP2, TRMT1, KIF14, PRKN, MCCC1, EDC4, RPA1, MAP2K3, HSPA1A, RPA3, VIRMA, FKBP4, HNRNPF, TP53, SYNCRIP, PRKRA",796,31,0.0389447236180904,9.263424966817226
27333,GOLIM4,27333,GOLIM4,27333,GOLIM4,10096,ACTR3,27333,10096,False,"{8450, 998, 6119, 54764, 440730, 3312, 4914, 2099, 8826}","CUL4B, CDC42, RPA3, ZRANB1, TRIM67, HSPA8, NTRK1, ESR1, IQGAP1",369,9,0.024390243902439,5.221993084436587
27333,GOLIM4,27333,GOLIM4,27333,GOLIM4,23047,PDS5B,27333,23047,False,"{55716, 998, 6119, 25962, 54764, 51759, 440730, 3312, 4914, 79155, 10618, 6047}","LMBR1L, CDC42, RPA3, VIRMA, ZRANB1, C9orf78, TRIM67, HSPA8, NTRK1, TNIP2, TGOLN2, RNF4",252,12,0.0476190476190476,10.708382290801918
283219,KCTD21,"283219, 79053","KCTD21, ALG8",283219,KCTD21,47,ACLY,283219,47,False,"{10155, 8452}","TRIM28, CUL3",353,2,0.0056657223796034,1.0063367852603096
283219,KCTD21,"283219, 79053","KCTD21, ALG8",79053,ALG8,617,BCS1L,79053,617,False,"{78987, 154091}","CRELD1, SLC2A12",155,2,0.0129032258064516,1.5150313530661217
283219,KCTD21,"283219, 79053","KCTD21, ALG8",283219,KCTD21,4221,MEN1,283219,4221,False,"{92609, 10155, 29927}","TIMM50, TRIM28, SEC61A1",1047,3,0.0028653295128939,0.629459778385733
283219,KCTD21,"283219, 79053","KCTD21, ALG8",283219,KCTD21,4605,MYBL2,283219,4605,False,{6657},SOX2,173,1,0.0057803468208092,0.6810672636973922
283219,KCTD21,"283219, 79053","KCTD21, ALG8",283219,KCTD21,6183,MRPS12,283219,6183,False,{6657},SOX2,269,1,0.0037174721189591,0.487432905189436
283219,KCTD21,"283219, 79053","KCTD21, ALG8",79053,ALG8,6901,TAFAZZIN,79053,6901,False,"{10482, 187, 6583}","NXF1, APLNR, SLC22A4",229,3,0.0131004366812227,1.9401127962532363
283219,KCTD21,"283219, 79053","KCTD21, ALG8",79053,ALG8,7862,BRPF1,79053,7862,False,{57326},PBXIP1,125,1,0.008,0.7555724512666072
283219,KCTD21,"283219, 79053","KCTD21, ALG8",283219,KCTD21,8289,ARID1A,283219,8289,False,"{6657, 8452}","SOX2, CUL3",250,2,0.008,1.2967515378634205
283219,KCTD21,"283219, 79053","KCTD21, ALG8",283219,KCTD21,8458,TTF2,283219,8458,False,{10155},TRIM28,171,1,0.0058479532163742,0.6865989546666554
283219,KCTD21,"283219, 79053","KCTD21, ALG8",283219,KCTD21,9553,MRPL33,283219,9553,False,set(),,80,0,0.0,0.0
283219,KCTD21,"283219, 79053","KCTD21, ALG8",79053,ALG8,9804,TOMM20,79053,9804,False,"{7706, 10482, 1727}","TRIM25, NXF1, CYB5R3",281,3,0.0106761565836298,1.6486228444030795
283219,KCTD21,"283219, 79053","KCTD21, ALG8",79053,ALG8,10428,CFDP1,79053,10428,False,{4000},LMNA,126,1,0.0079365079365079,0.7502811890130663
283219,KCTD21,"283219, 79053","KCTD21, ALG8",283219,KCTD21,10440,TIMM17A,283219,10440,False,{56940},DUSP22,51,1,0.0196078431372549,1.5098996451919782
283219,KCTD21,"283219, 79053","KCTD21, ALG8",283219,KCTD21,22992,KDM2A,283219,22992,False,"{8452, 4085}","CUL3, MAD2L1",126,2,0.0158730158730158,1.9699282972258687
283219,KCTD21,"283219, 79053","KCTD21, ALG8",283219,KCTD21,23512,SUZ12,283219,23512,False,"{92609, 10155, 79598}","TIMM50, TRIM28, CEP97",665,3,0.0045112781954887,1.0645605554279811
283219,KCTD21,"283219, 79053","KCTD21, ALG8",283219,KCTD21,26995,TRUB2,283219,26995,False,"{92609, 10212}","TIMM50, DDX39A",377,2,0.0053050397877984,0.9542262879114042
283219,KCTD21,"283219, 79053","KCTD21, ALG8",283219,KCTD21,51649,MRPS23,283219,51649,False,"{6657, 10155, 8452}","SOX2, TRIM28, CUL3",319,3,0.0094043887147335,1.9267623790274973
283219,KCTD21,"283219, 79053","KCTD21, ALG8",283219,KCTD21,55015,PRPF39,283219,55015,False,"{10155, 8452, 79047}","TRIM28, CUL3, KCTD15",80,3,0.0375,4.118384009986744
283219,KCTD21,"283219, 79053","KCTD21, ALG8",79053,ALG8,65260,COA7,79053,65260,False,{4000},LMNA,174,1,0.0057471264367816,0.5610161863872555
283219,KCTD21,"283219, 79053","KCTD21, ALG8",283219,KCTD21,114034,TOE1,283219,114034,False,"{10155, 8452}","TRIM28, CUL3",168,2,0.0119047619047619,1.6691825182153035
283219,KCTD21,"283219, 79053","KCTD21, ALG8",283219,KCTD21,114823,LENG8,283219,114823,False,{9500},MAGED1,188,1,0.0053191489361702,0.6421958723573145
283219,KCTD21,"283219, 79053","KCTD21, ALG8",283219,KCTD21,147965,FAM98C,283219,147965,False,set(),,39,0,0.0,0.0
283219,KCTD21,"283219, 79053","KCTD21, ALG8",283219,KCTD21,163131,ZNF780B,283219,163131,False,set(),,34,0,0.0,0.0
283219,KCTD21,"283219, 79053","KCTD21, ALG8",283219,KCTD21,253260,RICTOR,283219,253260,False,"{92609, 10155, 8452, 10212}","TIMM50, TRIM28, CUL3, DDX39A",749,4,0.0053404539385847,1.5254999063889811
283219,KCTD21,"283219, 79053","KCTD21, ALG8",283219,KCTD21,286053,NSMCE2,283219,286053,False,{8452},CUL3,71,1,0.0140845070422535,1.2044974256046646
283219,KCTD21,"283219, 79053","KCTD21, ALG8",283219,KCTD21,503834,DPRX,283219,503834,False,set(),,50,0,0.0,0.0
28971,AAMDC,28971,AAMDC,28971,AAMDC,47,ACLY,28971,47,False,"{7328, 55011, 6117, 6118, 3303, 3312, 10614, 9531, 351}","UBE2H, PIH1D1, RPA1, RPA2, HSPA1A, HSPA8, HEXIM1, BAG3, APP",348,9,0.0258620689655172,8.497026208284364
28971,AAMDC,28971,AAMDC,28971,AAMDC,617,BCS1L,28971,617,False,"{64745, 6117, 6118}","METTL17, RPA1, RPA2",137,3,0.0218978102189781,3.088829441927285
28971,AAMDC,28971,AAMDC,28971,AAMDC,4221,MEN1,28971,4221,False,"{1025, 6117, 6118, 7528, 11273, 5514, 80335, 3312}","CDK9, RPA1, RPA2, YY1, ATXN2L, PPP1R10, WDR82, HSPA8",1044,8,0.0076628352490421,3.522642861868013
28971,AAMDC,28971,AAMDC,28971,AAMDC,4605,MYBL2,28971,4605,False,"{1025, 83540, 6117}","CDK9, NUF2, RPA1",173,3,0.0173410404624277,2.7202129285547647
28971,AAMDC,28971,AAMDC,28971,AAMDC,6183,MRPS12,28971,6183,False,set(),,272,0,0.0,0.0
28971,AAMDC,28971,AAMDC,28971,AAMDC,6901,TAFAZZIN,28971,6901,False,set(),,215,0,0.0,0.0
28971,AAMDC,28971,AAMDC,28971,AAMDC,7385,UQCRC2,28971,7385,False,"{1956, 6117, 6118, 351}","EGFR, RPA1, RPA2, APP",376,4,0.0106382978723404,2.5242984771744226
28971,AAMDC,28971,AAMDC,28971,AAMDC,7862,BRPF1,28971,7862,False,set(),,109,0,0.0,0.0
28971,AAMDC,28971,AAMDC,28971,AAMDC,8289,ARID1A,28971,8289,False,"{3312, 6117, 6118, 54455}","HSPA8, RPA1, RPA2, FBXO42",250,4,0.016,3.2505042348703603
28971,AAMDC,28971,AAMDC,28971,AAMDC,8458,TTF2,28971,8458,False,"{6117, 6118}","RPA1, RPA2",172,2,0.0116279069767441,1.609460342449118
28971,AAMDC,28971,AAMDC,28971,AAMDC,9553,MRPL33,28971,9553,False,{7328},UBE2H,81,1,0.0123456790123456,1.1016527642123897
28971,AAMDC,28971,AAMDC,28971,AAMDC,9804,TOMM20,28971,9804,False,"{7328, 6117, 6118}","UBE2H, RPA1, RPA2",264,3,0.0113636363636363,2.114842671269017
28971,AAMDC,28971,AAMDC,28971,AAMDC,10428,CFDP1,28971,10428,False,"{6117, 6118, 3303, 3312, 351}","RPA1, RPA2, HSPA1A, HSPA8, APP",105,5,0.0476190476190476,6.714844297152946
28971,AAMDC,28971,AAMDC,28971,AAMDC,10440,TIMM17A,28971,10440,False,set(),,54,0,0.0,0.0
28971,AAMDC,28971,AAMDC,28971,AAMDC,10463,SLC30A9,28971,10463,False,"{64745, 83540}","METTL17, NUF2",181,2,0.011049723756906,1.5590155219311048
28971,AAMDC,28971,AAMDC,28971,AAMDC,11146,GLMN,28971,11146,False,"{6117, 6118}","RPA1, RPA2",203,2,0.0098522167487684,1.4486066172183705
28971,AAMDC,28971,AAMDC,28971,AAMDC,22992,KDM2A,28971,22992,False,set(),,130,0,0.0,0.0
28971,AAMDC,28971,AAMDC,28971,AAMDC,23512,SUZ12,28971,23512,False,"{7528, 6117, 3303}","YY1, RPA1, HSPA1A",667,3,0.0044977511244377,1.005267107260471
28971,AAMDC,28971,AAMDC,28971,AAMDC,26995,TRUB2,28971,26995,False,{64745},METTL17,380,1,0.0026315789473684,0.3396551153474441
28971,AAMDC,28971,AAMDC,28971,AAMDC,28973,MRPS18B,28971,28973,False,"{7328, 64745, 10614, 3303}","UBE2H, METTL17, HEXIM1, HSPA1A",331,4,0.0120845921450151,2.7440766043340594
28971,AAMDC,28971,AAMDC,28971,AAMDC,51649,MRPS23,28971,51649,False,"{7328, 3303, 64745, 3312, 10614}","UBE2H, HSPA1A, METTL17, HSPA8, HEXIM1",319,5,0.0156739811912225,3.858090350015569
28971,AAMDC,28971,AAMDC,28971,AAMDC,55015,PRPF39,28971,55015,False,set(),,85,0,0.0,0.0
28971,AAMDC,28971,AAMDC,28971,AAMDC,65260,COA7,28971,65260,False,{6117},RPA1,157,1,0.0063694267515923,0.7113303018481558
28971,AAMDC,28971,AAMDC,28971,AAMDC,114034,TOE1,28971,114034,False,"{7328, 6117}","UBE2H, RPA1",170,2,0.0117647058823529,1.6211518900083066
28971,AAMDC,28971,AAMDC,28971,AAMDC,114823,LENG8,28971,114823,False,{9531},BAG3,190,1,0.0052631578947368,0.6198761138610233
28971,AAMDC,28971,AAMDC,28971,AAMDC,147965,FAM98C,28971,147965,False,set(),,41,0,0.0,0.0
28971,AAMDC,28971,AAMDC,28971,AAMDC,163131,ZNF780B,28971,163131,False,set(),,36,0,0.0,0.0
28971,AAMDC,28971,AAMDC,28971,AAMDC,253260,RICTOR,28971,253260,False,"{55011, 1956, 6117, 6118, 3312}","PIH1D1, EGFR, RPA1, RPA2, HSPA8",750,5,0.0066666666666666,2.1014739665221334
28971,AAMDC,28971,AAMDC,28971,AAMDC,286053,NSMCE2,28971,286053,False,{9564},BCAR1,73,1,0.0136986301369863,1.179761483231343
28971,AAMDC,28971,AAMDC,28971,AAMDC,503834,DPRX,28971,503834,False,set(),,52,0,0.0,0.0
28991,COMMD5,"28991, 65265","COMMD5, C8orf33",28991,COMMD5,51575,ESF1,28991,51575,False,set(),,200,0,0.0,0.0
28991,COMMD5,"28991, 65265","COMMD5, C8orf33",28991,COMMD5,88745,RRP36,28991,88745,False,set(),,114,0,0.0,0.0
29803,REPIN1,"29803, 51667","REPIN1, NUB1",29803,REPIN1,10959,TMED2,29803,10959,False,"{6117, 54764, 10514, 2099, 440730}","RPA1, ZRANB1, MYBBP1A, ESR1, TRIM67",234,5,0.0213675213675213,3.138618131140628
29803,REPIN1,"29803, 51667","REPIN1, NUB1",29803,REPIN1,11113,CIT,29803,11113,False,"{22913, 5894, 6155, 10514, 56342, 51065, 440730, 27292, 10527, 6175, 285855, 51491, 23076, 6187, 9260, 2091, 29997, 83759, 6194, 2099, 8886, 9146, 57664, 29889, 6727, 9031, 5071, 3069, 23512, 11224, 3032, 23521, 5093, 4841, 6122, 7019, 8940, 3183, 6130, 6135, 3065, 3066, 5245, 6910}","RALY, RAF1, RPL27, MYBBP1A, PPAN, RPS27L, TRIM67, DIMT1, IPO7, RPLP0, RPL7L1, NOP16, RRP1B, RPS2, PDLIM7, FBL, NOP53, RBM4B, RPS6, ESR1, DDX18, HGS, PLEKHA4, GNL2, SRP14, BAZ1B, PRKN, HDLBP, SUZ12, RPL35, HADHB, RPL13A, PCBP1, NONO, RPL3, TFAM, TOP3B, HNRNPC, RPL7A, RPL11, HDAC1, HDAC2, PHB1, TBX5",1473,44,0.0298710115410726,22.29365392477302
2992,GYG1,"2992, 6596","GYG1, HLTF",6596,HLTF,4605,MYBL2,6596,4605,False,"{1025, 4609, 257218, 9410, 348995, 899, 8359, 8161, 6117, 3020, 142, 2130, 25976, 1050}","CDK9, MYC, SHPRH, SNRNP40, NUP43, CCNF, H4C1, COIL, RPA1, H3-3A, PARP1, EWSR1, TIPARP, CEBPA",261,14,0.053639846743295,12.188295553595657
2992,GYG1,"2992, 6596","GYG1, HLTF",6596,HLTF,10440,TIMM17A,6596,10440,False,"{57664, 23274}","PLEKHA4, CLEC16A",151,2,0.0132450331125827,2.1503015916951798
29956,CERS2,"29956, 8416","CERS2, ANXA9",29956,CERS2,2011,MARK2,29956,2011,False,"{387, 5880, 9367, 5529, 440730, 5786, 23327, 1956, 2099, 2100, 125111, 5562, 57664, 3265, 3920, 5979, 55004, 10211, 4067, 998, 25962, 54764, 3320}","RHOA, RAC2, RAB9A, PPP2R5E, TRIM67, PTPRA, NEDD4L, EGFR, ESR1, ESR2, GJD3, PRKAA1, PLEKHA4, HRAS, LAMP2, RET, LAMTOR1, FLOT1, LYN, CDC42, VIRMA, ZRANB1, HSP90AA1",444,23,0.0518018018018018,14.439502161600712
29956,CERS2,"29956, 8416","CERS2, ANXA9",29956,CERS2,5879,RAC1,29956,5879,False,"{83461, 7316, 9367, 440730, 5793, 1956, 6184, 6185, 10159, 1456, 2099, 2100, 6709, 821, 6714, 55740, 57664, 1729, 29763, 8773, 5064, 329, 1739, 6093, 768211, 6745, 2778, 55004, 23136, 114787, 10211, 7525, 4067, 2534, 94056, 998, 54764, 5880, 3837}","CDCA3, UBC, RAB9A, TRIM67, PTPRG, EGFR, RPN1, RPN2, ATP6AP2, CSNK1G3, ESR1, ESR2, SPTAN1, CANX, SRC, ENAH, PLEKHA4, DIAPH1, PACSIN3, SNAP23, PALM, BIRC2, DLG1, ROCK1, RELL1, SSR1, GNAS, LAMTOR1, EPB41L3, GPRIN1, FLOT1, YES1, LYN, FYN, SYAP1, CDC42, ZRANB1, RAC2, KPNB1",1150,39,0.0339130434782608,12.565965432784257
29956,CERS2,"29956, 8416","CERS2, ANXA9",29956,CERS2,7186,TRAF2,29956,7186,False,"{8324, 83461, 7316, 9367, 29978, 440730, 7706, 6047, 1956, 10413, 2100, 10551, 5562, 5563, 57664, 329, 5339, 7525, 998, 54764, 3187, 3320}","FZD7, CDCA3, UBC, RAB9A, UBQLN2, TRIM67, TRIM25, RNF4, EGFR, YAP1, ESR2, AGR2, PRKAA1, PRKAA2, PLEKHA4, BIRC2, PLEC, YES1, CDC42, ZRANB1, HNRNPH1, HSP90AA1",768,22,0.0286458333333333,6.780746215653402
29956,CERS2,"29956, 8416","CERS2, ANXA9",29956,CERS2,7490,WT1,29956,7490,False,"{54764, 10413}","ZRANB1, YAP1",270,2,0.0074074074074074,0.8224062181376425
29956,CERS2,"29956, 8416","CERS2, ANXA9",29956,CERS2,7716,VEZF1,29956,7716,False,"{8359, 54764, 2099, 2100, 10551, 6047}","H4C1, ZRANB1, ESR1, ESR2, AGR2, RNF4",292,6,0.0205479452054794,3.4064224994990417
29956,CERS2,"29956, 8416","CERS2, ANXA9",29956,CERS2,9411,ARHGAP29,29956,9411,False,"{3265, 387, 1956, 25962, 93974}","HRAS, RHOA, EGFR, VIRMA, ATP5IF1",263,5,0.0190114068441064,3.3297289313500684
29956,CERS2,"29956, 8416","CERS2, ANXA9",29956,CERS2,9857,CEP350,29956,9857,False,"{25976, 25962, 498, 8359}","TIPARP, VIRMA, ATP5F1A, H4C1",349,4,0.0114613180515759,1.1793941267175956
29956,CERS2,"29956, 8416","CERS2, ANXA9",29956,CERS2,10490,VTI1B,29956,10490,False,"{4000, 84867, 387, 2531, 998, 2859, 54764, 3920, 433, 2100, 9367, 5880, 5529, 54491, 55004, 6047}","LMNA, PTPN5, RHOA, KDSR, CDC42, GPR35, ZRANB1, LAMP2, ASGR2, ESR2, RAB9A, RAC2, PPP2R5E, OTULINL, LAMTOR1, RNF4",371,16,0.0431266846361186,10.184785015657768
29956,CERS2,"29956, 8416","CERS2, ANXA9",29956,CERS2,10972,TMED10,29956,10972,False,"{51296, 57664, 998, 10952, 54664, 25962, 54764, 440730, 25840, 10897, 2099, 2100, 9524, 821, 7095, 6745, 7706, 6047}","SLC15A3, PLEKHA4, CDC42, SEC61B, TMEM106B, VIRMA, ZRANB1, TRIM67, TMT1A, YIF1A, ESR1, ESR2, TECR, CANX, SEC62, SSR1, TRIM25, RNF4",427,18,0.0421545667447306,10.24265798331705
29956,CERS2,"29956, 8416","CERS2, ANXA9",29956,CERS2,25937,WWTR1,29956,25937,False,"{90850, 114787, 8359, 94056, 7082, 1739, 9524, 6709, 5781, 23607, 7094, 7706, 55740, 3837}","ZNF598, GPRIN1, H4C1, SYAP1, TJP1, DLG1, TECR, SPTAN1, PTPN11, CD2AP, TLN1, TRIM25, ENAH, KPNB1",578,14,0.0242214532871972,4.311089025277887
29956,CERS2,"29956, 8416","CERS2, ANXA9",29956,CERS2,55095,SAMD4B,29956,55095,False,"{25962, 2099, 2100, 440730}","VIRMA, ESR1, ESR2, TRIM67",321,4,0.0124610591900311,1.4540380239503277
29956,CERS2,"29956, 8416","CERS2, ANXA9",29956,CERS2,55165,CEP55,29956,55165,False,"{57664, 387, 10211, 998, 55048, 25962, 29978, 10413, 440730, 7251, 2099, 7316, 23327, 51160, 6714, 55004, 3837, 93343}","PLEKHA4, RHOA, FLOT1, CDC42, VPS37C, VIRMA, UBQLN2, YAP1, TRIM67, TSG101, ESR1, UBC, NEDD4L, VPS28, SRC, LAMTOR1, KPNB1, MVB12A",441,18,0.0408163265306122,9.837837446287216
29956,CERS2,"29956, 8416","CERS2, ANXA9",29956,CERS2,80232,WDR26,29956,80232,False,"{23136, 57664, 90850, 1956, 54764, 3187, 7251, 2100, 7316, 440730}","EPB41L3, PLEKHA4, ZNF598, EGFR, ZRANB1, HNRNPH1, TSG101, ESR2, UBC, TRIM67",369,10,0.02710027100271,4.889010679938135
3297,HSF1,"3297, 8694","HSF1, DGAT1",3297,HSF1,677,ZFP36L1,3297,677,False,"{8452, 1994, 9261, 7534, 10971}","CUL3, ELAVL1, MAPKAPK2, YWHAZ, YWHAQ",621,5,0.0080515297906602,2.8154681493776077
3297,HSF1,"3297, 8694","HSF1, DGAT1",3297,HSF1,114822,RHPN1,3297,114822,False,"{2801, 6645, 9958}","GOLGA2, SNTB2, USP15",643,3,0.0046656298600311,0.7454576432912289
3297,HSF1,"3297, 8694","HSF1, DGAT1",8694,DGAT1,116228,COX20,8694,116228,False,{26135},SERBP1,83,1,0.0120481927710843,1.076361380500417
3709,ITPR2,3709,ITPR2,3709,ITPR2,6597,SMARCA4,3709,6597,False,"{10112, 6657, 7905, 648, 9928, 25962, 54443, 54764, 2100, 10134, 440730, 5371, 51548, 4221}","KIF20A, SOX2, REEP5, BMI1, KIF14, VIRMA, ANLN, ZRANB1, ESR2, BCAP31, TRIM67, PML, SIRT6, MEN1",501,14,0.0279441117764471,7.127036423568432
389677,RBM12B,389677,RBM12B,389677,RBM12B,11097,NUP42,389677,11097,False,"{11113, 10291, 10772, 113878, 129401}","CIT, SF3A1, SRSF10, DTX2, NUP35",207,5,0.0241545893719806,3.8674122168004654
389677,RBM12B,389677,RBM12B,389677,RBM12B,116228,COX20,389677,116228,False,{57664},PLEKHA4,114,1,0.0087719298245614,0.832184028722316
390916,NUDT19,"390916, 84079, 9141","NUDT19, ANKRD27, PDCD5",84079,ANKRD27,7849,PAX8,84079,7849,False,{7182},NR2C2,143,1,0.0069930069930069,0.7309781293013495
390916,NUDT19,"390916, 84079, 9141","NUDT19, ANKRD27, PDCD5",84079,ANKRD27,7862,BRPF1,84079,7862,False,"{4609, 2100}","MYC, ESR2",111,2,0.018018018018018,2.0378886449937355
390916,NUDT19,"390916, 84079, 9141","NUDT19, ANKRD27, PDCD5",84079,ANKRD27,84612,PARD6B,84079,84612,False,"{7531, 2100, 7533, 7534}","YWHAE, ESR2, YWHAH, YWHAZ",169,4,0.0236686390532544,3.878653553697057
390916,NUDT19,"390916, 84079, 9141","NUDT19, ANKRD27, PDCD5",9141,PDCD5,196528,ARID2,9141,196528,False,"{1050, 6117, 6118, 6119, 54764, 10413, 11279, 79829, 25976, 440730}","CEBPA, RPA1, RPA2, RPA3, ZRANB1, YAP1, KLF8, NAA40, TIPARP, TRIM67",217,10,0.0460829493087557,9.419083222151746
3945,LDHB,3945,LDHB,3945,LDHB,5201,PFDN1,3945,5201,False,"{2146, 7203, 148932, 8314, 25895, 8872, 908, 51343, 8945, 1050, 2783}","EZH2, CCT3, MOB3C, BAP1, EEF1AKMT3, CDC123, CCT6A, FZR1, BTRC, CEBPA, GNB2",467,11,0.0235546038543897,4.1450386560164025
3945,LDHB,3945,LDHB,3945,LDHB,11004,KIF2C,3945,11004,False,"{4609, 899, 8452, 7182, 63893, 83478, 1050, 1051, 440730, 2335, 672, 54443, 4914, 23476, 23223, 51128, 57664, 22976, 5315, 3276, 10318, 5071, 3297, 6117, 6118, 6119, 25962, 7532, 3312, 84464, 6389}","MYC, CCNF, CUL3, NR2C2, UBE2O, ARHGAP24, CEBPA, CEBPB, TRIM67, FN1, BRCA1, ANLN, NTRK1, BRD4, RRP12, SAR1B, PLEKHA4, PAXIP1, PKM, PRMT1, TNIP1, PRKN, HSF1, RPA1, RPA2, RPA3, VIRMA, YWHAG, HSPA8, SLX4, SDHA",447,31,0.0693512304250559,23.632855445500866
4061,LY6E,4061,LY6E,4061,LY6E,10615,SPAG5,4061,10615,False,set(),,190,0,0.0,0.0
4061,LY6E,4061,LY6E,4061,LY6E,116228,COX20,4061,116228,False,set(),,59,0,0.0,0.0
4067,LYN,4067,LYN,4067,LYN,5892,RAD51D,4067,5892,False,"{58480, 51444, 84445, 5511}","RHOU, RNF138, LZTS2, PPP1R8",768,4,0.0052083333333333,0.2475107787528108
4067,LYN,4067,LYN,4067,LYN,7398,USP1,4067,7398,False,"{4609, 899, 1828, 3815, 3728, 3313, 4627, 196403, 8408, 91833, 9564}","MYC, CCNF, DSG1, KIT, JUP, HSPA9, MYH9, DTX3, ULK1, WDR20, BCAR1",789,11,0.0139416983523447,2.510962947793713
4067,LYN,4067,LYN,4067,LYN,9497,SLC4A7,4067,9497,True,"{387, 388, 3845, 389, 57222, 23433, 5879, 11021, 399, 90007, 200728, 23065, 7706, 4893, 3998, 29984, 100506658, 57381, 54443, 1969, 4914, 125111, 10044, 3265, 4162, 27074, 3916, 4301, 27087, 3920, 857, 8153, 55004, 8417, 9188, 5862, 998, 114793, 25962, 54509, 58480, 4082, 9077, 91894, 5878, 5880, 5881, 1525, 2045, 382, 9343}","RHOA, RHOB, KRAS, RHOC, ERGIC1, RHOQ, RAC1, RAB35, RHOH, MIDN, TMEM17, EMC1, TRIM25, NRAS, LMAN1, RHOD, OCLN, RHOJ, ANLN, EPHA2, NTRK1, GJD3, SH2D3C, HRAS, MCAM, LAMP3, LAMP1, AFDN, B3GAT1, LAMP2, CAV1, RND2, LAMTOR1, STX7, DDX21, RAB2A, CDC42, FMNL2, VIRMA, RHOF, RHOU, MARCKS, DIRAS3, C11orf52, RAB5C, RAC2, RAC3, CXADR, EPHA7, ARF6, EFTUD2",802,51,0.0635910224438902,32.56592255901926
4067,LYN,4067,LYN,4067,LYN,10985,GCN1,4067,10985,False,"{10112, 4609, 387, 899, 7182, 55054, 2322, 83987, 340371, 9493, 3480, 23065, 1956, 10410, 54443, 682, 10413, 10155, 4914, 93492, 57664, 5058, 9928, 253260, 5071, 6224, 5591, 6117, 2150, 6118, 25962, 8940, 367, 2036, 7157, 1017, 9343}","KIF20A, MYC, RHOA, CCNF, NR2C2, ATG16L1, FLT3, CCDC8, NRBP2, KIF23, IGF1R, EMC1, EGFR, IFITM3, ANLN, BSG, YAP1, TRIM28, NTRK1, TPTE2, PLEKHA4, PAK1, KIF14, RICTOR, PRKN, RPS20, PRKDC, RPA1, F2RL1, RPA2, VIRMA, TOP3B, AR, EPB41L1, TP53, CDK2, EFTUD2",975,37,0.0379487179487179,9.550593224078542
4067,LYN,4067,LYN,4067,LYN,22931,RAB18,4067,22931,False,"{57664, 4609, 387, 388, 57381, 899, 1956, 54472, 998, 682, 1803, 6117, 6118, 3920, 7124, 5881, 200894, 9343}","PLEKHA4, MYC, RHOA, RHOB, RHOJ, CCNF, EGFR, TOLLIP, CDC42, BSG, DPP4, RPA1, RPA2, LAMP2, TNF, RAC3, ARL13B, EFTUD2",784,18,0.0229591836734693,6.653122849117199
4067,LYN,4067,LYN,4067,LYN,29035,HAPSTR1,4067,29035,False,"{640, 4609, 3843, 10767, 10768, 3983, 51474, 10514, 10523, 682, 55082, 23344, 5297, 10291, 4673, 10946, 8776, 4170, 1994, 6093, 9555, 65109, 5591, 23513, 2011, 23524, 6510, 79598, 8175, 4082, 51444, 118, 5878, 8826, 1019}","BLK, MYC, IPO5, HBS1L, AHCYL1, ABLIM1, LIMA1, MYBBP1A, CHERP, BSG, ARGLU1, ESYT1, PI4KA, SF3A1, NAP1L1, SF3A3, MTMR1, MCL1, ELAVL1, ROCK1, MACROH2A1, UPF3B, PRKDC, SCRIB, MARK2, SRRM2, SLC1A5, CEP97, SF3A2, MARCKS, RNF138, ADD1, RAB5C, IQGAP1, CDK4",1109,35,0.0315599639314697,4.915165020354071
4067,LYN,4067,LYN,4067,LYN,79016,DDA1,4067,79016,False,"{9493, 9112, 288, 10657, 1828, 6566, 1832, 26155, 5424, 10801, 50488, 51514, 57664, 10946, 29127, 9928, 1994, 5591, 84186, 10594, 1387, 6130, 6134, 9343}","KIF23, MTA1, ANK3, KHDRBS1, DSG1, SLC16A1, DSP, NOC2L, POLD1, SEPTIN9, MINK1, DTL, PLEKHA4, SF3A3, RACGAP1, KIF14, ELAVL1, PRKDC, ZCCHC7, PRPF8, CREBBP, RPL7A, RPL10, EFTUD2",1017,24,0.023598820058997,2.7330958788419304
4067,LYN,4067,LYN,4067,LYN,125228,FAM210A,4067,125228,False,set(),,707,0,0.0,-0.2036766432743713
4147,MATN2,4147,MATN2,4147,MATN2,25920,NELFB,4147,25920,False,{1660},DHX9,210,1,0.0047619047619047,0.3688723400280164
4147,MATN2,4147,MATN2,4147,MATN2,116228,COX20,4147,116228,False,set(),,146,0,0.0,0.0
414919,C8orf82,"414919, 9684","C8orf82, LRRC14",9684,LRRC14,51575,ESF1,9684,51575,False,{440730},TRIM67,160,1,0.00625,0.982394640680619
4154,MBNL1,4154,MBNL1,4154,MBNL1,4605,MYBL2,4154,4605,False,"{832, 23137, 9410, 3009, 7090, 8819, 1050, 121340}","CAPZB, SMC5, SNRNP40, H1-5, TLE3, SAP30, CEBPA, SP7",378,8,0.0211640211640211,3.4511444625609173
4154,MBNL1,4154,MBNL1,4154,MBNL1,10370,CITED2,4154,10370,False,{1994},ELAVL1,260,1,0.0038461538461538,0.7469431860770149
4316,MMP7,4316,MMP7,4316,MMP7,5469,MED1,4316,5469,False,set(),,203,0,0.0,0.0
4316,MMP7,4316,MMP7,4316,MMP7,5890,RAD51B,4316,5890,False,set(),,67,0,0.0,0.0
4316,MMP7,4316,MMP7,4316,MMP7,81488,POLR2M,4316,81488,False,set(),,151,0,0.0,0.0
444,ASPH,444,ASPH,444,ASPH,3845,KRAS,444,3845,False,"{9217, 9218, 8452, 5894, 9482, 1938, 3098, 440730, 6810, 54940, 6814, 53407, 2041, 79651, 5031, 8872, 10921, 57003, 8878, 11311, 55218, 91445, 821, 10551, 10424, 90809, 6845, 9538, 5447, 65992, 10952, 55240, 253260, 6734, 5584, 55379, 284119, 7384, 10328, 25945, 3163, 476, 8795, 91869, 351, 8417, 54499, 8677, 55014, 57062, 128869, 54764, 3309, 10228, 4853, 23673, 10490, 9341}","VAPB, VAPA, CUL3, RAF1, STX8, EEF2, HK1, TRIM67, STX4, OCIAD1, STXBP3, STX18, EPHA1, RHBDF2, P2RY6, CDC123, RNPS1, CCDC47, SQSTM1, VPS45, EXD2, RNF185, CANX, AGR2, PGRMC2, PIP4P1, VAMP7, EI24, POR, DDRGK1, SEC61B, STEAP3, RICTOR, SRPRA, PRKCI, LRRC59, CAVIN1, UQCRC1, EMC8, NECTIN3, HMOX2, ATP1A1, TNFRSF10B, RFT1, APP, STX7, TMCO1, STX10, STX17, DDX24, PIGU, ZRANB1, HSPA5, STX6, NOTCH2, STX12, VTI1B, VAMP3",1390,58,0.0417266187050359,15.064198346714758
4548,MTR,4548,MTR,4548,MTR,898,CCNE1,4548,898,False,"{7316, 8945, 8452, 1029}","UBC, BTRC, CUL3, CDKN2A",219,4,0.0182648401826484,2.4540674654014185
4548,MTR,4548,MTR,4548,MTR,7862,BRPF1,4548,7862,False,"{25962, 6780, 23774}","VIRMA, STAU1, BRD1",186,3,0.0161290322580645,2.04898125827003
4548,MTR,4548,MTR,4548,MTR,11113,CIT,4548,11113,False,"{8449, 8452, 1029, 5894, 64423, 25962, 1994, 25804, 813, 8878, 3312, 3608, 440730, 5339, 5245}","DHX16, CUL3, CDKN2A, RAF1, INF2, VIRMA, ELAVL1, LSM4, CALU, SQSTM1, HSPA8, ILF2, TRIM67, PLEC, PHB1",1509,15,0.0099403578528827,1.7638841349027492
4548,MTR,4548,MTR,4548,MTR,91746,YTHDC1,4548,91746,False,"{6117, 6118, 6119, 8872, 11214, 55054, 3608, 440730}","RPA1, RPA2, RPA3, CDC123, AKAP13, ATG16L1, ILF2, TRIM67",497,8,0.0160965794768611,2.7256051052031443
4715,NDUFB9,4715,NDUFB9,4715,NDUFB9,5073,PARN,4715,5073,False,"{54464, 54764, 10482, 2099, 7316, 57175, 3609, 440730}","XRN1, ZRANB1, NXF1, ESR1, UBC, CORO1B, ILF3, TRIM67",264,8,0.0303030303030303,5.381061395939638
4715,NDUFB9,4715,NDUFB9,4715,NDUFB9,5890,RAD51B,4715,5890,False,set(),,173,0,0.0,0.0
4715,NDUFB9,4715,NDUFB9,4715,NDUFB9,5892,RAD51D,4715,5892,False,"{4697, 10482, 10989}","NDUFA4, NXF1, IMMT",222,3,0.0135135135135135,1.618055386263666
4715,NDUFB9,4715,NDUFB9,4715,NDUFB9,7398,USP1,4715,7398,False,"{587, 2099, 7316, 203228}","BCAT2, ESR1, UBC, C9orf72",249,4,0.0160642570281124,2.068450368386624
4715,NDUFB9,4715,NDUFB9,4715,NDUFB9,7516,XRCC2,4715,7516,False,{4697},NDUFA4,152,1,0.006578947368421,0.8557827335906977
4715,NDUFB9,4715,NDUFB9,4715,NDUFB9,11004,KIF2C,4715,11004,False,"{10627, 54764, 440730, 10482, 2099, 10618}","MYL12A, ZRANB1, TRIM67, NXF1, ESR1, TGOLN2",296,6,0.0202702702702702,3.0367860928287373
4715,NDUFB9,4715,NDUFB9,4715,NDUFB9,29028,ATAD2,4715,29028,False,"{10482, 2099, 7706, 1874, 440730}","NXF1, ESR1, TRIM25, E2F4, TRIM67",182,5,0.0274725274725274,4.464214754118207
4715,NDUFB9,4715,NDUFB9,4715,NDUFB9,64132,XYLT2,4715,64132,False,"{10618, 509}","TGOLN2, ATP5F1C",175,2,0.0114285714285714,1.4261217837476527
4976,OPA1,"4976, 55341, 79572","OPA1, LSG1, ATP13A3",55341,LSG1,54468,MIOS,55341,54468,False,"{57664, 4204, 112399, 5071, 4914, 2099, 2100, 9367, 440730, 51548}","PLEKHA4, MECP2, EGLN3, PRKN, NTRK1, ESR1, ESR2, RAB9A, TRIM67, SIRT6",221,10,0.0452488687782805,9.682345711962512
4976,OPA1,"4976, 55341, 79572","OPA1, LSG1, ATP13A3",55341,LSG1,85440,DOCK7,55341,85440,False,"{4609, 5894, 112399, 3856, 3738, 440730, 6047, 7328, 29984, 9631, 27429, 8872, 54443, 4914, 2100, 10318, 5071, 83943, 25962, 4204, 7533, 54764, 2033, 10482, 2931, 2932, 7157, 4343, 25976, 6780, 3069}","MYC, RAF1, EGLN3, KRT8, KCNA3, TRIM67, RNF4, UBE2H, RHOD, NUP155, HTRA2, CDC123, ANLN, NTRK1, ESR2, TNIP1, PRKN, IMMP2L, VIRMA, MECP2, YWHAH, ZRANB1, EP300, NXF1, GSK3A, GSK3B, TP53, MOV10, TIPARP, STAU1, HDLBP",377,31,0.0822281167108753,27.40793479795136
4976,OPA1,"4976, 55341, 79572","OPA1, LSG1, ATP13A3",4976,OPA1,132660,LIN54,4976,132660,False,"{4609, 6117, 6119, 1994, 7182, 5071, 25976, 5371}","MYC, RPA1, RPA3, ELAVL1, NR2C2, PRKN, TIPARP, PML",265,8,0.030188679245283,5.78205785537292
50807,ASAP1,50807,ASAP1,50807,ASAP1,8467,SMARCA5,50807,8467,False,"{3008, 4609, 6119, 5160, 25962, 440730, 4914, 6714, 6780}","H1-4, MYC, RPA3, PDHA1, VIRMA, TRIM67, NTRK1, SRC, STAU1",451,9,0.0199556541019955,5.250845723863421
51026,GOLT1B,"51026, 5965, 79912","GOLT1B, RECQL, PYROXD1",5965,RECQL,5201,PFDN1,5965,5201,False,"{80349, 8314, 5162, 54764, 10574, 10383, 4659, 1050, 2237, 5631}","SKIC8, BAP1, PDHB, ZRANB1, CCT7, TUBB4B, PPP1R12A, CEBPA, FEN1, PRPS1",445,10,0.0224719101123595,3.754590778704124
51026,GOLT1B,"51026, 5965, 79912","GOLT1B, RECQL, PYROXD1",51026,GOLT1B,9587,MAD2L1BP,51026,9587,False,"{3930, 51763, 4726}","LBR, INPP5K, NDUFS6",275,3,0.0109090909090909,1.5844955025502332
51026,GOLT1B,"51026, 5965, 79912","GOLT1B, RECQL, PYROXD1",5965,RECQL,10460,TACC3,5965,10460,False,"{672, 7328, 3303, 25962, 54764, 10383, 3312, 5071, 4914, 4598, 25976, 196441, 440730, 1051}","BRCA1, UBE2H, HSPA1A, VIRMA, ZRANB1, TUBB4B, HSPA8, PRKN, NTRK1, MVK, TIPARP, ZFC3H1, TRIM67, CEBPB",413,14,0.0338983050847457,7.74788129338055
51029,DESI2,51029,DESI2,51029,DESI2,6502,SKP2,51029,6502,False,{1994},ELAVL1,301,1,0.0033222591362126,0.7099161373208185
51029,DESI2,51029,DESI2,51029,DESI2,7862,BRPF1,51029,7862,False,set(),,89,0,0.0,0.0
51029,DESI2,51029,DESI2,51029,DESI2,7994,KAT6A,51029,7994,False,{1994},ELAVL1,519,1,0.001926782273603,0.4965301937625115
51029,DESI2,51029,DESI2,51029,DESI2,11113,CIT,51029,11113,False,{1994},ELAVL1,1423,1,0.0007027406886858,0.0
51029,DESI2,51029,DESI2,51029,DESI2,56288,PARD3,51029,56288,False,set(),,297,0,0.0,0.0
51029,DESI2,51029,DESI2,51029,DESI2,80232,WDR26,51029,80232,False,set(),,189,0,0.0,0.0
51029,DESI2,51029,DESI2,51029,DESI2,84612,PARD6B,51029,84612,False,set(),,149,0,0.0,0.0
51029,DESI2,51029,DESI2,51029,DESI2,254910,LCE5A,51029,254910,False,set(),,103,0,0.0,0.0
51290,ERGIC2,51290,ERGIC2,51290,ERGIC2,4605,MYBL2,51290,4605,False,"{201595, 6117}","STT3B, RPA1",374,2,0.0053475935828877,0.1655825812572329
51290,ERGIC2,51290,ERGIC2,51290,ERGIC2,8773,SNAP23,51290,8773,False,"{150274, 387, 57222, 2697, 57488, 6811, 3998, 53407, 100506658, 10791, 10282, 1969, 57664, 9166, 23256, 8674, 6117, 998, 6118, 7542, 10618}","HSCB, RHOA, ERGIC1, GJA1, ESYT2, STX5, LMAN1, STX18, OCLN, VAMP5, BET1, EPHA2, PLEKHA4, EBAG9, SCFD1, VAMP4, RPA1, CDC42, RPA2, ZFPL1, TGOLN2",398,21,0.0527638190954773,14.313793618619464
51290,ERGIC2,51290,ERGIC2,51290,ERGIC2,10370,CITED2,51290,10370,False,{6047},RNF4,250,1,0.004,0.7634483998565902
51319,RSRC1,51319,RSRC1,51319,RSRC1,4605,MYBL2,51319,4605,False,"{9410, 121340, 6117, 8359}","SNRNP40, SP7, RPA1, H4C1",241,4,0.0165975103734439,2.199135007109607
51319,RSRC1,51319,RSRC1,51319,RSRC1,54468,MIOS,51319,54468,False,"{4914, 2099}","NTRK1, ESR1",171,2,0.0116959064327485,1.299457441929874
51337,THEM6,51337,THEM6,51337,THEM6,8624,PSMG1,51337,8624,False,"{6117, 6118, 6119, 54764, 440730, 10618}","RPA1, RPA2, RPA3, ZRANB1, TRIM67, TGOLN2",212,6,0.0283018867924528,4.553734008774383
51337,THEM6,51337,THEM6,51337,THEM6,10615,SPAG5,51337,10615,False,"{899, 55716, 8452, 5031, 6119, 440730, 81622, 10618}","CCNF, LMBR1L, CUL3, P2RY6, RPA3, TRIM67, UNC93B1, TGOLN2",288,8,0.0277777777777777,4.960809760300682
51585,PCF11,51585,PCF11,51585,PCF11,516,ATP5MC1,51585,516,False,set(),,141,0,0.0,0.0
51585,PCF11,51585,PCF11,51585,PCF11,6935,ZEB1,51585,6935,False,"{2130, 2547, 54764, 54386}","EWSR1, XRCC6, ZRANB1, TERF2IP",289,4,0.0138408304498269,1.7327711985776708
51585,PCF11,51585,PCF11,51585,PCF11,81488,POLR2M,51585,81488,False,"{5432, 54764, 8732, 5430}","POLR2C, ZRANB1, RNGTT, POLR2A",233,4,0.0171673819742489,2.272712757764545
51714,SELENOT,"51714, 5912","SELENOT, RAP2B",51714,SELENOT,4605,MYBL2,51714,4605,False,"{7852, 6117}","CXCR4, RPA1",185,2,0.0108108108108108,1.379249821033974
51714,SELENOT,"51714, 5912","SELENOT, RAP2B",5912,RAP2B,7862,BRPF1,5912,7862,False,{2100},ESR2,108,1,0.0092592592592592,0.9143451438771074
51714,SELENOT,"51714, 5912","SELENOT, RAP2B",5912,RAP2B,8773,SNAP23,5912,8773,False,"{387, 998, 6059, 2099, 2100, 90007, 3965, 2335}","RHOA, CDC42, ABCE1, ESR1, ESR2, MIDN, LGALS9, FN1",211,8,0.0379146919431279,9.075573811647311
51714,SELENOT,"51714, 5912","SELENOT, RAP2B",51714,SELENOT,10370,CITED2,51714,10370,False,{1994},ELAVL1,61,1,0.0163934426229508,1.4413610473248326
51714,SELENOT,"51714, 5912","SELENOT, RAP2B",51714,SELENOT,10440,TIMM17A,51714,10440,False,set(),,65,0,0.0,0.0
51714,SELENOT,"51714, 5912","SELENOT, RAP2B",51714,SELENOT,84337,ELOF1,51714,84337,False,set(),,73,0,0.0,0.0
51773,RSF1,51773,RSF1,51773,RSF1,47,ACLY,51773,47,False,"{4609, 92421, 4488, 51593, 8850, 9493, 440730, 1051, 4000, 10155, 23476, 4287, 64710, 11335, 9928, 4171, 79829, 51547, 2146, 5347, 6117, 1642, 25962, 3312, 2033, 7157}","MYC, CHMP4C, MSX2, SRRT, KAT2B, KIF23, TRIM67, CEBPB, LMNA, TRIM28, BRD4, ATXN3, NUCKS1, CBX3, KIF14, MCM2, NAA40, SIRT7, EZH2, PLK1, RPA1, DDB1, VIRMA, HSPA8, EP300, TP53",416,26,0.0625,21.467313116513704
51773,RSF1,51773,RSF1,51773,RSF1,617,BCS1L,51773,617,False,"{440730, 8019, 6117}","TRIM67, BRD3, RPA1",222,3,0.0135135135135135,1.5954256300120917
51773,RSF1,51773,RSF1,51773,RSF1,4221,MEN1,51773,4221,False,"{4609, 2177, 11143, 51593, 8467, 8339, 9493, 8349, 8350, 8359, 10155, 55215, 1457, 6194, 23091, 4790, 9785, 80829, 4926, 11198, 9410, 11335, 9031, 328, 51018, 4171, 3020, 2130, 1108, 8663, 9688, 6749, 10849, 2146, 5347, 6117, 1642, 7150, 3312, 7157, 7158}","MYC, FANCD2, KAT7, SRRT, SMARCA5, H2BC8, KIF23, H2BC21, H3C1, H4C1, TRIM28, FANCI, CSNK2A1, RPS6, ZC3H13, NFKB1, DHX38, ZFP91, NUMA1, SUPT16H, SNRNP40, CBX3, BAZ1B, APEX1, RRP15, MCM2, H3-3A, EWSR1, CHD4, EIF3C, NUP93, SSRP1, POLR1G, EZH2, PLK1, RPA1, DDB1, TOP1, HSPA8, TP53, TP53BP1",1096,41,0.0374087591240875,22.705226732025466
51773,RSF1,51773,RSF1,51773,RSF1,4605,MYBL2,51773,4605,False,"{4609, 142, 8467, 8339, 8359, 3008, 832, 9410, 348995, 3009, 6594, 11335, 5321, 3020, 2130, 1108, 2908, 23137, 2146, 6117, 2033, 54386, 7157}","MYC, PARP1, SMARCA5, H2BC8, H4C1, H1-4, CAPZB, SNRNP40, NUP43, H1-5, SMARCA1, CBX3, PLA2G4A, H3-3A, EWSR1, CHD4, NR3C1, SMC5, EZH2, RPA1, EP300, TERF2IP, TP53",238,23,0.0966386554621848,26.11791548141849
51773,RSF1,51773,RSF1,51773,RSF1,6183,MRPS12,51773,6183,False,"{4609, 440730, 57621}","MYC, TRIM67, ZBTB2",354,3,0.0084745762711864,0.7678971350815067
51773,RSF1,51773,RSF1,51773,RSF1,6901,TAFAZZIN,51773,6901,False,{3309},HSPA5,299,1,0.0033444816053511,0.0
51773,RSF1,51773,RSF1,51773,RSF1,7385,UQCRC2,51773,7385,False,"{4609, 2146, 23137, 2177, 10627, 6117, 11113, 25962, 10155, 7534, 440730, 2033, 51547, 23476, 3098, 1051, 7994, 9055}","MYC, EZH2, SMC5, FANCD2, MYL12A, RPA1, CIT, VIRMA, TRIM28, YWHAZ, TRIM67, EP300, SIRT7, BRD4, HK1, CEBPB, KAT6A, PRC1",447,18,0.0402684563758389,11.584703315982358
51773,RSF1,51773,RSF1,51773,RSF1,7862,BRPF1,51773,7862,False,"{8352, 4609, 1058, 10849, 8805, 64710, 11143, 25962, 3020, 27309, 7150, 8339, 6046, 8349, 7994, 8350, 6749, 4926}","H3C3, MYC, CENPA, POLR1G, TRIM24, NUCKS1, KAT7, VIRMA, H3-3A, ZNF330, TOP1, H2BC8, BRD2, H2BC21, KAT6A, H3C1, SSRP1, NUMA1",176,18,0.1022727272727272,23.827489322274136
51773,RSF1,51773,RSF1,51773,RSF1,8289,ARID1A,51773,8289,False,"{4609, 440730, 8349, 8359, 11198, 2626, 348995, 9410, 64710, 9031, 3014, 2130, 9555, 1108, 8019, 51547, 2908, 6749, 9055, 23137, 2146, 6117, 25962, 7150, 3312, 2033, 54386, 7157, 7158}","MYC, TRIM67, H2BC21, H4C1, SUPT16H, GATA4, NUP43, SNRNP40, NUCKS1, BAZ1B, H2AX, EWSR1, MACROH2A1, CHD4, BRD3, SIRT7, NR3C1, SSRP1, PRC1, SMC5, EZH2, RPA1, VIRMA, TOP1, HSPA8, EP300, TERF2IP, TP53, TP53BP1",310,29,0.0935483870967742,30.30552409458782
51773,RSF1,51773,RSF1,51773,RSF1,8458,TTF2,51773,8458,False,"{4609, 6117, 8359, 25962, 10155, 79829, 149628}","MYC, RPA1, H4C1, VIRMA, TRIM28, NAA40, PYHIN1",252,7,0.0277777777777777,4.68069508597078
51773,RSF1,51773,RSF1,51773,RSF1,9553,MRPL33,51773,9553,False,"{4609, 7994}","MYC, KAT6A",165,2,0.0121212121212121,1.489529464178074
51773,RSF1,51773,RSF1,51773,RSF1,9804,TOMM20,51773,9804,False,"{4609, 3009, 6117, 10155, 9555, 9688, 3098, 11198, 9055}","MYC, H1-5, RPA1, TRIM28, MACROH2A1, NUP93, HK1, SUPT16H, PRC1",343,9,0.0262390670553935,4.951782901546749
51773,RSF1,51773,RSF1,51773,RSF1,10440,TIMM17A,51773,10440,False,set(),,139,0,0.0,0.0
51773,RSF1,51773,RSF1,51773,RSF1,22992,KDM2A,51773,22992,False,"{4609, 142, 8339, 440730, 8349, 8350, 8352, 4000, 1058, 8359, 27309, 23476, 3006, 9410, 348995, 3014, 11335, 10951, 3020, 9555, 472, 10849, 11113, 25962, 2033, 7158}","MYC, PARP1, H2BC8, TRIM67, H2BC21, H3C1, H3C3, LMNA, CENPA, H4C1, ZNF330, BRD4, H1-2, SNRNP40, NUP43, H2AX, CBX3, CBX1, H3-3A, MACROH2A1, ATM, POLR1G, CIT, VIRMA, EP300, TP53BP1",189,26,0.1375661375661375,35.98904291820463
51773,RSF1,51773,RSF1,51773,RSF1,23395,LARS2,51773,23395,False,"{25962, 6117, 440730}","VIRMA, RPA1, TRIM67",260,3,0.0115384615384615,1.2598288380442688
51773,RSF1,51773,RSF1,51773,RSF1,23512,SUZ12,51773,23512,False,"{4609, 8451, 142, 8467, 8339, 57621, 440730, 1051, 8349, 8350, 6046, 8352, 8359, 10155, 27309, 23091, 23476, 4790, 3005, 4926, 11198, 3006, 2626, 9410, 6594, 3012, 64710, 11335, 9928, 3014, 3015, 4171, 29128, 3020, 2130, 9555, 1108, 3159, 9688, 6749, 2146, 6117, 11113, 1642, 25962, 7150, 54386, 7157}","MYC, CUL4A, PARP1, SMARCA5, H2BC8, ZBTB2, TRIM67, CEBPB, H2BC21, H3C1, BRD2, H3C3, H4C1, TRIM28, ZNF330, ZC3H13, BRD4, NFKB1, H1-0, NUMA1, SUPT16H, H1-2, GATA4, SNRNP40, SMARCA1, H2AC8, NUCKS1, CBX3, KIF14, H2AX, H2AZ1, MCM2, UHRF1, H3-3A, EWSR1, MACROH2A1, CHD4, HMGA1, NUP93, SSRP1, EZH2, RPA1, CIT, DDB1, VIRMA, TOP1, TERF2IP, TP53",707,48,0.0678925035360678,39.64939869376808
51773,RSF1,51773,RSF1,51773,RSF1,26995,TRUB2,51773,26995,False,"{3008, 440730}","H1-4, TRIM67",464,2,0.0043103448275862,0.0
51773,RSF1,51773,RSF1,51773,RSF1,28973,MRPS18B,51773,28973,False,"{3008, 4609, 3014, 8359, 3146, 10155, 333932, 440730, 6194, 2130, 8339, 57621, 7157, 7994, 149628, 3005}","H1-4, MYC, H2AX, H4C1, HMGB1, TRIM28, H3C15, TRIM67, RPS6, EWSR1, H2BC8, ZBTB2, TP53, KAT6A, PYHIN1, H1-0",404,16,0.0396039603960396,10.471282159726629
51773,RSF1,51773,RSF1,51773,RSF1,51649,MRPS23,51773,51649,False,"{3008, 4609, 832, 3146, 25962, 4140, 10155, 440730, 3312, 6194, 56852, 57621, 7157, 7994, 1051, 8350}","H1-4, MYC, CAPZB, HMGB1, VIRMA, MARK3, TRIM28, TRIM67, HSPA8, RPS6, RAD18, ZBTB2, TP53, KAT6A, CEBPB, H3C1",393,16,0.0407124681933842,10.714059329406822
51773,RSF1,51773,RSF1,51773,RSF1,55015,PRPF39,51773,55015,False,"{4609, 440730, 1051, 10155}","MYC, TRIM67, CEBPB, TRIM28",166,4,0.0240963855421686,3.63909148298449
51773,RSF1,51773,RSF1,51773,RSF1,57505,AARS2,51773,57505,False,"{6117, 25962, 10155, 3312, 23476, 5621, 440730}","RPA1, VIRMA, TRIM28, HSPA8, BRD4, PRNP, TRIM67",434,7,0.0161290322580645,2.4862395193563525
51773,RSF1,51773,RSF1,51773,RSF1,65260,COA7,51773,65260,False,"{4000, 440730, 6117, 4287}","LMNA, TRIM67, RPA1, ATXN3",239,4,0.0167364016736401,2.188902506718243
51773,RSF1,51773,RSF1,51773,RSF1,114034,TOE1,51773,114034,False,"{3008, 4609, 2146, 9410, 3009, 6117, 11113, 10155, 142, 440730, 2033, 2130, 56852, 7994}","H1-4, MYC, EZH2, SNRNP40, H1-5, RPA1, CIT, TRIM28, PARP1, TRIM67, EP300, EWSR1, RAD18, KAT6A",243,14,0.0576131687242798,13.035125812932025
51773,RSF1,51773,RSF1,51773,RSF1,114823,LENG8,51773,114823,False,"{4609, 23137, 9410, 328, 4488, 6194, 56852, 79829, 8349}","MYC, SMC5, SNRNP40, APEX1, MSX2, RPS6, RAD18, NAA40, H2BC21",267,9,0.0337078651685393,6.371824803580367
51773,RSF1,51773,RSF1,51773,RSF1,147965,FAM98C,51773,147965,False,set(),,126,0,0.0,0.0
51773,RSF1,51773,RSF1,51773,RSF1,163131,ZNF780B,51773,163131,False,set(),,121,0,0.0,0.0
51773,RSF1,51773,RSF1,51773,RSF1,253260,RICTOR,51773,253260,False,"{4609, 2177, 8451, 142, 6672, 9493, 440730, 3098, 4000, 10155, 1457, 6194, 3008, 3009, 348995, 9928, 5347, 6117, 1642, 25962, 3309, 7534, 55023, 3312}","MYC, FANCD2, CUL4A, PARP1, SP100, KIF23, TRIM67, HK1, LMNA, TRIM28, CSNK2A1, RPS6, H1-4, H1-5, NUP43, KIF14, PLK1, RPA1, DDB1, VIRMA, HSPA5, YWHAZ, PHIP, HSPA8",816,24,0.0294117647058823,11.190033690619323
51773,RSF1,51773,RSF1,51773,RSF1,286053,NSMCE2,51773,286053,False,"{4609, 2130, 23137, 6047}","MYC, EWSR1, SMC5, RNF4",155,4,0.0258064516129032,4.064156403049077
51773,RSF1,51773,RSF1,51773,RSF1,503834,DPRX,51773,503834,False,set(),,137,0,0.0,0.0
5184,PEPD,5184,PEPD,5184,PEPD,3856,KRT8,5184,3856,False,"{7328, 8452, 10565, 302, 5071, 8473}","UBE2H, CUL3, ARFGEF1, ANXA2, PRKN, OGT",505,6,0.0118811881188118,1.998507411461631
5184,PEPD,5184,PEPD,5184,PEPD,7849,PAX8,5184,7849,False,{6310},ATXN1,190,1,0.0052631578947368,0.4379790246734907
5184,PEPD,5184,PEPD,5184,PEPD,7862,BRPF1,5184,7862,False,"{7874, 6780}","USP7, STAU1",158,2,0.0126582278481012,1.393090058377651
5184,PEPD,5184,PEPD,5184,PEPD,84612,PARD6B,5184,84612,False,"{8473, 5071, 2799, 3191}","OGT, PRKN, GNS, HNRNPL",216,4,0.0185185185185185,2.5720520510797056
528,ATP6V1C1,528,ATP6V1C1,528,ATP6V1C1,116228,COX20,528,116228,False,"{6117, 6119}","RPA1, RPA3",134,2,0.0149253731343283,1.7389990346557116
5290,PIK3CA,"5290, 55669, 8087, 86","PIK3CA, MFN1, FXR1, ACTL6A",86,ACTL6A,54468,MIOS,86,54468,False,"{57664, 8452, 25831, 4204, 10574, 5071, 10576, 57520, 4914, 2100, 440730, 51548}","PLEKHA4, CUL3, HECTD1, MECP2, CCT7, PRKN, CCT2, HECW2, NTRK1, ESR2, TRIM67, SIRT6",311,12,0.0385852090032154,10.199089187783708
5359,PLSCR1,5359,PLSCR1,5359,PLSCR1,4605,MYBL2,5359,4605,False,"{5933, 2033, 2130, 8216, 5597}","RBL1, EP300, EWSR1, LZTR1, MAPK6",303,5,0.0165016501650165,2.17701472123076
5359,PLSCR1,5359,PLSCR1,5359,PLSCR1,10440,TIMM17A,5359,10440,False,set(),,186,0,0.0,0.0
54108,CHRAC1,54108,CHRAC1,54108,CHRAC1,114822,RHPN1,54108,114822,False,set(),,102,0,0.0,0.0
54464,XRN1,54464,XRN1,54464,XRN1,54468,MIOS,54464,54468,False,"{57664, 25831, 8878, 112399, 57520, 5071, 4914, 2099, 2100, 3959, 440730}","PLEKHA4, HECTD1, SQSTM1, EGLN3, HECW2, PRKN, NTRK1, ESR1, ESR2, LGALS3BP, TRIM67",306,11,0.0359477124183006,9.081770068763326
54477,PLEKHA5,54477,PLEKHA5,54477,PLEKHA5,10460,TACC3,54477,10460,False,"{25976, 1956, 10534, 5478, 22919, 996, 25962, 54764, 7791, 25937, 23028, 51317, 3832, 3065, 440730}","TIPARP, EGFR, ZNRD2, PPIA, MAPRE1, CDC27, VIRMA, ZRANB1, ZYX, WWTR1, KDM1A, PHF21A, KIF11, HDAC1, TRIM67",357,15,0.042016806722689,9.978769904307164
54845,ESRP1,54845,ESRP1,54845,ESRP1,3845,KRAS,54845,3845,False,{11030},RBPMS,1210,1,0.0008264462809917,-0.8845907468580778
54845,ESRP1,54845,ESRP1,54845,ESRP1,23173,METAP1,54845,23173,False,"{9928, 2099}","KIF14, ESR1",122,2,0.0163934426229508,1.8365576499771727
54845,ESRP1,54845,ESRP1,54845,ESRP1,57798,GATAD1,54845,57798,False,"{23131, 2099, 2100, 6310}","GPATCH8, ESR1, ESR2, ATXN1",194,4,0.0206185567010309,2.9269337942542992
54927,CHCHD3,54927,CHCHD3,54927,CHCHD3,5903,RANBP2,54927,5903,False,"{10112, 2177, 4609, 59272, 112399, 83987, 440730, 1051, 6045, 9759, 7328, 4001, 10146, 55716, 10155, 2100, 1080, 9401, 7737, 57664, 23363, 93380, 9928, 330, 5071, 10963, 23512, 9820, 10204, 9055, 3297, 2146, 23137, 25962, 54764, 129401}","KIF20A, FANCD2, MYC, ACE2, EGLN3, CCDC8, TRIM67, CEBPB, RNF2, HDAC4, UBE2H, LMNB1, G3BP1, LMBR1L, TRIM28, ESR2, CFTR, RECQL4, RNF113A, PLEKHA4, OBSL1, MMGT1, KIF14, BIRC3, PRKN, STIP1, SUZ12, CUL7, NUTF2, PRC1, HSF1, EZH2, SMC5, VIRMA, ZRANB1, NUP35",557,36,0.0646319569120287,22.080776855138097
54927,CHCHD3,54927,CHCHD3,54927,CHCHD3,25843,MOB4,54927,25843,False,"{4641, 387, 1956, 5862, 2022, 55177, 54764, 5071, 2801, 2100, 440730, 11007}","MYO1C, RHOA, EGFR, RAB2A, ENG, RMDN3, ZRANB1, PRKN, GOLGA2, ESR2, TRIM67, CCDC85B",391,12,0.0306905370843989,6.3606233012029705
54927,CHCHD3,54927,CHCHD3,54927,CHCHD3,91746,YTHDC1,54927,91746,False,"{4609, 387, 59272, 79637, 440730, 1051, 8872, 54443, 2100, 139322, 57664, 23363, 9928, 1743, 23376, 5071, 23512, 84445, 9055, 2146, 54764, 2801, 4221}","MYC, RHOA, ACE2, ARMC7, TRIM67, CEBPB, CDC123, ANLN, ESR2, APOOL, PLEKHA4, OBSL1, KIF14, DLST, UFL1, PRKN, SUZ12, LZTS2, PRC1, EZH2, ZRANB1, GOLGA2, MEN1",623,23,0.0369181380417335,8.874424182758133
5504,PPP1R2,5504,PPP1R2,5504,PPP1R2,10096,ACTR3,5504,10096,False,"{9601, 23299, 5478, 54764, 440730, 5500, 5501}","PDIA4, BICD2, PPIA, ZRANB1, TRIM67, PPP1CB, PPP1CC",340,7,0.0205882352941176,4.667576227170216
5504,PPP1R2,5504,PPP1R2,5504,PPP1R2,54468,MIOS,5504,54468,False,{440730},TRIM67,127,1,0.0078740157480314,0.7334357841994779
55094,GPATCH1,55094,GPATCH1,55094,GPATCH1,3856,KRT8,55094,3856,False,"{23299, 23322, 55835, 7328, 8481, 84902, 8359, 22832, 80817, 1080, 117178, 51199, 22981, 253260, 22995, 1639, 25831, 54764, 2547, 9343}","BICD2, RPGRIP1L, CPAP, UBE2H, OFD1, CEP89, H4C1, CEP162, CEP44, CFTR, SSX2IP, NIN, NINL, RICTOR, CEP152, DCTN1, HECTD1, ZRANB1, XRCC6, EFTUD2",506,20,0.0395256916996047,13.504672650898426
55094,GPATCH1,55094,GPATCH1,55094,GPATCH1,7849,PAX8,55094,7849,False,"{5929, 7090}","RBBP5, TLE3",204,2,0.0098039215686274,1.0052888252253702
55094,GPATCH1,55094,GPATCH1,55094,GPATCH1,7862,BRPF1,55094,7862,False,"{84376, 51361, 2100, 4221}","HOOK3, HOOK1, ESR2, MEN1",171,4,0.023391812865497,3.2691665547641944
55094,GPATCH1,55094,GPATCH1,55094,GPATCH1,84612,PARD6B,55094,84612,False,"{2100, 351, 84292}","ESR2, APP, WDR83",232,3,0.0129310344827586,1.5159547776774789
55094,GPATCH1,55094,GPATCH1,55094,GPATCH1,196528,ARID2,55094,196528,False,"{23137, 9410, 348995, 6117, 6118, 8359, 25831, 6119, 54475, 54764, 7090, 2100, 79829, 25976, 51548, 4221}","SMC5, SNRNP40, NUP43, RPA1, RPA2, H4C1, HECTD1, RPA3, NLE1, ZRANB1, TLE3, ESR2, NAA40, TIPARP, SIRT6, MEN1",231,16,0.0692640692640692,16.575897993147468
55095,SAMD4B,"55095, 55588","SAMD4B, MED29",55095,SAMD4B,2926,GRSF1,55095,2926,False,"{6657, 899, 81550, 10642, 10644, 440730, 23196, 54954, 2099, 2100, 3191, 1994, 5976, 4343, 6625, 9698, 8939, 8940, 26094, 5621, 253943, 26233, 79868}","SOX2, CCNF, TDRD3, IGF2BP1, IGF2BP2, TRIM67, FAM120A, FAM120C, ESR1, ESR2, HNRNPL, ELAVL1, UPF1, MOV10, SNRNP70, PUM1, FUBP3, TOP3B, DCAF4, PRNP, YTHDF3, FBXL6, ALG13",609,23,0.0377668308702791,13.390959047523951
55095,SAMD4B,"55095, 55588","SAMD4B, MED29",55095,SAMD4B,3960,LGALS4,55095,3960,False,{1080},CFTR,140,1,0.0071428571428571,0.9251706467930236
55095,SAMD4B,"55095, 55588","SAMD4B, MED29",55095,SAMD4B,4001,LMNB1,55095,4001,False,"{6657, 899, 161176, 6117, 7529, 9738, 25962, 7531, 1994, 440730, 2099, 2100, 3191, 1080, 9401, 7514, 10971, 51199}","SOX2, CCNF, SYNE3, RPA1, YWHAB, CCP110, VIRMA, YWHAE, ELAVL1, TRIM67, ESR1, ESR2, HNRNPL, CFTR, RECQL4, XPO1, YWHAQ, NIN",692,18,0.0260115606936416,7.831424124521369
55095,SAMD4B,"55095, 55588","SAMD4B, MED29",55095,SAMD4B,23144,ZC3H3,55095,23144,False,"{5976, 23196, 2100, 4343}","UPF1, FAM120A, ESR2, MOV10",341,4,0.0117302052785923,1.3300750489880635
55095,SAMD4B,"55095, 55588","SAMD4B, MED29",55095,SAMD4B,25937,WWTR1,55095,25937,False,"{85379, 5784, 64793, 27161, 9887, 7840, 9260, 9919, 23112, 79834, 10971, 84445, 7529, 7531, 7532, 7533, 7534, 23019, 84726}","KIAA1671, PTPN14, CEP85, AGO2, SMG7, ALMS1, PDLIM7, SEC16A, TNRC6B, PEAK1, YWHAQ, LZTS2, YWHAB, YWHAE, YWHAG, YWHAH, YWHAZ, CNOT1, PRRC2B",488,19,0.0389344262295082,11.750808327443435
55095,SAMD4B,"55095, 55588","SAMD4B, MED29",55095,SAMD4B,26065,LSM14A,55095,26065,False,"{6657, 899, 29066, 81550, 10642, 10644, 80153, 27161, 64793, 440730, 26523, 23196, 56478, 9887, 9125, 54954, 25904, 2099, 2100, 9401, 80315, 9665, 23112, 79048, 1994, 9931, 253943, 23381, 5976, 7514, 4343, 9698, 8939, 8940, 23019, 84206, 9710, 4848, 4849, 51441, 26094, 84726, 3191, 26233, 55802, 79868}","SOX2, CCNF, ZC3H7A, TDRD3, IGF2BP1, IGF2BP2, EDC3, AGO2, CEP85, TRIM67, AGO1, FAM120A, EIF4ENIF1, SMG7, CNOT9, FAM120C, CNOT10, ESR1, ESR2, RECQL4, CPEB4, MARF1, TNRC6B, SECISBP2, ELAVL1, HELZ, YTHDF3, SMG5, UPF1, XPO1, MOV10, PUM1, FUBP3, TOP3B, CNOT1, MEX3B, GARRE1, CNOT2, CNOT3, YTHDF2, DCAF4, PRRC2B, HNRNPL, FBXL6, DCP1A, ALG13",314,46,0.1464968152866242,57.0766819403364
55095,SAMD4B,"55095, 55588","SAMD4B, MED29",55095,SAMD4B,51343,FZR1,55095,51343,False,"{6657, 899, 1039, 10642, 10644, 5784, 23196, 10294, 3191, 29110, 23112, 1994, 5976, 7514, 4343, 6625, 3301, 7531, 7532, 7533, 7534, 8940, 51441, 253943}","SOX2, CCNF, CDR2, IGF2BP1, IGF2BP2, PTPN14, FAM120A, DNAJA2, HNRNPL, TBK1, TNRC6B, ELAVL1, UPF1, XPO1, MOV10, SNRNP70, DNAJA1, YWHAE, YWHAG, YWHAH, YWHAZ, TOP3B, YTHDF2, YTHDF3",1215,24,0.019753086419753,7.364164474289029
55095,SAMD4B,"55095, 55588","SAMD4B, MED29",55095,SAMD4B,57817,HAMP,55095,57817,False,set(),,123,0,0.0,0.0
55095,SAMD4B,"55095, 55588","SAMD4B, MED29",55095,SAMD4B,64745,METTL17,55095,64745,False,"{6625, 899, 9401, 256646, 10642, 10644, 3191, 26233}","SNRNP70, CCNF, RECQL4, NUTM1, IGF2BP1, IGF2BP2, HNRNPL, FBXL6",513,8,0.0155945419103313,2.5355446646887376
55095,SAMD4B,"55095, 55588","SAMD4B, MED29",55588,MED29,91750,LIN52,55588,91750,False,"{1050, 10212, 8359}","CEBPA, DDX39A, H4C1",142,3,0.0211267605633802,2.800441145662048
55095,SAMD4B,"55095, 55588","SAMD4B, MED29",55095,SAMD4B,147965,FAM98C,55095,147965,False,{899},CCNF,125,1,0.008,1.4500481476826463
55095,SAMD4B,"55095, 55588","SAMD4B, MED29",55095,SAMD4B,284459,ZNF875,55095,284459,False,{3191},HNRNPL,123,1,0.008130081300813,1.623559453149143
55095,SAMD4B,"55095, 55588","SAMD4B, MED29",55095,SAMD4B,286053,NSMCE2,55095,286053,False,"{7533, 3191}","YWHAH, HNRNPL",157,2,0.0127388535031847,1.6400981952063896
55095,SAMD4B,"55095, 55588","SAMD4B, MED29",55095,SAMD4B,342897,NCCRP1,55095,342897,False,"{6657, 899, 1994, 2099, 2100, 5621, 1080}","SOX2, CCNF, ELAVL1, ESR1, ESR2, PRNP, CFTR",219,7,0.0319634703196347,5.455103276744422
55131,RBM28,55131,RBM28,55131,RBM28,7994,KAT6A,55131,7994,False,"{6146, 6147, 6154, 6156, 6158, 23567, 6160, 56342, 3609, 6175, 26156, 6189, 6194, 2099, 6207, 6208, 6217, 6732, 6733, 6223, 1107, 1108, 6229, 7259, 10849, 3192, 10360, 400506, 6780, 6135, 8350, 10399, 285855, 8359, 23212, 23223, 51388, 9410, 23234, 9933, 9939, 10969, 25831, 4839, 10492, 4869, 25873, 57621, 57109, 10521, 6430, 339230, 83743, 5424, 5936, 79159, 90441, 84298, 51018, 23378, 9045, 7019, 55661, 8575, 84365, 51121, 55226, 55228, 23521, 5610, 6122, 6124, 6125, 7150, 2033, 6130, 51187, 6132, 23029, 7157, 6134, 6137, 6138, 6139, 6141, 6142, 6143}","RPL22, RPL23A, RPL26, RPL30, RPL28, ZNF346, RPL31, PPAN, ILF3, RPLP0, RSL1D1, RPS3A, RPS6, ESR1, RPS13, RPS14, RPS16, SRPK1, SRPK2, RPS19, CHD3, CHD4, RPS24, TSPYL1, POLR1G, HNRNPU, NPM3, KNOP1, STAU1, RPL11, H3C1, RACK1, RPL7L1, H4C1, RRS1, RRP12, NIP7, SNRNP40, DNAJC9, PUM3, RBM8A, EBNA1BP2, HECTD1, NOP2, SYNCRIP, NPM1, RPL36, ZBTB2, REXO4, DDX17, SRSF5, CCDC137, GRWD1, POLD1, RBM4, NOL12, ZNF622, LLPH, RRP15, RRP8, RPL14, TFAM, DDX27, PRKRA, NIFK, RPL26L1, NAT10, PNMA8A, RPL13A, EIF2AK2, RPL3, RPL4, RPL5, TOP1, EP300, RPL7A, RSL24D1, RPL8, RBM34, TP53, RPL10, RPL13, RPL15, RPL17, RPL18, RPL18A, RPL19",763,87,0.1140235910878112,61.39034334037682
55131,RBM28,55131,RBM28,55131,RBM28,25843,MOB4,55131,25843,False,"{6118, 54764, 5071, 2801, 25976, 440730, 26524}","RPA2, ZRANB1, PRKN, GOLGA2, TIPARP, TRIM67, LATS2",485,7,0.0144329896907216,1.853951562560495
55131,RBM28,55131,RBM28,55131,RBM28,91746,YTHDC1,55131,91746,False,"{4609, 6147, 25976, 4613, 9991, 59272, 79753, 84365, 7182, 23567, 6160, 142, 54542, 1044, 57621, 3608, 440730, 6428, 6429, 6431, 9636, 8359, 54443, 10284, 27309, 149041, 79665, 2099, 57664, 9410, 348995, 23363, 9416, 6732, 6733, 10318, 5071, 23376, 124245, 84444, 9055, 6625, 2146, 8161, 3428, 9188, 6118, 6119, 104, 4204, 54764, 7150, 79727, 2801, 7157, 29942, 51574, 3192, 4221, 6143}","MYC, RPL23A, TIPARP, MYCN, PTBP3, ACE2, SNIP1, NIFK, NR2C2, ZNF346, RPL31, PARP1, RC3H2, CDX1, ZBTB2, ILF2, TRIM67, SRSF3, SRSF4, SRSF6, ISG15, H4C1, ANLN, SAP18, ZNF330, RC3H1, DHX40, ESR1, PLEKHA4, SNRNP40, NUP43, OBSL1, DDX23, SRPK1, SRPK2, TNIP1, PRKN, UFL1, ZC3H18, DOT1L, PRC1, SNRNP70, EZH2, COIL, IFI16, DDX21, RPA2, RPA3, ADARB1, MECP2, ZRANB1, TOP1, LIN28A, GOLGA2, TP53, PURG, LARP7, HNRNPU, MEN1, RPL19",675,60,0.0888888888888888,38.69720892897279
55297,CCDC91,55297,CCDC91,55297,CCDC91,8773,SNAP23,55297,8773,False,{4609},MYC,208,1,0.0048076923076923,0.6851461869408153
55500,ETNK1,55500,ETNK1,55500,ETNK1,4605,MYBL2,55500,4605,False,set(),,164,0,0.0,0.0
55500,ETNK1,55500,ETNK1,55500,ETNK1,8773,SNAP23,55500,8773,False,{29978},UBQLN2,206,1,0.0048543689320388,0.7175090579866904
55500,ETNK1,55500,ETNK1,55500,ETNK1,10370,CITED2,55500,10370,False,set(),,39,0,0.0,0.0
55500,ETNK1,55500,ETNK1,55500,ETNK1,132660,LIN54,55500,132660,False,{5071},PRKN,111,1,0.009009009009009,1.010697449415337
55544,RBM38,55544,RBM38,55544,RBM38,5970,RELA,55544,5970,False,"{4193, 79155, 3091}","MDM2, TNIP2, HIF1A",451,3,0.0066518847006651,1.893229082914062
55544,RBM38,55544,RBM38,55544,RBM38,57534,MIB1,55544,57534,False,"{8940, 2100}","TOP3B, ESR2",310,2,0.0064516129032258,1.3650656344494083
55544,RBM38,55544,RBM38,55544,RBM38,196528,ARID2,55544,196528,False,{2100},ESR2,168,1,0.0059523809523809,0.8091179683624382
55636,CHD7,55636,CHD7,55636,CHD7,230,ALDOC,55636,230,False,"{25962, 1051, 54764}","VIRMA, CEBPB, ZRANB1",257,3,0.0116731517509727,1.2865050894846906
55636,CHD7,55636,CHD7,55636,CHD7,1019,CDK4,55636,1019,False,"{2624, 6657, 4609, 5894, 2289, 506, 10643, 7157, 51574, 25976, 1050}","GATA2, SOX2, MYC, RAF1, FKBP5, ATP5F1B, IGF2BP3, TP53, LARP7, TIPARP, CEBPA",397,11,0.0277078085642317,5.478263188218027
55636,CHD7,55636,CHD7,55636,CHD7,3845,KRAS,55636,3845,False,"{6144, 79968, 5894, 54764, 2547, 6132, 54815}","RPL21, WDR76, RAF1, ZRANB1, XRCC6, RPL8, GATAD2A",1272,7,0.005503144654088,-0.0675361542069326
55636,CHD7,55636,CHD7,55636,CHD7,6319,SCD,55636,6319,False,"{8359, 54764, 7182, 2099, 2100}","H4C1, ZRANB1, NR2C2, ESR1, ESR2",268,5,0.0186567164179104,2.6123032765179057
55636,CHD7,55636,CHD7,55636,CHD7,10197,PSME3,55636,10197,False,"{4609, 10762, 9355, 11279, 83855, 1050, 7706, 51231, 54815, 30012, 6597, 9928, 57680, 8161, 25962, 54764, 2289, 54386, 2547, 7157, 25976, 506, 3196}","MYC, NUP50, LHX2, KLF8, KLF16, CEBPA, TRIM25, VRK3, GATAD2A, TLX3, SMARCA4, KIF14, CHD8, COIL, VIRMA, ZRANB1, FKBP5, TERF2IP, XRCC6, TP53, TIPARP, ATP5F1B, TLX2",505,23,0.0455445544554455,14.30720697206689
55636,CHD7,55636,CHD7,55636,CHD7,10438,C1D,55636,10438,False,"{3069, 5894}","HDLBP, RAF1",194,2,0.0103092783505154,1.2578556981751847
55636,CHD7,55636,CHD7,55636,CHD7,23173,METAP1,55636,23173,False,"{4609, 23137, 9928, 54764, 7182, 689, 2099, 7706}","MYC, SMC5, KIF14, ZRANB1, NR2C2, BTF3, ESR1, TRIM25",184,8,0.0434782608695652,8.703642783367263
55636,CHD7,55636,CHD7,55636,CHD7,51013,EXOSC1,55636,51013,False,"{8359, 54764, 142, 2099, 2100}","H4C1, ZRANB1, PARP1, ESR1, ESR2",243,5,0.0205761316872428,3.02255152313977
55636,CHD7,55636,CHD7,55636,CHD7,55486,PARL,55636,55486,False,{6657},SOX2,362,1,0.0027624309392265,0.0
55636,CHD7,55636,CHD7,55636,CHD7,55705,IPO9,55636,55705,False,"{4609, 1315, 5894, 25962, 54764, 27309, 7182, 8339, 25976, 22938, 2908, 8349}","MYC, COPB1, RAF1, VIRMA, ZRANB1, ZNF330, NR2C2, H2BC8, TIPARP, SNW1, NR3C1, H2BC21",354,12,0.0338983050847457,7.139776604092971
55636,CHD7,55636,CHD7,55636,CHD7,83892,KCTD10,55636,83892,False,"{9928, 5929, 4204, 54764, 10643, 22938}","KIF14, RBBP5, MECP2, ZRANB1, IGF2BP3, SNW1",311,6,0.0192926045016077,2.7979092558720526
55636,CHD7,55636,CHD7,55636,CHD7,196074,METTL15,55636,196074,False,"{506, 54764}","ATP5F1B, ZRANB1",415,2,0.0048192771084337,0.1404080491843063
55846,ITFG2,55846,ITFG2,55846,ITFG2,114034,TOE1,55846,114034,False,set(),,163,0,0.0,0.0
55907,CMAS,55907,CMAS,55907,CMAS,132660,LIN54,55907,132660,False,"{8352, 4609, 6117, 6118, 8359, 6119, 3020, 5071, 23152, 8339}","H3C3, MYC, RPA1, RPA2, H4C1, RPA3, H3-3A, PRKN, CIC, H2BC8",185,10,0.054054054054054,10.389227733562526
56829,ZC3HAV1,"56829, 8805, 92092","ZC3HAV1, TRIM24, ZC3HAV1L",56829,ZC3HAV1,25843,MOB4,56829,25843,False,"{387, 1956, 6117, 6118, 3303, 55177, 54764, 11021, 55054, 5071, 2100, 6711, 25976, 2521, 440730}","RHOA, EGFR, RPA1, RPA2, HSPA1A, RMDN3, ZRANB1, RAB35, ATG16L1, PRKN, ESR2, SPTBN1, TIPARP, FUS, TRIM67",733,15,0.0204638472032742,4.422325053048423
56943,ENY2,56943,ENY2,56943,ENY2,116228,COX20,56943,116228,False,"{54764, 26135}","ZRANB1, SERBP1",220,2,0.009090909090909,1.2078323564187805
57018,CCNL1,"57018, 5806, 8833, 9197","CCNL1, PTX3, GMPS, SLC33A1",8833,GMPS,4605,MYBL2,8833,4605,False,"{4609, 2146, 899, 6117, 142, 112399, 84464, 2033, 7157, 5080, 1050}","MYC, EZH2, CCNF, RPA1, PARP1, EGLN3, SLX4, EP300, TP53, PAX6, CEBPA",283,11,0.03886925795053,7.939576985096766
57018,CCNL1,"57018, 5806, 8833, 9197","CCNL1, PTX3, GMPS, SLC33A1",9197,SLC33A1,54468,MIOS,9197,54468,False,"{57664, 7879, 3916, 5071, 3920, 9367, 440730}","PLEKHA4, RAB7A, LAMP1, PRKN, LAMP2, RAB9A, TRIM67",215,7,0.0325581395348837,6.012973098646121
5747,PTK2,5747,PTK2,5747,PTK2,94005,PIGS,5747,94005,False,"{57664, 1956, 7205, 5071, 2100, 4311, 440730, 9821}","PLEKHA4, EGFR, TRIP6, PRKN, ESR2, MME, TRIM67, RB1CC1",399,8,0.0200501253132832,3.2875158777651343
5747,PTK2,5747,PTK2,5747,PTK2,114822,RHPN1,5747,114822,False,"{2801, 80173}","GOLGA2, IFT74",320,2,0.00625,0.8411134238141541
5922,RASA2,5922,RASA2,5922,RASA2,4605,MYBL2,5922,4605,False,"{4609, 2908}","MYC, NR3C1",163,2,0.0122699386503067,1.9096959873081516
5922,RASA2,5922,RASA2,5922,RASA2,8773,SNAP23,5922,8773,False,"{4609, 3265, 10801}","MYC, HRAS, SEPTIN9",205,3,0.0146341463414634,2.8710251235509703
5922,RASA2,5922,RASA2,5922,RASA2,54468,MIOS,5922,54468,False,set(),,93,0,0.0,0.0
5922,RASA2,5922,RASA2,5922,RASA2,85369,STRIP1,5922,85369,False,{55054},ATG16L1,119,1,0.0084033613445378,0.9619984374531376
60412,EXOC4,60412,EXOC4,60412,EXOC4,5903,RANBP2,60412,5903,False,"{4609, 899, 5899, 55054, 112399, 23186, 3738, 440730, 22938, 6047, 55716, 8359, 10155, 2100, 1080, 57664, 5071, 10963, 988, 118881, 3297, 997, 6117, 6119, 6118, 6249, 25962, 54764, 54894, 3187, 23028, 51317, 25976, 3065, 6780}","MYC, CCNF, RALB, ATG16L1, EGLN3, RCOR1, KCNA3, TRIM67, SNW1, RNF4, LMBR1L, H4C1, TRIM28, ESR2, CFTR, PLEKHA4, PRKN, STIP1, CDC5L, COMTD1, HSF1, CDC34, RPA1, RPA3, RPA2, CLIP1, VIRMA, ZRANB1, RNF43, HNRNPH1, KDM1A, PHF21A, TIPARP, HDAC1, STAU1",495,35,0.0707070707070707,25.31286917827858
60412,EXOC4,60412,EXOC4,60412,EXOC4,25843,MOB4,60412,25843,False,"{79874, 9869, 55054, 80143, 440730, 4644, 1956, 80817, 2100, 5071, 145508, 6117, 6118, 11116, 54764, 5108, 25976, 3065, 9342}","RABEP2, SETDB1, ATG16L1, SIKE1, TRIM67, MYO5A, EGFR, CEP44, ESR2, PRKN, CEP128, RPA1, RPA2, CEP43, ZRANB1, PCM1, TIPARP, HDAC1, SNAP29",321,19,0.0591900311526479,15.582493576915034
60412,EXOC4,60412,EXOC4,60412,EXOC4,91746,YTHDC1,60412,91746,False,"{57664, 4609, 738, 6117, 6118, 8359, 11336, 6119, 54764, 55054, 5071, 23186, 2100, 10228, 25976, 440730, 6047}","PLEKHA4, MYC, VPS51, RPA1, RPA2, H4C1, EXOC3, RPA3, ZRANB1, ATG16L1, PRKN, RCOR1, ESR2, STX6, TIPARP, TRIM67, RNF4",566,17,0.0300353356890459,6.588019277836117
622,BDH1,"622, 84248, 84859","BDH1, FYTTD1, LRCH3",84859,LRCH3,54468,MIOS,84859,54468,False,"{7879, 112399, 4914, 2099, 2100, 51548}","RAB7A, EGLN3, NTRK1, ESR1, ESR2, SIRT6",170,6,0.0352941176470588,5.730690171429962
622,BDH1,"622, 84248, 84859","BDH1, FYTTD1, LRCH3",84859,LRCH3,85440,DOCK7,84859,85440,True,"{4609, 899, 6790, 6286, 112399, 11156, 10013, 57631, 288, 801, 805, 4646, 81704, 808, 10409, 7851, 54443, 4914, 51379, 2100, 92597, 9142, 55294, 4282, 51132, 830, 55233, 4034, 1859, 9924, 29766, 9928, 10318, 55011, 3428, 57572, 998, 23143, 25962, 7532, 54764, 27248, 5879, 3065, 9978, 10238}","MYC, CCNF, AURKA, S100P, EGLN3, PTP4A3, HDAC6, LRCH2, ANK3, CALM1, CALM2, MYO6, DOCK8, CALM3, BASP1, MALL, ANLN, NTRK1, CRLF3, ESR2, MOB1B, 9142, FBXW7, MIF, RLIM, CAPZA2, MOB1A, LRCH4, DYRK1A, PAN2, TMOD3, KIF14, TNIP1, PIH1D1, IFI16, DOCK6, CDC42, LRCH1, VIRMA, YWHAG, ZRANB1, ERLEC1, RAC1, HDAC1, RBX1, DCAF7",305,46,0.1508196721311475,59.7358308031298
622,BDH1,"622, 84248, 84859","BDH1, FYTTD1, LRCH3",84248,FYTTD1,132660,LIN54,84248,132660,False,"{328, 4609, 25976, 8359}","APEX1, MYC, TIPARP, H4C1",235,4,0.0170212765957446,2.3433893209977987
636,BICD1,636,BICD1,636,BICD1,8773,SNAP23,636,8773,False,"{10152, 4893, 8878, 7879}","ABI2, NRAS, SQSTM1, RAB7A",405,4,0.0098765432098765,0.812426008540664
636,BICD1,636,BICD1,636,BICD1,11004,KIF2C,636,11004,False,"{1856, 5347, 56647, 9928, 6249, 11113, 25962, 22919, 7082, 440730, 4914, 10010}","DVL2, PLK1, BCCIP, KIF14, CLIP1, CIT, VIRMA, MAPRE1, TJP1, TRIM67, NTRK1, TANK",385,12,0.0311688311688311,6.223663201467652
6389,SDHA,6389,SDHA,6389,SDHA,10615,SPAG5,6389,10615,False,"{5216, 899, 8452, 55716, 5478, 5031, 9928, 6119, 25962, 54443, 7534, 54927, 440730, 983, 23322, 9212}","PFN1, CCNF, CUL3, LMBR1L, PPIA, P2RY6, KIF14, RPA3, VIRMA, ANLN, YWHAZ, CHCHD3, TRIM67, CDK1, RPGRIP1L, AURKB",542,16,0.029520295202952,6.52321692603615
6389,SDHA,6389,SDHA,6389,SDHA,79844,ZDHHC11,6389,79844,False,{81853},TMEM14B,402,1,0.0024875621890547,0.4618885695188194
64083,GOLPH3,64083,GOLPH3,64083,GOLPH3,7328,UBE2H,64083,7328,False,"{23435, 5902, 26135, 7706, 440730, 1314, 1315, 56997, 9255, 4141, 11316, 9276, 6723, 55621, 81609, 1994, 5071, 374354, 4436, 6742, 4697, 7514, 261726, 4833, 55907, 6117, 6119, 10856, 134510, 2288, 7411, 372, 6774, 10486}","TARDBP, RANBP1, SERBP1, TRIM25, TRIM67, COPA, COPB1, COQ8A, AIMP1, MARS1, COPE, COPB2, SRM, TRMT1, SNX27, ELAVL1, PRKN, NHLRC2, MSH2, SSBP1, NDUFA4, XPO1, TIPRL, NME4, CMAS, RPA1, RPA3, RUVBL2, UBLCP1, FKBP4, VBP1, ARCN1, STAT3, CAP2",2056,34,0.0165369649805447,7.072835322616684
64083,GOLPH3,64083,GOLPH3,64083,GOLPH3,7849,PAX8,64083,7849,False,{5925},RB1,235,1,0.0042553191489361,0.3015320281844135
64083,GOLPH3,64083,GOLPH3,64083,GOLPH3,8467,SMARCA5,64083,8467,False,"{57664, 8065, 899, 6117, 6118, 6119, 10856, 9928, 54764, 5071, 4436, 440730}","PLEKHA4, CUL5, CCNF, RPA1, RPA2, RPA3, RUVBL2, KIF14, ZRANB1, PRKN, MSH2, TRIM67",513,12,0.023391812865497,4.95189839396489
64216,TFB2M,64216,TFB2M,64216,TFB2M,892,CCNC,64216,892,False,{2099},ESR1,260,1,0.0038461538461538,0.2902684455982087
64216,TFB2M,64216,TFB2M,64216,TFB2M,4695,NDUFA2,64216,4695,False,"{708, 8452, 7019, 54764, 51025, 506}","C1QBP, CUL3, TFAM, ZRANB1, PAM16, ATP5F1B",263,6,0.0228136882129277,3.991654238225236
64216,TFB2M,64216,TFB2M,64216,TFB2M,5190,PEX6,64216,5190,False,"{10266, 11250, 8452, 84709}","RAMP2, GPR45, CUL3, MGARP",152,4,0.0263157894736842,3.6098634329783543
64216,TFB2M,64216,TFB2M,64216,TFB2M,6810,STX4,64216,6810,False,"{440730, 284996, 252839}","TRIM67, RNF149, TMEM9",490,3,0.0061224489795918,0.6570294287526252
64216,TFB2M,64216,TFB2M,64216,TFB2M,6814,STXBP3,64216,6814,False,"{284996, 6117, 6119, 112399, 4914, 440730, 203228}","RNF149, RPA1, RPA3, EGLN3, NTRK1, TRIM67, C9orf72",161,7,0.0434782608695652,7.220429267081011
64216,TFB2M,64216,TFB2M,64216,TFB2M,8464,SUPT3H,64216,8464,False,"{2099, 8295}","ESR1, TRRAP",134,2,0.0149253731343283,1.666192120532495
64216,TFB2M,64216,TFB2M,64216,TFB2M,9213,XPR1,64216,9213,False,"{6564, 252839, 3920, 4914, 2099, 5746, 11318, 1240, 440730, 187}","SLC15A1, TMEM9, LAMP2, NTRK1, ESR1, PTH2R, ACKR5, CMKLR1, TRIM67, APLNR",176,10,0.0568181818181818,10.89269660659262
64216,TFB2M,64216,TFB2M,64216,TFB2M,9857,CEP350,64216,9857,False,"{25976, 6117, 55662, 112399}","TIPARP, RPA1, HIF1AN, EGLN3",222,4,0.018018018018018,2.570322564956917
64216,TFB2M,64216,TFB2M,64216,TFB2M,9919,SEC16A,64216,9919,False,"{899, 8452, 9401, 6117, 6119, 9928, 54443, 54764, 112399, 4914, 7283, 25976, 7737, 440730, 203228}","CCNF, CUL3, RECQL4, RPA1, RPA3, KIF14, ANLN, ZRANB1, EGLN3, NTRK1, TUBG1, TIPARP, RNF113A, TRIM67, C9orf72",480,15,0.03125,10.20037105265453
64216,TFB2M,64216,TFB2M,64216,TFB2M,9927,MFN2,64216,9927,False,"{6117, 9928, 54764, 112399, 4914, 440730, 203228}","RPA1, KIF14, ZRANB1, EGLN3, NTRK1, TRIM67, C9orf72",207,7,0.0338164251207729,5.991786446963062
64216,TFB2M,64216,TFB2M,64216,TFB2M,10109,ARPC2,64216,10109,False,"{6117, 8295, 9928, 6119, 23274, 54443, 54764, 4914, 440730}","RPA1, TRRAP, KIF14, RPA3, CLEC16A, ANLN, ZRANB1, NTRK1, TRIM67",242,9,0.0371900826446281,7.617931466683755
64216,TFB2M,64216,TFB2M,64216,TFB2M,10818,FRS2,64216,10818,False,"{9928, 4914, 54443}","KIF14, NTRK1, ANLN",167,3,0.0179640718562874,2.2525536874652823
64216,TFB2M,64216,TFB2M,64216,TFB2M,23291,FBXW11,64216,23291,False,"{57505, 899, 7019, 54764, 506}","AARS2, CCNF, TFAM, ZRANB1, ATP5F1B",535,5,0.0093457943925233,1.4633095518176054
64216,TFB2M,64216,TFB2M,64216,TFB2M,25855,BRMS1,64216,25855,False,"{7737, 8452}","RNF113A, CUL3",167,2,0.0119760479041916,1.3078224514143009
64216,TFB2M,64216,TFB2M,64216,TFB2M,51441,YTHDF2,64216,51441,False,"{4288, 899, 8452, 6117, 6119, 8872, 9928, 54443, 54764, 4914, 2099, 25976, 7737, 440730, 203228, 5245, 26270}","MKI67, CCNF, CUL3, RPA1, RPA3, CDC123, KIF14, ANLN, ZRANB1, NTRK1, ESR1, TIPARP, RNF113A, TRIM67, C9orf72, PHB1, FBXO6",363,17,0.046831955922865,14.713790879716056
64216,TFB2M,64216,TFB2M,64216,TFB2M,55072,RNF31,64216,55072,False,"{899, 8452, 54764, 4914, 2099, 440730, 90268, 4735}","CCNF, CUL3, ZRANB1, NTRK1, ESR1, TRIM67, OTULIN, SEPTIN2",465,8,0.0172043010752688,3.819183914659456
64216,TFB2M,64216,TFB2M,64216,TFB2M,56970,ATXN7L3,64216,56970,False,"{2099, 8295}","ESR1, TRRAP",123,2,0.016260162601626,1.838690509605024
64216,TFB2M,64216,TFB2M,64216,TFB2M,81857,MED25,64216,81857,False,"{2099, 8295}","ESR1, TRRAP",161,2,0.0124223602484472,1.360959788761619
64216,TFB2M,64216,TFB2M,64216,TFB2M,84105,PCBD2,64216,84105,False,set(),,124,0,0.0,0.0
64216,TFB2M,64216,TFB2M,64216,TFB2M,84759,PCGF1,64216,84759,False,"{25976, 79923, 5460, 112399}","TIPARP, NANOG, POU5F1, EGLN3",277,4,0.0144404332129963,2.086283434439154
64216,TFB2M,64216,TFB2M,64216,TFB2M,118672,PSTK,64216,118672,False,set(),,82,0,0.0,0.0
64434,NOM1,64434,NOM1,64434,NOM1,10059,DNM1L,64434,10059,False,"{6657, 6117, 5894, 5704, 54764, 9775, 4914, 23476, 25976, 440730, 55294}","SOX2, RPA1, RAF1, PSMC4, ZRANB1, EIF4A3, NTRK1, BRD4, TIPARP, TRIM67, FBXW7",436,11,0.0252293577981651,5.157389901431773
64434,NOM1,64434,NOM1,64434,NOM1,10959,TMED2,64434,10959,False,"{6117, 65992, 25962, 54764, 10514, 2099, 9401, 440730, 6204}","RPA1, DDRGK1, VIRMA, ZRANB1, MYBBP1A, ESR1, RECQL4, TRIM67, RPS10",251,9,0.0358565737051792,6.749379459047477
64434,NOM1,64434,NOM1,64434,NOM1,91746,YTHDC1,64434,91746,True,"{4613, 84365, 54542, 23567, 6160, 57621, 440730, 6431, 6047, 8359, 54443, 9775, 79665, 2099, 23476, 6733, 10318, 23512, 84444, 2146, 6117, 54764, 79727, 25976, 4221}","MYCN, NIFK, RC3H2, ZNF346, RPL31, ZBTB2, TRIM67, SRSF6, RNF4, H4C1, ANLN, EIF4A3, DHX40, ESR1, BRD4, SRPK2, TNIP1, SUZ12, DOT1L, EZH2, RPA1, ZRANB1, LIN28A, TIPARP, MEN1",492,25,0.0508130081300813,17.50199578149232
64754,SMYD3,64754,SMYD3,64754,SMYD3,292,SLC25A5,64754,292,False,"{3320, 2146, 11140, 10376, 5071, 6130, 2099, 7157, 8726, 1080, 7737, 440730}","HSP90AA1, EZH2, CDC37, TUBA1B, PRKN, RPL7A, ESR1, TP53, EED, CFTR, RNF113A, TRIM67",455,12,0.0263736263736263,8.046124120542192
64754,SMYD3,64754,SMYD3,64754,SMYD3,439,GET3,64754,439,False,{440730},TRIM67,174,1,0.0057471264367816,0.5140825003264976
64754,SMYD3,64754,SMYD3,64754,SMYD3,3611,ILK,64754,3611,False,"{11140, 10728, 5071, 3320, 440730, 3326}","CDC37, PTGES3, PRKN, HSP90AA1, TRIM67, HSP90AB1",363,6,0.0165289256198347,3.256635722841642
64754,SMYD3,64754,SMYD3,64754,SMYD3,4146,MATN1,64754,4146,False,set(),,76,0,0.0,0.0
64754,SMYD3,64754,SMYD3,64754,SMYD3,4848,CNOT2,64754,4848,False,"{84458, 2099, 9931}","LCOR, ESR1, HELZ",235,3,0.0127659574468085,1.6942434558342605
64754,SMYD3,64754,SMYD3,64754,SMYD3,6885,MAP3K7,64754,6885,False,"{2146, 11140, 81609, 5071, 3320, 10746, 3326}","EZH2, CDC37, SNX27, PRKN, HSP90AA1, MAP3K2, HSP90AB1",424,7,0.0165094339622641,3.6387175530616815
64754,SMYD3,64754,SMYD3,64754,SMYD3,6996,TDG,64754,6996,False,"{2099, 7157}","ESR1, TP53",126,2,0.0158730158730158,1.750378439087932
64754,SMYD3,64754,SMYD3,64754,SMYD3,7940,LST1,64754,7940,False,set(),,71,0,0.0,0.0
64754,SMYD3,64754,SMYD3,64754,SMYD3,9525,VPS4B,64754,9525,False,"{1080, 440730, 3326, 5071}","CFTR, TRIM67, HSP90AB1, PRKN",148,4,0.027027027027027,3.715929534845762
64754,SMYD3,64754,SMYD3,64754,SMYD3,10109,ARPC2,64754,10109,False,"{1080, 2146, 5071, 440730}","CFTR, EZH2, PRKN, TRIM67",237,4,0.0168776371308016,2.5428200912433483
64754,SMYD3,64754,SMYD3,64754,SMYD3,10296,MAEA,64754,10296,False,"{440730, 5071, 54926, 3191}","TRIM67, PRKN, UBE2R2, HNRNPL",207,4,0.0193236714975845,2.8438236022747643
64754,SMYD3,64754,SMYD3,64754,SMYD3,10972,TMED10,64754,10972,False,"{224, 2146, 2099, 440730}","ALDH3A2, EZH2, ESR1, TRIM67",304,4,0.0131578947368421,2.043414222935689
64754,SMYD3,64754,SMYD3,64754,SMYD3,23291,FBXW11,64754,23291,False,"{2146, 6150, 9931, 54926, 81839, 5071, 23283, 7157, 8726, 3191, 3320, 351}","EZH2, MRPL23, HELZ, UBE2R2, VANGL1, PRKN, CSTF2T, TP53, EED, HNRNPL, HSP90AA1, APP",518,12,0.0231660231660231,7.343875791660455
64754,SMYD3,64754,SMYD3,64754,SMYD3,56169,GSDMC,64754,56169,False,set(),,73,0,0.0,0.0
64754,SMYD3,64754,SMYD3,64754,SMYD3,56970,ATXN7L3,64754,56970,False,"{10376, 2099, 351}","TUBA1B, ESR1, APP",112,3,0.0267857142857142,3.2611829219918542
64754,SMYD3,64754,SMYD3,64754,SMYD3,60672,MIIP,64754,60672,False,set(),,116,0,0.0,0.0
64754,SMYD3,64754,SMYD3,64754,SMYD3,64321,SOX17,64754,64321,False,set(),,148,0,0.0,0.0
64754,SMYD3,64754,SMYD3,64754,SMYD3,84838,ZNF496,64754,84838,False,set(),,121,0,0.0,0.0
64754,SMYD3,64754,SMYD3,64754,SMYD3,151987,PPP4R2,64754,151987,False,"{7737, 440730, 81609}","RNF113A, TRIM67, SNX27",177,3,0.0169491525423728,2.1815678527297635
64754,SMYD3,64754,SMYD3,64754,SMYD3,221476,PI16,64754,221476,False,set(),,74,0,0.0,0.0
64754,SMYD3,64754,SMYD3,64754,SMYD3,339559,ZFP69,64754,339559,False,set(),,69,0,0.0,0.0
64778,FNDC3B,64778,FNDC3B,64778,FNDC3B,54468,MIOS,64778,54468,False,"{440730, 2099, 2100}","TRIM67, ESR1, ESR2",227,3,0.013215859030837,1.7394211222975826
6480,ST6GAL1,6480,ST6GAL1,6480,ST6GAL1,4605,MYBL2,6480,4605,False,set(),,165,0,0.0,0.0
6480,ST6GAL1,6480,ST6GAL1,6480,ST6GAL1,54468,MIOS,6480,54468,False,set(),,93,0,0.0,0.0
6482,ST3GAL1,6482,ST3GAL1,6482,ST3GAL1,1871,E2F3,6482,1871,False,{3191},HNRNPL,85,1,0.0117647058823529,1.1150027872678776
6482,ST3GAL1,6482,ST3GAL1,6482,ST3GAL1,51575,ESF1,6482,51575,False,set(),,173,0,0.0,0.0
65125,WNK1,65125,WNK1,65125,WNK1,6158,RPL28,65125,6158,False,"{899, 440730, 7706, 55709, 54455, 10048, 57664, 5071, 79829, 7514, 5216, 6117, 6118, 3303, 6119, 10987, 3312, 369, 25976, 9343}","CCNF, TRIM67, TRIM25, KBTBD4, FBXO42, RANBP9, PLEKHA4, PRKN, NAA40, XPO1, PFN1, RPA1, RPA2, HSPA1A, RPA3, COPS5, HSPA8, ARAF, TIPARP, EFTUD2",542,20,0.03690036900369,11.409167551893088
65125,WNK1,65125,WNK1,65125,WNK1,23047,PDS5B,65125,23047,False,"{57664, 899, 6117, 998, 3303, 6118, 6119, 25962, 440730, 3312, 25976, 7706, 55709}","PLEKHA4, CCNF, RPA1, CDC42, HSPA1A, RPA2, RPA3, VIRMA, TRIM67, HSPA8, TIPARP, TRIM25, KBTBD4",287,13,0.0452961672473867,10.119018408451334
65125,WNK1,65125,WNK1,65125,WNK1,64858,DCLRE1B,65125,64858,False,"{3312, 3303}","HSPA8, HSPA1A",157,2,0.0127388535031847,1.7372811629961686
6674,SPAG1,6674,SPAG1,6674,SPAG1,116228,COX20,6674,116228,False,{5894},RAF1,75,1,0.0133333333333333,1.175155336549787
6829,SUPT5H,6829,SUPT5H,6829,SUPT5H,2926,GRSF1,6829,2926,False,"{6657, 4609, 899, 8452, 83732, 3608, 440730, 7706, 23199, 7328, 10528, 54443, 28977, 5300, 23363, 6472, 9928, 330, 5071, 51154, 4691, 3159, 4058, 6749, 3428, 11113, 54764, 7150, 2033, 10482, 55794, 4343, 117246, 9343}","SOX2, MYC, CCNF, CUL3, RIOK1, ILF2, TRIM67, TRIM25, GSE1, UBE2H, NOP56, ANLN, MRPL42, PIN1, OBSL1, SHMT2, KIF14, BIRC3, PRKN, MRTO4, NCL, HMGA1, LTK, SSRP1, IFI16, CIT, ZRANB1, TOP1, EP300, NXF1, DDX28, MOV10, FTSJ3, EFTUD2",866,34,0.0392609699769053,9.322414969921484
6829,SUPT5H,6829,SUPT5H,6829,SUPT5H,3960,LGALS4,6829,3960,False,{55165},CEP55,408,1,0.0024509803921568,0.4717425968142364
6829,SUPT5H,6829,SUPT5H,6829,SUPT5H,4001,LMNB1,6829,4001,True,"{1025, 57473, 6657, 8452, 4609, 899, 10762, 51340, 142, 51729, 5905, 440730, 1051, 8349, 23070, 2079, 7328, 2335, 546, 672, 4000, 8359, 10921, 54443, 27309, 9774, 79665, 4914, 79155, 23476, 9401, 5438, 57664, 9410, 23363, 3015, 9416, 10952, 330, 9928, 5071, 1107, 1108, 124245, 9939, 3159, 8148, 9820, 79968, 2146, 10594, 6117, 6118, 3303, 6632, 26471, 11113, 6119, 4204, 25836, 23020, 54764, 23152, 7919, 27250, 9967, 9716, 7157, 3190, 79869, 1022}","CDK9, ZNF512B, SOX2, CUL3, MYC, CCNF, NUP50, CRNKL1, PARP1, WBP11, RANGAP1, TRIM67, CEBPB, H2BC21, CMTR1, ERH, UBE2H, FN1, ATRX, BRCA1, LMNA, H4C1, RNPS1, ANLN, ZNF330, BCLAF1, DHX40, NTRK1, TNIP2, BRD4, RECQL4, POLR2I, PLEKHA4, SNRNP40, OBSL1, H2AZ1, DDX23, SEC61B, BIRC3, KIF14, PRKN, CHD3, CHD4, ZC3H18, RBM8A, HMGA1, TAF15, CUL7, WDR76, EZH2, PRPF8, RPA1, RPA2, HSPA1A, SNRPD1, NUPR1, CIT, RPA3, MECP2, NIPBL, SNRNP200, ZRANB1, CIC, DDX39B, PDCD4, THRAP3, AQR, TP53, HNRNPK, CPSF7, CDK7",905,71,0.0784530386740331,35.31042122326294
6829,SUPT5H,6829,SUPT5H,6829,SUPT5H,23144,ZC3H3,6829,23144,False,"{9984, 54764, 3183, 10482, 55794, 6229, 2070, 4343, 117246}","THOC1, ZRANB1, HNRNPC, NXF1, DDX28, RPS24, EYA4, MOV10, FTSJ3",604,9,0.0149006622516556,1.3571877213783243
6829,SUPT5H,6829,SUPT5H,6829,SUPT5H,25937,WWTR1,6829,25937,False,"{7812, 9611, 2956, 5518, 5905, 57492, 8085, 9878, 7706, 6942, 4001, 57634, 5411, 23075, 8359, 54443, 23469, 23476, 5430, 328, 4297, 23248, 988, 6749, 8289, 7398, 3309, 10606, 221037, 5108, 7157, 55165}","CSDE1, NCOR1, MSH6, PPP2R1A, RANGAP1, ARID1B, KMT2D, TOX4, TRIM25, TCF20, LMNB1, EP400, PNN, SWAP70, H4C1, ANLN, PHF3, BRD4, POLR2A, APEX1, KMT2A, RPRD2, CDC5L, SSRP1, ARID1A, USP1, HSPA5, PAICS, JMJD1C, PCM1, TP53, CEP55",743,32,0.0430686406460296,11.236626831042216
6829,SUPT5H,6829,SUPT5H,6829,SUPT5H,26065,LSM14A,6829,26065,False,"{6657, 4609, 899, 257160, 440730, 1051, 7328, 1956, 54443, 28977, 4914, 1457, 9401, 57664, 328, 3276, 5071, 8148, 124245, 84444, 54764, 23152, 7157, 4343, 1022}","SOX2, MYC, CCNF, RNF214, TRIM67, CEBPB, UBE2H, EGFR, ANLN, MRPL42, NTRK1, CSNK2A1, RECQL4, PLEKHA4, APEX1, PRMT1, PRKN, TAF15, ZC3H18, DOT1L, ZRANB1, CIC, TP53, MOV10, CDK7",603,25,0.0414593698175787,11.036336014842814
6829,SUPT5H,6829,SUPT5H,6829,SUPT5H,51343,FZR1,6829,51343,False,"{6657, 4609, 6160, 3608, 7706, 8732, 9775, 5686, 4686, 4691, 6229, 23133, 3183, 3185, 3190, 1655, 9343, 7812, 6794, 51340, 142, 51366, 54443, 23211, 10419, 26292, 9410, 10952, 9928, 10960, 79577, 53981, 7398, 79084, 3309, 7919, 10482, 3315, 4343, 3320, 6418, 83732, 10521, 11052, 5431, 80196, 9031, 328, 10056, 124245, 10594, 7013, 55677, 899, 22916, 9092, 5514, 2956, 5518, 9646, 151987, 9669, 3014, 80335, 5071, 8665, 2521, 988, 80349, 6626, 6628, 5606, 6631, 23016, 23020, 7150, 2547, 9716, 7157, 6133, 79869}","SOX2, MYC, RPL31, ILF2, TRIM25, RNGTT, EIF4A3, PSMA5, NCBP1, NCL, RPS24, PHF8, HNRNPC, HNRNPF, HNRNPK, DDX5, EFTUD2, CSDE1, STK11, CRNKL1, PARP1, UBR5, ANLN, ZC3H4, PRMT5, MYCBP, SNRNP40, SEC61B, KIF14, LMAN2, CDC73, CPSF2, USP1, WDR77, HSPA5, DDX39B, NXF1, HSPB1, MOV10, HSP90AA1, SET, RIOK1, DDX17, CPSF6, POLR2B, RNF34, BAZ1B, APEX1, FARSB, ZC3H18, PRPF8, TERF1, IWS1, CCNF, NCBP2, SART1, PPP1R10, MSH6, PPP2R1A, CTR9, PPP4R2, EIF5B, H2AX, WDR82, PRKN, EIF3F, FUS, CDC5L, SKIC8, SNRPA, SNRPB, MAP2K3, SNRPC, EXOSC7, SNRNP200, TOP1, XRCC6, AQR, TP53, RPL9, CPSF7",1426,81,0.0568022440392706,24.705452103437867
6829,SUPT5H,6829,SUPT5H,6829,SUPT5H,57817,HAMP,6829,57817,False,set(),,391,0,0.0,0.0
6829,SUPT5H,6829,SUPT5H,6829,SUPT5H,64745,METTL17,6829,64745,False,"{1025, 899, 9092, 904, 5514, 6160, 9878, 28977, 9401, 6472, 328, 80335, 5071, 2146, 4204, 54764, 7150, 55794, 3190, 79869}","CDK9, CCNF, SART1, CCNT1, PPP1R10, RPL31, TOX4, MRPL42, RECQL4, SHMT2, APEX1, WDR82, PRKN, EZH2, MECP2, ZRANB1, TOP1, DDX28, HNRNPK, CPSF7",769,20,0.0260078023407022,3.9134517295672566
6829,SUPT5H,6829,SUPT5H,6829,SUPT5H,91750,LIN52,6829,91750,False,"{4609, 57473, 8359, 79155, 1107, 53335}","MYC, ZNF512B, H4C1, TNIP2, CHD3, BCL11A",429,6,0.0139860139860139,3.550372897487165
6829,SUPT5H,6829,SUPT5H,6829,SUPT5H,147965,FAM98C,6829,147965,False,"{57664, 2275, 899}","PLEKHA4, FHL3, CCNF",391,3,0.0076726342710997,3.8574762819851367
6829,SUPT5H,6829,SUPT5H,6829,SUPT5H,284459,ZNF875,6829,284459,False,{8452},CUL3,391,1,0.0025575447570332,1.1226592279872454
6829,SUPT5H,6829,SUPT5H,6829,SUPT5H,286053,NSMCE2,6829,286053,False,"{672, 4609, 8452, 7014, 9126, 54764, 84464}","BRCA1, MYC, CUL3, TERF2, SMC3, ZRANB1, SLX4",420,7,0.0166666666666666,5.053720268176338
6829,SUPT5H,6829,SUPT5H,6829,SUPT5H,342897,NCCRP1,6829,342897,False,"{5441, 4609, 899, 6657, 54764, 7919, 84464}","POLR2L, MYC, CCNF, SOX2, ZRANB1, DDX39B, SLX4",487,7,0.0143737166324435,2.335020368154749
6874,TAF4,6874,TAF4,6874,TAF4,5970,RELA,6874,5970,False,"{6667, 3725, 7328, 23586, 10413, 2099, 5430, 4287, 196, 3276, 6737, 6872, 2648, 6878, 6880, 6882, 7528, 54764, 7157, 5371, 6908}","SP1, JUN, UBE2H, RIGI, YAP1, ESR1, POLR2A, ATXN3, AHR, PRMT1, TRIM21, TAF1, KAT2A, TAF6, TAF9, TAF11, YY1, ZRANB1, TP53, PML, TBP",560,21,0.0375,10.962843050228466
7204,TRIO,7204,TRIO,7204,TRIO,8467,SMARCA5,7204,8467,False,"{672, 4609, 3066, 899, 6117, 63976, 330, 25962, 54764, 4914, 2931, 2100, 440730, 988}","BRCA1, MYC, HDAC2, CCNF, RPA1, PRDM16, BIRC3, VIRMA, ZRANB1, NTRK1, GSK3A, ESR2, TRIM67, CDC5L",474,14,0.0295358649789029,8.355493527906736
7227,TRPS1,7227,TRPS1,7227,TRPS1,116228,COX20,7227,116228,False,"{6117, 6119}","RPA1, RPA3",179,2,0.0111731843575419,1.413411209146345
727957,MROH1,727957,MROH1,727957,MROH1,10902,BRD8,727957,10902,False,set(),,175,0,0.0,0.0
727957,MROH1,727957,MROH1,727957,MROH1,94005,PIGS,727957,94005,False,"{25962, 2100}","VIRMA, ESR2",168,2,0.0119047619047619,1.616099222212938
727957,MROH1,727957,MROH1,727957,MROH1,114822,RHPN1,727957,114822,False,{8940},TOP3B,84,1,0.0119047619047619,1.072565376395511
727957,MROH1,727957,MROH1,727957,MROH1,116228,COX20,727957,116228,False,set(),,82,0,0.0,0.0
7328,UBE2H,7328,UBE2H,7328,UBE2H,8467,SMARCA5,7328,8467,False,"{9219, 7175, 6156, 10768, 83987, 56342, 6169, 2091, 10284, 6189, 9775, 8243, 10294, 4670, 11335, 11338, 3146, 4172, 3068, 6223, 4691, 1108, 6749, 10856, 1642, 3183, 26227, 3192, 6780, 9343, 6280, 10381, 142, 10383, 23186, 64151, 26263, 51372, 84661, 8886, 10432, 7874, 64710, 1743, 10963, 9958, 9448, 7913, 3309, 7407, 3312, 2802, 7415, 1786, 3836, 4869, 5901, 5903, 10514, 83732, 6421, 6426, 5928, 5931, 84790, 2873, 5434, 203068, 4926, 5954, 23363, 10051, 317772, 9555, 4436, 124245, 11091, 8019, 10075, 10592, 7520, 25962, 7019, 55660, 9584, 51569, 5499, 22913, 55684, 51593, 55703, 9112, 22938, 440730, 23451, 6045, 8607, 6047, 10146, 55717, 9126, 55720, 11177, 9128, 10155, 6059, 1460, 11198, 6595, 3015, 6601, 3020, 5071, 5591, 9688, 476, 988, 3550, 989, 6625, 9188, 6117, 6119, 7150, 1017, 2547, 23028, 7157, 6134, 6137, 3066, 10236, 3069}","MTA2, TPR, RPL30, AHCYL1, CCDC8, PPAN, RPL38, FBL, SAP18, RPS3A, EIF4A3, SMC1A, DNAJA2, HNRNPM, CBX3, U2AF2, HMGB1, MCM3, HDGF, RPS19, NCL, CHD4, SSRP1, RUVBL2, DDB1, HNRNPC, PHGDH, HNRNPU, STAU1, EFTUD2, S100A9, TUBB3, PARP1, TUBB4B, RCOR1, NCAPG, FBXO22, TMA7, DPY30, DDX18, RBM14, USP7, NUCKS1, DLST, STIP1, USP15, MAP4K4, DEK, HSPA5, VARS1, HSPA8, GOLGA3, VCP, DNMT1, KPNA1, NPM1, RAN, RANBP2, MYBBP1A, RIOK1, SFPQ, SRSF1, RBBP4, RBBP7, TUBA1C, GPS1, POLR2E, TUBB, NUMA1, RCN1, OBSL1, SMC4, H2AC21, MACROH2A1, MSH2, ZC3H18, WDR5, BRD3, HUWE1, SMC2, XRCC5, VIRMA, TFAM, PRPF40A, RBM39, UFM1, PPP1CA, RALY, RABL6, SRRT, POLR3B, MTA1, SNW1, TRIM67, SF3B1, RNF2, RUVBL1, RNF4, G3BP1, WDR11, SMC3, TSR1, BAZ1A, PRPF4, TRIM28, ABCE1, CSNK2B, SUPT16H, SMARCA2, H2AZ1, SMARCC2, H3-3A, PRKN, PRKDC, NUP93, ATP1A1, CDC5L, IK, SEPTIN7, SNRNP70, DDX21, RPA1, RPA3, TOP1, CDK2, XRCC6, KDM1A, TP53, RPL10, RPL13, HDAC2, HNRNPR, HDLBP",2220,133,0.0599099099099099,38.85472435562512
7328,UBE2H,7328,UBE2H,7328,UBE2H,91746,YTHDC1,7328,91746,False,"{6147, 6160, 4116, 3608, 10284, 6188, 9775, 6732, 6733, 9295, 23644, 6749, 9821, 4193, 3178, 3183, 3190, 3192, 142, 23185, 23186, 23708, 23197, 23196, 7844, 10921, 79026, 27316, 5813, 9410, 8899, 9416, 23243, 1743, 5340, 7919, 2801, 3837, 57606, 6428, 6429, 6431, 6432, 6434, 5411, 3875, 27434, 5930, 11052, 79665, 23363, 328, 23376, 51027, 124245, 134492, 51060, 51574, 55677, 22913, 5514, 2956, 1936, 440730, 64925, 6047, 10657, 140707, 221092, 55216, 1460, 63932, 7112, 5071, 2010, 6625, 6626, 6628, 9188, 6117, 6631, 6119, 6636, 7150, 7157, 6143}","RPL23A, RPL31, MAGOH, ILF2, SAP18, RPS3, EIF4A3, SRPK1, SRPK2, SRSF11, EDC4, SSRP1, RB1CC1, MDM2, HNRNPA1, HNRNPC, HNRNPK, HNRNPU, PARP1, LARP4B, RCOR1, GSPT2, FAF2, FAM120A, RNF103, RNPS1, AHNAK, RBMX, PURA, SNRNP40, PRP4K, DDX23, ANKRD28, DLST, PLG, DDX39B, GOLGA2, KPNB1, SLAIN2, SRSF3, SRSF4, SRSF6, SRSF7, TRA2B, PNN, KRT18, POLM, RBBP6, CPSF6, DHX40, OBSL1, APEX1, UFL1, BOLA1, ZC3H18, NUDCD2, TXNDC12, LARP7, IWS1, RALY, PPP1R10, MSH6, EEF1D, TRIM67, CCDC71, RNF4, KHDRBS1, BRI3BP, HNRNPUL2, NKAPD1, CSNK2B, STEEP1, TMPO, PRKN, EMD, SNRNP70, SNRPA, SNRPB, DDX21, RPA1, SNRPC, RPA3, SNRPF, TOP1, TP53, RPL19",2263,86,0.0380026513477684,12.381690105518652
7405,UVRAG,7405,UVRAG,7405,UVRAG,324,APC,7405,324,False,"{25831, 7529, 7531, 1452, 54764, 7533, 7532, 7534, 7514, 10971}","HECTD1, YWHAB, YWHAE, CSNK1A1, ZRANB1, YWHAH, YWHAG, YWHAZ, XPO1, YWHAQ",369,10,0.02710027100271,7.521921774053263
7405,UVRAG,7405,UVRAG,7405,UVRAG,4605,MYBL2,7405,4605,False,"{65082, 8940}","VPS33A, TOP3B",198,2,0.0101010101010101,1.1864329909552114
7405,UVRAG,7405,UVRAG,7405,UVRAG,9804,TOMM20,7405,9804,False,"{54764, 7879}","ZRANB1, RAB7A",289,2,0.0069204152249134,0.8249257225211898
7405,UVRAG,7405,UVRAG,7405,UVRAG,10200,MPHOSPH6,7405,10200,False,set(),,125,0,0.0,0.0
7405,UVRAG,7405,UVRAG,7405,UVRAG,57534,MIB1,7405,57534,False,"{1642, 8451, 8940, 9978}","DDB1, CUL4A, TOP3B, RBX1",344,4,0.0116279069767441,1.9814368441399357
7405,UVRAG,7405,UVRAG,7405,UVRAG,114823,LENG8,7405,114823,False,"{328, 54764}","APEX1, ZRANB1",213,2,0.0093896713615023,1.110337274516043
7405,UVRAG,7405,UVRAG,7405,UVRAG,126969,SLC44A3,7405,126969,False,set(),,63,0,0.0,0.0
7405,UVRAG,7405,UVRAG,7405,UVRAG,163131,ZNF780B,7405,163131,False,set(),,60,0,0.0,0.0
7405,UVRAG,7405,UVRAG,7405,UVRAG,253260,RICTOR,7405,253260,False,"{4641, 8451, 7529, 1642, 2475, 7531, 54764, 7533, 7532, 7534, 57521, 9978, 7317, 7514, 10971}","MYO1C, CUL4A, YWHAB, DDB1, MTOR, YWHAE, ZRANB1, YWHAH, YWHAG, YWHAZ, RPTOR, RBX1, UBA1, XPO1, YWHAQ",764,15,0.0196335078534031,8.755877224206742
7405,UVRAG,7405,UVRAG,7405,UVRAG,286053,NSMCE2,7405,286053,False,"{54764, 9564, 7533}","ZRANB1, BCAR1, YWHAH",95,3,0.031578947368421,3.6844674750923594
7534,YWHAZ,7534,YWHAZ,7534,YWHAZ,116228,COX20,7534,116228,False,"{57664, 9859, 6117, 5894, 6119, 54764, 1778, 54101, 26135}","PLEKHA4, CEP170, RPA1, RAF1, RPA3, ZRANB1, DYNC1H1, RIPK4, SERBP1",1215,9,0.0074074074074074,2.898158766261808
7913,DEK,7913,DEK,7913,DEK,8467,SMARCA5,7913,8467,True,"{4609, 4613, 7182, 83478, 8726, 1051, 54815, 4641, 1058, 2099, 4659, 120892, 11335, 10318, 1616, 4691, 1108, 9820, 23137, 2146, 4204, 6780, 4221, 9343, 5252, 6280, 648, 2186, 8339, 8345, 8349, 8350, 8352, 4773, 8359, 27309, 9928, 114907, 9958, 25831, 10987, 3312, 7415, 2296, 5885, 5894, 115004, 57664, 23363, 9031, 330, 9555, 11091, 124245, 8019, 5977, 9055, 26471, 11113, 55660, 10614, 10112, 90007, 440730, 23451, 6046, 4000, 55720, 23476, 1460, 3516, 6597, 6598, 6599, 6601, 3020, 5071, 84444, 6625, 9188, 6117, 6118, 6119, 54764, 6134, 9208, 1017, 3066, 3068}","MYC, MYCN, NR2C2, ARHGAP24, EED, CEBPB, GATAD2A, MYO1C, CENPA, ESR1, PPP1R12A, LRRK2, CBX3, TNIP1, DAXX, NCL, CHD4, CUL7, SMC5, EZH2, MECP2, STAU1, MEN1, EFTUD2, PHF1, S100A9, BMI1, BPTF, H2BC8, H2BC9, H2BC21, H3C1, H3C3, NFATC2, H4C1, ZNF330, KIF14, FBXO32, USP15, HECTD1, COPS5, HSPA8, VCP, FOXC1, RAD21, RAF1, CGAS, PLEKHA4, OBSL1, BAZ1B, BIRC3, MACROH2A1, WDR5, ZC3H18, BRD3, DPF2, PRC1, NUPR1, CIT, PRPF40A, HEXIM1, KIF20A, MIDN, TRIM67, SF3B1, BRD2, LMNA, TSR1, BRD4, CSNK2B, RBPJ, SMARCA4, SMARCB1, SMARCC1, SMARCC2, H3-3A, PRKN, DOT1L, SNRNP70, DDX21, RPA1, RPA2, RPA3, ZRANB1, RPL10, LRRFIP1, CDK2, HDAC2, HDGF",499,89,0.1783567134268537,100.0562699584802
79139,DERL1,79139,DERL1,79139,DERL1,5073,PARN,79139,5073,False,"{4000, 4609, 6117, 6118, 6119, 142, 440730}","LMNA, MYC, RPA1, RPA2, RPA3, PARP1, TRIM67",583,7,0.0120068610634648,1.387006547189688
79139,DERL1,79139,DERL1,79139,DERL1,5890,RAD51B,79139,5890,False,set(),,491,0,0.0,0.0
79718,TBL1XR1,79718,TBL1XR1,79718,TBL1XR1,4605,MYBL2,79718,4605,False,"{832, 6657, 3066, 8099, 8359, 112399, 54386, 1108, 25976, 1050, 121340}","CAPZB, SOX2, HDAC2, CDK2AP1, H4C1, EGLN3, TERF2IP, CHD4, TIPARP, CEBPA, SP7",275,11,0.04,8.184391836071137
79718,TBL1XR1,79718,TBL1XR1,79718,TBL1XR1,11097,NUP42,79718,11097,False,"{2010, 26093, 3191}","EMD, CCDC9, HNRNPL",285,3,0.0105263157894736,1.066009798864512
79718,TBL1XR1,79718,TBL1XR1,79718,TBL1XR1,132660,LIN54,79718,132660,False,"{8352, 6657, 8359, 3303, 1994, 503627, 367, 5071, 54386, 25976, 1050, 121340}","H3C3, SOX2, H4C1, HSPA1A, ELAVL1, TPRX2, AR, PRKN, TERF2IP, TIPARP, CEBPA, SP7",222,12,0.054054054054054,11.70704066424869
79888,LPCAT1,"79888, 81037, 9319","LPCAT1, CLPTM1L, TRIP13",9319,TRIP13,10615,SPAG5,9319,10615,False,"{5441, 899, 8452, 55716, 5031, 9928, 9097, 25962, 54443, 6119, 3856, 23219, 91156, 81622, 25976, 440730, 9212, 9343}","POLR2L, CCNF, CUL3, LMBR1L, P2RY6, KIF14, USP14, VIRMA, ANLN, RPA3, KRT8, FBXO28, IGFN1, UNC93B1, TIPARP, TRIM67, AURKB, EFTUD2",431,18,0.0417633410672853,10.409550101981212
80851,SH3BP5L,80851,SH3BP5L,80851,SH3BP5L,9804,TOMM20,80851,9804,False,{7706},TRIM25,263,1,0.0038022813688212,0.5060477947124008
80851,SH3BP5L,80851,SH3BP5L,80851,SH3BP5L,23167,EFR3A,80851,23167,False,"{10112, 8766}","KIF20A, RAB11A",136,2,0.0147058823529411,1.9048415700788175
81502,HM13,81502,HM13,81502,HM13,7862,BRPF1,81502,7862,False,"{79577, 25962}","CDC73, VIRMA",205,2,0.0097560975609756,1.0602078411316291
81502,HM13,81502,HM13,81502,HM13,9373,PLAA,81502,9373,False,"{55716, 6117, 6118, 6119, 55819, 5071, 7157, 7415, 440730}","LMBR1L, RPA1, RPA2, RPA3, RNF130, PRKN, TP53, VCP, TRIM67",215,9,0.041860465116279,8.018107302283148
83696,TRAPPC9,83696,TRAPPC9,83696,TRAPPC9,114822,RHPN1,83696,114822,False,{8940},TOP3B,134,1,0.0074626865671641,0.7198777516258633
84294,UTP23,84294,UTP23,84294,UTP23,116228,COX20,84294,116228,False,set(),,233,0,0.0,0.0
84920,ALG10,84920,ALG10,84920,ALG10,11004,KIF2C,84920,11004,False,set(),,218,0,0.0,0.0
84955,NUDCD1,84955,NUDCD1,84955,NUDCD1,116228,COX20,84955,116228,False,"{1778, 54764, 6119}","DYNC1H1, ZRANB1, RPA3",105,3,0.0285714285714285,3.406839505770641
8496,PPFIBP1,8496,PPFIBP1,8496,PPFIBP1,5201,PFDN1,8496,5201,False,"{25895, 5515, 54764, 55605, 10238}","EEF1AKMT3, PPP2CA, ZRANB1, KIF21A, DCAF7",338,5,0.014792899408284,1.7883554167431344
8496,PPFIBP1,8496,PPFIBP1,8496,PPFIBP1,8773,SNAP23,8496,8773,False,"{200728, 100506658, 57381, 2099, 2100, 6196, 8766, 4162, 24145, 64097, 114793, 58480, 9342, 2697, 9367, 27289, 6810, 171177, 125111, 3265, 7879, 54472, 4301, 55004, 8417, 5862, 5868, 54509, 80117, 91894, 5879, 5878, 5880, 5881, 8452, 3845, 7430, 11021, 57111, 4893, 29984, 3916, 3920, 1364, 857, 3932, 54622, 9077, 7542, 382, 387, 388, 389, 390, 391, 23433, 10123, 399, 3998, 1969, 5566, 27074, 1994, 80331, 9166, 27087, 8153, 56288, 10211, 4067, 998, 85479, 999, 54764, 4082, 10228, 1525}","TMEM17, OCLN, RHOJ, ESR1, ESR2, RPS6KA2, RAB11A, MCAM, PANX1, EPB41L4A, FMNL2, RHOU, SNAP29, GJA1, RAB9A, RND1, STX4, RHOV, GJD3, HRAS, RAB7A, TOLLIP, AFDN, LAMTOR1, STX7, RAB2A, RAB5A, RHOF, ARL14, C11orf52, RAC1, RAB5C, RAC2, RAC3, CUL3, KRAS, EZR, RAB35, RAB25, NRAS, RHOD, LAMP1, LAMP2, CLDN4, CAV1, LCK, ARL15, DIRAS3, ZFPL1, ARF6, RHOA, RHOB, RHOC, RND3, RHOG, RHOQ, ARL4C, RHOH, LMAN1, EPHA2, PRKACA, LAMP3, ELAVL1, DNAJC5, EBAG9, B3GAT1, RND2, PARD3, FLOT1, LYN, CDC42, DNAJC5B, CDH1, ZRANB1, MARCKS, STX6, CXADR",278,77,0.276978417266187,115.17007677520932
8496,PPFIBP1,8496,PPFIBP1,8496,PPFIBP1,11004,KIF2C,8496,11004,False,"{8452, 9928, 25962, 54443, 7532, 7533, 54764, 440730, 5071, 10482, 2099, 2100, 4914, 4343, 3738}","CUL3, KIF14, VIRMA, ANLN, YWHAG, YWHAH, ZRANB1, TRIM67, PRKN, NXF1, ESR1, ESR2, NTRK1, MOV10, KCNA3",328,15,0.0457317073170731,10.649209466980738
8496,PPFIBP1,8496,PPFIBP1,8496,PPFIBP1,132660,LIN54,8496,132660,False,"{6185, 1994, 7157, 5071}","RPN2, ELAVL1, TP53, PRKN",256,4,0.015625,2.1441409990683065
85415,RHPN2,85415,RHPN2,85415,RHPN2,3856,KRT8,85415,3856,False,"{2810, 7532, 7533}","SFN, YWHAG, YWHAH",443,3,0.0067720090293453,2.0203741561516453
85415,RHPN2,85415,RHPN2,85415,RHPN2,7849,PAX8,85415,7849,False,set(),,126,0,0.0,0.0
85453,TSPYL5,85453,TSPYL5,85453,TSPYL5,116228,COX20,85453,116228,False,{54764},ZRANB1,95,1,0.0105263157894736,0.9629573491900651
85476,GFM1,85476,GFM1,85476,GFM1,4605,MYBL2,85476,4605,False,"{4609, 6117, 29093, 112399, 7157}","MYC, RPA1, MRPL22, EGLN3, TP53",447,5,0.0111856823266219,1.1577676807067234
85476,GFM1,85476,GFM1,85476,GFM1,132660,LIN54,85476,132660,False,"{4609, 6117, 6118, 6119, 5071, 7157}","MYC, RPA1, RPA2, RPA3, PRKN, TP53",394,6,0.015228426395939,2.575042135117464
8725,URI1,"8725, 898","URI1, CCNE1",898,CCNE1,898,CCNE1,898,898,False,"{4609, 1026, 1027, 1025, 1029, 1030, 1031, 1021, 51191, 1068, 5687, 4683, 4172, 7248, 2648, 7283, 1154, 6790, 648, 6794, 1163, 1164, 647309, 51343, 7316, 55957, 672, 4771, 7343, 5300, 84662, 55294, 4801, 207, 81620, 8405, 2264, 25820, 389856, 55521, 115426, 8940, 8945, 3837, 4863, 2305, 8450, 8452, 4361, 84254, 801, 5925, 5926, 5933, 5934, 5422, 5424, 7984, 79155, 22836, 55611, 202052, 1869, 10576, 1874, 9055, 2911, 6502, 7015, 1387, 367, 2932, 7029, 894, 5524, 405, 23451, 26524, 10142, 7071, 54700, 11186, 1460, 3005, 3009, 6595, 6597, 6598, 6599, 5573, 5071, 3024, 983, 1499, 990, 993, 8161, 995, 10212, 4082, 1017, 5111, 7161, 1018, 1019, 1020, 4605, 1022}","MYC, CDKN1A, CDKN1B, CDK9, CDKN2A, CDKN2B, CDKN2C, CDK6, HERC5, CETN1, PSMA6, NBN, MCM3, TSC1, KAT2A, TUBG1, CISH, AURKA, BMI1, STK11, CKS1B, CKS2, GMNC, FZR1, UBC, LIN37, BRCA1, NF2, UBTF, PIN1, GLIS2, FBXW7, NFYB, AKT1, CDT1, SPOP, FGFR4, ARIH1, USP27X, TRIM36, UHRF2, TOP3B, BTRC, KPNB1, NPAT, FOXM1, CUL4B, CUL3, MRE11, CAMKK1, CALM1, RB1, ARID4A, RBL1, RBL2, POLA1, POLD1, ARHGEF5, TNIP2, RHOBTB3, OTUB1, DNAJC18, E2F1, CCT2, E2F4, PRC1, GRM1, SKP2, TERT, CREBBP, AR, GSK3B, TFDP2, CCND2, PTPA, ARNT, SF3B1, LATS2, AKAP9, KLF10, RRN3, RASSF1, CSNK2B, H1-0, H1-5, SMARCA2, SMARCA4, SMARCB1, SMARCC1, PRKAR1A, PRKN, H1-1, CDK1, CTNNB1, CDC6, CDC25A, COIL, CDC25C, DDX39A, MARCKS, CDK2, PCNA, TP73, CDK3, CDK4, CDK5, MYBL2, CDK7",108,108,1.0,290.2516890871245
8725,URI1,"8725, 898","URI1, CCNE1",898,CCNE1,4001,LMNB1,898,4001,False,"{4609, 1025, 8452, 7316, 672, 5925, 79155, 6597, 6598, 6599, 5071, 3024, 8405, 983, 1499, 9055, 10212, 367, 4082, 2932, 3837, 1022}","MYC, CDK9, CUL3, UBC, BRCA1, RB1, TNIP2, SMARCA4, SMARCB1, SMARCC1, PRKN, H1-1, SPOP, CDK1, CTNNB1, PRC1, DDX39A, AR, MARCKS, GSK3B, KPNB1, CDK7",676,22,0.0325443786982248,12.171278918747491
8725,URI1,"8725, 898","URI1, CCNE1",898,CCNE1,5903,RANBP2,898,5903,False,"{4609, 801, 8452, 10212, 648, 5071, 5424, 79155, 1499, 5111, 23451, 3837, 9055}","MYC, CALM1, CUL3, DDX39A, BMI1, PRKN, POLD1, TNIP2, CTNNB1, PCNA, SF3B1, KPNB1, PRC1",432,13,0.0300925925925925,7.463991565656589
8725,URI1,"8725, 898","URI1, CCNE1",898,CCNE1,10200,MPHOSPH6,898,10200,False,{51343},FZR1,173,1,0.0057803468208092,0.5214993764493573
8725,URI1,"8725, 898","URI1, CCNE1",8725,URI1,51001,MTERF3,8725,51001,False,"{3191, 9401, 440730, 56829, 351}","HNRNPL, RECQL4, TRIM67, ZC3HAV1, APP",476,5,0.0105042016806722,1.1009363607443772
8725,URI1,"8725, 898","URI1, CCNE1",8725,URI1,54458,PRR13,8725,54458,False,set(),,184,0,0.0,0.0
8725,URI1,"8725, 898","URI1, CCNE1",898,CCNE1,55015,PRPF39,898,55015,False,"{672, 4609, 8452, 55294}","BRCA1, MYC, CUL3, FBXW7",154,4,0.0259740259740259,3.815022017027702
8725,URI1,"8725, 898","URI1, CCNE1",898,CCNE1,57534,MIB1,898,57534,False,"{4609, 8450, 6790, 4172, 8940, 1874, 7316, 51191, 1020}","MYC, CUL4B, AURKA, MCM3, TOP3B, E2F4, UBC, HERC5, CDK5",388,9,0.0231958762886597,4.564801796656087
8725,URI1,"8725, 898","URI1, CCNE1",8725,URI1,57817,HAMP,8725,57817,False,set(),,133,0,0.0,0.0
8725,URI1,"8725, 898","URI1, CCNE1",898,CCNE1,63931,MRPS14,898,63931,False,"{4609, 1874, 55294, 1025}","MYC, E2F4, FBXW7, CDK9",310,4,0.0129032258064516,1.5922242609568515
8725,URI1,"8725, 898","URI1, CCNE1",898,CCNE1,65003,MRPL11,898,65003,False,"{4609, 8452, 648, 8940, 1874, 55294}","MYC, CUL3, BMI1, TOP3B, E2F4, FBXW7",492,6,0.0121951219512195,1.7162651330185896
8725,URI1,"8725, 898","URI1, CCNE1",8725,URI1,79156,PLEKHF1,8725,79156,False,set(),,140,0,0.0,0.0
8725,URI1,"8725, 898","URI1, CCNE1",8725,URI1,114823,LENG8,8725,114823,False,"{23586, 54894, 9391, 112399, 3191, 5501}","RIGI, RNF43, CIAO1, EGLN3, HNRNPL, PPP1CC",280,6,0.0214285714285714,3.2585968186629897
8725,URI1,"8725, 898","URI1, CCNE1",8725,URI1,163131,ZNF780B,8725,163131,False,set(),,131,0,0.0,0.0
8725,URI1,"8725, 898","URI1, CCNE1",898,CCNE1,286053,NSMCE2,898,286053,False,"{672, 4609, 8452}","BRCA1, MYC, CUL3",144,3,0.0208333333333333,2.915149006100236
8743,TNFSF10,8743,TNFSF10,8743,TNFSF10,54468,MIOS,8743,54468,False,{8452},CUL3,90,1,0.0111111111111111,1.1350886886043343
9166,EBAG9,9166,EBAG9,9166,EBAG9,116228,COX20,9166,116228,False,set(),,342,0,0.0,0.0
92609,TIMM50,92609,TIMM50,92609,TIMM50,2926,GRSF1,92609,2926,False,"{4609, 387, 8452, 899, 8454, 5894, 7182, 51343, 7706, 440730, 10013, 7328, 23078, 54443, 9131, 28976, 29117, 23363, 51142, 330, 284106, 5071, 3169, 4833, 6625, 29035, 54764, 2033, 26995, 6389, 26233, 10492, 5245, 9343}","MYC, RHOA, CUL3, CCNF, CUL1, RAF1, NR2C2, FZR1, TRIM25, TRIM67, HDAC6, UBE2H, VWA8, ANLN, AIFM1, ACAD9, BRD7, OBSL1, CHCHD2, BIRC3, CISD3, PRKN, FOXA1, NME4, SNRNP70, HAPSTR1, ZRANB1, EP300, TRUB2, SDHA, FBXL6, SYNCRIP, PHB1, EFTUD2",725,34,0.0468965517241379,14.926967283430267
92609,TIMM50,92609,TIMM50,92609,TIMM50,3960,LGALS4,92609,3960,False,"{1080, 5894}","CFTR, RAF1",266,2,0.0075187969924812,1.563044925679319
92609,TIMM50,92609,TIMM50,92609,TIMM50,4001,LMNB1,92609,4001,False,"{4609, 94081, 387, 8452, 92421, 5894, 899, 51592, 11021, 7182, 64400, 79890, 83987, 7316, 26135, 90007, 154, 1051, 54940, 3611, 26270, 9500, 7328, 440730, 8359, 8872, 54443, 23468, 10155, 23476, 1080, 9401, 5566, 57664, 11331, 23363, 330, 4171, 5071, 65018, 10963, 11091, 124245, 9820, 203228, 83932, 2912, 90850, 10594, 6117, 6118, 6119, 25962, 79722, 54764, 23152, 3312, 6389, 7157, 2554}","MYC, SFXN1, RHOA, CUL3, CHMP4C, RAF1, CCNF, TRIM33, RAB35, NR2C2, AKTIP, RIN3, CCDC8, UBC, SERBP1, MIDN, ADRB2, CEBPB, OCIAD1, ILK, FBXO6, MAGED1, UBE2H, TRIM67, H4C1, CDC123, ANLN, CBX5, TRIM28, BRD4, CFTR, RECQL4, PRKACA, PLEKHA4, PHB2, OBSL1, BIRC3, MCM2, PRKN, PINK1, STIP1, WDR5, ZC3H18, CUL7, C9orf72, SPRTN, GRM2, ZNF598, PRPF8, RPA1, RPA2, RPA3, VIRMA, ANKRD55, ZRANB1, CIC, HSPA8, SDHA, TP53, GABRA1",777,60,0.0772200772200772,37.030933710022346
92609,TIMM50,92609,TIMM50,92609,TIMM50,23144,ZC3H3,92609,23144,False,"{54764, 65018, 26995, 10106, 6430}","ZRANB1, PINK1, TRUB2, CTDSP2, SRSF5",467,5,0.0107066381156316,0.6841843827336368
92609,TIMM50,92609,TIMM50,92609,TIMM50,25937,WWTR1,92609,25937,False,"{90850, 3654, 8359, 80230, 54443, 7532, 3309, 3091, 23476, 7157, 23191, 2969, 7706}","ZNF598, IRAK1, H4C1, RUFY1, ANLN, YWHAG, HSPA5, HIF1A, BRD4, TP53, CYFIP1, GTF2I, TRIM25",621,13,0.0209339774557165,2.9558736944364754
92609,TIMM50,92609,TIMM50,92609,TIMM50,26065,LSM14A,92609,26065,False,"{4609, 899, 5894, 648, 440730, 29978, 1051, 7328, 1956, 8872, 54443, 9401, 57664, 5071, 124245, 84444, 54764, 23152, 7157, 26233, 10492, 81533}","MYC, CCNF, RAF1, BMI1, TRIM67, UBQLN2, CEBPB, UBE2H, EGFR, CDC123, ANLN, RECQL4, PLEKHA4, PRKN, ZC3H18, DOT1L, ZRANB1, CIC, TP53, FBXL6, SYNCRIP, ITFG1",465,22,0.0473118279569892,12.540215988334516
92609,TIMM50,92609,TIMM50,92609,TIMM50,51343,FZR1,92609,51343,True,"{4609, 94081, 899, 8454, 51592, 2064, 83987, 3091, 26135, 25980, 7706, 29978, 8732, 9500, 53918, 6430, 83743, 10526, 293, 55466, 54443, 9131, 10155, 57154, 51142, 55626, 5071, 5584, 10963, 11091, 124245, 4697, 2521, 10459, 10075, 83932, 4833, 10594, 6625, 7532, 3309, 92140, 3312, 2547, 6389, 6390, 7157, 10492, 5245, 9343}","MYC, SFXN1, CCNF, CUL1, TRIM33, ERBB2, CCDC8, HIF1A, SERBP1, AAR2, TRIM25, UBQLN2, RNGTT, MAGED1, PELO, SRSF5, GRWD1, IPO8, SLC25A6, DNAJA4, ANLN, AIFM1, TRIM28, SMURF1, CHCHD2, AMBRA1, PRKN, PRKCI, STIP1, WDR5, ZC3H18, NDUFA4, FUS, MAD2L2, HUWE1, SPRTN, NME4, PRPF8, SNRNP70, YWHAG, HSPA5, MTDH, HSPA8, XRCC6, SDHA, SDHB, TP53, SYNCRIP, PHB1, EFTUD2",1314,50,0.0380517503805175,14.942457904414306
92609,TIMM50,92609,TIMM50,92609,TIMM50,57817,HAMP,92609,57817,False,set(),,250,0,0.0,0.0
92609,TIMM50,92609,TIMM50,92609,TIMM50,64745,METTL17,92609,64745,False,"{5597, 4833, 6625, 11331, 9401, 899, 23078, 5894, 54764, 5071, 28976, 26995, 6389, 6390, 26233, 10492, 5245}","MAPK6, NME4, SNRNP70, PHB2, RECQL4, CCNF, VWA8, RAF1, ZRANB1, PRKN, ACAD9, TRUB2, SDHA, SDHB, FBXL6, SYNCRIP, PHB1",631,17,0.0269413629160063,4.954255389319677
92609,TIMM50,92609,TIMM50,92609,TIMM50,91750,LIN52,92609,91750,False,"{4609, 8359}","MYC, H4C1",292,2,0.0068493150684931,0.9410731200450836
92609,TIMM50,92609,TIMM50,92609,TIMM50,147965,FAM98C,92609,147965,False,"{57664, 899}","PLEKHA4, CCNF",251,2,0.0079681274900398,2.656326662256613
92609,TIMM50,92609,TIMM50,92609,TIMM50,284459,ZNF875,92609,284459,False,{8452},CUL3,250,1,0.004,1.314187983814369
92609,TIMM50,92609,TIMM50,92609,TIMM50,286053,NSMCE2,92609,286053,False,"{4609, 8452, 9924, 54764, 3611, 10492}","MYC, CUL3, PAN2, ZRANB1, ILK, SYNCRIP",280,6,0.0214285714285714,5.110476357861545
92609,TIMM50,92609,TIMM50,92609,TIMM50,342897,NCCRP1,92609,342897,False,"{4609, 899, 293, 8872, 4171, 253260, 54764, 3312, 1080, 65018, 55294}","MYC, CCNF, SLC25A6, CDC123, MCM2, RICTOR, ZRANB1, HSPA8, CFTR, PINK1, FBXW7",342,11,0.0321637426900584,7.091679580395593
9601,PDIA4,9601,PDIA4,9601,PDIA4,10959,TMED2,9601,10959,True,"{9218, 899, 81542, 57222, 54664, 26123, 56851, 125972, 26135, 161176, 23065, 440730, 3998, 23071, 548645, 5800, 57003, 9388, 813, 84277, 821, 10551, 51128, 5954, 10952, 1994, 10960, 55379, 10972, 84061, 6117, 6118, 54764, 3309, 79600, 3312, 10618}","VAPA, CCNF, TMX1, ERGIC1, TMEM106B, TCTN3, EMC7, CALR3, SERBP1, SYNE3, EMC1, TRIM67, LMAN1, ERP44, DNAJC25, PTPRO, CCDC47, LIPG, CALU, DNAJC30, CANX, AGR2, SAR1B, RCN1, SEC61B, ELAVL1, LMAN2, LRRC59, TMED10, MAGT1, RPA1, RPA2, ZRANB1, HSPA5, TCTN1, HSPA8, TGOLN2",554,37,0.0667870036101083,29.44420210544165
9601,PDIA4,9601,PDIA4,9601,PDIA4,11113,CIT,9601,11113,False,"{7170, 7184, 4628, 26135, 3609, 1050, 23071, 3107, 4643, 6184, 6185, 6201, 9785, 4666, 120892, 11325, 3150, 9810, 55379, 9820, 2146, 3692, 1650, 7284, 58490, 5245, 81037, 8340, 23193, 2202, 54431, 672, 7841, 8359, 6830, 10935, 23225, 51400, 9928, 81608, 23246, 10959, 10970, 5351, 5352, 3309, 84717, 7919, 3312, 9459, 9984, 5894, 147719, 10528, 801, 811, 813, 23345, 10549, 27445, 821, 23353, 5954, 23363, 5955, 338, 11091, 3428, 5479, 871, 10096, 26993, 10613, 3959, 7037, 59272, 10130, 440730, 3998, 27044, 5033, 5034, 23478, 444, 3006, 3009, 51651, 3014, 10695, 1994, 5071, 23513, 26092, 7157}","TPM3, HSP90B1, MYH10, SERBP1, ILF3, CEBPA, ERP44, HLA-C, MYO1E, RPN1, RPN2, RPS7, DHX38, NACA, LRRK2, DDX42, HMGN1, RNF40, LRRC59, CUL7, EZH2, EIF6, DDOST, TUFM, RPRD1B, PHB1, CLPTM1L, H2BC13, GANAB, EFEMP1, DNAJC10, BRCA1, MOGS, H4C1, SUPT6H, PRDX3, NUP210, PPME1, KIF14, FIP1L1, BOP1, TMED2, CKAP4, PLOD1, PLOD2, HSPA5, HDGFL2, DDX39B, HSPA8, ARHGEF6, THOC1, RAF1, LYPD4, NOP56, CALM1, CALR, CALU, SYNE1, PRDX4, PCLO, CANX, SUN1, RCN1, OBSL1, RCN2, APOB, WDR5, IFI16, PPIB, SERPINH1, ACTR3, AKAP8L, ERLIN1, LGALS3BP, TFRC, ACE2, PDIA6, TRIM67, LMAN1, SND1, P4HA1, P4HB, SEC11A, ASPH, H1-2, H1-5, PTRH2, H2AX, CNPY3, ELAVL1, PRKN, SCRIB, TOR1AIP1, TP53",1777,94,0.0528981429375351,20.43969517069137
9846,GAB2,9846,GAB2,9846,GAB2,324,APC,9846,324,False,"{4067, 2011, 7529, 25962, 7531, 7532, 7514, 7533, 7534, 3728, 23243, 3309, 2810, 10971}","LYN, MARK2, YWHAB, VIRMA, YWHAE, YWHAG, XPO1, YWHAH, YWHAZ, JUP, ANKRD28, HSPA5, SFN, YWHAQ",424,14,0.0330188679245283,8.196146573251655
9846,GAB2,9846,GAB2,9846,GAB2,4605,MYBL2,9846,4605,False,set(),,259,0,0.0,0.0
9846,GAB2,9846,GAB2,9846,GAB2,7849,PAX8,9846,7849,False,set(),,223,0,0.0,0.0
9846,GAB2,9846,GAB2,9846,GAB2,9804,TOMM20,9846,9804,False,{51474},LIMA1,349,1,0.0028653295128939,0.0
9846,GAB2,9846,GAB2,9846,GAB2,10428,CFDP1,9846,10428,False,set(),,193,0,0.0,0.0
9846,GAB2,9846,GAB2,9846,GAB2,10440,TIMM17A,9846,10440,False,set(),,137,0,0.0,0.0
9846,GAB2,9846,GAB2,9846,GAB2,57534,MIB1,9846,57534,False,"{9470, 4914, 9644, 25962}","EIF4E2, NTRK1, SH3PXD2A, VIRMA",403,4,0.009925558312655,1.036133457364535
9846,GAB2,9846,GAB2,9846,GAB2,114034,TOE1,9846,114034,False,{6130},RPL7A,254,1,0.0039370078740157,0.2543209295838159
9846,GAB2,9846,GAB2,9846,GAB2,114823,LENG8,9846,114823,False,set(),,274,0,0.0,0.0
9846,GAB2,9846,GAB2,9846,GAB2,126969,SLC44A3,9846,126969,False,set(),,122,0,0.0,0.0
9846,GAB2,9846,GAB2,9846,GAB2,147965,FAM98C,9846,147965,False,set(),,124,0,0.0,0.0
9846,GAB2,9846,GAB2,9846,GAB2,163131,ZNF780B,9846,163131,False,set(),,119,0,0.0,0.0
9846,GAB2,9846,GAB2,9846,GAB2,253260,RICTOR,9846,253260,False,"{3329, 3845, 79109, 3728, 51474, 4893, 1828, 55207, 6202, 11329, 3265, 207, 7514, 10971, 4067, 10212, 7529, 25962, 7531, 7532, 7533, 7534, 3309, 6130, 3315, 1398, 2934, 2810}","HSPD1, KRAS, MAPKAP1, JUP, LIMA1, NRAS, DSG1, ARL8B, RPS8, STK38, HRAS, AKT1, XPO1, YWHAQ, LYN, DDX39A, YWHAB, VIRMA, YWHAE, YWHAG, YWHAH, YWHAZ, HSPA5, RPL7A, HSPB1, CRK, GSN, SFN",810,28,0.0345679012345679,14.959198756529425
9846,GAB2,9846,GAB2,9846,GAB2,286053,NSMCE2,9846,286053,False,{7533},YWHAH,156,1,0.0064102564102564,0.6854841954816626
9846,GAB2,9846,GAB2,9846,GAB2,503834,DPRX,9846,503834,False,set(),,135,0,0.0,0.0
9847,C2CD5,9847,C2CD5,9847,C2CD5,4605,MYBL2,9847,4605,False,"{1025, 899, 6117, 2033, 1017}","CDK9, CCNF, RPA1, EP300, CDK2",225,5,0.0222222222222222,3.377626954013685
9847,C2CD5,9847,C2CD5,9847,C2CD5,132660,LIN54,9847,132660,False,"{1994, 6117, 6118}","ELAVL1, RPA1, RPA2",175,3,0.0171428571428571,2.133829557991497
