source,native,name,p_value,significant,description,term_size,query_size,intersection_size,effective_domain_size,precision,recall,query,parents,intersections,evidences
GO:BP,GO:0080090,regulation of primary metabolic process,3.4562110369557864e-09,True,"""Any process that modulates the frequency, rate or extent of the chemical reactions and pathways within a cell or an organism involving those compounds formed as a part of the normal anabolic and catabolic processes. These processes take place in most, if not all, cells of the organism."" [PMID:19211694]",5390,221,105,21026,0.4751131221719457,0.01948051948051948,query_1,"['GO:0019222', 'GO:0044238']","['ACTR3', 'APC', 'APLP1', 'ARID1A', 'ARID2', 'ATAD2', 'ATXN7L3', 'BIRC2', 'BRD8', 'BRMS1', 'BRPF1', 'BTAF1', 'C1D', 'CCNC', 'CCND1', 'CCNE1', 'CDK4', 'CEP350', 'CITED2', 'CNOT2', 'DDA1', 'DICER1', 'DNM1L', 'DOCK7', 'DPRX', 'E2F3', 'EIF4G1', 'FBXW11', 'FZR1', 'G6PD', 'GATAD1', 'GCN1', 'GLMN', 'GRSF1', 'H1-2', 'HAMP', 'HSF1', 'ILK', 'KAT6A', 'KDM2A', 'KMT2A', 'KMT2B', 'KMT5A', 'KRAS', 'L3MBTL3', 'LIN52', 'LIN54', 'LSM14A', 'MAP3K7', 'MARK2', 'MECOM', 'MED1', 'MED25', 'MEN1', 'METAP1', 'MTERF3', 'MYBL2', 'NELFB', 'NSMCE2', 'PARD3', 'PARL', 'PARN', 'PAX8', 'PCBD2', 'PCGF1', 'PFDN1', 'PLAA', 'PPP4R2', 'PSME3', 'PSTK', 'RAF1', 'RANBP2', 'RELA', 'RICTOR', 'RNF31', 'SAMD4B', 'SKP2', 'SLC30A9', 'SMARCA4', 'SMARCA5', 'SOX17', 'SUPT3H', 'SUPT7L', 'SUZ12', 'TAFAZZIN', 'TDG', 'TMED10', 'TMED2', 'TRAF2', 'TRUB2', 'UBQLN4', 'USP1', 'VBP1', 'VEZF1', 'WDR48', 'WT1', 'WWTR1', 'YTHDC1', 'YTHDF2', 'ZEB1', 'ZFP36L1', 'ZFP69', 'ZNF496', 'ZNF780B', 'ZNF875']","[['IDA'], ['IDA', 'IGI', 'IC'], ['IEA'], ['IDA', 'IBA', 'NAS'], ['IMP', 'NAS', 'IEA'], ['IDA'], ['IDA', 'IBA', 'NAS', 'IEA'], ['IDA', 'IBA', 'IEA'], ['IDA', 'NAS', 'IEA'], ['IDA', 'IBA', 'NAS'], ['IDA', 'IBA'], ['IDA'], ['IEA'], ['IDA', 'IBA', 'IEA'], ['IDA', 'IEA'], ['IEA'], ['TAS'], ['IEA'], ['IDA', 'IMP', 'ISS', 'IEA'], ['IDA', 'IBA', 'NAS', 'IEA'], ['IBA', 'IEA'], ['ISS'], ['IEA'], ['IMP'], ['IBA', 'IEA'], ['IDA', 'IBA', 'IEA'], ['IDA', 'IMP', 'TAS', 'NAS', 'IEA'], ['IMP', 'ISS', 'IEA'], ['IDA', 'IBA', 'IEA'], ['IMP'], ['IEA'], ['IBA', 'IEA'], ['IMP'], ['IDA', 'IBA'], ['IBA', 'IEA'], ['IDA', 'ISS', 'IEA'], ['IDA', 'IMP', 'IBA', 'IEA'], ['IMP'], ['IDA', 'ISS', 'IBA', 'IEA'], ['IMP', 'IBA', 'IEA'], ['IDA', 'IMP', 'IBA', 'IEA'], ['IBA', 'IEA'], ['IDA', 'IMP', 'IBA'], ['IMP'], ['IMP', 'IBA', 'IEA'], ['IEA'], ['IBA'], ['IMP', 'IEA'], ['IDA'], ['TAS'], ['IDA', 'IBA', 'IEA'], ['IDA', 'IMP', 'ISS', 'IBA', 'NAS', 'IEA'], ['IDA', 'IMP', 'IBA', 'NAS'], ['IDA', 'IMP', 'IBA'], ['TAS'], ['IMP', 'IEA'], ['IDA', 'IBA'], ['IDA', 'ISS', 'IBA', 'IEA'], ['NAS'], ['ISS'], ['IGI'], ['IMP', 'IBA'], ['IDA', 'ISS', 'IBA', 'IEA'], ['IDA'], ['IBA', 'TAS'], ['IDA'], ['ISS', 'IEA'], ['IMP'], ['IDA', 'IBA', 'IEA'], ['IEA'], ['IDA', 'IEA'], ['IEA'], ['IDA', 'IMP', 'IGI', 'ISS', 'IBA', 'NAS', 'IEA'], ['IEA'], ['IDA'], ['IBA', 'IEA'], ['IDA', 'IEA'], ['IEA'], ['IDA', 'IMP', 'IGI', 'IBA', 'TAS', 'NAS', 'IEA'], ['IDA', 'IMP', 'ISO', 'IBA', 'TAS', 'NAS', 'IEA'], ['IDA', 'ISS', 'IBA', 'IEA'], ['IDA', 'TAS', 'NAS'], ['NAS'], ['IEA'], ['IEA'], ['IEA'], ['IMP'], ['IEA'], ['IDA', 'IMP', 'IEA'], ['IMP'], ['IDA', 'IMP', 'IEA'], ['IDA', 'TAS', 'IEA'], ['IDA'], ['IDA', 'IBA'], ['IDA', 'IEA'], ['IDA', 'IMP', 'IGI', 'ISS', 'IBA', 'NAS', 'IEA'], ['IMP', 'IBA', 'NAS', 'IEA'], ['IDA', 'IBA', 'IEA'], ['IDA', 'IMP', 'IBA', 'IEA'], ['IDA', 'IMP', 'IBA', 'TAS', 'IEA'], ['IDA', 'IMP', 'ISS', 'IEA'], ['ISS', 'IBA', 'IEA'], ['ISS', 'IBA', 'IEA'], ['IBA', 'IEA'], ['IBA', 'IEA']]"
GO:BP,GO:1903047,mitotic cell cycle process,1.3203495475139903e-07,True,"""A process that is part of the mitotic cell cycle."" [GO_REF:0000060, GOC:mtg_cell_cycle, GOC:TermGenie]",745,221,31,21026,0.14027149321266968,0.04161073825503356,query_1,"['GO:0000278', 'GO:0022402']","['APC', 'ARID1A', 'ARID2', 'CCND1', 'CCNE1', 'CDK4', 'CENPI', 'CEP55', 'CIT', 'E2F3', 'EIF4G1', 'FBXW11', 'FZR1', 'KIF20A', 'KIF2C', 'KIF4A', 'KMT5A', 'LSM14A', 'MAD2L1BP', 'MIIP', 'MYBL2', 'NSMCE2', 'PSME3', 'RAD51B', 'SKP2', 'SMARCA4', 'SMARCA5', 'SPAG5', 'TACC3', 'VPS4B', 'ZFP36L1']","[['IMP'], ['NAS'], ['NAS'], ['IDA', 'IBA', 'TAS', 'NAS', 'IEA'], ['IMP', 'IBA', 'NAS'], ['IDA', 'IMP', 'IBA', 'NAS'], ['IBA'], ['IMP', 'IGI', 'IBA', 'IEA'], ['IMP', 'IEA'], ['IDA'], ['IMP'], ['IBA'], ['IDA'], ['IMP'], ['IMP'], ['IMP', 'IBA'], ['TAS'], ['IMP'], ['IMP', 'IEA'], ['IEA'], ['IEA'], ['IMP'], ['IBA', 'IEA'], ['IMP'], ['IBA', 'TAS', 'IEA'], ['NAS'], ['IDA', 'IMP'], ['IMP'], ['IMP', 'IEA'], ['IMP', 'NAS'], ['ISS', 'IEA']]"
GO:BP,GO:0000278,mitotic cell cycle,1.5009069484668394e-07,True,"""Progression through the phases of the mitotic cell cycle, the most common eukaryotic cell cycle, which canonically comprises four successive phases called G1, S, G2, and M and includes replication of the genome and the subsequent segregation of chromosomes into daughter cells. In some variant cell cycles nuclear replication or nuclear division may not be followed by cell division, or G1 and G2 phases may be absent."" [GOC:mah, ISBN:0815316194]",892,221,34,21026,0.15384615384615385,0.03811659192825112,query_1,['GO:0007049'],"['APC', 'ARID1A', 'ARID2', 'CCND1', 'CCNE1', 'CDK4', 'CENPI', 'CEP55', 'CIT', 'E2F3', 'EIF4G1', 'FBXW11', 'FZR1', 'HSF1', 'KIF20A', 'KIF2C', 'KIF4A', 'KMT5A', 'LSM14A', 'MAD2L1BP', 'MAEA', 'MIIP', 'MYBL2', 'NSMCE2', 'PSME3', 'RAD51B', 'SKP2', 'SMARCA4', 'SMARCA5', 'SPAG5', 'TACC3', 'VPS4B', 'XRCC2', 'ZFP36L1']","[['IMP'], ['NAS'], ['NAS'], ['IDA', 'IBA', 'TAS', 'NAS', 'IEA'], ['IMP', 'IBA', 'NAS'], ['IDA', 'IMP', 'IBA', 'NAS'], ['IBA'], ['IMP', 'IGI', 'IBA', 'IEA'], ['IMP', 'ISS', 'IEA'], ['IDA'], ['IMP'], ['IBA'], ['IDA', 'NAS'], ['IMP'], ['IMP'], ['IMP'], ['IMP', 'IBA'], ['TAS'], ['IMP'], ['IMP', 'IEA'], ['NAS'], ['IEA'], ['IBA', 'IEA'], ['IMP'], ['IBA', 'IEA'], ['IMP'], ['IBA', 'TAS', 'IEA'], ['NAS'], ['IDA', 'IMP'], ['IMP'], ['IMP', 'IEA'], ['IMP', 'NAS'], ['IMP'], ['ISS', 'IEA']]"
GO:BP,GO:0007049,cell cycle,2.0108131528598241e-07,True,"""The progression of biochemical and morphological phases and events that occur in a cell during successive cell replication or nuclear replication events. Canonically, the cell cycle comprises the replication and segregation of genetic material followed by the division of the cell, but in endocycles or syncytial cells nuclear replication or nuclear division may not be followed by cell division."" [GOC:go_curators, GOC:mtg_cell_cycle]",1663,221,48,21026,0.2171945701357466,0.028863499699338546,query_1,['GO:0009987'],"['ACTR3', 'APC', 'ARID1A', 'ARID2', 'BIRC2', 'BRD8', 'CCNC', 'CCND1', 'CCNE1', 'CDK4', 'CENPI', 'CEP55', 'CIT', 'CITED2', 'E2F3', 'EIF4G1', 'FBXW11', 'FZR1', 'HSF1', 'KIF20A', 'KIF2C', 'KIF4A', 'KMT5A', 'LSM14A', 'MAD2L1BP', 'MAEA', 'MAP3K7', 'MECOM', 'MED1', 'MEN1', 'MIIP', 'MYBL2', 'NSMCE2', 'PARD6B', 'PDS5B', 'PSME3', 'RAD51B', 'RAD51D', 'SKP2', 'SLC25A5', 'SMARCA4', 'SMARCA5', 'SPAG5', 'TACC3', 'VPS4B', 'XRCC2', 'YTHDF2', 'ZFP36L1']","[['IEA'], ['IDA', 'IMP', 'NAS'], ['NAS'], ['NAS'], ['IDA', 'IBA'], ['IMP'], ['IDA'], ['IDA', 'IBA', 'TAS', 'NAS', 'IEA'], ['IMP', 'IBA', 'NAS', 'IEA'], ['IDA', 'IMP', 'IBA', 'NAS', 'IEA'], ['IBA', 'NAS'], ['IMP', 'IGI', 'IBA', 'IEA'], ['IMP', 'ISS', 'IEA'], ['ISS', 'IEA'], ['IDA'], ['IMP'], ['IBA'], ['IDA', 'NAS', 'IEA'], ['IMP'], ['IDA', 'IMP'], ['IMP', 'IEA'], ['IMP', 'IBA'], ['TAS'], ['IMP'], ['IMP', 'IEA'], ['NAS'], ['IEA'], ['IDA'], ['IEA'], ['IDA', 'IMP', 'IBA'], ['IEA'], ['IBA', 'IEA'], ['IMP'], ['IBA'], ['IMP', 'IEA'], ['IBA', 'IEA'], ['IMP', 'TAS'], ['IBA', 'TAS', 'IEA'], ['IBA', 'TAS', 'IEA'], ['IEA'], ['NAS'], ['IDA', 'IMP'], ['IMP', 'IEA'], ['IMP', 'IEA'], ['IMP', 'NAS'], ['IMP', 'TAS'], ['ISS', 'IEA'], ['ISS', 'IEA']]"
GO:BP,GO:0006996,organelle organization,2.582182930107922e-07,True,"""A process that is carried out at the cellular level which results in the assembly, arrangement of constituent parts, or disassembly of an organelle within a cell. An organelle is an organized structure of distinctive morphology and function. Includes the nucleus, mitochondria, plastids, vacuoles, vesicles, ribosomes and the cytoskeleton. Excludes the plasma membrane."" [GOC:mah]",3594,221,77,21026,0.34841628959276016,0.02142459654980523,query_1,['GO:0016043'],"['ACTR3', 'APC', 'ARID1A', 'ARID2', 'ARPC2', 'ARPC4', 'BCS1L', 'CCNE1', 'CENPI', 'CEP350', 'CNOT2', 'COX20', 'DCLRE1B', 'DNM1L', 'DOCK7', 'FBXW11', 'FZR1', 'GCN1', 'GET3', 'H1-2', 'HSF1', 'KAT6A', 'KIF20A', 'KIF2C', 'KIF4A', 'KMT5A', 'KRAS', 'KRT8', 'LMNB1', 'LRFN1', 'LSM14A', 'MAD2L1BP', 'MAEA', 'MARK2', 'METTL17', 'MFN2', 'MTERF3', 'MYBL2', 'NDUFA2', 'NSMCE2', 'PARD3', 'PARD6B', 'PARL', 'PARN', 'PDS5B', 'PEX6', 'PLEKHF1', 'POLR2M', 'PPP2R3C', 'RAB18', 'RAD51B', 'RAD51D', 'RAF1', 'RHPN1', 'RICTOR', 'SEC16A', 'SLC25A5', 'SLC30A9', 'SLC4A7', 'SMARCA4', 'SMARCA5', 'SNAP23', 'SPAG5', 'STRIP1', 'STX4', 'TACC3', 'TAFAZZIN', 'TMED10', 'TMED2', 'TOMM20', 'TWF1', 'UBQLN4', 'VPS4B', 'VTI1B', 'WWTR1', 'XRCC2', 'YTHDF2']","[['IDA', 'IMP', 'IBA', 'IEA'], ['IDA', 'IMP', 'IBA'], ['NAS'], ['NAS'], ['IDA', 'IBA', 'IEA'], ['IDA', 'IBA', 'NAS', 'IEA'], ['IMP', 'IBA', 'IEA'], ['IEA'], ['IBA', 'IEA'], ['IEA'], ['IMP'], ['IMP', 'IBA', 'IEA'], ['IMP', 'ISS', 'IBA', 'IEA'], ['IDA', 'IMP', 'IBA', 'TAS', 'IEA'], ['IMP'], ['IBA'], ['IEA'], ['IDA'], ['IDA', 'IMP', 'IBA', 'NAS', 'IEA'], ['IBA'], ['IEA'], ['TAS'], ['IDA'], ['IDA', 'IMP', 'TAS', 'IEA'], ['IMP', 'IBA', 'TAS'], ['TAS'], ['IEA'], ['IEA'], ['IMP', 'IBA', 'IEA'], ['IEA'], ['IDA', 'IMP', 'IBA'], ['IMP', 'IEA'], ['IEA'], ['IDA', 'ISS', 'IBA', 'IEA'], ['IDA'], ['IDA', 'IMP', 'ISS', 'IBA', 'NAS', 'IEA'], ['IBA'], ['IEA'], ['IMP'], ['IMP', 'NAS'], ['IBA'], ['IBA'], ['IMP', 'IEA'], ['IMP'], ['IMP', 'IEA'], ['IDA', 'IMP', 'IBA', 'IEA'], ['IMP', 'IBA'], ['IBA', 'IEA'], ['IBA'], ['IMP', 'IBA'], ['TAS'], ['IMP', 'IBA', 'TAS', 'IEA'], ['IEA'], ['IBA'], ['IMP', 'NAS', 'IEA'], ['IDA', 'IMP', 'IBA', 'IEA'], ['IMP', 'ISS', 'IBA', 'IEA'], ['IDA'], ['IDA'], ['NAS'], ['IDA', 'IMP', 'ISO', 'IEA'], ['IBA', 'IEA'], ['IMP', 'IEA'], ['IMP', 'IBA'], ['IDA', 'IBA', 'IEA'], ['IMP', 'IBA', 'IEA'], ['IMP', 'ISS', 'IBA'], ['IDA', 'IBA', 'TAS', 'IEA'], ['IMP', 'IBA', 'TAS', 'IEA'], ['NAS'], ['ISS', 'IBA', 'IEA'], ['IMP'], ['IMP', 'IBA', 'NAS', 'IEA'], ['IBA'], ['IEA'], ['IMP'], ['IDA']]"
GO:BP,GO:0006325,chromatin organization,5.057404217064131e-07,True,"""The assembly or remodeling of chromatin composed of DNA complexed with histones, other associated proteins, and sometimes RNA."" [PMID:20404130]",884,221,33,21026,0.1493212669683258,0.03733031674208145,query_1,['GO:0016043'],"['ARID1A', 'ARID2', 'ATAD2', 'ATXN7L3', 'BRD8', 'BRPF1', 'BTAF1', 'CENPI', 'CFDP1', 'GATAD1', 'GLMN', 'H1-2', 'KAT6A', 'KDM2A', 'KMT2A', 'KMT2B', 'KMT5A', 'L3MBTL3', 'LIN54', 'LMNB1', 'MAP3K7', 'MECOM', 'MEN1', 'NSMCE2', 'PCGF1', 'RELA', 'SMARCA4', 'SMARCA5', 'SUZ12', 'TDG', 'TTF2', 'WT1', 'YTHDC1']","[['IDA', 'TAS', 'NAS', 'IEA'], ['IDA', 'NAS', 'IEA'], ['IBA'], ['IEA'], ['IEA'], ['IMP', 'IEA'], ['IEA'], ['IBA'], ['IBA'], ['IDA', 'IBA'], ['IMP'], ['IEA'], ['IEA'], ['IEA'], ['IDA', 'IMP', 'IEA'], ['IEA'], ['IEA'], ['IEA'], ['IDA'], ['IBA'], ['IEA'], ['ISS', 'IEA'], ['IMP', 'IEA'], ['NAS'], ['IDA', 'IMP'], ['IEA'], ['IDA', 'IMP', 'HDA', 'ISS', 'NAS', 'IC', 'IEA'], ['EXP', 'IDA', 'IMP', 'ISO', 'TAS', 'NAS', 'IEA'], ['IEA'], ['ISS', 'TAS', 'IEA'], ['IEA'], ['IMP'], ['IDA']]"
GO:BP,GO:0006281,DNA repair,9.711789542087293e-07,True,"""The process of restoring DNA after damage. Genomes are subject to damage by chemical and physical agents in the environment (e.g. UV and ionizing radiations, chemical mutagens, fungal and bacterial toxins, etc.) and by free radicals or alkylating agents endogenously generated in metabolism. DNA is also damaged because of errors during its replication. A variety of different DNA repair pathways have been reported that include direct reversal, base excision repair, nucleotide excision repair, photoreactivation, bypass, double-strand break repair pathway, and mismatch repair pathway."" [PMID:11563486]",621,221,27,21026,0.12217194570135746,0.043478260869565216,query_1,"['GO:0006259', 'GO:0006974']","['ARID1A', 'ARID2', 'ATXN7L3', 'BRD8', 'DCLRE1B', 'FZR1', 'GGN', 'HSF1', 'KDM2A', 'KMT5A', 'MEN1', 'NSMCE2', 'PPP4R2', 'RAD51B', 'RAD51D', 'SKP2', 'SLC30A9', 'SMARCA4', 'SMARCA5', 'SUPT3H', 'SUPT7L', 'TDG', 'TTF2', 'UBQLN4', 'USP1', 'WDR48', 'XRCC2']","[['NAS'], ['IMP', 'NAS'], ['NAS'], ['IDA', 'NAS'], ['IMP', 'IBA', 'IEA'], ['IEA'], ['IEA'], ['IMP', 'IEA'], ['IMP'], ['IDA'], ['NAS'], ['IMP', 'IBA', 'NAS', 'IEA'], ['IMP'], ['IMP', 'IBA', 'TAS', 'IEA'], ['IMP', 'IBA', 'TAS', 'IEA'], ['IDA', 'IEA'], ['TAS'], ['NAS'], ['IDA'], ['NAS'], ['NAS'], ['IDA', 'IBA', 'TAS', 'IEA'], ['IBA'], ['IDA', 'IEA'], ['IDA', 'TAS', 'IEA'], ['IDA', 'IBA', 'IEA'], ['IMP', 'IGI', 'IBA', 'TAS', 'IEA']]"
GO:BP,GO:0022402,cell cycle process,1.019019734052798e-06,True,"""The cellular process that ensures successive accurate and complete genome replication and chromosome segregation."" [GOC:isa_complete, GOC:mtg_cell_cycle]",1280,221,40,21026,0.18099547511312217,0.03125,query_1,"['GO:0007049', 'GO:0009987']","['ACTR3', 'APC', 'ARID1A', 'ARID2', 'CCNC', 'CCND1', 'CCNE1', 'CDK4', 'CENPI', 'CEP55', 'CIT', 'E2F3', 'EIF4G1', 'FBXW11', 'FZR1', 'KIF20A', 'KIF2C', 'KIF4A', 'KMT5A', 'LSM14A', 'MAD2L1BP', 'MED1', 'MIIP', 'MYBL2', 'NSMCE2', 'PARD6B', 'PDS5B', 'PSME3', 'RAD51B', 'RAD51D', 'SKP2', 'SLC25A5', 'SMARCA4', 'SMARCA5', 'SPAG5', 'TACC3', 'VPS4B', 'XRCC2', 'YTHDF2', 'ZFP36L1']","[['IEA'], ['IDA', 'IMP', 'NAS'], ['NAS'], ['NAS'], ['IDA'], ['IDA', 'IBA', 'TAS', 'NAS', 'IEA'], ['IMP', 'IBA', 'NAS', 'IEA'], ['IDA', 'IMP', 'IBA', 'NAS'], ['IBA', 'NAS'], ['IMP', 'IGI', 'IBA', 'IEA'], ['IMP', 'IEA'], ['IDA'], ['IMP'], ['IBA'], ['IDA', 'IEA'], ['IDA', 'IMP'], ['IMP', 'IEA'], ['IMP', 'IBA'], ['TAS'], ['IMP'], ['IMP', 'IEA'], ['IEA'], ['IEA'], ['IEA'], ['IMP'], ['IBA'], ['IMP', 'IEA'], ['IBA', 'IEA'], ['IMP', 'TAS'], ['IBA', 'TAS'], ['IBA', 'TAS', 'IEA'], ['IEA'], ['NAS'], ['IDA', 'IMP'], ['IMP', 'IEA'], ['IMP', 'IEA'], ['IMP', 'NAS'], ['IMP'], ['ISS', 'IEA'], ['ISS', 'IEA']]"
GO:BP,GO:0019219,regulation of nucleobase-containing compound metabolic process,5.9940185592327365e-06,True,"""Any cellular process that modulates the frequency, rate or extent of the chemical reactions and pathways involving nucleobases, nucleosides, nucleotides and nucleic acids."" [GOC:go_curators]",3990,221,79,21026,0.3574660633484163,0.019799498746867168,query_1,"['GO:0006139', 'GO:0080090']","['ACTR3', 'ARID1A', 'ARID2', 'ATAD2', 'ATXN7L3', 'BIRC2', 'BRD8', 'BRMS1', 'BRPF1', 'BTAF1', 'C1D', 'CCNC', 'CCND1', 'CCNE1', 'CDK4', 'CEP350', 'CITED2', 'CNOT2', 'DICER1', 'DNM1L', 'DPRX', 'E2F3', 'FBXW11', 'GATAD1', 'GRSF1', 'H1-2', 'HAMP', 'HSF1', 'ILK', 'KAT6A', 'KDM2A', 'KMT2A', 'KMT2B', 'KMT5A', 'L3MBTL3', 'LIN52', 'LIN54', 'MECOM', 'MED1', 'MED25', 'MEN1', 'MTERF3', 'MYBL2', 'NELFB', 'NSMCE2', 'PARN', 'PAX8', 'PCBD2', 'PCGF1', 'PPP4R2', 'RAF1', 'RELA', 'RNF31', 'SAMD4B', 'SKP2', 'SLC30A9', 'SMARCA4', 'SMARCA5', 'SOX17', 'SUPT3H', 'SUPT7L', 'SUZ12', 'TAFAZZIN', 'TDG', 'TRAF2', 'UBQLN4', 'USP1', 'VEZF1', 'WDR48', 'WT1', 'WWTR1', 'YTHDC1', 'YTHDF2', 'ZEB1', 'ZFP36L1', 'ZFP69', 'ZNF496', 'ZNF780B', 'ZNF875']","[['IDA'], ['IDA', 'IBA', 'NAS'], ['IMP', 'NAS', 'IEA'], ['IDA'], ['IDA', 'IBA', 'NAS', 'IEA'], ['IEA'], ['IDA', 'NAS', 'IEA'], ['IDA', 'IBA', 'NAS'], ['IDA', 'IBA'], ['IDA'], ['IEA'], ['IDA', 'IBA', 'IEA'], ['IDA', 'IEA'], ['IEA'], ['TAS'], ['IEA'], ['IDA', 'IMP', 'ISS', 'IEA'], ['IDA', 'IBA', 'NAS', 'IEA'], ['ISS'], ['IEA'], ['IBA', 'IEA'], ['IDA', 'IBA', 'IEA'], ['IMP', 'ISS', 'IEA'], ['IEA'], ['IDA'], ['IBA', 'IEA'], ['ISS', 'IEA'], ['IDA', 'IMP', 'IBA', 'IEA'], ['IMP'], ['IDA', 'ISS', 'IBA', 'IEA'], ['IMP', 'IBA', 'IEA'], ['IDA', 'IMP', 'IBA', 'IEA'], ['IBA', 'IEA'], ['IDA', 'IMP', 'IBA'], ['IMP', 'IBA', 'IEA'], ['IEA'], ['IBA'], ['IDA', 'IBA', 'IEA'], ['IDA', 'IMP', 'ISS', 'IBA', 'NAS', 'IEA'], ['IDA', 'IMP', 'IBA', 'NAS'], ['IDA', 'IMP', 'IBA'], ['IMP', 'IEA'], ['IDA', 'IBA'], ['IDA', 'ISS', 'IBA', 'IEA'], ['NAS'], ['IMP', 'IBA'], ['IDA', 'ISS', 'IBA', 'IEA'], ['IDA'], ['IBA', 'TAS'], ['IMP'], ['IEA'], ['IDA', 'IMP', 'IGI', 'ISS', 'IBA', 'NAS', 'IEA'], ['IDA'], ['IBA', 'IEA'], ['IDA', 'IEA'], ['IEA'], ['IDA', 'IMP', 'IGI', 'IBA', 'TAS', 'NAS', 'IEA'], ['IDA', 'IMP', 'ISO', 'IBA', 'TAS', 'NAS', 'IEA'], ['IDA', 'ISS', 'IBA', 'IEA'], ['IDA', 'TAS', 'NAS'], ['NAS'], ['IEA'], ['IEA'], ['IEA'], ['IDA', 'IMP', 'IEA'], ['IDA'], ['IDA', 'TAS', 'IEA'], ['IDA', 'IBA'], ['IDA'], ['IDA', 'IMP', 'IGI', 'ISS', 'IBA', 'NAS', 'IEA'], ['IBA', 'NAS', 'IEA'], ['IDA', 'IBA', 'IEA'], ['IDA', 'IMP', 'IBA', 'IEA'], ['IDA', 'IMP', 'IBA', 'TAS', 'IEA'], ['IDA', 'IMP', 'ISS', 'IEA'], ['IBA', 'IEA'], ['ISS', 'IBA', 'IEA'], ['IBA', 'IEA'], ['IBA', 'IEA']]"
GO:BP,GO:0006338,chromatin remodeling,6.343535667851447e-06,True,"""A dynamic process of chromatin reorganization resulting in changes to chromatin structure. These changes allow DNA metabolic processes such as transcriptional regulation, DNA recombination, DNA repair, and DNA replication."" [GOC:jid, GOC:vw, PMID:12042764, PMID:12697820]",725,221,28,21026,0.12669683257918551,0.038620689655172416,query_1,['GO:0006325'],"['ARID1A', 'ARID2', 'ATAD2', 'BRPF1', 'BTAF1', 'CENPI', 'CFDP1', 'GATAD1', 'GLMN', 'H1-2', 'KAT6A', 'KDM2A', 'KMT2A', 'KMT2B', 'KMT5A', 'LIN54', 'LMNB1', 'MAP3K7', 'MECOM', 'MEN1', 'PCGF1', 'SMARCA4', 'SMARCA5', 'SUZ12', 'TDG', 'TTF2', 'WT1', 'YTHDC1']","[['IDA', 'TAS', 'NAS', 'IEA'], ['IDA', 'NAS'], ['IBA'], ['IMP'], ['IEA'], ['IBA'], ['IBA'], ['IDA'], ['IMP'], ['IEA'], ['IEA'], ['IEA'], ['IDA', 'IMP', 'IEA'], ['IEA'], ['IEA'], ['IDA'], ['IBA'], ['IEA'], ['IEA'], ['IMP'], ['IDA', 'IMP'], ['IDA', 'IMP', 'HDA', 'ISS', 'NAS', 'IC', 'IEA'], ['EXP', 'IDA', 'IMP', 'ISO', 'TAS', 'NAS', 'IEA'], ['IEA'], ['ISS', 'TAS', 'IEA'], ['IEA'], ['IMP'], ['IDA']]"
GO:BP,GO:0000819,sister chromatid segregation,8.137473664715864e-06,True,"""The cell cycle process in which sister chromatids are organized and then physically separated and apportioned to two or more sets."" [GOC:ai, GOC:elh]",234,221,16,21026,0.07239819004524888,0.06837606837606838,query_1,"['GO:0051276', 'GO:0098813']","['APC', 'ARID1A', 'ARID2', 'CENPI', 'KIF2C', 'KIF4A', 'KMT5A', 'LSM14A', 'MAD2L1BP', 'MYBL2', 'NSMCE2', 'SMARCA4', 'SMARCA5', 'SPAG5', 'TACC3', 'VPS4B']","[['IMP'], ['NAS'], ['NAS'], ['IBA'], ['IMP'], ['IMP'], ['TAS'], ['IMP'], ['IMP'], ['IEA'], ['IMP'], ['NAS'], ['IDA', 'IMP'], ['IMP'], ['IMP'], ['IMP']]"
GO:BP,GO:0009893,positive regulation of metabolic process,1.1557803492560438e-05,True,"""Any process that activates or increases the frequency, rate or extent of the chemical reactions and pathways within a cell or an organism."" [GOC:go_curators]",3597,221,73,21026,0.33031674208144796,0.020294690019460663,query_1,"['GO:0008152', 'GO:0019222', 'GO:0048522']","['ACTR3', 'APC', 'ARID1A', 'ARID2', 'ATAD2', 'ATXN7L3', 'BIRC2', 'BRD8', 'BRMS1', 'BRPF1', 'CCNC', 'CCND1', 'CITED2', 'CNOT2', 'DDA1', 'DOCK7', 'E2F3', 'EIF4G1', 'FBXW11', 'FZR1', 'GLMN', 'GRSF1', 'HAMP', 'HSF1', 'ILK', 'KAT6A', 'KMT2A', 'KMT2B', 'KRAS', 'L3MBTL3', 'MAP3K7', 'MARK2', 'MECOM', 'MED1', 'MED25', 'MEN1', 'MFN2', 'MYBL2', 'PARN', 'PAX8', 'PCBD2', 'PLEKHF1', 'RAF1', 'RELA', 'RICTOR', 'RNF31', 'SAMD4B', 'SCD', 'SKP2', 'SLC25A5', 'SLC30A9', 'SMARCA4', 'SMARCA5', 'SOX17', 'STX4', 'SUPT3H', 'SUPT7L', 'TAFAZZIN', 'TDG', 'TMED10', 'TMED2', 'TRAF2', 'TRUB2', 'USP1', 'VEZF1', 'WDR48', 'WT1', 'WWTR1', 'YTHDF2', 'ZEB1', 'ZFP36L1', 'ZNF496', 'ZNF780B']","[['IDA'], ['IGI', 'ISS', 'IC'], ['IDA', 'IBA', 'TAS', 'NAS'], ['IMP', 'NAS'], ['IDA', 'IBA'], ['IDA', 'IBA', 'NAS', 'IEA'], ['IDA', 'IBA', 'IEA'], ['IDA', 'NAS', 'IEA'], ['IDA'], ['IDA'], ['IDA', 'IBA', 'IEA'], ['IDA'], ['IDA', 'ISS', 'IEA'], ['IBA', 'NAS'], ['IBA'], ['IMP'], ['IDA', 'IEA'], ['IMP'], ['IMP', 'ISS', 'IEA'], ['IDA', 'IBA', 'IEA'], ['IDA', 'IMP'], ['IDA'], ['IDA', 'IEA'], ['IDA', 'ISS', 'IEA'], ['IMP'], ['IDA', 'IEA'], ['IDA', 'IMP', 'IBA', 'IEA'], ['IBA'], ['IMP', 'IEA'], ['IMP'], ['IDA', 'IMP', 'ISS', 'IEA'], ['TAS'], ['IDA', 'IEA'], ['IDA', 'IMP', 'NAS', 'IEA'], ['IDA', 'IBA', 'NAS'], ['IMP'], ['ISS', 'IEA'], ['IDA', 'IBA'], ['IMP', 'IBA'], ['IDA', 'IMP', 'ISS', 'IEA'], ['IDA'], ['IDA', 'IBA'], ['IDA', 'IEA'], ['IDA', 'IMP', 'IGI', 'ISS', 'IBA', 'NAS', 'IEA'], ['IEA'], ['IDA'], ['IBA'], ['ISS'], ['IDA', 'IEA'], ['ISS', 'IEA'], ['IEA'], ['IDA', 'IMP', 'IGI', 'ISS', 'IBA', 'NAS', 'IEA'], ['IDA', 'IMP', 'IBA', 'NAS', 'IEA'], ['IDA', 'ISS', 'IBA', 'IEA'], ['IMP'], ['NAS'], ['NAS'], ['IEA'], ['TAS'], ['IMP', 'IEA'], ['IEA'], ['IDA', 'IMP', 'IEA'], ['IMP'], ['TAS'], ['IDA'], ['IDA'], ['IDA', 'IMP', 'IGI'], ['IBA', 'IEA'], ['IDA', 'IMP', 'IBA', 'IEA'], ['IEA'], ['IDA', 'IMP', 'ISS', 'IEA'], ['ISS', 'IEA'], ['IEA']]"
GO:BP,GO:0071840,cellular component organization or biogenesis,1.9240744625084227e-05,True,"""A process that results in the biosynthesis of constituent macromolecules, assembly, arrangement of constituent parts, or disassembly of a cellular component."" [GOC:mah]",8393,221,130,21026,0.5882352941176471,0.015489098057905397,query_1,['GO:0009987'],"['ACTR3', 'APC', 'APLP1', 'ARID1A', 'ARID2', 'ARPC2', 'ARPC4', 'ATAD2', 'ATXN7L3', 'BCS1L', 'BIRC2', 'BRD8', 'BRPF1', 'BTAF1', 'C1D', 'CCNE1', 'CENPI', 'CEP350', 'CEP55', 'CFDP1', 'CNOT2', 'COX20', 'DCLRE1B', 'DDX39B', 'DICER1', 'DNM1L', 'DOCK7', 'EIF4G1', 'ESF1', 'EXOSC1', 'FBXW11', 'FZR1', 'G6PD', 'GATAD1', 'GCN1', 'GET3', 'GLMN', 'H1-2', 'HSF1', 'ILK', 'KAT6A', 'KCTD10', 'KDM2A', 'KIF20A', 'KIF2C', 'KIF4A', 'KMT2A', 'KMT2B', 'KMT5A', 'KRAS', 'KRT8', 'L3MBTL3', 'LIN54', 'LMNB1', 'LRFN1', 'LSM14A', 'LST1', 'MAD2L1BP', 'MAEA', 'MAP3K7', 'MARK2', 'MATN1', 'MECOM', 'MED1', 'MED25', 'MEN1', 'METTL15', 'METTL17', 'MFN2', 'MIB1', 'MIOS', 'MPHOSPH6', 'MTERF3', 'MYBL2', 'NDUFA2', 'NSMCE2', 'PARD3', 'PARD6B', 'PARL', 'PARN', 'PCGF1', 'PDS5B', 'PEX6', 'PFDN1', 'PI16', 'PLAA', 'PLEKHF1', 'POLR2M', 'PPP2R3C', 'PRPF39', 'PSMG1', 'RAB18', 'RAB6A', 'RAD51B', 'RAD51D', 'RAF1', 'RELA', 'RHPN1', 'RICTOR', 'RRP36', 'SEC16A', 'SLC25A5', 'SLC30A9', 'SLC4A7', 'SMARCA4', 'SMARCA5', 'SNAP23', 'SOX17', 'SPAG5', 'STRIP1', 'STX4', 'SUZ12', 'TACC3', 'TAFAZZIN', 'TDG', 'TMED10', 'TMED2', 'TOMM20', 'TRAF2', 'TTF2', 'TWF1', 'UBQLN4', 'VBP1', 'VPS4B', 'VTI1B', 'WT1', 'WWTR1', 'XRCC2', 'YTHDC1', 'YTHDF2']","[['IDA', 'IMP', 'IBA', 'IEA'], ['IDA', 'IMP', 'IBA', 'NAS'], ['ISS', 'IBA', 'IEA'], ['IDA', 'TAS', 'NAS', 'IEA'], ['IDA', 'NAS', 'IEA'], ['IDA', 'IMP', 'IBA', 'IEA'], ['IDA', 'IBA', 'NAS', 'IEA'], ['IBA'], ['IEA'], ['IMP', 'IBA', 'IEA'], ['IEA'], ['IEA'], ['IMP', 'IEA'], ['IEA'], ['IMP', 'IBA', 'IEA'], ['IEA'], ['IBA', 'IEA'], ['IEA'], ['IMP'], ['IBA'], ['IMP'], ['IMP', 'IBA', 'IEA'], ['IMP', 'ISS', 'IBA', 'IEA'], ['IDA'], ['IDA', 'ISS', 'IBA'], ['IDA', 'IMP', 'IBA', 'TAS', 'IEA'], ['IMP', 'IBA'], ['IPI', 'IMP', 'IGI'], ['IBA', 'IEA'], ['IEA'], ['IBA'], ['IEA'], ['IEA'], ['IDA', 'IBA'], ['IDA'], ['IDA', 'IMP', 'IBA', 'NAS', 'IEA'], ['IMP'], ['IBA', 'IEA'], ['IDA', 'IMP', 'IEA'], ['IEA'], ['TAS', 'IEA'], ['IEA'], ['IEA'], ['IDA', 'IMP'], ['IDA', 'IMP', 'TAS', 'IEA'], ['IMP', 'IBA', 'TAS'], ['IDA', 'IMP', 'IEA'], ['IEA'], ['TAS', 'IEA'], ['IEA'], ['IEA'], ['IEA'], ['IDA'], ['IMP', 'IBA', 'IEA'], ['IEA'], ['IDA', 'IMP', 'IBA'], ['IDA', 'IBA'], ['IMP', 'IEA'], ['IEA'], ['IEA'], ['IDA', 'IMP', 'ISS', 'IBA', 'IEA'], ['TAS', 'NAS'], ['ISS', 'IEA'], ['NAS'], ['IMP', 'NAS'], ['IMP', 'IEA'], ['IDA', 'IBA'], ['IDA', 'ISS'], ['IDA', 'IMP', 'ISS', 'IBA', 'NAS', 'IEA'], ['IEA'], ['IEA'], ['IMP', 'IBA', 'IEA'], ['IBA', 'IEA'], ['IEA'], ['IMP'], ['IMP', 'NAS'], ['ISS', 'IBA', 'TAS'], ['IDA', 'IBA', 'TAS'], ['IMP', 'IEA'], ['IMP'], ['IDA', 'IMP'], ['IMP', 'IEA'], ['IDA', 'IMP', 'IBA', 'IEA'], ['IDA'], ['IEA'], ['ISS', 'IEA'], ['IMP', 'IBA'], ['IBA', 'IEA'], ['IBA'], ['IBA'], ['IDA', 'IGI', 'IBA', 'IEA'], ['IMP', 'IBA'], ['TAS'], ['TAS'], ['IMP', 'IBA', 'TAS', 'IEA'], ['IDA', 'IEA'], ['IEA'], ['IBA'], ['IMP', 'NAS', 'IEA'], ['IDA', 'IBA', 'IEA'], ['IDA', 'IMP', 'IBA', 'IEA'], ['IMP', 'ISS', 'IBA', 'IEA'], ['IDA'], ['IDA'], ['IDA', 'IMP', 'HDA', 'ISS', 'NAS', 'IC', 'IEA'], ['EXP', 'IDA', 'IMP', 'ISO', 'TAS', 'NAS', 'IEA'], ['IBA', 'TAS', 'IEA'], ['IMP'], ['IMP', 'IEA'], ['IMP', 'IBA'], ['IDA', 'IBA', 'IEA'], ['IEA'], ['IMP', 'IBA', 'IEA'], ['IMP', 'ISS', 'IBA'], ['ISS', 'TAS', 'IEA'], ['IDA', 'IBA', 'TAS', 'IEA'], ['IMP', 'IBA', 'TAS', 'IEA'], ['NAS'], ['IMP', 'ISS', 'TAS', 'IEA'], ['IEA'], ['ISS', 'IBA', 'IEA'], ['IMP'], ['IDA', 'IBA'], ['IDA', 'IMP', 'IBA', 'NAS', 'IEA'], ['IBA', 'TAS'], ['IDA', 'IMP'], ['IEA'], ['IMP'], ['IDA'], ['IDA', 'IMP']]"
GO:BP,GO:0098813,nuclear chromosome segregation,2.1423527290200884e-05,True,"""The process in which genetic material, in the form of nuclear chromosomes, is organized into specific structures and then physically separated and apportioned to two or more sets. Nuclear chromosome segregation begins with the condensation of chromosomes, includes chromosome separation, and ends when chromosomes have completed movement to the spindle poles."" [GOC:dos]",323,221,18,21026,0.08144796380090498,0.05572755417956656,query_1,['GO:0007059'],"['ACTR3', 'APC', 'ARID1A', 'ARID2', 'CCNE1', 'CENPI', 'KIF2C', 'KIF4A', 'KMT5A', 'LSM14A', 'MAD2L1BP', 'MYBL2', 'NSMCE2', 'SMARCA4', 'SMARCA5', 'SPAG5', 'TACC3', 'VPS4B']","[['IEA'], ['IMP', 'NAS'], ['NAS'], ['NAS'], ['IEA'], ['IBA'], ['IMP'], ['IMP', 'IBA'], ['TAS'], ['IMP'], ['IMP'], ['IEA'], ['IMP'], ['NAS'], ['IDA', 'IMP'], ['IMP', 'IEA'], ['IMP'], ['IMP']]"
GO:BP,GO:0051726,regulation of cell cycle,2.4157853898954606e-05,True,"""Any process that modulates the rate or extent of progression through the cell cycle."" [GOC:ai, GOC:dph, GOC:tb]",1087,221,34,21026,0.15384615384615385,0.031278748850046,query_1,"['GO:0007049', 'GO:0050794']","['APC', 'ARID1A', 'ARID2', 'BIRC2', 'BRD8', 'CCND1', 'CCNE1', 'CDK4', 'CIT', 'CITED2', 'EIF4G1', 'FZR1', 'HSF1', 'KIF20A', 'KIF2C', 'MAD2L1BP', 'MAEA', 'MAP3K7', 'MECOM', 'MED1', 'MEN1', 'MIIP', 'NSMCE2', 'PSME3', 'RAD51B', 'RAD51D', 'SKP2', 'SMARCA4', 'SMARCA5', 'SPAG5', 'TACC3', 'VPS4B', 'YTHDF2', 'ZFP36L1']","[['IDA', 'IMP', 'NAS'], ['NAS'], ['NAS'], ['IDA', 'IBA'], ['IMP'], ['IDA', 'IBA', 'IEA'], ['IBA', 'IEA'], ['IDA', 'IBA', 'IEA'], ['IMP'], ['ISS', 'IEA'], ['IMP'], ['IDA', 'NAS', 'IEA'], ['IMP'], ['IDA'], ['IMP'], ['IMP', 'IEA'], ['NAS'], ['IEA'], ['IDA'], ['IEA'], ['IDA', 'IMP', 'IBA'], ['IEA'], ['IMP'], ['IBA', 'IEA'], ['IMP'], ['IEA'], ['IBA', 'IEA'], ['NAS'], ['IDA', 'IMP'], ['IMP', 'IEA'], ['IMP'], ['IMP'], ['ISS', 'IEA'], ['ISS', 'IEA']]"
GO:BP,GO:0032543,mitochondrial translation,2.723733769299567e-05,True,"""The chemical reactions and pathways resulting in the formation of a protein in a mitochondrion. This is a ribosome-mediated process in which the information in messenger RNA (mRNA) is used to specify the sequence of amino acids in the protein; the mitochondrion has its own ribosomes and transfer RNAs, and uses a genetic code that differs from the nuclear code."" [GOC:go_curators]",130,221,12,21026,0.05429864253393665,0.09230769230769231,query_1,"['GO:0006412', 'GO:0140053']","['AARS2', 'LARS2', 'MRPL11', 'MRPL33', 'MRPS10', 'MRPS11', 'MRPS12', 'MRPS14', 'MRPS18B', 'MRPS23', 'MRPS9', 'TRUB2']","[['IMP'], ['IBA'], ['NAS'], ['NAS'], ['NAS'], ['ISS', 'NAS'], ['ISS', 'NAS'], ['IMP', 'NAS'], ['ISS', 'NAS', 'IEA'], ['NAS'], ['NAS'], ['IMP']]"
GO:BP,GO:0033554,cellular response to stress,4.263892918039767e-05,True,"""Any process that results in a change in state or activity of a cell (in terms of movement, secretion, enzyme production, gene expression, etc.) as a result of a stimulus indicating the organism is under stress. The stress is usually, but not necessarily, exogenous (e.g. temperature, humidity, ionizing radiation)."" [GOC:mah]",1830,221,46,21026,0.2081447963800905,0.025136612021857924,query_1,"['GO:0006950', 'GO:0051716']","['APC', 'ARID1A', 'ARID2', 'ATXN7L3', 'BRD8', 'CCND1', 'CITED2', 'DCLRE1B', 'EIF4G1', 'FZR1', 'G6PD', 'GCN1', 'GGN', 'HAPSTR1', 'HSF1', 'KAT6A', 'KDM2A', 'KMT5A', 'MAP3K7', 'MEN1', 'MIOS', 'NCCRP1', 'NSMCE2', 'PPP4R2', 'RAD51B', 'RAD51D', 'RELA', 'SEC16A', 'SKP2', 'SLC30A9', 'SMARCA4', 'SMARCA5', 'STX4', 'SUPT3H', 'SUPT7L', 'TDG', 'TMED2', 'TRAF2', 'TTF2', 'UBE2J2', 'UBQLN4', 'USP1', 'WDR48', 'XPR1', 'XRCC2', 'ZFP36L1']","[['IDA'], ['NAS'], ['IMP', 'NAS'], ['NAS'], ['IDA', 'NAS'], ['IDA', 'IEA'], ['IDA', 'IEA'], ['IMP', 'IBA', 'IEA'], ['IMP', 'TAS'], ['IDA', 'ISS', 'IEA'], ['IMP'], ['ISS', 'IBA', 'IEA'], ['IEA'], ['IDA'], ['IDA', 'IMP', 'IEA'], ['IMP'], ['IMP'], ['IDA', 'IMP', 'IBA'], ['IDA', 'IEA'], ['IDA', 'NAS'], ['IMP', 'IBA'], ['IBA'], ['IMP', 'IBA', 'NAS', 'IEA'], ['IMP'], ['IMP', 'IBA', 'TAS', 'IEA'], ['IMP', 'IBA', 'TAS', 'IEA'], ['IDA'], ['IDA'], ['IDA', 'IEA'], ['TAS'], ['NAS'], ['IDA', 'NAS'], ['IDA'], ['NAS'], ['NAS'], ['IDA', 'IBA', 'TAS', 'IEA'], ['IEA'], ['TAS', 'NAS'], ['IBA'], ['IMP', 'IBA'], ['IDA', 'IEA'], ['IDA', 'TAS', 'IEA'], ['IDA', 'IBA', 'IEA'], ['IBA'], ['IMP', 'IGI', 'IBA', 'TAS', 'IEA'], ['IMP', 'ISS', 'IEA']]"
GO:BP,GO:0045935,positive regulation of nucleobase-containing compound metabolic process,5.270659443107784e-05,True,"""Any cellular process that activates or increases the frequency, rate or extent of the chemical reactions and pathways involving nucleobases, nucleosides, nucleotides and nucleic acids."" [GOC:go_curators]",2036,221,49,21026,0.22171945701357465,0.02406679764243615,query_1,"['GO:0006139', 'GO:0009893', 'GO:0019219']","['ACTR3', 'ARID1A', 'ARID2', 'ATAD2', 'ATXN7L3', 'BIRC2', 'BRD8', 'BRPF1', 'CCNC', 'CITED2', 'CNOT2', 'E2F3', 'FBXW11', 'GRSF1', 'HAMP', 'HSF1', 'ILK', 'KAT6A', 'KMT2A', 'KMT2B', 'MECOM', 'MED1', 'MED25', 'MEN1', 'MYBL2', 'PARN', 'PAX8', 'PCBD2', 'RAF1', 'RELA', 'SAMD4B', 'SKP2', 'SLC30A9', 'SMARCA4', 'SMARCA5', 'SOX17', 'SUPT3H', 'SUPT7L', 'TAFAZZIN', 'USP1', 'VEZF1', 'WDR48', 'WT1', 'WWTR1', 'YTHDF2', 'ZEB1', 'ZFP36L1', 'ZNF496', 'ZNF780B']","[['IDA'], ['IDA', 'IBA', 'NAS'], ['IMP', 'NAS'], ['IDA'], ['IDA', 'IBA', 'NAS', 'IEA'], ['IEA'], ['IDA', 'NAS', 'IEA'], ['IDA'], ['IDA', 'IBA', 'IEA'], ['IDA', 'ISS', 'IEA'], ['IBA', 'NAS'], ['IDA', 'IEA'], ['ISS', 'IEA'], ['IDA'], ['IEA'], ['IDA', 'IEA'], ['IMP'], ['IDA'], ['IDA', 'IMP', 'IBA', 'IEA'], ['IBA'], ['IDA', 'IEA'], ['IDA', 'IMP', 'NAS', 'IEA'], ['IDA', 'IBA', 'NAS'], ['IMP'], ['IDA', 'IBA'], ['IMP', 'IBA'], ['IDA', 'ISS', 'IEA'], ['IDA'], ['IEA'], ['IDA', 'IMP', 'IGI', 'ISS', 'IBA', 'NAS', 'IEA'], ['IBA'], ['IDA', 'IEA'], ['IEA'], ['IDA', 'IMP', 'IGI', 'IBA', 'NAS', 'IEA'], ['IDA', 'IMP', 'IBA', 'NAS', 'IEA'], ['IDA', 'ISS', 'IBA', 'IEA'], ['NAS'], ['NAS'], ['IEA'], ['TAS'], ['IDA'], ['IDA'], ['IDA', 'IMP', 'IGI'], ['IBA', 'IEA'], ['IDA', 'IMP', 'IBA', 'IEA'], ['IEA'], ['IDA', 'IMP', 'ISS', 'IEA'], ['ISS', 'IEA'], ['IEA']]"
GO:BP,GO:0140053,mitochondrial gene expression,5.6493018206913674e-05,True,"""The process in which a mitochondrial gene's sequence is converted into a mature gene product or products (proteins or RNA). This includes the production of an RNA transcript as well as any processing to produce a mature RNA product or an mRNA or circRNA (for protein-coding genes) and the translation of that mRNA or circRNA into protein. Protein maturation is included when required to form an active form of a product from an inactive precursor form."" [PMID:27058308]",168,221,13,21026,0.058823529411764705,0.07738095238095238,query_1,['GO:0010467'],"['AARS2', 'LARS2', 'MRPL11', 'MRPL33', 'MRPS10', 'MRPS11', 'MRPS12', 'MRPS14', 'MRPS18B', 'MRPS23', 'MRPS9', 'MTERF3', 'TRUB2']","[['IMP'], ['IBA'], ['NAS'], ['NAS'], ['NAS'], ['ISS', 'NAS'], ['ISS', 'NAS'], ['IMP', 'NAS'], ['ISS', 'NAS', 'IEA'], ['NAS'], ['NAS'], ['IBA'], ['IMP']]"
GO:BP,GO:0010604,positive regulation of macromolecule metabolic process,5.6943002572213554e-05,True,"""Any process that increases the frequency, rate or extent of the chemical reactions and pathways involving macromolecules, any molecule of high relative molecular mass, the structure of which essentially comprises the multiple repetition of units derived, actually or conceptually, from molecules of low relative molecular mass."" [GOC:dph, GOC:tb]",3288,221,67,21026,0.3031674208144796,0.02037712895377129,query_1,"['GO:0009893', 'GO:0043170', 'GO:0060255']","['ACTR3', 'APC', 'ARID1A', 'ARID2', 'ATAD2', 'ATXN7L3', 'BIRC2', 'BRD8', 'BRMS1', 'BRPF1', 'CCNC', 'CCND1', 'CITED2', 'CNOT2', 'DDA1', 'DOCK7', 'E2F3', 'EIF4G1', 'FBXW11', 'FZR1', 'GLMN', 'GRSF1', 'HAMP', 'HSF1', 'ILK', 'KAT6A', 'KMT2A', 'KMT2B', 'KRAS', 'L3MBTL3', 'MAP3K7', 'MARK2', 'MECOM', 'MED1', 'MED25', 'MEN1', 'MYBL2', 'PARN', 'PAX8', 'PCBD2', 'RAF1', 'RELA', 'RICTOR', 'SAMD4B', 'SKP2', 'SLC30A9', 'SMARCA4', 'SMARCA5', 'SOX17', 'STX4', 'SUPT3H', 'SUPT7L', 'TDG', 'TMED10', 'TMED2', 'TRAF2', 'TRUB2', 'USP1', 'VEZF1', 'WDR48', 'WT1', 'WWTR1', 'YTHDF2', 'ZEB1', 'ZFP36L1', 'ZNF496', 'ZNF780B']","[['IDA'], ['IGI', 'IC'], ['IDA', 'IBA', 'TAS', 'NAS'], ['IMP', 'NAS'], ['IDA', 'IBA'], ['IDA', 'IBA', 'NAS', 'IEA'], ['IDA', 'IBA', 'IEA'], ['IDA', 'NAS', 'IEA'], ['IDA'], ['IDA'], ['IDA', 'IBA', 'IEA'], ['IDA'], ['IDA', 'ISS', 'IEA'], ['IBA', 'NAS'], ['IBA'], ['IMP'], ['IDA', 'IEA'], ['IMP'], ['IMP', 'ISS', 'IEA'], ['IDA', 'IBA', 'IEA'], ['IDA', 'IMP'], ['IDA'], ['IDA', 'IEA'], ['IDA', 'IEA'], ['IMP'], ['IDA', 'IEA'], ['IDA', 'IMP', 'IBA', 'IEA'], ['IBA'], ['IMP', 'IEA'], ['IMP'], ['IDA', 'IMP'], ['TAS'], ['IDA', 'IEA'], ['IDA', 'IMP', 'NAS', 'IEA'], ['IDA', 'IBA', 'NAS'], ['IMP'], ['IDA', 'IBA'], ['IMP', 'IBA'], ['IDA', 'ISS', 'IEA'], ['IDA'], ['IDA', 'IEA'], ['IDA', 'IMP', 'IGI', 'ISS', 'IBA', 'NAS', 'IEA'], ['IEA'], ['IBA'], ['IDA', 'IEA'], ['IEA'], ['IDA', 'IMP', 'IGI', 'ISS', 'IBA', 'NAS', 'IEA'], ['IDA', 'IMP', 'IBA', 'NAS', 'IEA'], ['IDA', 'ISS', 'IBA', 'IEA'], ['IMP'], ['NAS'], ['NAS'], ['TAS'], ['IMP', 'IEA'], ['IEA'], ['IDA', 'IMP', 'IEA'], ['IMP'], ['TAS'], ['IDA'], ['IDA'], ['IDA', 'IMP', 'IGI'], ['IBA', 'IEA'], ['IDA', 'IMP', 'IBA', 'IEA'], ['IEA'], ['IDA', 'IMP', 'ISS', 'IEA'], ['ISS', 'IEA'], ['IEA']]"
GO:BP,GO:0051301,cell division,6.541965788215108e-05,True,"""The process resulting in division and partitioning of components of a cell to form more cells; may or may not be accompanied by the physical separation of a cell into distinct, individually membrane-bounded daughter cells."" [GOC:di, GOC:go_curators, GOC:pr]",658,221,25,21026,0.11312217194570136,0.037993920972644375,query_1,['GO:0009987'],"['ACTR3', 'APC', 'CCND1', 'CCNE1', 'CDK4', 'CEP55', 'CIT', 'DOCK7', 'FZR1', 'KIF20A', 'KIF2C', 'KIF4A', 'KMT5A', 'MAEA', 'NSMCE2', 'PARD3', 'PARD6B', 'PDS5B', 'SOX17', 'SPAG5', 'TACC3', 'TAFAZZIN', 'VPS4B', 'WWTR1', 'YTHDF2']","[['IEA'], ['IMP'], ['IEA'], ['IEA'], ['IEA'], ['IMP', 'IGI', 'IBA', 'IEA'], ['IMP', 'IEA'], ['IMP'], ['IEA'], ['IDA', 'IMP'], ['IEA'], ['IMP'], ['IEA'], ['IEA'], ['IEA'], ['TAS', 'IEA'], ['IEA'], ['IEA'], ['IEA'], ['IEA'], ['IEA'], ['ISS'], ['IMP', 'NAS', 'IEA'], ['IDA'], ['ISS', 'IEA']]"
GO:BP,GO:0019222,regulation of metabolic process,8.271711699289801e-05,True,"""Any process that modulates the frequency, rate or extent of the chemical reactions and pathways within a cell or an organism."" [GOC:go_curators]",7035,221,113,21026,0.5113122171945701,0.016062544420753375,query_1,"['GO:0008152', 'GO:0050794']","['ACTR3', 'APC', 'APLP1', 'ARID1A', 'ARID2', 'ATAD2', 'ATP2B1', 'ATXN7L3', 'BIRC2', 'BRD8', 'BRMS1', 'BRPF1', 'BTAF1', 'C1D', 'CCNC', 'CCND1', 'CCNE1', 'CDK4', 'CEP350', 'CITED2', 'CNOT2', 'DDA1', 'DICER1', 'DNM1L', 'DOCK7', 'DPRX', 'E2F3', 'EIF4G1', 'FBXW11', 'FZR1', 'G6PD', 'GATAD1', 'GCN1', 'GLMN', 'GRSF1', 'H1-2', 'HAMP', 'HSF1', 'ILK', 'KAT6A', 'KDM2A', 'KMT2A', 'KMT2B', 'KMT5A', 'KRAS', 'L3MBTL3', 'LIN52', 'LIN54', 'LMNB1', 'LSM14A', 'MAP3K7', 'MARK2', 'MECOM', 'MED1', 'MED25', 'MEN1', 'METAP1', 'MFN2', 'MTERF3', 'MYBL2', 'NELFB', 'NSMCE2', 'PARD3', 'PARL', 'PARN', 'PAX8', 'PCBD2', 'PCGF1', 'PFDN1', 'PLAA', 'PLEKHF1', 'PPP2R3C', 'PPP4R2', 'PSME3', 'PSTK', 'RAF1', 'RANBP2', 'RELA', 'RICTOR', 'RNF31', 'SAMD4B', 'SCD', 'SKP2', 'SLC25A5', 'SLC30A9', 'SMARCA4', 'SMARCA5', 'SOX17', 'STX4', 'SUPT3H', 'SUPT7L', 'SUZ12', 'TAFAZZIN', 'TDG', 'TMED10', 'TMED2', 'TRAF2', 'TRUB2', 'UBQLN4', 'USP1', 'VBP1', 'VEZF1', 'WDR48', 'WT1', 'WWTR1', 'YTHDC1', 'YTHDF2', 'ZEB1', 'ZFP36L1', 'ZFP69', 'ZNF496', 'ZNF780B', 'ZNF875']","[['IDA'], ['IDA', 'IGI', 'ISS', 'IC'], ['IEA'], ['IDA', 'IBA', 'TAS', 'NAS'], ['IMP', 'NAS', 'IEA'], ['IDA', 'IBA'], ['ISS', 'IEA'], ['IDA', 'IBA', 'NAS', 'IEA'], ['IDA', 'IBA', 'IEA'], ['IDA', 'NAS', 'IEA'], ['IDA', 'IBA', 'NAS', 'IEA'], ['IDA', 'IBA'], ['IDA'], ['IBA', 'IEA'], ['IDA', 'IBA', 'IEA'], ['IDA', 'IEA'], ['IEA'], ['IMP', 'IBA', 'TAS'], ['IEA'], ['IDA', 'IMP', 'ISS', 'IEA'], ['IDA', 'IBA', 'NAS', 'IEA'], ['IBA', 'IEA'], ['IDA', 'IMP', 'ISS', 'IBA', 'TAS', 'IEA'], ['IGI', 'IEA'], ['IMP', 'ISS'], ['IBA', 'IEA'], ['IDA', 'IBA', 'IEA'], ['IDA', 'IMP', 'TAS', 'NAS', 'IEA'], ['IMP', 'ISS', 'IEA'], ['IDA', 'IBA', 'IEA'], ['IMP', 'IEA'], ['IEA'], ['IBA', 'IEA'], ['IDA', 'IMP'], ['IDA', 'IBA'], ['IBA', 'IEA'], ['IDA', 'ISS', 'IEA'], ['IDA', 'IMP', 'ISS', 'IBA', 'IEA'], ['IMP'], ['IDA', 'ISS', 'IBA', 'IEA'], ['IMP', 'IBA', 'IEA'], ['IDA', 'IMP', 'ISS', 'IBA', 'IEA'], ['IBA', 'IEA'], ['IDA', 'IMP', 'IBA'], ['IMP', 'IEA'], ['IMP', 'IBA', 'IEA'], ['IEA'], ['IBA'], ['IBA'], ['IMP', 'IEA'], ['IDA', 'IMP', 'ISS', 'IEA'], ['TAS'], ['IDA', 'IBA', 'IEA'], ['IDA', 'IMP', 'ISS', 'IBA', 'NAS', 'IEA'], ['IDA', 'IMP', 'IBA', 'NAS'], ['IDA', 'IMP', 'IBA'], ['TAS'], ['ISS', 'IEA'], ['IMP', 'IEA'], ['IDA', 'IBA'], ['IDA', 'ISS', 'IBA', 'IEA'], ['NAS'], ['ISS'], ['IMP', 'IGI', 'ISS', 'IEA'], ['IMP', 'IBA', 'IEA'], ['IDA', 'IMP', 'ISS', 'IBA', 'IEA'], ['IDA'], ['IBA', 'TAS'], ['IDA'], ['ISS', 'IEA'], ['IDA', 'IBA'], ['IEA'], ['IMP'], ['IDA', 'IBA', 'IEA'], ['IEA'], ['IDA', 'IEA'], ['IEA'], ['IDA', 'IMP', 'IGI', 'ISS', 'IBA', 'NAS', 'IEA'], ['IEA'], ['IDA'], ['IBA', 'IEA'], ['ISS'], ['IDA', 'IEA'], ['ISS', 'IEA'], ['IEA'], ['IDA', 'IMP', 'IGI', 'ISS', 'IBA', 'TAS', 'NAS', 'IEA'], ['IDA', 'IMP', 'ISO', 'IBA', 'TAS', 'NAS', 'IEA'], ['IDA', 'ISS', 'IBA', 'IEA'], ['IMP'], ['IDA', 'TAS', 'NAS'], ['NAS'], ['IEA'], ['IEA'], ['ISS', 'TAS', 'IEA'], ['IMP', 'IEA'], ['IEA'], ['IDA', 'IMP', 'IEA'], ['IMP'], ['IDA', 'IMP', 'IEA'], ['IDA', 'TAS', 'IEA'], ['IDA'], ['IDA', 'IBA'], ['IDA', 'IEA'], ['IDA', 'IMP', 'IGI', 'ISS', 'IBA', 'NAS', 'IEA'], ['IMP', 'IBA', 'NAS', 'IEA'], ['IDA', 'ISS', 'IBA', 'IEA'], ['IDA', 'IMP', 'IBA', 'IEA'], ['IDA', 'IMP', 'IBA', 'TAS', 'IEA'], ['IDA', 'IMP', 'ISS', 'IEA'], ['ISS', 'IBA', 'IEA'], ['ISS', 'IBA', 'IEA'], ['IBA', 'IEA'], ['IBA', 'IEA']]"
GO:BP,GO:0048522,positive regulation of cellular process,8.30619862444249e-05,True,"""Any process that activates or increases the frequency, rate or extent of a cellular process, any of those that are carried out at the cellular level, but are not necessarily restricted to a single cell. For example, cell communication occurs among more than one cell, but occurs at the cellular level."" [GOC:jid]",5920,221,100,21026,0.45248868778280543,0.016891891891891893,query_1,"['GO:0009987', 'GO:0048518', 'GO:0050794']","['ACTR3', 'APC', 'ARID1A', 'ARID2', 'ARPC2', 'ATAD2', 'ATXN7L3', 'BIRC2', 'BRD8', 'BRMS1', 'BRPF1', 'CCNC', 'CCND1', 'CCNE1', 'CDK4', 'CIT', 'CITED2', 'CNOT2', 'DDA1', 'DICER1', 'DNM1L', 'DOCK7', 'E2F3', 'EIF4G1', 'FBXW11', 'FRS2', 'FZR1', 'G6PD', 'GLMN', 'GRSF1', 'HAMP', 'HSF1', 'ILK', 'KAT6A', 'KMT2A', 'KMT2B', 'KRAS', 'L3MBTL3', 'LSM14A', 'MAD2L1BP', 'MAP3K7', 'MARK2', 'MECOM', 'MED1', 'MED25', 'MEN1', 'MFN2', 'MIB1', 'MIOS', 'MYBL2', 'NCCRP1', 'NSMCE2', 'PARD3', 'PARN', 'PAX8', 'PCBD2', 'PDCD2', 'PLAA', 'PLEKHF1', 'PPP2R3C', 'RAD51B', 'RAF1', 'RELA', 'RICTOR', 'RNF31', 'SAMD4B', 'SCD', 'SKP2', 'SLC25A5', 'SLC30A9', 'SLC7A1', 'SMARCA4', 'SMARCA5', 'SOX17', 'SPAG5', 'STX4', 'SUPT3H', 'SUPT7L', 'SUZ12', 'TAFAZZIN', 'TDG', 'TMED10', 'TMED2', 'TRAF2', 'TRUB2', 'TWF1', 'UBE2J2', 'USP1', 'VEZF1', 'VPS4B', 'WDR48', 'WT1', 'WWTR1', 'XRCC2', 'YTHDF2', 'ZC3H3', 'ZEB1', 'ZFP36L1', 'ZNF496', 'ZNF780B']","[['IDA'], ['IMP', 'IGI', 'ISS', 'IC'], ['IDA', 'IBA', 'TAS', 'NAS'], ['IMP', 'NAS'], ['IMP', 'IEA'], ['IDA', 'IBA'], ['IDA', 'IBA', 'NAS', 'IEA'], ['IDA', 'IEP', 'IBA', 'IEA'], ['IDA', 'NAS', 'IEA'], ['IDA', 'IMP'], ['IDA'], ['IDA', 'IBA', 'IEA'], ['IDA', 'IBA', 'IEA'], ['IMP', 'IBA'], ['IDA', 'IMP'], ['IMP'], ['IDA', 'ISS', 'IEA'], ['IMP', 'IBA', 'NAS'], ['IBA'], ['ISS'], ['IDA', 'IMP', 'TAS'], ['IMP'], ['IDA', 'IMP', 'IEA'], ['IPI', 'IMP', 'IGI', 'IEA'], ['IDA', 'IMP', 'ISS', 'IEA'], ['IEA'], ['IDA', 'IBA', 'IEA'], ['IEA'], ['IDA', 'IMP'], ['IDA'], ['IDA', 'IEA'], ['IDA', 'IMP', 'ISS', 'IEA'], ['IMP', 'IGI', 'IEA'], ['IDA', 'IEA'], ['IDA', 'IMP', 'IBA', 'IEA'], ['IBA'], ['IMP', 'IEA'], ['IMP'], ['IEA'], ['IMP'], ['IDA', 'IMP', 'ISS', 'IEA'], ['IDA', 'TAS'], ['IDA', 'IEA'], ['IDA', 'IMP', 'NAS', 'IEA'], ['IDA', 'IMP', 'IBA', 'NAS'], ['IMP'], ['IMP', 'ISS', 'IEA'], ['IEA'], ['IDA', 'IBA', 'NAS', 'IEA'], ['IDA', 'IBA', 'IEA'], ['IDA'], ['IMP'], ['ISS'], ['IMP', 'IBA'], ['IDA', 'IMP', 'ISS', 'IEA'], ['IDA'], ['IDA', 'IMP'], ['ISS', 'IEA'], ['IDA', 'IBA'], ['IBA', 'IEA'], ['IMP', 'IEA'], ['IDA', 'IEA'], ['IDA', 'IMP', 'IGI', 'IEP', 'ISS', 'IBA', 'NAS', 'IEA'], ['IMP', 'IBA', 'NAS', 'IEA'], ['IDA', 'HMP', 'IEA'], ['IBA'], ['ISS'], ['IDA', 'IEA'], ['IMP', 'ISS', 'IEA'], ['IEA'], ['IMP'], ['IDA', 'IMP', 'IGI', 'ISS', 'IBA', 'NAS', 'IEA'], ['IDA', 'IMP', 'IBA', 'NAS', 'IEA'], ['IDA', 'ISS', 'IBA', 'IEA'], ['IMP'], ['IDA', 'IMP'], ['NAS'], ['NAS'], ['IEA'], ['IEA'], ['TAS'], ['IMP', 'IEA'], ['IEA'], ['IDA', 'IMP', 'IBA', 'IEA'], ['IMP'], ['IBA'], ['HMP'], ['IDA', 'TAS'], ['IDA', 'IMP'], ['IMP'], ['IDA', 'IEA'], ['IDA', 'IMP', 'IGI'], ['IDA', 'IGI', 'ISS', 'IBA', 'IEA'], ['IEA'], ['IDA', 'IMP', 'IBA', 'IEA'], ['IEA'], ['ISS', 'IEA'], ['IDA', 'IMP', 'ISS', 'IEA'], ['ISS', 'IEA'], ['IEA']]"
GO:BP,GO:0051276,chromosome organization,9.267495793224628e-05,True,"""A process that is carried out at the cellular level that results in the assembly, arrangement of constituent parts, or disassembly of chromosomes, structures composed of a very long molecule of DNA and associated proteins that carries hereditary information. This term covers covalent modifications at the molecular level as well as spatial relationships among the major components of a chromosome."" [GOC:ai, GOC:dph, GOC:jl, GOC:mah]",574,221,23,21026,0.10407239819004525,0.04006968641114982,query_1,['GO:0006996'],"['APC', 'ARID1A', 'ARID2', 'CCNE1', 'CENPI', 'DCLRE1B', 'H1-2', 'KAT6A', 'KIF2C', 'KIF4A', 'KMT5A', 'LSM14A', 'MAD2L1BP', 'MYBL2', 'NSMCE2', 'PARN', 'PDS5B', 'RAD51D', 'SMARCA4', 'SMARCA5', 'SPAG5', 'TACC3', 'VPS4B']","[['IMP'], ['NAS'], ['NAS'], ['IEA'], ['IBA', 'IEA'], ['IMP', 'ISS', 'IBA', 'IEA'], ['IBA'], ['TAS'], ['IMP'], ['IMP'], ['TAS'], ['IMP'], ['IMP'], ['IEA'], ['IMP', 'NAS'], ['IMP'], ['IMP', 'IEA'], ['IMP', 'IBA', 'IEA'], ['NAS'], ['IDA', 'IMP'], ['IMP'], ['IMP'], ['IMP']]"
GO:BP,GO:0008283,cell population proliferation,0.00010433321271434293,True,"""The multiplication or reproduction of cells, resulting in the expansion of a cell population."" [GOC:mah, GOC:mb]",2015,221,48,21026,0.2171945701357466,0.02382133995037221,query_1,['GO:0009987'],"['APC', 'ARID2', 'BIRC2', 'CCND1', 'CCNE1', 'CDK4', 'CFDP1', 'CITED2', 'DICER1', 'DOCK7', 'E2F3', 'FRS2', 'FZR1', 'GLMN', 'ILK', 'KMT2A', 'KRAS', 'LST1', 'MAP3K7', 'MECOM', 'MED1', 'MED25', 'MEN1', 'MFN2', 'MIOS', 'NCCRP1', 'NELFB', 'PDCD2', 'PDS5B', 'PSMG1', 'RAD51B', 'RAF1', 'RELA', 'RICTOR', 'SLC25A5', 'SLC7A1', 'SMARCA4', 'SOX17', 'STX4', 'SUZ12', 'TACC3', 'TXNRD1', 'WDR48', 'WT1', 'WWTR1', 'YTHDF2', 'ZEB1', 'ZFP36L1']","[['IDA'], ['IDA', 'IEA'], ['TAS'], ['IEA'], ['IMP'], ['IMP', 'IEA'], ['IEA'], ['IDA', 'IEA'], ['ISS'], ['IMP', 'ISS'], ['ISS', 'IEA'], ['IEA'], ['IEA'], ['IDA'], ['IEA'], ['IEA'], ['IEA'], ['IDA'], ['IEA'], ['ISS'], ['IMP', 'IEA'], ['IMP'], ['IDA', 'IBA'], ['IMP', 'ISS'], ['ISS', 'IEA'], ['IDA'], ['ISS', 'IEA'], ['IMP'], ['IDA', 'TAS'], ['IEA'], ['IEA'], ['IDA', 'IEA'], ['IDA'], ['IEA'], ['IMP'], ['IMP'], ['NAS'], ['IEA'], ['IMP'], ['IEA'], ['IBA'], ['IEA'], ['IEA'], ['IDA', 'ISS', 'IBA'], ['IDA'], ['ISS', 'IEA'], ['IEA'], ['IMP', 'ISS', 'IEA']]"
GO:BP,GO:0006302,double-strand break repair,0.00010699947990817368,True,"""The repair of double-strand breaks in DNA via homologous and nonhomologous mechanisms to reform a continuous DNA helix."" [GOC:elh]",319,221,17,21026,0.07692307692307693,0.05329153605015674,query_1,['GO:0006281'],"['ARID1A', 'ARID2', 'BRD8', 'DCLRE1B', 'GGN', 'HSF1', 'KDM2A', 'KMT5A', 'NSMCE2', 'PPP4R2', 'RAD51B', 'RAD51D', 'SKP2', 'SMARCA4', 'UBQLN4', 'WDR48', 'XRCC2']","[['NAS'], ['IMP', 'NAS'], ['IDA', 'NAS'], ['IBA'], ['IEA'], ['IMP'], ['IMP'], ['IDA'], ['IMP', 'IBA', 'NAS', 'IEA'], ['IMP'], ['IMP', 'IBA', 'IEA'], ['IMP', 'IBA'], ['IDA', 'IEA'], ['NAS'], ['IDA'], ['IDA', 'IBA', 'IEA'], ['IMP', 'IBA', 'IEA']]"
GO:BP,GO:0019538,protein metabolic process,0.0001079698459274028,True,"""The chemical reactions and pathways involving a protein. Includes protein modification."" [GOC:ma]",4721,221,85,21026,0.38461538461538464,0.018004660029654736,query_1,"['GO:0043170', 'GO:0044238']","['AARS2', 'APC', 'APLP1', 'BIRC2', 'BRMS1', 'CCND1', 'CCNE1', 'CDK4', 'CIT', 'CNOT2', 'DDA1', 'DOCK7', 'EIF4G1', 'ELOF1', 'FBXW11', 'FZR1', 'G6PD', 'GCN1', 'GLMN', 'HAMP', 'ILK', 'KAT6A', 'KCTD10', 'KMT2A', 'KMT5A', 'KRAS', 'L3MBTL3', 'LARS2', 'LSM14A', 'MAEA', 'MAP3K7', 'MARK2', 'MED1', 'MEN1', 'METAP1', 'METTL17', 'MIB1', 'MRPL11', 'MRPL33', 'MRPS10', 'MRPS11', 'MRPS12', 'MRPS14', 'MRPS18B', 'MRPS23', 'MRPS9', 'NCCRP1', 'NSMCE2', 'PARD3', 'PARL', 'PFDN1', 'PIGS', 'PLAA', 'PPP4R2', 'PSME3', 'PSTK', 'RAB6A', 'RAF1', 'RANBP2', 'RELA', 'RICTOR', 'RNF31', 'RPL28', 'SAMD4B', 'SKP2', 'SOX17', 'TMED10', 'TMED2', 'TRAF2', 'TRUB2', 'TTC4', 'UBE2H', 'UBE2J2', 'UBQLN4', 'UQCRC2', 'USP1', 'VBP1', 'VPS4B', 'WDR26', 'WDR48', 'WWTR1', 'XYLT2', 'YTHDF2', 'ZDHHC11', 'ZFP36L1']","[['IMP', 'IBA', 'IEA'], ['IDA', 'IGI', 'NAS', 'IC'], ['IEA'], ['IDA', 'IBA', 'IEA'], ['IDA'], ['IDA'], ['IMP'], ['IDA', 'IEA'], ['IEA'], ['IEA'], ['IMP', 'IBA', 'IEA'], ['IMP'], ['IDA', 'IPI', 'IMP', 'IBA', 'TAS', 'NAS', 'IEA'], ['IEA'], ['IDA', 'IMP', 'ISS', 'NAS', 'IEA'], ['IDA', 'IBA', 'TAS', 'NAS', 'IEA'], ['IMP'], ['IDA', 'IBA', 'IEA'], ['IMP'], ['IDA', 'IEA'], ['IDA', 'IMP', 'IEA'], ['IDA'], ['IDA', 'ISS', 'IBA', 'IEA'], ['IEA'], ['IDA'], ['IMP'], ['IMP', 'IEA'], ['IDA', 'IBA', 'TAS', 'IEA'], ['IMP', 'IEA'], ['IBA', 'IEA'], ['IDA', 'IEA'], ['IDA', 'IMP', 'ISS', 'TAS', 'NAS', 'IEA'], ['IEA'], ['IDA', 'IMP'], ['IDA', 'TAS', 'IEA'], ['IEA'], ['IDA', 'IEA'], ['IBA', 'NAS', 'IEA'], ['NAS', 'IEA'], ['NAS'], ['ISS', 'IBA', 'NAS', 'IEA'], ['ISS', 'IBA', 'NAS', 'IEA'], ['IMP', 'IBA', 'NAS', 'IEA'], ['ISS', 'NAS', 'IEA'], ['NAS', 'IEA'], ['NAS', 'IEA'], ['IBA'], ['IBA', 'TAS', 'NAS', 'IEA'], ['ISS'], ['IDA', 'IMP', 'IGI', 'IBA', 'TAS', 'NAS', 'IEA'], ['IDA', 'IBA', 'NAS', 'IEA'], ['IBA', 'TAS', 'NAS', 'IEA'], ['ISS', 'IBA', 'IEA'], ['TAS'], ['IDA', 'IBA', 'IEA'], ['IEA'], ['IDA'], ['IDA', 'TAS', 'IEA'], ['IDA', 'TAS', 'IEA'], ['ISS', 'IEA'], ['IGI', 'IEA'], ['IDA', 'IBA', 'IEA'], ['TAS', 'NAS', 'IC', 'IEA'], ['IEA'], ['IDA', 'IMP', 'IBA', 'IEA'], ['IEA'], ['IMP'], ['IEA'], ['IDA', 'IBA', 'TAS', 'IEA'], ['IMP'], ['IBA'], ['IDA', 'IBA', 'TAS', 'IEA'], ['IDA', 'IMP', 'IBA', 'IEA'], ['IDA', 'IMP', 'IBA', 'IEA'], ['IEA'], ['IDA', 'IMP', 'IBA', 'IEA'], ['IDA', 'NAS', 'IEA'], ['IMP'], ['IBA'], ['IEA'], ['IMP', 'IEA'], ['IMP', 'IBA', 'IEA'], ['IDA'], ['ISS'], ['IEA']]"
GO:BP,GO:0006412,translation,0.0001138412307640118,True,"""The cellular metabolic process in which a protein is formed, using the sequence of a mature mRNA or circRNA molecule to specify the sequence of amino acids in a polypeptide chain. Translation is mediated by the ribosome, and begins with the formation of a ternary complex between aminoacylated initiator methionine tRNA, GTP, and initiation factor 2, which subsequently associates with the small subunit of the ribosome and an mRNA or circRNA. Translation ends with the release of a polypeptide chain from the ribosome."" [GOC:go_curators]",727,221,26,21026,0.11764705882352941,0.03576341127922971,query_1,"['GO:0009059', 'GO:0010467', 'GO:0019538']","['AARS2', 'APLP1', 'CNOT2', 'EIF4G1', 'ELOF1', 'GCN1', 'LARS2', 'LSM14A', 'METAP1', 'METTL17', 'MRPL11', 'MRPL33', 'MRPS10', 'MRPS11', 'MRPS12', 'MRPS14', 'MRPS18B', 'MRPS23', 'MRPS9', 'PSTK', 'RPL28', 'SAMD4B', 'TMED2', 'TRUB2', 'YTHDF2', 'ZFP36L1']","[['IMP', 'IBA', 'IEA'], ['IEA'], ['IEA'], ['IDA', 'IPI', 'IMP', 'IBA', 'TAS', 'NAS', 'IEA'], ['IEA'], ['IDA', 'IBA', 'IEA'], ['IDA', 'IBA', 'TAS', 'IEA'], ['IMP', 'IEA'], ['TAS'], ['IEA'], ['IBA', 'NAS', 'IEA'], ['NAS', 'IEA'], ['NAS'], ['ISS', 'IBA', 'NAS', 'IEA'], ['ISS', 'IBA', 'NAS', 'IEA'], ['IMP', 'IBA', 'NAS', 'IEA'], ['ISS', 'NAS', 'IEA'], ['NAS', 'IEA'], ['NAS', 'IEA'], ['IEA'], ['TAS', 'NAS', 'IC', 'IEA'], ['IEA'], ['IEA'], ['IMP'], ['IDA'], ['IEA']]"
GO:BP,GO:0060255,regulation of macromolecule metabolic process,0.00014501686018667675,True,"""Any process that modulates the frequency, rate or extent of the chemical reactions and pathways involving macromolecules, any molecule of high relative molecular mass, the structure of which essentially comprises the multiple repetition of units derived, actually or conceptually, from molecules of low relative molecular mass."" [GOC:dph, GOC:tb]",6492,221,106,21026,0.4796380090497738,0.016327788046826865,query_1,"['GO:0019222', 'GO:0043170']","['ACTR3', 'APC', 'APLP1', 'ARID1A', 'ARID2', 'ATAD2', 'ATP2B1', 'ATXN7L3', 'BIRC2', 'BRD8', 'BRMS1', 'BRPF1', 'BTAF1', 'C1D', 'CCNC', 'CCND1', 'CCNE1', 'CDK4', 'CEP350', 'CITED2', 'CNOT2', 'DDA1', 'DICER1', 'DNM1L', 'DOCK7', 'DPRX', 'E2F3', 'EIF4G1', 'FBXW11', 'FZR1', 'G6PD', 'GATAD1', 'GCN1', 'GLMN', 'GRSF1', 'H1-2', 'HAMP', 'HSF1', 'ILK', 'KAT6A', 'KDM2A', 'KMT2A', 'KMT2B', 'KMT5A', 'KRAS', 'L3MBTL3', 'LIN52', 'LIN54', 'LMNB1', 'LSM14A', 'MAP3K7', 'MARK2', 'MECOM', 'MED1', 'MED25', 'MEN1', 'METAP1', 'MTERF3', 'MYBL2', 'NELFB', 'NSMCE2', 'PARD3', 'PARL', 'PARN', 'PAX8', 'PCBD2', 'PCGF1', 'PFDN1', 'PLAA', 'PPP4R2', 'PSME3', 'PSTK', 'RAF1', 'RELA', 'RICTOR', 'RNF31', 'SAMD4B', 'SKP2', 'SLC30A9', 'SMARCA4', 'SMARCA5', 'SOX17', 'STX4', 'SUPT3H', 'SUPT7L', 'SUZ12', 'TDG', 'TMED10', 'TMED2', 'TRAF2', 'TRUB2', 'UBQLN4', 'USP1', 'VBP1', 'VEZF1', 'WDR48', 'WT1', 'WWTR1', 'YTHDC1', 'YTHDF2', 'ZEB1', 'ZFP36L1', 'ZFP69', 'ZNF496', 'ZNF780B', 'ZNF875']","[['IDA'], ['IDA', 'IGI', 'IC'], ['IEA'], ['IDA', 'IBA', 'TAS', 'NAS'], ['IMP', 'NAS', 'IEA'], ['IDA', 'IBA'], ['ISS', 'IEA'], ['IDA', 'IBA', 'NAS', 'IEA'], ['IDA', 'IBA', 'IEA'], ['IDA', 'NAS', 'IEA'], ['IDA', 'IBA', 'NAS', 'IEA'], ['IDA', 'IBA'], ['IDA'], ['IBA', 'IEA'], ['IDA', 'IBA', 'IEA'], ['IDA', 'IEA'], ['IEA'], ['IMP', 'IBA', 'TAS'], ['IEA'], ['IDA', 'IMP', 'ISS', 'IEA'], ['IDA', 'IBA', 'NAS', 'IEA'], ['IBA', 'IEA'], ['IDA', 'IMP', 'ISS', 'IBA', 'TAS', 'IEA'], ['IEA'], ['IMP'], ['IBA', 'IEA'], ['IDA', 'IBA', 'IEA'], ['IDA', 'IMP', 'TAS', 'NAS', 'IEA'], ['IMP', 'ISS', 'IEA'], ['IDA', 'IBA', 'IEA'], ['IMP'], ['IEA'], ['IBA', 'IEA'], ['IDA', 'IMP'], ['IDA', 'IBA'], ['IBA', 'IEA'], ['IDA', 'ISS', 'IEA'], ['IDA', 'IMP', 'IBA', 'IEA'], ['IMP'], ['IDA', 'ISS', 'IBA', 'IEA'], ['IMP', 'IBA', 'IEA'], ['IDA', 'IMP', 'ISS', 'IBA', 'IEA'], ['IBA', 'IEA'], ['IDA', 'IMP', 'IBA'], ['IMP', 'IEA'], ['IMP', 'IBA', 'IEA'], ['IEA'], ['IBA'], ['IBA'], ['IMP', 'IEA'], ['IDA', 'IMP', 'IEA'], ['TAS'], ['IDA', 'IBA', 'IEA'], ['IDA', 'IMP', 'ISS', 'IBA', 'NAS', 'IEA'], ['IDA', 'IMP', 'IBA', 'NAS'], ['IDA', 'IMP', 'IBA'], ['TAS'], ['IMP', 'IEA'], ['IDA', 'IBA'], ['IDA', 'ISS', 'IBA', 'IEA'], ['NAS'], ['ISS'], ['IGI'], ['IMP', 'IBA', 'IEA'], ['IDA', 'ISS', 'IBA', 'IEA'], ['IDA'], ['IBA', 'TAS'], ['IDA'], ['ISS', 'IEA'], ['IMP'], ['IDA', 'IBA', 'IEA'], ['IEA'], ['IDA', 'IEA'], ['IDA', 'IMP', 'IGI', 'ISS', 'IBA', 'NAS', 'IEA'], ['IEA'], ['IDA'], ['IBA', 'IEA'], ['IDA', 'IEA'], ['IEA'], ['IDA', 'IMP', 'IGI', 'ISS', 'IBA', 'TAS', 'NAS', 'IEA'], ['IDA', 'IMP', 'ISO', 'IBA', 'TAS', 'NAS', 'IEA'], ['IDA', 'ISS', 'IBA', 'IEA'], ['IMP'], ['IDA', 'TAS', 'NAS'], ['NAS'], ['IEA'], ['ISS', 'TAS', 'IEA'], ['IMP', 'IEA'], ['IEA'], ['IDA', 'IMP', 'IEA'], ['IMP'], ['IDA', 'IMP', 'IEA'], ['IDA', 'TAS', 'IEA'], ['IDA'], ['IDA', 'IBA'], ['IDA', 'IEA'], ['IDA', 'IMP', 'IGI', 'ISS', 'IBA', 'NAS', 'IEA'], ['IMP', 'IBA', 'NAS', 'IEA'], ['IDA', 'ISS', 'IBA', 'IEA'], ['IDA', 'IMP', 'IBA', 'IEA'], ['IDA', 'IMP', 'IBA', 'TAS', 'IEA'], ['IDA', 'IMP', 'ISS', 'IEA'], ['IBA', 'IEA'], ['ISS', 'IBA', 'IEA'], ['IBA', 'IEA'], ['IBA', 'IEA']]"
GO:BP,GO:0006259,DNA metabolic process,0.0001579460630445066,True,"""Any cellular metabolic process involving deoxyribonucleic acid. This is one of the two main types of nucleic acid, consisting of a long, unbranched macromolecule formed from one, or more commonly, two, strands of linked deoxyribonucleotides."" [ISBN:0198506732]",1005,221,31,21026,0.14027149321266968,0.030845771144278607,query_1,['GO:0090304'],"['ARID1A', 'ARID2', 'ATXN7L3', 'BRD8', 'CCNE1', 'DCLRE1B', 'DICER1', 'FZR1', 'GGN', 'H1-2', 'HSF1', 'KDM2A', 'KMT5A', 'MEN1', 'NSMCE2', 'PARN', 'PPP4R2', 'RAD51B', 'RAD51D', 'SKP2', 'SLC30A9', 'SMARCA4', 'SMARCA5', 'SUPT3H', 'SUPT7L', 'TDG', 'TTF2', 'UBQLN4', 'USP1', 'WDR48', 'XRCC2']","[['NAS'], ['IMP', 'NAS'], ['NAS'], ['IDA', 'NAS'], ['IEA'], ['IMP', 'ISS', 'IBA', 'IEA'], ['IBA'], ['IEA'], ['IEA'], ['IBA'], ['IMP', 'IEA'], ['IMP'], ['IDA'], ['NAS'], ['IMP', 'IBA', 'NAS', 'IEA'], ['IMP'], ['IMP'], ['IMP', 'IBA', 'TAS', 'IEA'], ['IDA', 'IMP', 'IBA', 'TAS', 'IEA'], ['IDA', 'IEA'], ['TAS'], ['NAS'], ['IDA', 'IMP', 'IEA'], ['NAS'], ['NAS'], ['IDA', 'IBA', 'TAS', 'IEA'], ['IBA'], ['IDA', 'IEA'], ['IDA', 'TAS', 'IEA'], ['IDA', 'IBA', 'IEA'], ['IDA', 'IMP', 'IGI', 'IBA', 'TAS', 'IEA']]"
GO:BP,GO:0051246,regulation of protein metabolic process,0.0001790032568069518,True,"""Any process that modulates the frequency, rate or extent of the chemical reactions and pathways involving a protein."" [GOC:ai]",1855,221,45,21026,0.20361990950226244,0.02425876010781671,query_1,"['GO:0019538', 'GO:0060255', 'GO:0080090']","['APC', 'APLP1', 'BIRC2', 'BRMS1', 'CCND1', 'CNOT2', 'DDA1', 'DOCK7', 'EIF4G1', 'FBXW11', 'FZR1', 'G6PD', 'GCN1', 'GLMN', 'HAMP', 'ILK', 'KRAS', 'L3MBTL3', 'LSM14A', 'MAP3K7', 'MARK2', 'MEN1', 'METAP1', 'PARD3', 'PARL', 'PFDN1', 'PLAA', 'PSME3', 'PSTK', 'RAF1', 'RELA', 'RICTOR', 'SAMD4B', 'SKP2', 'SOX17', 'TMED10', 'TMED2', 'TRAF2', 'TRUB2', 'UBQLN4', 'VBP1', 'WDR48', 'WWTR1', 'YTHDF2', 'ZFP36L1']","[['IDA', 'IGI', 'IC'], ['IEA'], ['IDA', 'IBA', 'IEA'], ['IDA'], ['IDA'], ['IEA'], ['IBA', 'IEA'], ['IMP'], ['IDA', 'IMP', 'TAS', 'NAS', 'IEA'], ['IMP'], ['IDA', 'IBA', 'IEA'], ['IMP'], ['IBA', 'IEA'], ['IMP'], ['IDA', 'IEA'], ['IMP'], ['IMP'], ['IMP', 'IEA'], ['IMP', 'IEA'], ['IDA'], ['TAS'], ['IDA', 'IMP'], ['TAS'], ['ISS'], ['IGI'], ['IDA'], ['ISS', 'IEA'], ['IDA', 'IBA', 'IEA'], ['IEA'], ['IDA', 'IEA'], ['ISS', 'IEA'], ['IEA'], ['IEA'], ['IEA'], ['IEA'], ['IMP'], ['IEA'], ['IDA', 'IEA'], ['IMP'], ['IDA', 'IMP', 'IEA'], ['IDA'], ['IEA'], ['IMP'], ['IDA'], ['IEA']]"
GO:BP,GO:0051252,regulation of RNA metabolic process,0.0001851105143451659,True,"""Any process that modulates the frequency, rate or extent of the chemical reactions and pathways involving RNA."" [GOC:ai]",3687,221,71,21026,0.3212669683257919,0.01925684838622186,query_1,"['GO:0016070', 'GO:0019219', 'GO:0060255']","['ACTR3', 'ARID1A', 'ARID2', 'ATAD2', 'ATXN7L3', 'BIRC2', 'BRD8', 'BRMS1', 'BRPF1', 'BTAF1', 'C1D', 'CCNC', 'CCND1', 'CCNE1', 'CDK4', 'CEP350', 'CITED2', 'CNOT2', 'DICER1', 'DPRX', 'E2F3', 'FBXW11', 'GATAD1', 'GRSF1', 'H1-2', 'HAMP', 'HSF1', 'ILK', 'KAT6A', 'KDM2A', 'KMT2A', 'KMT2B', 'KMT5A', 'L3MBTL3', 'LIN52', 'LIN54', 'MECOM', 'MED1', 'MED25', 'MEN1', 'MTERF3', 'MYBL2', 'NELFB', 'PARN', 'PAX8', 'PCBD2', 'PCGF1', 'RAF1', 'RELA', 'RNF31', 'SAMD4B', 'SLC30A9', 'SMARCA4', 'SMARCA5', 'SOX17', 'SUPT3H', 'SUPT7L', 'SUZ12', 'TDG', 'TRAF2', 'VEZF1', 'WT1', 'WWTR1', 'YTHDC1', 'YTHDF2', 'ZEB1', 'ZFP36L1', 'ZFP69', 'ZNF496', 'ZNF780B', 'ZNF875']","[['IDA'], ['IDA', 'IBA', 'NAS'], ['NAS', 'IEA'], ['IDA'], ['IDA', 'IBA', 'NAS', 'IEA'], ['IEA'], ['IDA', 'NAS', 'IEA'], ['IDA', 'IBA', 'NAS'], ['IDA', 'IBA'], ['IDA'], ['IEA'], ['IDA', 'IBA', 'IEA'], ['IDA', 'IEA'], ['IEA'], ['TAS'], ['IEA'], ['IDA', 'IMP', 'ISS', 'IEA'], ['IDA', 'IBA', 'NAS', 'IEA'], ['ISS'], ['IBA', 'IEA'], ['IDA', 'IBA', 'IEA'], ['IMP', 'ISS', 'IEA'], ['IEA'], ['IDA'], ['IEA'], ['ISS', 'IEA'], ['IDA', 'IMP', 'IBA', 'IEA'], ['IMP'], ['IDA', 'ISS', 'IBA', 'IEA'], ['IMP', 'IBA', 'IEA'], ['IDA', 'IMP', 'IBA', 'IEA'], ['IBA', 'IEA'], ['IDA', 'IMP', 'IBA'], ['IMP', 'IBA', 'IEA'], ['IEA'], ['IBA'], ['IDA', 'IBA', 'IEA'], ['IDA', 'IMP', 'ISS', 'IBA', 'NAS', 'IEA'], ['IDA', 'IMP', 'IBA', 'NAS'], ['IDA', 'IMP', 'IBA'], ['IMP', 'IEA'], ['IDA', 'IBA'], ['IDA', 'ISS', 'IBA', 'IEA'], ['IMP', 'IBA'], ['IDA', 'ISS', 'IBA', 'IEA'], ['IDA'], ['IBA', 'TAS'], ['IEA'], ['IDA', 'IMP', 'IGI', 'ISS', 'IBA', 'NAS', 'IEA'], ['IDA'], ['IBA', 'IEA'], ['IEA'], ['IDA', 'IMP', 'IGI', 'IBA', 'TAS', 'NAS', 'IEA'], ['IDA', 'ISO', 'IBA', 'TAS', 'NAS', 'IEA'], ['IDA', 'ISS', 'IBA', 'IEA'], ['IDA', 'TAS', 'NAS'], ['NAS'], ['IEA'], ['IEA'], ['IDA', 'IMP', 'IEA'], ['IDA', 'IBA'], ['IDA', 'IMP', 'IGI', 'ISS', 'IBA', 'NAS', 'IEA'], ['IBA', 'NAS', 'IEA'], ['IDA', 'IBA', 'IEA'], ['IDA', 'IMP', 'IBA', 'IEA'], ['IDA', 'IMP', 'IBA', 'TAS', 'IEA'], ['IDA', 'IMP', 'ISS', 'IEA'], ['IBA', 'IEA'], ['ISS', 'IBA', 'IEA'], ['IBA', 'IEA'], ['IBA', 'IEA']]"
GO:BP,GO:0006974,DNA damage response,0.0002093128425850582,True,"""Any process that results in a change in state or activity of a cell (in terms of movement, secretion, enzyme production, gene expression, etc.) as a result of a stimulus indicating damage to its DNA from environmental insults or errors during metabolism."" [GOC:go_curators]",908,221,29,21026,0.13122171945701358,0.031938325991189426,query_1,['GO:0033554'],"['APC', 'ARID1A', 'ARID2', 'ATXN7L3', 'BRD8', 'CCND1', 'DCLRE1B', 'FZR1', 'GGN', 'HSF1', 'KDM2A', 'KMT5A', 'MEN1', 'NSMCE2', 'PPP4R2', 'RAD51B', 'RAD51D', 'SKP2', 'SLC30A9', 'SMARCA4', 'SMARCA5', 'SUPT3H', 'SUPT7L', 'TDG', 'TTF2', 'UBQLN4', 'USP1', 'WDR48', 'XRCC2']","[['IDA'], ['NAS'], ['IMP', 'NAS'], ['NAS'], ['IDA', 'NAS'], ['IDA', 'IEA'], ['IMP', 'IBA', 'IEA'], ['IDA', 'IEA'], ['IEA'], ['IMP', 'IEA'], ['IMP'], ['IDA', 'IMP', 'IBA'], ['IDA', 'NAS'], ['IMP', 'IBA', 'NAS', 'IEA'], ['IMP'], ['IMP', 'IBA', 'TAS', 'IEA'], ['IMP', 'IBA', 'TAS', 'IEA'], ['IDA', 'IEA'], ['TAS'], ['NAS'], ['IDA', 'NAS'], ['NAS'], ['NAS'], ['IDA', 'IBA', 'TAS', 'IEA'], ['IBA'], ['IDA', 'IEA'], ['IDA', 'TAS', 'IEA'], ['IDA', 'IBA', 'IEA'], ['IMP', 'IGI', 'IBA', 'TAS', 'IEA']]"
GO:BP,GO:0006282,regulation of DNA repair,0.0002543360756784633,True,"""Any process that modulates the frequency, rate or extent of DNA repair."" [GOC:go_curators]",225,221,14,21026,0.06334841628959276,0.06222222222222222,query_1,"['GO:0006281', 'GO:0051052', 'GO:0080135']","['ARID1A', 'ARID2', 'ATXN7L3', 'BRD8', 'HSF1', 'KMT5A', 'PPP4R2', 'SKP2', 'SMARCA4', 'SUPT3H', 'SUPT7L', 'UBQLN4', 'USP1', 'WDR48']","[['NAS'], ['IMP', 'NAS'], ['NAS'], ['IDA', 'NAS'], ['IMP'], ['IDA'], ['IMP'], ['IDA', 'IEA'], ['NAS'], ['NAS'], ['NAS'], ['IDA'], ['IDA', 'TAS', 'IEA'], ['IDA']]"
GO:BP,GO:0007059,chromosome segregation,0.000296258488916067,True,"""The process in which genetic material, in the form of chromosomes, is organized into specific structures and then physically separated and apportioned to two or more sets. In eukaryotes, chromosome segregation begins with the condensation of chromosomes, includes chromosome separation, and ends when chromosomes have completed movement to the spindle poles."" [GOC:jl, GOC:mah, GOC:mtg_cell_cycle, GOC:vw]",427,221,19,21026,0.08597285067873303,0.04449648711943794,query_1,['GO:0022402'],"['ACTR3', 'APC', 'ARID1A', 'ARID2', 'CCNE1', 'CENPI', 'KIF2C', 'KIF4A', 'KMT5A', 'LSM14A', 'MAD2L1BP', 'MYBL2', 'NSMCE2', 'SLC25A5', 'SMARCA4', 'SMARCA5', 'SPAG5', 'TACC3', 'VPS4B']","[['IEA'], ['IMP', 'NAS'], ['NAS'], ['NAS'], ['IEA'], ['IBA', 'NAS'], ['IMP', 'IEA'], ['IMP', 'IBA'], ['TAS'], ['IMP'], ['IMP'], ['IEA'], ['IMP'], ['IEA'], ['NAS'], ['IDA', 'IMP'], ['IMP', 'IEA'], ['IMP'], ['IMP']]"
GO:BP,GO:0044772,mitotic cell cycle phase transition,0.00030716925848556876,True,"""The cell cycle process by which a cell commits to entering the next mitotic cell cycle phase."" [GOC:mtg_cell_cycle]",428,221,19,21026,0.08597285067873303,0.04439252336448598,query_1,"['GO:0044770', 'GO:1903047']","['APC', 'ARID1A', 'ARID2', 'CCND1', 'CCNE1', 'CDK4', 'E2F3', 'EIF4G1', 'FZR1', 'MAD2L1BP', 'MIIP', 'NSMCE2', 'PSME3', 'RAD51B', 'SKP2', 'SMARCA4', 'TACC3', 'VPS4B', 'ZFP36L1']","[['IMP'], ['NAS'], ['NAS'], ['IDA', 'IBA', 'TAS', 'NAS', 'IEA'], ['IMP', 'IBA', 'NAS'], ['IDA', 'IMP', 'IBA', 'NAS'], ['IDA'], ['IMP'], ['IDA'], ['IMP', 'IEA'], ['IEA'], ['IMP'], ['IBA', 'IEA'], ['IMP'], ['IBA', 'TAS', 'IEA'], ['NAS'], ['IMP'], ['IMP'], ['ISS', 'IEA']]"
GO:BP,GO:0016043,cellular component organization,0.00031784917564676947,True,"""A process that results in the assembly, arrangement of constituent parts, or disassembly of a cellular component."" [GOC:ai, GOC:jl, GOC:mah]",8184,221,124,21026,0.5610859728506787,0.015151515151515152,query_1,['GO:0071840'],"['ACTR3', 'APC', 'APLP1', 'ARID1A', 'ARID2', 'ARPC2', 'ARPC4', 'ATAD2', 'ATXN7L3', 'BCS1L', 'BIRC2', 'BRD8', 'BRPF1', 'BTAF1', 'CCNE1', 'CENPI', 'CEP350', 'CEP55', 'CFDP1', 'CNOT2', 'COX20', 'DCLRE1B', 'DDX39B', 'DICER1', 'DNM1L', 'DOCK7', 'EIF4G1', 'FBXW11', 'FZR1', 'G6PD', 'GATAD1', 'GCN1', 'GET3', 'GLMN', 'H1-2', 'HSF1', 'ILK', 'KAT6A', 'KCTD10', 'KDM2A', 'KIF20A', 'KIF2C', 'KIF4A', 'KMT2A', 'KMT2B', 'KMT5A', 'KRAS', 'KRT8', 'L3MBTL3', 'LIN54', 'LMNB1', 'LRFN1', 'LSM14A', 'LST1', 'MAD2L1BP', 'MAEA', 'MAP3K7', 'MARK2', 'MATN1', 'MECOM', 'MED1', 'MED25', 'MEN1', 'METTL17', 'MFN2', 'MIB1', 'MIOS', 'MTERF3', 'MYBL2', 'NDUFA2', 'NSMCE2', 'PARD3', 'PARD6B', 'PARL', 'PARN', 'PCGF1', 'PDS5B', 'PEX6', 'PFDN1', 'PI16', 'PLAA', 'PLEKHF1', 'POLR2M', 'PPP2R3C', 'PRPF39', 'PSMG1', 'RAB18', 'RAB6A', 'RAD51B', 'RAD51D', 'RAF1', 'RELA', 'RHPN1', 'RICTOR', 'SEC16A', 'SLC25A5', 'SLC30A9', 'SLC4A7', 'SMARCA4', 'SMARCA5', 'SNAP23', 'SOX17', 'SPAG5', 'STRIP1', 'STX4', 'SUZ12', 'TACC3', 'TAFAZZIN', 'TDG', 'TMED10', 'TMED2', 'TOMM20', 'TRAF2', 'TTF2', 'TWF1', 'UBQLN4', 'VBP1', 'VPS4B', 'VTI1B', 'WT1', 'WWTR1', 'XRCC2', 'YTHDC1', 'YTHDF2']","[['IDA', 'IMP', 'IBA', 'IEA'], ['IDA', 'IMP', 'IBA', 'NAS'], ['ISS', 'IBA', 'IEA'], ['IDA', 'TAS', 'NAS', 'IEA'], ['IDA', 'NAS', 'IEA'], ['IDA', 'IMP', 'IBA', 'IEA'], ['IDA', 'IBA', 'NAS', 'IEA'], ['IBA'], ['IEA'], ['IMP', 'IBA', 'IEA'], ['IEA'], ['IEA'], ['IMP', 'IEA'], ['IEA'], ['IEA'], ['IBA', 'IEA'], ['IEA'], ['IMP'], ['IBA'], ['IMP'], ['IMP', 'IBA', 'IEA'], ['IMP', 'ISS', 'IBA', 'IEA'], ['IDA'], ['IDA', 'ISS', 'IBA'], ['IDA', 'IMP', 'IBA', 'TAS', 'IEA'], ['IMP', 'IBA'], ['IPI', 'IMP', 'IGI'], ['IBA'], ['IEA'], ['IEA'], ['IDA', 'IBA'], ['IDA'], ['IDA', 'IMP', 'IBA', 'NAS', 'IEA'], ['IMP'], ['IBA', 'IEA'], ['IDA', 'IMP', 'IEA'], ['IEA'], ['TAS', 'IEA'], ['IEA'], ['IEA'], ['IDA', 'IMP'], ['IDA', 'IMP', 'TAS', 'IEA'], ['IMP', 'IBA', 'TAS'], ['IDA', 'IMP', 'IEA'], ['IEA'], ['TAS', 'IEA'], ['IEA'], ['IEA'], ['IEA'], ['IDA'], ['IMP', 'IBA', 'IEA'], ['IEA'], ['IDA', 'IMP', 'IBA'], ['IDA', 'IBA'], ['IMP', 'IEA'], ['IEA'], ['IEA'], ['IDA', 'IMP', 'ISS', 'IBA', 'IEA'], ['TAS', 'NAS'], ['ISS', 'IEA'], ['NAS'], ['IMP', 'NAS'], ['IMP', 'IEA'], ['IDA'], ['IDA', 'IMP', 'ISS', 'IBA', 'NAS', 'IEA'], ['IEA'], ['IEA'], ['IBA'], ['IEA'], ['IMP'], ['IMP', 'NAS'], ['ISS', 'IBA', 'TAS'], ['IDA', 'IBA', 'TAS'], ['IMP', 'IEA'], ['IMP'], ['IDA', 'IMP'], ['IMP', 'IEA'], ['IDA', 'IMP', 'IBA', 'IEA'], ['IDA'], ['IEA'], ['ISS', 'IEA'], ['IMP', 'IBA'], ['IBA', 'IEA'], ['IBA'], ['IBA'], ['IDA', 'IGI', 'IBA', 'IEA'], ['IMP', 'IBA'], ['TAS'], ['TAS'], ['IMP', 'IBA', 'TAS', 'IEA'], ['IDA', 'IEA'], ['IEA'], ['IBA'], ['IMP', 'NAS', 'IEA'], ['IDA', 'IMP', 'IBA', 'IEA'], ['IMP', 'ISS', 'IBA', 'IEA'], ['IDA'], ['IDA'], ['IDA', 'IMP', 'HDA', 'ISS', 'NAS', 'IC', 'IEA'], ['EXP', 'IDA', 'IMP', 'ISO', 'TAS', 'NAS', 'IEA'], ['IBA', 'TAS', 'IEA'], ['IMP'], ['IMP', 'IEA'], ['IMP', 'IBA'], ['IDA', 'IBA', 'IEA'], ['IEA'], ['IMP', 'IBA', 'IEA'], ['IMP', 'ISS', 'IBA'], ['ISS', 'TAS', 'IEA'], ['IDA', 'IBA', 'TAS', 'IEA'], ['IMP', 'IBA', 'TAS', 'IEA'], ['NAS'], ['IMP', 'ISS', 'TAS', 'IEA'], ['IEA'], ['ISS', 'IBA', 'IEA'], ['IMP'], ['IDA', 'IBA'], ['IDA', 'IMP', 'IBA', 'NAS', 'IEA'], ['IBA', 'TAS'], ['IDA', 'IMP'], ['IEA'], ['IMP'], ['IDA'], ['IDA']]"
GO:BP,GO:0051254,positive regulation of RNA metabolic process,0.0003577404067418753,True,"""Any process that activates or increases the frequency, rate or extent of the chemical reactions and pathways involving RNA."" [GOC:ai]",1835,221,44,21026,0.19909502262443438,0.023978201634877384,query_1,"['GO:0010604', 'GO:0016070', 'GO:0045935', 'GO:0051252']","['ACTR3', 'ARID1A', 'ATAD2', 'ATXN7L3', 'BIRC2', 'BRD8', 'BRPF1', 'CCNC', 'CITED2', 'CNOT2', 'E2F3', 'FBXW11', 'GRSF1', 'HAMP', 'HSF1', 'ILK', 'KAT6A', 'KMT2A', 'KMT2B', 'MECOM', 'MED1', 'MED25', 'MEN1', 'MYBL2', 'PARN', 'PAX8', 'PCBD2', 'RAF1', 'RELA', 'SAMD4B', 'SLC30A9', 'SMARCA4', 'SMARCA5', 'SOX17', 'SUPT3H', 'SUPT7L', 'VEZF1', 'WT1', 'WWTR1', 'YTHDF2', 'ZEB1', 'ZFP36L1', 'ZNF496', 'ZNF780B']","[['IDA'], ['IDA', 'IBA'], ['IDA'], ['IDA', 'IBA', 'NAS', 'IEA'], ['IEA'], ['IDA', 'NAS', 'IEA'], ['IDA'], ['IDA', 'IBA', 'IEA'], ['IDA', 'ISS', 'IEA'], ['IBA', 'NAS'], ['IDA', 'IEA'], ['ISS', 'IEA'], ['IDA'], ['IEA'], ['IDA'], ['IMP'], ['IDA'], ['IDA', 'IMP', 'IBA', 'IEA'], ['IBA'], ['IDA', 'IEA'], ['IDA', 'IMP', 'NAS', 'IEA'], ['IDA', 'IBA', 'NAS'], ['IMP'], ['IDA', 'IBA'], ['IBA'], ['IDA', 'ISS', 'IEA'], ['IDA'], ['IEA'], ['IDA', 'IMP', 'IGI', 'ISS', 'IBA', 'NAS', 'IEA'], ['IBA'], ['IEA'], ['IDA', 'IMP', 'IGI', 'IBA', 'IEA'], ['IDA', 'IBA', 'NAS', 'IEA'], ['IDA', 'ISS', 'IBA', 'IEA'], ['NAS'], ['NAS'], ['IDA'], ['IDA', 'IMP', 'IGI'], ['IBA', 'IEA'], ['IDA', 'IMP', 'IBA', 'IEA'], ['IEA'], ['IDA', 'IMP', 'ISS', 'IEA'], ['ISS', 'IEA'], ['IEA']]"
GO:BP,GO:0048518,positive regulation of biological process,0.00038993619905344193,True,"""Any process that activates or increases the frequency, rate or extent of a biological process. Biological processes are regulated by many means; examples include the control of gene expression, protein modification or interaction with a protein or substrate molecule."" [GOC:jid]",6264,221,102,21026,0.46153846153846156,0.016283524904214558,query_1,"['GO:0008150', 'GO:0050789']","['ACTR3', 'APC', 'ARID1A', 'ARID2', 'ARPC2', 'ATAD2', 'ATP2B1', 'ATXN7L3', 'BIRC2', 'BRD8', 'BRMS1', 'BRPF1', 'CCNC', 'CCND1', 'CCNE1', 'CDK4', 'CIT', 'CITED2', 'CNOT2', 'DDA1', 'DICER1', 'DNM1L', 'DOCK7', 'E2F3', 'EIF4G1', 'FBXW11', 'FRS2', 'FZR1', 'G6PD', 'GLMN', 'GRSF1', 'HAMP', 'HSF1', 'ILK', 'KAT6A', 'KMT2A', 'KMT2B', 'KRAS', 'L3MBTL3', 'LSM14A', 'MAD2L1BP', 'MAP3K7', 'MARK2', 'MECOM', 'MED1', 'MED25', 'MEN1', 'MFN2', 'MIB1', 'MIOS', 'MYBL2', 'NCCRP1', 'NSMCE2', 'PARD3', 'PARN', 'PAX8', 'PCBD2', 'PDCD2', 'PLAA', 'PLEKHF1', 'PPP2R3C', 'RAD51B', 'RAF1', 'RASGRP4', 'RELA', 'RICTOR', 'RNF31', 'SAMD4B', 'SCD', 'SKP2', 'SLC25A5', 'SLC30A9', 'SLC7A1', 'SMARCA4', 'SMARCA5', 'SOX17', 'SPAG5', 'STX4', 'SUPT3H', 'SUPT7L', 'SUZ12', 'TAFAZZIN', 'TDG', 'TMED10', 'TMED2', 'TRAF2', 'TRUB2', 'TWF1', 'UBE2J2', 'USP1', 'VEZF1', 'VPS4B', 'WDR48', 'WT1', 'WWTR1', 'XRCC2', 'YTHDF2', 'ZC3H3', 'ZEB1', 'ZFP36L1', 'ZNF496', 'ZNF780B']","[['IDA'], ['IMP', 'IGI', 'ISS', 'IC'], ['IDA', 'IBA', 'TAS', 'NAS'], ['IMP', 'NAS'], ['IMP', 'IEA'], ['IDA', 'IBA'], ['ISS', 'IEA'], ['IDA', 'IBA', 'NAS', 'IEA'], ['IDA', 'IEP', 'IBA', 'TAS', 'IEA'], ['IDA', 'NAS', 'IEA'], ['IDA', 'IMP', 'NAS'], ['IDA'], ['IDA', 'IBA', 'IEA'], ['IDA', 'IBA', 'IEA'], ['IMP', 'IBA'], ['IDA', 'IMP'], ['IMP'], ['IDA', 'ISS', 'IEA'], ['IMP', 'IBA', 'NAS'], ['IBA'], ['ISS'], ['IDA', 'IMP', 'TAS'], ['IMP'], ['IDA', 'IMP', 'IEA'], ['IPI', 'IMP', 'IGI', 'IEA'], ['IDA', 'IMP', 'ISS', 'IEA'], ['IEA'], ['IDA', 'IBA', 'IEA'], ['IEA'], ['IDA', 'IMP'], ['IDA'], ['IDA', 'IEA'], ['IDA', 'IMP', 'ISS', 'IEA'], ['IMP', 'IGI', 'IEA'], ['IDA', 'IEA'], ['IDA', 'IMP', 'IBA', 'IEA'], ['IBA'], ['IMP', 'IEA'], ['IMP'], ['IEA'], ['IMP'], ['IDA', 'IMP', 'ISS', 'TAS', 'NAS', 'IEA'], ['IDA', 'TAS'], ['IDA', 'IEA'], ['IDA', 'IMP', 'NAS', 'IEA'], ['IDA', 'IMP', 'IBA', 'NAS'], ['IMP'], ['IMP', 'ISS', 'IEA'], ['IEA'], ['IDA', 'IBA', 'NAS', 'IEA'], ['IDA', 'IBA', 'IEA'], ['IDA'], ['IMP'], ['ISS'], ['IMP', 'IBA'], ['IDA', 'IMP', 'ISS', 'IEA'], ['IDA'], ['IDA', 'IMP'], ['ISS', 'IEA'], ['IDA', 'IBA'], ['IBA', 'IEA'], ['IMP', 'IEA'], ['IDA', 'IEA'], ['ISS', 'IEA'], ['IDA', 'IMP', 'IGI', 'IEP', 'ISS', 'IBA', 'NAS', 'IEA'], ['IMP', 'IBA', 'NAS', 'IEA'], ['IDA', 'HMP', 'IEA'], ['IBA'], ['ISS'], ['IDA', 'IEA'], ['IMP', 'ISS', 'IEA'], ['IEA'], ['IMP'], ['IDA', 'IMP', 'IGI', 'ISS', 'IBA', 'NAS', 'IEA'], ['IDA', 'IMP', 'IBA', 'NAS', 'IEA'], ['IDA', 'ISS', 'IBA', 'IEA'], ['IMP'], ['IDA', 'IMP'], ['NAS'], ['NAS'], ['IEA'], ['IEA'], ['TAS'], ['IMP', 'IEA'], ['IEA'], ['IDA', 'IMP', 'IBA', 'IEA'], ['IMP'], ['IBA', 'IEA'], ['HMP'], ['IDA', 'TAS'], ['IDA', 'IMP'], ['IMP'], ['IDA', 'IEA'], ['IDA', 'IMP', 'IGI', 'ISS'], ['IDA', 'IGI', 'ISS', 'IBA', 'IEA'], ['IEA'], ['IDA', 'IMP', 'IBA', 'IEA'], ['IEA'], ['ISS', 'IEA'], ['IDA', 'IMP', 'ISS', 'IEA'], ['ISS', 'IEA'], ['IEA']]"
GO:BP,GO:0006351,DNA-templated transcription,0.0004837275519522836,True,"""The synthesis of an RNA transcript from a DNA template."" [GOC:jl, GOC:txnOH]",3549,221,68,21026,0.3076923076923077,0.019160326852634545,query_1,"['GO:0010467', 'GO:0032774']","['ACTR3', 'ARID1A', 'ARID2', 'ATAD2', 'ATXN7L3', 'BIRC2', 'BRD8', 'BRMS1', 'BRPF1', 'BTAF1', 'C1D', 'CCNC', 'CCND1', 'CCNE1', 'CDK4', 'CEP350', 'CITED2', 'CNOT2', 'DICER1', 'DPRX', 'E2F3', 'ELOF1', 'FBXW11', 'GATAD1', 'H1-2', 'HAMP', 'HSF1', 'ILK', 'KAT6A', 'KDM2A', 'KMT2A', 'KMT2B', 'KMT5A', 'L3MBTL3', 'LIN52', 'LIN54', 'MECOM', 'MED1', 'MED25', 'MEN1', 'MTERF3', 'MYBL2', 'NELFB', 'PAX8', 'PCBD2', 'PCGF1', 'POLR2M', 'RAF1', 'RELA', 'RNF31', 'SLC30A9', 'SMARCA4', 'SMARCA5', 'SOX17', 'SUPT3H', 'SUPT7L', 'SUZ12', 'TDG', 'TRAF2', 'TTF2', 'VEZF1', 'WT1', 'WWTR1', 'ZEB1', 'ZFP69', 'ZNF496', 'ZNF780B', 'ZNF875']","[['IDA'], ['IDA', 'IBA', 'TAS', 'NAS'], ['NAS', 'IEA'], ['IDA', 'IBA'], ['IDA', 'IBA', 'NAS', 'IEA'], ['IEA'], ['IDA', 'NAS', 'IEA'], ['IDA', 'IBA', 'NAS'], ['IDA', 'IBA'], ['IDA'], ['IEA'], ['IDA', 'IBA', 'IEA'], ['IDA', 'IEA'], ['IEA'], ['TAS'], ['IEA'], ['IDA', 'IMP', 'ISS', 'IEA'], ['IDA', 'NAS', 'IEA'], ['ISS'], ['IBA', 'IEA'], ['IDA', 'IBA', 'TAS', 'IEA'], ['IBA'], ['IMP', 'ISS', 'IEA'], ['IEA'], ['IEA'], ['ISS', 'IEA'], ['IDA', 'IMP', 'IBA', 'IEA'], ['IMP'], ['IDA', 'ISS', 'IBA', 'IEA'], ['IMP', 'IBA', 'IEA'], ['IDA', 'IMP', 'IBA', 'IEA'], ['IBA', 'IEA'], ['IDA', 'IMP', 'IBA'], ['IMP', 'IBA', 'IEA'], ['IEA'], ['IBA'], ['IDA', 'IBA', 'IEA'], ['IDA', 'IMP', 'ISS', 'IBA', 'NAS', 'IEA'], ['IDA', 'IMP', 'IBA', 'NAS'], ['IDA', 'IMP', 'IBA'], ['IMP', 'IBA', 'IEA'], ['IDA', 'IBA'], ['IDA', 'ISS', 'IBA', 'IEA'], ['IDA', 'ISS', 'IBA', 'IEA'], ['IDA'], ['IBA', 'TAS'], ['IEA'], ['IEA'], ['IDA', 'IMP', 'IGI', 'ISS', 'IBA', 'NAS', 'IEA'], ['IDA'], ['IEA'], ['IDA', 'IMP', 'IGI', 'ISS', 'IBA', 'TAS', 'NAS', 'IEA'], ['IDA', 'ISO', 'IBA', 'TAS', 'NAS', 'IEA'], ['IDA', 'ISS', 'IBA', 'IEA'], ['IDA', 'TAS', 'NAS', 'IEA'], ['NAS'], ['IEA'], ['IEA'], ['IDA', 'IMP'], ['TAS', 'IEA'], ['IDA', 'IBA'], ['IDA', 'IMP', 'IGI', 'ISS', 'IBA', 'NAS', 'IEA'], ['IBA', 'NAS', 'IEA'], ['IDA', 'IMP', 'IBA', 'TAS', 'IEA'], ['IBA', 'IEA'], ['ISS', 'IBA', 'IEA'], ['IBA', 'IEA'], ['IBA', 'IEA']]"
GO:BP,GO:1901990,regulation of mitotic cell cycle phase transition,0.0008477659885776228,True,"""Any process that modulates the frequency, rate or extent of mitotic cell cycle phase transition."" [GOC:mtg_cell_cycle, GOC:TermGenie, PMID:22841721]",327,221,16,21026,0.07239819004524888,0.04892966360856269,query_1,"['GO:0007346', 'GO:0044772', 'GO:1901987']","['APC', 'ARID1A', 'ARID2', 'CCND1', 'CCNE1', 'CDK4', 'EIF4G1', 'FZR1', 'MAD2L1BP', 'MIIP', 'NSMCE2', 'PSME3', 'RAD51B', 'SMARCA4', 'VPS4B', 'ZFP36L1']","[['IMP'], ['NAS'], ['NAS'], ['IDA', 'IBA', 'IEA'], ['IBA'], ['IDA', 'IBA'], ['IMP'], ['IDA'], ['IMP', 'IEA'], ['IEA'], ['IMP'], ['IBA', 'IEA'], ['IMP'], ['NAS'], ['IMP'], ['ISS', 'IEA']]"
GO:BP,GO:0006355,regulation of DNA-templated transcription,0.0012110635596104592,True,"""Any process that modulates the frequency, rate or extent of cellular DNA-templated transcription."" [GOC:go_curators, GOC:txnOH]",3409,221,65,21026,0.29411764705882354,0.019067175124669992,query_1,"['GO:0006351', 'GO:0010468', 'GO:2001141']","['ACTR3', 'ARID1A', 'ARID2', 'ATAD2', 'ATXN7L3', 'BIRC2', 'BRD8', 'BRMS1', 'BRPF1', 'BTAF1', 'C1D', 'CCNC', 'CCND1', 'CCNE1', 'CDK4', 'CEP350', 'CITED2', 'CNOT2', 'DICER1', 'DPRX', 'E2F3', 'FBXW11', 'GATAD1', 'H1-2', 'HAMP', 'HSF1', 'ILK', 'KAT6A', 'KDM2A', 'KMT2A', 'KMT2B', 'KMT5A', 'L3MBTL3', 'LIN52', 'LIN54', 'MECOM', 'MED1', 'MED25', 'MEN1', 'MTERF3', 'MYBL2', 'NELFB', 'PAX8', 'PCBD2', 'PCGF1', 'RAF1', 'RELA', 'RNF31', 'SLC30A9', 'SMARCA4', 'SMARCA5', 'SOX17', 'SUPT3H', 'SUPT7L', 'SUZ12', 'TDG', 'TRAF2', 'VEZF1', 'WT1', 'WWTR1', 'ZEB1', 'ZFP69', 'ZNF496', 'ZNF780B', 'ZNF875']","[['IDA'], ['IDA', 'IBA', 'NAS'], ['NAS', 'IEA'], ['IDA'], ['IDA', 'IBA', 'NAS', 'IEA'], ['IEA'], ['IDA', 'NAS', 'IEA'], ['IDA', 'IBA', 'NAS'], ['IDA', 'IBA'], ['IDA'], ['IEA'], ['IDA', 'IBA', 'IEA'], ['IDA', 'IEA'], ['IEA'], ['TAS'], ['IEA'], ['IDA', 'IMP', 'ISS', 'IEA'], ['IDA', 'NAS', 'IEA'], ['ISS'], ['IBA', 'IEA'], ['IDA', 'IBA', 'IEA'], ['IMP', 'ISS', 'IEA'], ['IEA'], ['IEA'], ['ISS', 'IEA'], ['IDA', 'IMP', 'IBA', 'IEA'], ['IMP'], ['IDA', 'ISS', 'IBA', 'IEA'], ['IMP', 'IBA', 'IEA'], ['IDA', 'IMP', 'IBA', 'IEA'], ['IBA', 'IEA'], ['IDA', 'IMP', 'IBA'], ['IMP', 'IBA', 'IEA'], ['IEA'], ['IBA'], ['IDA', 'IBA', 'IEA'], ['IDA', 'IMP', 'ISS', 'IBA', 'NAS', 'IEA'], ['IDA', 'IMP', 'IBA', 'NAS'], ['IDA', 'IMP', 'IBA'], ['IMP', 'IEA'], ['IDA', 'IBA'], ['IDA', 'ISS', 'IBA', 'IEA'], ['IDA', 'ISS', 'IBA', 'IEA'], ['IDA'], ['IBA', 'TAS'], ['IEA'], ['IDA', 'IMP', 'IGI', 'ISS', 'IBA', 'NAS', 'IEA'], ['IDA'], ['IEA'], ['IDA', 'IMP', 'IGI', 'IBA', 'TAS', 'NAS', 'IEA'], ['IDA', 'ISO', 'IBA', 'TAS', 'NAS', 'IEA'], ['IDA', 'ISS', 'IBA', 'IEA'], ['IDA', 'TAS', 'NAS'], ['NAS'], ['IEA'], ['IEA'], ['IDA', 'IMP'], ['IDA', 'IBA'], ['IDA', 'IMP', 'IGI', 'ISS', 'IBA', 'NAS', 'IEA'], ['IBA', 'NAS', 'IEA'], ['IDA', 'IMP', 'IBA', 'TAS', 'IEA'], ['IBA', 'IEA'], ['ISS', 'IBA', 'IEA'], ['IBA', 'IEA'], ['IBA', 'IEA']]"
GO:BP,GO:0006950,response to stress,0.0012709356046364223,True,"""Any process that results in a change in state or activity of a cell or an organism (in terms of movement, secretion, enzyme production, gene expression, etc.) as a result of a disturbance in organismal or cellular homeostasis, usually, but not necessarily, exogenous (e.g. temperature, humidity, ionizing radiation)."" [GOC:mah]",3948,221,72,21026,0.3257918552036199,0.0182370820668693,query_1,['GO:0050896'],"['ACTR3', 'APC', 'ARID1A', 'ARID2', 'ATXN7L3', 'BIRC2', 'BRD8', 'CCND1', 'CITED2', 'DCLRE1B', 'EIF4G1', 'FZR1', 'G6PD', 'GCN1', 'GGN', 'GSDMC', 'HAMP', 'HAPSTR1', 'HSF1', 'ILK', 'KAT6A', 'KDM2A', 'KMT5A', 'KRT8', 'LGALS4', 'LSM14A', 'MAP3K7', 'MED1', 'MEN1', 'METAP1', 'MFN2', 'MIOS', 'NCCRP1', 'NSMCE2', 'PLAA', 'PPP2R3C', 'PPP4R2', 'RAD51B', 'RAD51D', 'RAF1', 'RASGRP4', 'RELA', 'RICTOR', 'RNF31', 'SEC16A', 'SKP2', 'SLC30A9', 'SMARCA4', 'SMARCA5', 'SNAP23', 'STX4', 'STXBP3', 'SUPT3H', 'SUPT7L', 'TARM1', 'TDG', 'TMED2', 'TRAF2', 'TTC4', 'TTF2', 'TXNRD1', 'UBE2J2', 'UBQLN4', 'USP1', 'VEZF1', 'VPS4B', 'WDR48', 'XPR1', 'XRCC2', 'YTHDF2', 'ZDHHC11', 'ZFP36L1']","[['IEA'], ['IDA'], ['NAS'], ['IMP', 'NAS'], ['NAS'], ['TAS', 'IEA'], ['IDA', 'NAS'], ['IDA', 'IEA'], ['IDA', 'IMP', 'IEA'], ['IMP', 'IBA', 'IEA'], ['IMP', 'TAS', 'IEA'], ['IDA', 'ISS', 'IEA'], ['IMP'], ['ISS', 'IBA', 'IEA'], ['IEA'], ['IBA'], ['IBA', 'IEA'], ['IDA'], ['IDA', 'IMP', 'IEA'], ['HMP'], ['IMP'], ['IMP'], ['IDA', 'IMP', 'IBA'], ['IEA'], ['IEA'], ['IEA'], ['IDA', 'TAS', 'IEA'], ['IEA'], ['IDA', 'NAS'], ['HMP'], ['IEA'], ['IMP', 'IBA'], ['IBA'], ['IMP', 'IBA', 'NAS', 'IEA'], ['IEA'], ['IEA'], ['IMP'], ['IMP', 'IBA', 'TAS', 'IEA'], ['IMP', 'IBA', 'TAS', 'IEA'], ['TAS'], ['ISS', 'IEA'], ['IDA', 'ISS', 'IBA', 'NAS', 'IEA'], ['IEA'], ['IDA'], ['IDA'], ['IDA', 'IMP', 'IEA'], ['TAS'], ['NAS'], ['IDA', 'NAS'], ['IMP'], ['IDA', 'IEA'], ['IMP', 'IEA'], ['NAS'], ['NAS'], ['IEA'], ['IDA', 'IBA', 'TAS', 'IEA'], ['IEA'], ['IDA', 'TAS', 'NAS'], ['IMP', 'IEA'], ['IBA'], ['IEA'], ['IMP', 'IBA', 'IEA'], ['IDA', 'IEA'], ['IDA', 'TAS', 'IEA'], ['TAS'], ['NAS'], ['IDA', 'IBA', 'IEA'], ['IBA'], ['IMP', 'IGI', 'IBA', 'TAS', 'IEA'], ['IMP', 'IEA'], ['IMP'], ['IDA', 'IMP', 'ISS', 'IEA']]"
GO:BP,GO:0010564,regulation of cell cycle process,0.001363359622470539,True,"""Any process that modulates a cellular process that is involved in the progression of biochemical and morphological phases and events that occur in a cell during successive cell replication or nuclear replication events."" [GOC:dph, GOC:tb]",720,221,24,21026,0.1085972850678733,0.03333333333333333,query_1,"['GO:0022402', 'GO:0051726']","['APC', 'ARID1A', 'ARID2', 'CCND1', 'CCNE1', 'CDK4', 'CIT', 'EIF4G1', 'FZR1', 'KIF20A', 'KIF2C', 'MAD2L1BP', 'MED1', 'MIIP', 'NSMCE2', 'PSME3', 'RAD51B', 'SMARCA4', 'SMARCA5', 'SPAG5', 'TACC3', 'VPS4B', 'YTHDF2', 'ZFP36L1']","[['IDA', 'IMP', 'NAS'], ['NAS'], ['NAS'], ['IDA', 'IBA', 'IEA'], ['IBA'], ['IDA', 'IBA'], ['IMP'], ['IMP'], ['IDA', 'IEA'], ['IDA'], ['IMP'], ['IMP', 'IEA'], ['IEA'], ['IEA'], ['IMP'], ['IBA', 'IEA'], ['IMP'], ['NAS'], ['IDA', 'IMP'], ['IMP', 'IEA'], ['IMP'], ['IMP'], ['ISS', 'IEA'], ['ISS', 'IEA']]"
GO:BP,GO:2001141,regulation of RNA biosynthetic process,0.001480547840184894,True,"""Any process that modulates the frequency, rate or extent of RNA biosynthetic process."" [GOC:dph]",3428,221,65,21026,0.29411764705882354,0.018961493582263712,query_1,"['GO:0010556', 'GO:0032774', 'GO:0051252']","['ACTR3', 'ARID1A', 'ARID2', 'ATAD2', 'ATXN7L3', 'BIRC2', 'BRD8', 'BRMS1', 'BRPF1', 'BTAF1', 'C1D', 'CCNC', 'CCND1', 'CCNE1', 'CDK4', 'CEP350', 'CITED2', 'CNOT2', 'DICER1', 'DPRX', 'E2F3', 'FBXW11', 'GATAD1', 'H1-2', 'HAMP', 'HSF1', 'ILK', 'KAT6A', 'KDM2A', 'KMT2A', 'KMT2B', 'KMT5A', 'L3MBTL3', 'LIN52', 'LIN54', 'MECOM', 'MED1', 'MED25', 'MEN1', 'MTERF3', 'MYBL2', 'NELFB', 'PAX8', 'PCBD2', 'PCGF1', 'RAF1', 'RELA', 'RNF31', 'SLC30A9', 'SMARCA4', 'SMARCA5', 'SOX17', 'SUPT3H', 'SUPT7L', 'SUZ12', 'TDG', 'TRAF2', 'VEZF1', 'WT1', 'WWTR1', 'ZEB1', 'ZFP69', 'ZNF496', 'ZNF780B', 'ZNF875']","[['IDA'], ['IDA', 'IBA', 'NAS'], ['NAS', 'IEA'], ['IDA'], ['IDA', 'IBA', 'NAS', 'IEA'], ['IEA'], ['IDA', 'NAS', 'IEA'], ['IDA', 'IBA', 'NAS'], ['IDA', 'IBA'], ['IDA'], ['IEA'], ['IDA', 'IBA', 'IEA'], ['IDA', 'IEA'], ['IEA'], ['TAS'], ['IEA'], ['IDA', 'IMP', 'ISS', 'IEA'], ['IDA', 'NAS', 'IEA'], ['ISS'], ['IBA', 'IEA'], ['IDA', 'IBA', 'IEA'], ['IMP', 'ISS', 'IEA'], ['IEA'], ['IEA'], ['ISS', 'IEA'], ['IDA', 'IMP', 'IBA', 'IEA'], ['IMP'], ['IDA', 'ISS', 'IBA', 'IEA'], ['IMP', 'IBA', 'IEA'], ['IDA', 'IMP', 'IBA', 'IEA'], ['IBA', 'IEA'], ['IDA', 'IMP', 'IBA'], ['IMP', 'IBA', 'IEA'], ['IEA'], ['IBA'], ['IDA', 'IBA', 'IEA'], ['IDA', 'IMP', 'ISS', 'IBA', 'NAS', 'IEA'], ['IDA', 'IMP', 'IBA', 'NAS'], ['IDA', 'IMP', 'IBA'], ['IMP', 'IEA'], ['IDA', 'IBA'], ['IDA', 'ISS', 'IBA', 'IEA'], ['IDA', 'ISS', 'IBA', 'IEA'], ['IDA'], ['IBA', 'TAS'], ['IEA'], ['IDA', 'IMP', 'IGI', 'ISS', 'IBA', 'NAS', 'IEA'], ['IDA'], ['IEA'], ['IDA', 'IMP', 'IGI', 'IBA', 'TAS', 'NAS', 'IEA'], ['IDA', 'ISO', 'IBA', 'TAS', 'NAS', 'IEA'], ['IDA', 'ISS', 'IBA', 'IEA'], ['IDA', 'TAS', 'NAS'], ['NAS'], ['IEA'], ['IEA'], ['IDA', 'IMP'], ['IDA', 'IBA'], ['IDA', 'IMP', 'IGI', 'ISS', 'IBA', 'NAS', 'IEA'], ['IBA', 'NAS', 'IEA'], ['IDA', 'IMP', 'IBA', 'TAS', 'IEA'], ['IBA', 'IEA'], ['ISS', 'IBA', 'IEA'], ['IBA', 'IEA'], ['IBA', 'IEA']]"
GO:BP,GO:0042127,regulation of cell population proliferation,0.001878384647922042,True,"""Any process that modulates the frequency, rate or extent of cell proliferation."" [GOC:jl]",1685,221,40,21026,0.18099547511312217,0.02373887240356083,query_1,"['GO:0008283', 'GO:0050794']","['APC', 'ARID2', 'BIRC2', 'CCND1', 'CCNE1', 'CDK4', 'CFDP1', 'CITED2', 'DICER1', 'E2F3', 'FRS2', 'FZR1', 'GLMN', 'ILK', 'KMT2A', 'KRAS', 'LST1', 'MAP3K7', 'MED1', 'MED25', 'MEN1', 'MFN2', 'NCCRP1', 'PDCD2', 'PDS5B', 'RAD51B', 'RAF1', 'RELA', 'RICTOR', 'SLC25A5', 'SLC7A1', 'SMARCA4', 'SOX17', 'STX4', 'SUZ12', 'WDR48', 'WT1', 'WWTR1', 'ZEB1', 'ZFP36L1']","[['IDA'], ['IDA'], ['TAS'], ['IEA'], ['IMP'], ['IMP', 'IEA'], ['IEA'], ['IEA'], ['ISS'], ['ISS', 'IEA'], ['IEA'], ['IEA'], ['IDA'], ['IEA'], ['IEA'], ['IEA'], ['IDA'], ['IEA'], ['IMP', 'IEA'], ['IMP'], ['IDA', 'IBA'], ['IMP', 'ISS'], ['IDA'], ['IMP'], ['IDA'], ['IEA'], ['IDA'], ['IDA'], ['IEA'], ['IMP'], ['IMP'], ['NAS'], ['IEA'], ['IMP'], ['IEA'], ['IEA'], ['IDA', 'ISS', 'IBA'], ['IDA'], ['IEA'], ['IMP', 'ISS', 'IEA']]"
GO:BP,GO:0000070,mitotic sister chromatid segregation,0.0020823734424663958,True,"""The cell cycle process in which replicated homologous chromosomes are organized and then physically separated and apportioned to two sets during the mitotic cell cycle. Each replicated chromosome, composed of two sister chromatids, aligns at the cell equator, paired with its homologous partner. One homolog of each morphologic type goes into each of the resulting chromosome sets."" [GOC:ai, GOC:jl]",193,221,12,21026,0.05429864253393665,0.06217616580310881,query_1,"['GO:0000819', 'GO:0140014', 'GO:1903047']","['APC', 'CENPI', 'KIF2C', 'KIF4A', 'KMT5A', 'LSM14A', 'MAD2L1BP', 'MYBL2', 'NSMCE2', 'SMARCA5', 'SPAG5', 'VPS4B']","[['IMP'], ['IBA'], ['IMP'], ['IMP'], ['TAS'], ['IMP'], ['IMP'], ['IEA'], ['IMP'], ['IDA', 'IMP'], ['IMP'], ['IMP']]"
GO:BP,GO:0048523,negative regulation of cellular process,0.004569848439691303,True,"""Any process that stops, prevents, or reduces the frequency, rate or extent of a cellular process, any of those that are carried out at the cellular level, but are not necessarily restricted to a single cell. For example, cell communication occurs among more than one cell, but occurs at the cellular level."" [GOC:jid]",5629,221,91,21026,0.4117647058823529,0.016166281755196306,query_1,"['GO:0009987', 'GO:0048519', 'GO:0050794']","['APC', 'APLP1', 'ARID2', 'ATP2B1', 'BIRC2', 'BRMS1', 'BTAF1', 'C1D', 'CCNC', 'CCND1', 'CCNE1', 'CFDP1', 'CIT', 'CITED2', 'CNOT2', 'DICER1', 'DOCK7', 'E2F3', 'EIF4G1', 'FBXW11', 'FRS2', 'FZR1', 'G6PD', 'GLMN', 'H1-2', 'HAMP', 'HAPSTR1', 'HSF1', 'ILK', 'KAT6A', 'KCTD10', 'KDM2A', 'KMT2A', 'KMT5A', 'KRAS', 'L3MBTL3', 'LMNB1', 'LSM14A', 'LST1', 'MAD2L1BP', 'MAEA', 'MAP3K7', 'MECOM', 'MED1', 'MED25', 'MEN1', 'MFN2', 'MIB1', 'MIIP', 'MIOS', 'MOB4', 'MTERF3', 'NELFB', 'PARD3', 'PARL', 'PARN', 'PAX8', 'PCGF1', 'PDS5B', 'PFDN1', 'PI16', 'PLAA', 'PSME3', 'RAF1', 'RELA', 'RHPN1', 'RICTOR', 'RNF31', 'SAMD4B', 'SLC25A5', 'SMARCA4', 'SMARCA5', 'SOX17', 'STRIP1', 'STXBP3', 'SUZ12', 'TARM1', 'TDG', 'TMED2', 'TRAF2', 'TWF1', 'UBQLN4', 'VBP1', 'VPS4B', 'WT1', 'WWTR1', 'XRCC2', 'YTHDC1', 'YTHDF2', 'ZEB1', 'ZFP36L1']","[['IDA', 'IMP', 'IGI', 'IBA', 'NAS', 'IC', 'IEA'], ['IDA'], ['IDA'], ['ISS', 'IEA'], ['IDA', 'IBA', 'TAS', 'IEA'], ['IDA', 'IBA', 'NAS'], ['IDA'], ['IEA'], ['IDA'], ['IDA', 'IEA'], ['IEA'], ['IEA'], ['IMP'], ['IDA', 'IMP', 'ISS', 'IEA'], ['IDA', 'IMP', 'IBA', 'NAS', 'IEA'], ['IDA', 'IMP', 'ISS', 'IBA', 'TAS', 'IEA'], ['ISS'], ['ISS', 'IEA'], ['IDA', 'IMP', 'TAS'], ['IMP', 'IEA'], ['IGI'], ['IDA', 'ISS', 'IEA'], ['IMP', 'IEA'], ['IDA'], ['IBA', 'IEA'], ['IDA', 'ISS', 'IBA', 'IEA'], ['IMP'], ['IDA', 'IMP', 'IEA'], ['IEA'], ['IDA', 'IEA'], ['IBA'], ['IMP'], ['IMP', 'IEA'], ['IDA', 'IMP'], ['IEA'], ['IMP', 'IBA'], ['IBA'], ['IMP'], ['IDA'], ['IMP'], ['IDA'], ['IEA'], ['IDA', 'IMP'], ['IMP', 'ISS', 'IEA'], ['IMP'], ['IDA', 'IMP', 'IGI', 'IBA'], ['IDA', 'ISS'], ['IEA'], ['IEA'], ['NAS'], ['IDA'], ['IMP', 'IEA'], ['IDA', 'ISS', 'IBA', 'IEA'], ['ISS'], ['IEA'], ['IMP', 'IBA', 'IEA'], ['ISS', 'IEA'], ['IBA'], ['IDA'], ['IDA'], ['IEA'], ['ISS', 'IEA'], ['IDA'], ['IDA', 'IEA'], ['IDA', 'IMP', 'IEA'], ['IBA'], ['NAS'], ['IEA'], ['IBA', 'IEA'], ['IMP', 'IBA'], ['IDA', 'IMP', 'TAS', 'NAS'], ['IDA', 'IMP', 'ISO', 'IEA'], ['IMP', 'ISS', 'IBA', 'IEA'], ['IDA'], ['IMP', 'IEA'], ['IMP', 'IEA'], ['IDA'], ['IEA'], ['IEA'], ['IEA'], ['ISS', 'IBA', 'IEA'], ['IDA', 'IMP'], ['IDA'], ['IMP'], ['IDA', 'IMP', 'IGI', 'ISS', 'IBA'], ['IMP', 'IGI', 'IEA'], ['IEA'], ['IDA', 'IEA'], ['IDA', 'IMP', 'ISS', 'IBA', 'IEA'], ['IDA', 'IMP', 'TAS', 'IEA'], ['IDA', 'IMP', 'ISS', 'IEA']]"
GO:BP,GO:0051640,organelle localization,0.00553392519297626,True,"""Any process in which an organelle is transported to, and/or maintained in, a specific location."" [GOC:ai]",620,221,21,21026,0.09502262443438914,0.03387096774193549,query_1,['GO:0051179'],"['ACTR3', 'APC', 'DNM1L', 'DOCK7', 'FBXW11', 'KIF2C', 'LMNB1', 'MARK2', 'MFN2', 'PARD3', 'POLR2M', 'RAB6A', 'SEC16A', 'SNAP23', 'SPAG5', 'STX4', 'STXBP3', 'TMED10', 'TMED2', 'VPS4B', 'VTI1B']","[['IEA'], ['IMP', 'NAS'], ['IMP', 'IBA', 'IEA'], ['ISS'], ['IBA'], ['IMP'], ['IBA'], ['NAS'], ['IDA', 'IBA'], ['IBA'], ['IBA', 'IEA'], ['TAS'], ['IMP', 'IEA'], ['IMP', 'TAS'], ['IMP', 'IEA'], ['IBA'], ['IBA'], ['IDA', 'ISS', 'TAS', 'IEA'], ['TAS'], ['IMP'], ['TAS']]"
GO:BP,GO:2000779,regulation of double-strand break repair,0.005913520699786236,True,"""Any process that modulates the frequency, rate or extent of double-strand break repair."" [GOC:BHF]",143,221,10,21026,0.04524886877828054,0.06993006993006994,query_1,"['GO:0006282', 'GO:0006302']","['ARID1A', 'ARID2', 'BRD8', 'HSF1', 'KMT5A', 'PPP4R2', 'SKP2', 'SMARCA4', 'UBQLN4', 'WDR48']","[['NAS'], ['IMP', 'NAS'], ['IDA', 'NAS'], ['IMP'], ['IDA'], ['IMP'], ['IDA', 'IEA'], ['NAS'], ['IDA'], ['IDA']]"
GO:BP,GO:0044770,cell cycle phase transition,0.00793379922663604,True,"""The cell cycle process by which a cell commits to entering the next cell cycle phase."" [GOC:mtg_cell_cycle]",532,221,19,21026,0.08597285067873303,0.03571428571428571,query_1,['GO:0022402'],"['APC', 'ARID1A', 'ARID2', 'CCND1', 'CCNE1', 'CDK4', 'E2F3', 'EIF4G1', 'FZR1', 'MAD2L1BP', 'MIIP', 'NSMCE2', 'PSME3', 'RAD51B', 'SKP2', 'SMARCA4', 'TACC3', 'VPS4B', 'ZFP36L1']","[['IDA', 'IMP'], ['NAS'], ['NAS'], ['IDA', 'IBA', 'TAS', 'NAS', 'IEA'], ['IMP', 'IBA', 'NAS'], ['IDA', 'IMP', 'IBA', 'NAS'], ['IDA'], ['IMP'], ['IDA'], ['IMP', 'IEA'], ['IEA'], ['IMP'], ['IBA', 'IEA'], ['IMP'], ['IBA', 'TAS', 'IEA'], ['NAS'], ['IMP'], ['IMP'], ['ISS', 'IEA']]"
GO:BP,GO:0007346,regulation of mitotic cell cycle,0.010348018256005492,True,"""Any process that modulates the rate or extent of progress through the mitotic cell cycle."" [GOC:dph, GOC:go_curators, GOC:tb]",492,221,18,21026,0.08144796380090498,0.036585365853658534,query_1,"['GO:0000278', 'GO:0051726']","['APC', 'ARID1A', 'ARID2', 'CCND1', 'CCNE1', 'CDK4', 'EIF4G1', 'FZR1', 'HSF1', 'MAD2L1BP', 'MAEA', 'MIIP', 'NSMCE2', 'PSME3', 'RAD51B', 'SMARCA4', 'VPS4B', 'ZFP36L1']","[['IMP'], ['NAS'], ['NAS'], ['IDA', 'IBA', 'IEA'], ['IBA'], ['IDA', 'IBA'], ['IMP'], ['IDA', 'NAS'], ['IMP'], ['IMP', 'IEA'], ['NAS'], ['IEA'], ['IMP'], ['IBA', 'IEA'], ['IMP'], ['NAS'], ['IMP'], ['ISS', 'IEA']]"
GO:BP,GO:0000724,double-strand break repair via homologous recombination,0.01065147888640679,True,"""The error-free repair of a double-strand break in DNA in which the broken DNA molecule is repaired using homologous sequences. A strand in the broken DNA searches for a homologous region in an intact chromosome to serve as the template for DNA synthesis. The restoration of two intact DNA molecules results in the exchange, reciprocal or nonreciprocal, of genetic material between the intact DNA molecule and the broken DNA molecule."" [GOC:elh, PMID:10357855]",188,221,11,21026,0.049773755656108594,0.05851063829787234,query_1,"['GO:0000725', 'GO:0006302']","['ARID2', 'BRD8', 'KMT5A', 'NSMCE2', 'PPP4R2', 'RAD51B', 'RAD51D', 'SKP2', 'UBQLN4', 'WDR48', 'XRCC2']","[['IMP'], ['IDA'], ['IDA'], ['IMP', 'IBA', 'NAS', 'IEA'], ['IMP'], ['IMP', 'IBA', 'IEA'], ['IMP', 'IBA'], ['IDA', 'IEA'], ['IDA'], ['IDA', 'IBA', 'IEA'], ['IMP', 'IBA', 'IEA']]"
GO:BP,GO:0009057,macromolecule catabolic process,0.01118730168544463,True,"""The chemical reactions and pathways resulting in the breakdown of a macromolecule, any molecule of high relative molecular mass, the structure of which essentially comprises the multiple repetition of units derived, actually or conceptually, from molecules of low relative molecular mass."" [GOC:mah]",1417,221,34,21026,0.15384615384615385,0.02399435426958363,query_1,"['GO:0009056', 'GO:0043170']","['APC', 'BIRC2', 'CNOT2', 'DDA1', 'DICER1', 'EXOSC1', 'FBXW11', 'FZR1', 'GLMN', 'GRSF1', 'HAMP', 'HSF1', 'KCTD10', 'L3MBTL3', 'MAEA', 'MIB1', 'NCCRP1', 'PARN', 'PLAA', 'PSME3', 'RELA', 'SAMD4B', 'SKP2', 'SOX17', 'TRAF2', 'UBE2H', 'UBE2J2', 'UBQLN4', 'VPS4B', 'WDR26', 'WWTR1', 'YTHDC1', 'YTHDF2', 'ZFP36L1']","[['IGI', 'NAS', 'IC'], ['IDA'], ['IBA', 'NAS'], ['IBA', 'IEA'], ['IBA', 'TAS'], ['IDA'], ['IDA', 'IEA'], ['IDA', 'IBA', 'NAS', 'IEA'], ['IMP'], ['IDA', 'TAS'], ['IDA', 'IEA'], ['IEA'], ['IDA', 'ISS', 'IBA'], ['IMP', 'IEA'], ['IBA', 'IEA'], ['IDA'], ['IBA'], ['IDA', 'IMP', 'IBA', 'IEA'], ['ISS', 'IBA', 'IEA'], ['IDA', 'IBA', 'IEA'], ['IEA'], ['IBA', 'IEA'], ['IMP', 'IBA', 'IEA'], ['IEA'], ['IEA'], ['IBA', 'TAS', 'IEA'], ['IMP', 'IBA'], ['IDA', 'IMP', 'IBA', 'IEA'], ['IMP'], ['IBA'], ['IEA'], ['IEA'], ['IDA', 'IMP', 'IBA', 'IEA'], ['IDA', 'IMP', 'ISS', 'IEA']]"
GO:BP,GO:0010557,positive regulation of macromolecule biosynthetic process,0.012665841735982078,True,"""Any process that increases the rate, frequency or extent of the chemical reactions and pathways resulting in the formation of a macromolecule, any molecule of high relative molecular mass, the structure of which essentially comprises the multiple repetition of units derived, actually or conceptually, from molecules of low relative molecular mass."" [GOC:dph, GOC:tb]",2593,221,51,21026,0.23076923076923078,0.019668337832626302,query_1,"['GO:0009059', 'GO:0009891', 'GO:0010556', 'GO:0010604']","['ACTR3', 'ARID1A', 'ATAD2', 'ATXN7L3', 'BIRC2', 'BRD8', 'BRPF1', 'CCNC', 'CITED2', 'E2F3', 'EIF4G1', 'FBXW11', 'GLMN', 'HAMP', 'HSF1', 'ILK', 'KAT6A', 'KMT2A', 'KMT2B', 'KRAS', 'MAP3K7', 'MECOM', 'MED1', 'MED25', 'MEN1', 'MYBL2', 'PARN', 'PAX8', 'PCBD2', 'RAF1', 'RELA', 'SLC30A9', 'SMARCA4', 'SMARCA5', 'SOX17', 'STX4', 'SUPT3H', 'SUPT7L', 'TDG', 'TMED10', 'TMED2', 'TRAF2', 'TRUB2', 'USP1', 'VEZF1', 'WT1', 'WWTR1', 'YTHDF2', 'ZEB1', 'ZNF496', 'ZNF780B']","[['IDA'], ['IDA', 'IBA', 'TAS'], ['IDA', 'IBA'], ['IDA', 'IBA', 'NAS', 'IEA'], ['IEA'], ['IDA', 'NAS', 'IEA'], ['IDA'], ['IDA', 'IBA', 'IEA'], ['IDA', 'ISS', 'IEA'], ['IDA', 'IEA'], ['IMP'], ['ISS', 'IEA'], ['IDA', 'IMP'], ['IEA'], ['IDA', 'IEA'], ['IMP'], ['IDA', 'IEA'], ['IDA', 'IMP', 'IBA', 'IEA'], ['IBA'], ['IMP', 'IEA'], ['IMP'], ['IDA', 'IEA'], ['IDA', 'IMP', 'NAS', 'IEA'], ['IDA', 'IBA', 'NAS'], ['IMP'], ['IDA', 'IBA'], ['IMP'], ['IDA', 'ISS', 'IEA'], ['IDA'], ['IEA'], ['IDA', 'IMP', 'IGI', 'ISS', 'IBA', 'NAS', 'IEA'], ['IEA'], ['IDA', 'IMP', 'IGI', 'ISS', 'IBA', 'IEA'], ['IDA', 'IBA', 'NAS', 'IEA'], ['IDA', 'ISS', 'IBA', 'IEA'], ['IMP'], ['NAS'], ['NAS'], ['TAS'], ['IMP', 'IEA'], ['IEA'], ['IMP', 'IEA'], ['IMP'], ['TAS'], ['IDA'], ['IDA', 'IMP', 'IGI'], ['IBA', 'IEA'], ['IDA'], ['IEA'], ['ISS', 'IEA'], ['IEA']]"
GO:BP,GO:0048285,organelle fission,0.012912757689855146,True,"""The creation of two or more organelles by division of one organelle."" [GOC:jid]",500,221,18,21026,0.08144796380090498,0.036,query_1,['GO:0006996'],"['ACTR3', 'APC', 'CCNE1', 'CENPI', 'DNM1L', 'FZR1', 'KIF2C', 'KIF4A', 'KMT5A', 'LSM14A', 'MAD2L1BP', 'MYBL2', 'NSMCE2', 'RAD51B', 'RAD51D', 'SMARCA5', 'SPAG5', 'VPS4B']","[['IEA'], ['IMP'], ['IEA'], ['IBA'], ['IDA', 'IMP', 'IBA', 'TAS', 'IEA'], ['IEA'], ['IMP'], ['IMP'], ['TAS'], ['IMP'], ['IMP', 'IEA'], ['IEA'], ['IMP'], ['TAS'], ['IBA', 'TAS'], ['IDA', 'IMP'], ['IMP'], ['IMP']]"
GO:BP,GO:0051052,regulation of DNA metabolic process,0.012912757689855146,True,"""Any process that modulates the frequency, rate or extent of the chemical reactions and pathways involving DNA."" [GOC:ai]",500,221,18,21026,0.08144796380090498,0.036,query_1,"['GO:0006259', 'GO:0019219', 'GO:0060255']","['ARID1A', 'ARID2', 'ATXN7L3', 'BRD8', 'H1-2', 'HSF1', 'KMT5A', 'NSMCE2', 'PARN', 'PPP4R2', 'SKP2', 'SMARCA4', 'SMARCA5', 'SUPT3H', 'SUPT7L', 'UBQLN4', 'USP1', 'WDR48']","[['NAS'], ['IMP', 'NAS'], ['NAS'], ['IDA', 'NAS'], ['IBA'], ['IMP', 'IEA'], ['IDA'], ['NAS'], ['IMP'], ['IMP'], ['IDA', 'IEA'], ['NAS'], ['IMP', 'IEA'], ['NAS'], ['NAS'], ['IDA'], ['IDA', 'TAS', 'IEA'], ['IDA']]"
GO:BP,GO:1901992,positive regulation of mitotic cell cycle phase transition,0.012933645676980103,True,"""Any process that activates or increases the frequency, rate or extent of mitotic cell cycle phase transition."" [GOC:mtg_cell_cycle, GOC:TermGenie, PMID:22841721]",93,221,8,21026,0.03619909502262444,0.08602150537634409,query_1,"['GO:0044772', 'GO:0045931', 'GO:1901989', 'GO:1901990']","['CCND1', 'CCNE1', 'CDK4', 'EIF4G1', 'MAD2L1BP', 'NSMCE2', 'RAD51B', 'VPS4B']","[['IDA', 'IBA'], ['IBA'], ['IDA'], ['IMP'], ['IMP'], ['IMP'], ['IMP'], ['IMP']]"
GO:BP,GO:0000280,nuclear division,0.013313968019546025,True,"""The division of a cell nucleus into two nuclei, with DNA and other nuclear contents distributed between the daughter nuclei."" [GOC:mah]",452,221,17,21026,0.07692307692307693,0.03761061946902655,query_1,['GO:0048285'],"['ACTR3', 'APC', 'CCNE1', 'CENPI', 'FZR1', 'KIF2C', 'KIF4A', 'KMT5A', 'LSM14A', 'MAD2L1BP', 'MYBL2', 'NSMCE2', 'RAD51B', 'RAD51D', 'SMARCA5', 'SPAG5', 'VPS4B']","[['IEA'], ['IMP'], ['IEA'], ['IBA'], ['IEA'], ['IMP'], ['IMP'], ['TAS'], ['IMP'], ['IMP', 'IEA'], ['IEA'], ['IMP'], ['TAS'], ['IBA', 'TAS'], ['IDA', 'IMP'], ['IMP'], ['IMP']]"
GO:BP,GO:0000725,recombinational repair,0.013688172534417621,True,"""A DNA repair process that involves the exchange, reciprocal or nonreciprocal, of genetic material between the broken DNA molecule and a homologous DNA region."" [GOC:elh]",193,221,11,21026,0.049773755656108594,0.05699481865284974,query_1,"['GO:0006281', 'GO:0006310']","['ARID2', 'BRD8', 'KMT5A', 'NSMCE2', 'PPP4R2', 'RAD51B', 'RAD51D', 'SKP2', 'UBQLN4', 'WDR48', 'XRCC2']","[['IMP'], ['IDA'], ['IDA'], ['IMP', 'IBA', 'NAS', 'IEA'], ['IMP'], ['IMP', 'IBA', 'IEA'], ['IMP', 'IBA'], ['IDA', 'IEA'], ['IDA'], ['IDA', 'IBA', 'IEA'], ['IMP', 'IBA', 'IEA']]"
GO:BP,GO:0045931,positive regulation of mitotic cell cycle,0.013818862179621085,True,"""Any process that activates or increases the rate or extent of progression through the mitotic cell cycle."" [GOC:dph, GOC:go_curators, GOC:tb]",124,221,9,21026,0.04072398190045249,0.07258064516129033,query_1,"['GO:0000278', 'GO:0007346', 'GO:0045787']","['CCND1', 'CCNE1', 'CDK4', 'EIF4G1', 'HSF1', 'MAD2L1BP', 'NSMCE2', 'RAD51B', 'VPS4B']","[['IDA', 'IBA'], ['IBA'], ['IDA'], ['IMP'], ['IMP'], ['IMP'], ['IMP'], ['IMP'], ['IMP']]"
GO:BP,GO:0045893,positive regulation of DNA-templated transcription,0.014565574158295276,True,"""Any process that activates or increases the frequency, rate or extent of cellular DNA-templated transcription."" [GOC:go_curators, GOC:txnOH]",1697,221,38,21026,0.17194570135746606,0.022392457277548614,query_1,"['GO:0006351', 'GO:0006355', 'GO:1902680']","['ACTR3', 'ARID1A', 'ATAD2', 'ATXN7L3', 'BIRC2', 'BRD8', 'BRPF1', 'CCNC', 'CITED2', 'E2F3', 'FBXW11', 'HAMP', 'HSF1', 'ILK', 'KAT6A', 'KMT2A', 'KMT2B', 'MECOM', 'MED1', 'MED25', 'MEN1', 'MYBL2', 'PAX8', 'PCBD2', 'RAF1', 'RELA', 'SLC30A9', 'SMARCA4', 'SMARCA5', 'SOX17', 'SUPT3H', 'SUPT7L', 'VEZF1', 'WT1', 'WWTR1', 'ZEB1', 'ZNF496', 'ZNF780B']","[['IDA'], ['IDA', 'IBA'], ['IDA'], ['IDA', 'IBA', 'NAS', 'IEA'], ['IEA'], ['IDA', 'NAS', 'IEA'], ['IDA'], ['IDA', 'IBA', 'IEA'], ['IDA', 'ISS', 'IEA'], ['IDA', 'IEA'], ['ISS', 'IEA'], ['IEA'], ['IDA'], ['IMP'], ['IDA'], ['IDA', 'IMP', 'IBA', 'IEA'], ['IBA'], ['IDA', 'IEA'], ['IDA', 'IMP', 'NAS', 'IEA'], ['IDA', 'IBA', 'NAS'], ['IMP'], ['IDA', 'IBA'], ['IDA', 'ISS', 'IEA'], ['IDA'], ['IEA'], ['IDA', 'IMP', 'IGI', 'ISS', 'IBA', 'NAS', 'IEA'], ['IEA'], ['IDA', 'IMP', 'IGI', 'IBA', 'IEA'], ['IDA', 'IBA', 'NAS', 'IEA'], ['IDA', 'ISS', 'IBA', 'IEA'], ['NAS'], ['NAS'], ['IDA'], ['IDA', 'IMP', 'IGI'], ['IBA', 'IEA'], ['IEA'], ['ISS', 'IEA'], ['IEA']]"
GO:BP,GO:1902680,positive regulation of RNA biosynthetic process,0.014965262814725093,True,"""Any process that activates or increases the frequency, rate or extent of RNA biosynthetic process."" [GO:jl, GO_REF:0000058, GOC:TermGenie]",1699,221,38,21026,0.17194570135746606,0.022366097704532076,query_1,"['GO:0010557', 'GO:0032774', 'GO:0051254', 'GO:2001141']","['ACTR3', 'ARID1A', 'ATAD2', 'ATXN7L3', 'BIRC2', 'BRD8', 'BRPF1', 'CCNC', 'CITED2', 'E2F3', 'FBXW11', 'HAMP', 'HSF1', 'ILK', 'KAT6A', 'KMT2A', 'KMT2B', 'MECOM', 'MED1', 'MED25', 'MEN1', 'MYBL2', 'PAX8', 'PCBD2', 'RAF1', 'RELA', 'SLC30A9', 'SMARCA4', 'SMARCA5', 'SOX17', 'SUPT3H', 'SUPT7L', 'VEZF1', 'WT1', 'WWTR1', 'ZEB1', 'ZNF496', 'ZNF780B']","[['IDA'], ['IDA', 'IBA'], ['IDA'], ['IDA', 'IBA', 'NAS', 'IEA'], ['IEA'], ['IDA', 'NAS', 'IEA'], ['IDA'], ['IDA', 'IBA', 'IEA'], ['IDA', 'ISS', 'IEA'], ['IDA', 'IEA'], ['ISS', 'IEA'], ['IEA'], ['IDA'], ['IMP'], ['IDA'], ['IDA', 'IMP', 'IBA', 'IEA'], ['IBA'], ['IDA', 'IEA'], ['IDA', 'IMP', 'NAS', 'IEA'], ['IDA', 'IBA', 'NAS'], ['IMP'], ['IDA', 'IBA'], ['IDA', 'ISS', 'IEA'], ['IDA'], ['IEA'], ['IDA', 'IMP', 'IGI', 'ISS', 'IBA', 'NAS', 'IEA'], ['IEA'], ['IDA', 'IMP', 'IGI', 'IBA', 'IEA'], ['IDA', 'IBA', 'NAS', 'IEA'], ['IDA', 'ISS', 'IBA', 'IEA'], ['NAS'], ['NAS'], ['IDA'], ['IDA', 'IMP', 'IGI'], ['IBA', 'IEA'], ['IEA'], ['ISS', 'IEA'], ['IEA']]"
GO:BP,GO:0010468,regulation of gene expression,0.015990958263834194,True,"""Any process that modulates the frequency, rate or extent of gene expression. Gene expression is the process in which a gene's coding sequence is converted into a mature gene product (protein or RNA)."" [GOC:txnOH-2018]",5536,221,88,21026,0.39819004524886875,0.015895953757225433,query_1,"['GO:0010467', 'GO:0010556']","['ACTR3', 'APLP1', 'ARID1A', 'ARID2', 'ATAD2', 'ATP2B1', 'ATXN7L3', 'BIRC2', 'BRD8', 'BRMS1', 'BRPF1', 'BTAF1', 'C1D', 'CCNC', 'CCND1', 'CCNE1', 'CDK4', 'CEP350', 'CITED2', 'CNOT2', 'DICER1', 'DNM1L', 'DPRX', 'E2F3', 'EIF4G1', 'FBXW11', 'GATAD1', 'GCN1', 'GLMN', 'GRSF1', 'H1-2', 'HAMP', 'HSF1', 'ILK', 'KAT6A', 'KDM2A', 'KMT2A', 'KMT2B', 'KMT5A', 'KRAS', 'L3MBTL3', 'LIN52', 'LIN54', 'LMNB1', 'LSM14A', 'MAP3K7', 'MECOM', 'MED1', 'MED25', 'MEN1', 'METAP1', 'MTERF3', 'MYBL2', 'NELFB', 'PARN', 'PAX8', 'PCBD2', 'PCGF1', 'PSTK', 'RAF1', 'RELA', 'RICTOR', 'RNF31', 'SAMD4B', 'SLC30A9', 'SMARCA4', 'SMARCA5', 'SOX17', 'STX4', 'SUPT3H', 'SUPT7L', 'SUZ12', 'TDG', 'TMED10', 'TMED2', 'TRAF2', 'TRUB2', 'VEZF1', 'WT1', 'WWTR1', 'YTHDC1', 'YTHDF2', 'ZEB1', 'ZFP36L1', 'ZFP69', 'ZNF496', 'ZNF780B', 'ZNF875']","[['IDA'], ['IEA'], ['IDA', 'IBA', 'TAS', 'NAS'], ['NAS', 'IEA'], ['IDA', 'IBA'], ['ISS', 'IEA'], ['IDA', 'IBA', 'NAS', 'IEA'], ['IEA'], ['IDA', 'NAS', 'IEA'], ['IDA', 'IBA', 'NAS', 'IEA'], ['IDA', 'IBA'], ['IDA'], ['IBA', 'IEA'], ['IDA', 'IBA', 'IEA'], ['IDA', 'IEA'], ['IEA'], ['IMP', 'IBA', 'TAS'], ['IEA'], ['IDA', 'IMP', 'ISS', 'IEA'], ['IDA', 'IBA', 'NAS', 'IEA'], ['IDA', 'IMP', 'ISS', 'IBA', 'TAS', 'IEA'], ['IEA'], ['IBA', 'IEA'], ['IDA', 'IBA', 'IEA'], ['IDA', 'IMP', 'TAS', 'NAS', 'IEA'], ['IMP', 'ISS', 'IEA'], ['IEA'], ['IBA', 'IEA'], ['IDA', 'IMP'], ['IBA'], ['IEA'], ['ISS', 'IEA'], ['IDA', 'IMP', 'IBA', 'IEA'], ['IMP'], ['IDA', 'ISS', 'IBA', 'IEA'], ['IMP', 'IBA', 'IEA'], ['IDA', 'IMP', 'ISS', 'IBA', 'IEA'], ['IBA', 'IEA'], ['IDA', 'IMP', 'IBA'], ['IMP', 'IEA'], ['IMP', 'IBA', 'IEA'], ['IEA'], ['IBA'], ['IBA'], ['IMP', 'IEA'], ['IMP', 'IEA'], ['IDA', 'IBA', 'IEA'], ['IDA', 'IMP', 'ISS', 'IBA', 'NAS', 'IEA'], ['IDA', 'IMP', 'IBA', 'NAS'], ['IDA', 'IMP', 'IBA'], ['TAS'], ['IMP', 'IEA'], ['IDA', 'IBA'], ['IDA', 'ISS', 'IBA', 'IEA'], ['IMP', 'IBA', 'IEA'], ['IDA', 'ISS', 'IBA', 'IEA'], ['IDA'], ['IBA', 'TAS'], ['IEA'], ['IEA'], ['IDA', 'IMP', 'IGI', 'ISS', 'IBA', 'NAS', 'IEA'], ['IEA'], ['IDA'], ['IBA', 'IEA'], ['IEA'], ['IDA', 'IMP', 'IGI', 'ISS', 'IBA', 'TAS', 'NAS', 'IEA'], ['IDA', 'ISO', 'IBA', 'TAS', 'NAS', 'IEA'], ['IDA', 'ISS', 'IBA', 'IEA'], ['IMP'], ['IDA', 'TAS', 'NAS'], ['NAS'], ['IEA'], ['ISS', 'TAS', 'IEA'], ['IMP', 'IEA'], ['IEA'], ['IDA', 'IMP', 'IEA'], ['IMP'], ['IDA', 'IBA'], ['IDA', 'IMP', 'IGI', 'ISS', 'IBA', 'NAS', 'IEA'], ['IBA', 'NAS', 'IEA'], ['IDA', 'ISS', 'IBA', 'IEA'], ['IDA', 'IMP', 'IBA', 'IEA'], ['IDA', 'IMP', 'IBA', 'TAS', 'IEA'], ['IDA', 'IMP', 'ISS', 'IEA'], ['IBA', 'IEA'], ['ISS', 'IBA', 'IEA'], ['IBA', 'IEA'], ['IBA', 'IEA']]"
GO:BP,GO:0048583,regulation of response to stimulus,0.017296804066716485,True,"""Any process that modulates the frequency, rate or extent of a response to a stimulus. Response to stimulus is a change in state or activity of a cell or an organism (in terms of movement, secretion, enzyme production, gene expression, etc.) as a result of a stimulus."" [GOC:jid]",3993,221,69,21026,0.31221719457013575,0.01728024042073629,query_1,"['GO:0050789', 'GO:0050896']","['APC', 'APLP1', 'ARHGAP29', 'ARID1A', 'ARID2', 'ATP2B1', 'ATXN7L3', 'BIRC2', 'BRD8', 'BRMS1', 'CCNC', 'CEP55', 'CIT', 'CITED2', 'CNOT2', 'DICER1', 'DNM1L', 'EIF4G1', 'FBXW11', 'FRS2', 'G6PD', 'HAMP', 'HAPSTR1', 'HSF1', 'ILK', 'KAT6A', 'KCTD10', 'KMT5A', 'KRAS', 'LSM14A', 'MAD2L1BP', 'MAP3K7', 'MECOM', 'MED1', 'MEN1', 'MFN2', 'MIOS', 'MOB4', 'PARL', 'PI16', 'PLEKHF1', 'PPP2R3C', 'PPP4R2', 'PSME3', 'RAF1', 'RASGRP4', 'RELA', 'RICTOR', 'RNF31', 'SKP2', 'SLC25A5', 'SMARCA4', 'SOX17', 'STRIP1', 'STX4', 'SUPT3H', 'SUPT7L', 'TARM1', 'TMED2', 'TRAF2', 'TWF1', 'UBQLN4', 'USP1', 'WDR48', 'WWTR1', 'YTHDF2', 'ZC3H3', 'ZDHHC11', 'ZEB1']","[['IMP', 'IGI', 'IBA', 'NAS', 'IC', 'IEA'], ['IDA'], ['TAS', 'IEA'], ['NAS'], ['IMP', 'NAS'], ['IMP'], ['NAS'], ['IEP', 'TAS', 'IEA'], ['IDA', 'NAS'], ['NAS'], ['IDA'], ['IEA'], ['IMP'], ['IDA', 'ISS', 'IEA'], ['IMP'], ['IDA'], ['IMP'], ['TAS'], ['IDA', 'IEA'], ['IEA'], ['IEA'], ['IEA'], ['IDA', 'IMP'], ['IDA', 'IMP'], ['IMP', 'IEA'], ['TAS'], ['IBA'], ['IDA', 'IMP', 'IBA', 'TAS'], ['IEA'], ['IEA'], ['IMP'], ['IDA', 'IMP', 'TAS', 'NAS', 'IEA'], ['IMP'], ['IEA'], ['IDA', 'IMP'], ['IDA'], ['IDA', 'IBA', 'NAS', 'IEA'], ['IDA'], ['IEA'], ['IEA'], ['IBA'], ['IEA'], ['IMP'], ['IDA'], ['IDA', 'TAS', 'IEA'], ['ISS', 'IEA'], ['IDA', 'IMP', 'IEP', 'ISS', 'IEA'], ['IDA', 'IMP', 'IBA', 'IEA'], ['IDA', 'IEA'], ['IDA', 'IEA'], ['IMP', 'IBA'], ['IDA', 'IMP', 'NAS'], ['IMP', 'ISS', 'IBA', 'IEA'], ['IDA'], ['IMP'], ['NAS'], ['NAS'], ['IBA'], ['IEA'], ['IDA', 'IMP', 'IBA', 'IEA'], ['IEA'], ['IDA'], ['IDA', 'TAS', 'IEA'], ['IDA'], ['IMP', 'IEA'], ['IMP', 'ISS'], ['IEA'], ['IMP'], ['IEA']]"
GO:BP,GO:0050794,regulation of cellular process,0.017303559343873086,True,"""Any process that modulates the frequency, rate or extent of a cellular process, any of those that are carried out at the cellular level, but are not necessarily restricted to a single cell. For example, cell communication occurs among more than one cell, but occurs at the cellular level."" [GOC:go_curators]",11946,221,157,21026,0.7104072398190046,0.01314247446844132,query_1,"['GO:0009987', 'GO:0050789']","['ACTR3', 'APC', 'APLP1', 'ARHGAP29', 'ARID1A', 'ARID2', 'ARPC2', 'ATAD2', 'ATP2B1', 'ATXN7L3', 'BIRC2', 'BRD8', 'BRMS1', 'BRPF1', 'BTAF1', 'C1D', 'CCNC', 'CCND1', 'CCNE1', 'CDK4', 'CEP350', 'CEP55', 'CFDP1', 'CIT', 'CITED2', 'CNOT2', 'DDA1', 'DICER1', 'DNM1L', 'DOCK7', 'DPRX', 'E2F3', 'EIF4G1', 'FBXW11', 'FRS2', 'FZR1', 'G6PD', 'GATAD1', 'GCN1', 'GLMN', 'GRSF1', 'H1-2', 'HAMP', 'HAPSTR1', 'HSF1', 'ILK', 'KAT6A', 'KCTD10', 'KDM2A', 'KIF20A', 'KIF2C', 'KMT2A', 'KMT2B', 'KMT5A', 'KRAS', 'KRT8', 'L3MBTL3', 'LIN52', 'LIN54', 'LMNB1', 'LRFN1', 'LSM14A', 'LST1', 'MAD2L1BP', 'MAEA', 'MAP3K7', 'MARK2', 'MECOM', 'MED1', 'MED25', 'MEN1', 'METAP1', 'MFN2', 'MIB1', 'MIIP', 'MIOS', 'MOB4', 'MTERF3', 'MYBL2', 'NCCRP1', 'NELFB', 'NSMCE2', 'PARD3', 'PARD6B', 'PARL', 'PARN', 'PAX8', 'PCBD2', 'PCGF1', 'PDCD2', 'PDS5B', 'PFDN1', 'PI16', 'PLAA', 'PLEKHF1', 'POLR2M', 'PPP2R3C', 'PPP4R2', 'PSME3', 'PSTK', 'RAB18', 'RAD51B', 'RAD51D', 'RAF1', 'RANBP2', 'RASGRP4', 'RELA', 'RHPN1', 'RICTOR', 'RNF31', 'SAMD4B', 'SCD', 'SEC16A', 'SKP2', 'SLC25A5', 'SLC30A9', 'SLC7A1', 'SMARCA4', 'SMARCA5', 'SOX17', 'SPAG5', 'STRIP1', 'STX4', 'STXBP3', 'SUPT3H', 'SUPT7L', 'SUZ12', 'TACC3', 'TAFAZZIN', 'TARM1', 'TDG', 'TMED10', 'TMED2', 'TRAF2', 'TRUB2', 'TWF1', 'TXNRD1', 'UBE2J2', 'UBQLN4', 'USP1', 'VBP1', 'VEZF1', 'VPS4B', 'VTI1B', 'WDR48', 'WT1', 'WWTR1', 'XRCC2', 'YTHDC1', 'YTHDF2', 'ZC3H3', 'ZEB1', 'ZFP36L1', 'ZFP69', 'ZNF496', 'ZNF780B', 'ZNF875']","[['IDA'], ['IDA', 'IMP', 'IGI', 'IEP', 'ISS', 'IBA', 'NAS', 'IC', 'IEA'], ['IDA', 'IEA'], ['TAS', 'IEA'], ['IDA', 'IBA', 'TAS', 'NAS'], ['IDA', 'IMP', 'NAS', 'IEA'], ['IMP', 'IEA'], ['IDA', 'IBA'], ['IMP', 'ISS', 'IEA'], ['IDA', 'IBA', 'NAS', 'IEA'], ['IDA', 'IMP', 'IEP', 'IBA', 'TAS', 'IEA'], ['IDA', 'IMP', 'TAS', 'NAS', 'IEA'], ['IDA', 'IMP', 'IBA', 'NAS', 'IEA'], ['IDA', 'IBA', 'NAS'], ['IDA'], ['IBA', 'IEA'], ['IDA', 'IBA', 'IEA'], ['IDA', 'IBA', 'IEA'], ['IMP', 'IBA', 'IEA'], ['IDA', 'IMP', 'IBA', 'TAS', 'IEA'], ['IEA'], ['IEA'], ['IEA'], ['IMP'], ['IDA', 'IMP', 'ISS', 'IEA'], ['IDA', 'IMP', 'IBA', 'NAS', 'IEA'], ['IBA', 'IEA'], ['IDA', 'IMP', 'ISS', 'IBA', 'TAS', 'IEA'], ['IDA', 'IMP', 'IGI', 'TAS', 'IEA'], ['IMP', 'ISS', 'IEA'], ['IBA', 'IEA'], ['IDA', 'IMP', 'ISS', 'IBA', 'IEA'], ['IDA', 'IPI', 'IMP', 'IGI', 'TAS', 'NAS', 'IEA'], ['IDA', 'IMP', 'ISS', 'IEA'], ['IGI', 'IBA', 'TAS', 'IEA'], ['IDA', 'ISS', 'IBA', 'NAS', 'IEA'], ['IMP', 'IEA'], ['IEA'], ['ISS', 'IBA', 'IEA'], ['IDA', 'IMP'], ['IDA', 'IBA'], ['IBA', 'IEA'], ['IDA', 'ISS', 'IBA', 'IEA'], ['IDA', 'IMP'], ['IDA', 'IMP', 'ISS', 'IBA', 'IEA'], ['IDA', 'IMP', 'IGI', 'IBA', 'IEA'], ['IDA', 'ISS', 'IBA', 'TAS', 'NAS', 'IEA'], ['IBA'], ['IMP', 'IBA', 'IEA'], ['IDA'], ['IMP', 'IEA'], ['IDA', 'IMP', 'ISS', 'IBA', 'IEA'], ['IBA', 'IEA'], ['IDA', 'IMP', 'IBA', 'TAS'], ['IMP', 'IBA', 'TAS', 'IEA'], ['IEA'], ['IMP', 'IBA', 'IEA'], ['IEA'], ['IBA'], ['IBA'], ['IEA'], ['IMP', 'IEA'], ['IDA'], ['IMP', 'IEA'], ['IDA', 'NAS'], ['IDA', 'IMP', 'ISS', 'IBA', 'TAS', 'NAS', 'IEA'], ['IDA', 'IMP', 'ISS', 'IBA', 'TAS', 'IEA'], ['IDA', 'IMP', 'IBA', 'IEA'], ['IDA', 'IMP', 'ISS', 'IBA', 'NAS', 'IEA'], ['IDA', 'IMP', 'IBA', 'NAS'], ['IDA', 'IMP', 'IGI', 'IBA'], ['TAS'], ['IDA', 'IMP', 'ISS', 'IEA'], ['IBA', 'IEA'], ['IEA'], ['IDA', 'IBA', 'NAS', 'IEA'], ['IDA'], ['IMP', 'IEA'], ['IDA', 'IBA', 'IEA'], ['IDA'], ['IDA', 'ISS', 'IBA', 'IEA'], ['IMP', 'NAS'], ['ISS', 'TAS'], ['IBA', 'TAS'], ['IMP', 'IGI', 'ISS', 'NAS', 'IEA'], ['IMP', 'IBA', 'IEA'], ['IDA', 'IMP', 'ISS', 'IBA', 'IEA'], ['IDA'], ['IBA', 'TAS'], ['IDA', 'IMP'], ['IDA'], ['IDA'], ['IEA'], ['ISS', 'TAS', 'IEA'], ['IDA', 'IBA'], ['IBA'], ['IBA', 'IEA'], ['IMP'], ['IDA', 'IBA', 'IEA'], ['IEA'], ['NAS'], ['IMP', 'IEA'], ['IEA'], ['IDA', 'IBA', 'TAS', 'IEA'], ['IEA'], ['ISS', 'IBA', 'IEA'], ['IDA', 'IMP', 'IGI', 'IEP', 'ISS', 'IBA', 'NAS', 'IEA'], ['IBA', 'IEA'], ['IDA', 'IMP', 'IBA', 'NAS', 'IEA'], ['IDA', 'HMP', 'ISS', 'IEA'], ['IBA', 'IEA'], ['ISS'], ['IMP'], ['IDA', 'IBA', 'IEA'], ['IMP', 'ISS', 'IBA', 'IEA'], ['IDA', 'IEA'], ['IMP'], ['IDA', 'IMP', 'IGI', 'ISS', 'IBA', 'TAS', 'NAS', 'IEA'], ['IDA', 'IMP', 'ISO', 'IBA', 'TAS', 'NAS', 'IEA'], ['IDA', 'IMP', 'ISS', 'IBA', 'IEA'], ['IMP', 'IEA'], ['IDA'], ['IDA', 'IMP'], ['IMP', 'IEA'], ['IDA', 'TAS', 'NAS'], ['NAS'], ['IMP', 'IEA'], ['IMP'], ['IEA'], ['IDA', 'IBA'], ['ISS', 'TAS', 'IEA'], ['IMP', 'IEA'], ['IEA'], ['IDA', 'IMP', 'IBA', 'TAS', 'IEA'], ['IMP'], ['ISS', 'IBA', 'IEA'], ['NAS'], ['HMP'], ['IDA', 'IMP', 'IEA'], ['IDA', 'TAS', 'IEA'], ['IDA'], ['IDA', 'IMP', 'IBA'], ['IMP', 'IEA'], ['IDA', 'IBA'], ['IDA', 'IEA'], ['IDA', 'IMP', 'IGI', 'ISS', 'IBA', 'NAS', 'IEA'], ['IDA', 'IMP', 'IGI', 'ISS', 'IBA', 'NAS', 'IEA'], ['IEA'], ['IDA', 'ISS', 'IBA', 'IEA'], ['IDA', 'IMP', 'ISS', 'IBA', 'IEA'], ['IEA'], ['IDA', 'IMP', 'ISS', 'IBA', 'TAS', 'IEA'], ['IDA', 'IMP', 'ISS', 'IEA'], ['ISS', 'IBA', 'IEA'], ['ISS', 'IBA', 'IEA'], ['IBA', 'IEA'], ['IBA', 'IEA']]"
GO:BP,GO:0009891,positive regulation of biosynthetic process,0.017489458364665478,True,"""Any process that activates or increases the frequency, rate or extent of the chemical reactions and pathways resulting in the formation of substances."" [GOC:go_curators]",2696,221,52,21026,0.23529411764705882,0.019287833827893175,query_1,"['GO:0009058', 'GO:0009889', 'GO:0009893']","['ACTR3', 'ARID1A', 'ATAD2', 'ATXN7L3', 'BIRC2', 'BRD8', 'BRPF1', 'CCNC', 'CITED2', 'E2F3', 'EIF4G1', 'FBXW11', 'GLMN', 'HAMP', 'HSF1', 'ILK', 'KAT6A', 'KMT2A', 'KMT2B', 'KRAS', 'MAP3K7', 'MECOM', 'MED1', 'MED25', 'MEN1', 'MYBL2', 'PARN', 'PAX8', 'PCBD2', 'RAF1', 'RELA', 'SLC30A9', 'SMARCA4', 'SMARCA5', 'SOX17', 'STX4', 'SUPT3H', 'SUPT7L', 'TAFAZZIN', 'TDG', 'TMED10', 'TMED2', 'TRAF2', 'TRUB2', 'USP1', 'VEZF1', 'WT1', 'WWTR1', 'YTHDF2', 'ZEB1', 'ZNF496', 'ZNF780B']","[['IDA'], ['IDA', 'IBA', 'TAS'], ['IDA', 'IBA'], ['IDA', 'IBA', 'NAS', 'IEA'], ['IEA'], ['IDA', 'NAS', 'IEA'], ['IDA'], ['IDA', 'IBA', 'IEA'], ['IDA', 'ISS', 'IEA'], ['IDA', 'IEA'], ['IMP'], ['ISS', 'IEA'], ['IDA', 'IMP'], ['IEA'], ['IDA', 'IEA'], ['IMP'], ['IDA', 'IEA'], ['IDA', 'IMP', 'IBA', 'IEA'], ['IBA'], ['IMP', 'IEA'], ['IMP'], ['IDA', 'IEA'], ['IDA', 'IMP', 'NAS', 'IEA'], ['IDA', 'IBA', 'NAS'], ['IMP'], ['IDA', 'IBA'], ['IMP'], ['IDA', 'ISS', 'IEA'], ['IDA'], ['IEA'], ['IDA', 'IMP', 'IGI', 'ISS', 'IBA', 'NAS', 'IEA'], ['IEA'], ['IDA', 'IMP', 'IGI', 'ISS', 'IBA', 'IEA'], ['IDA', 'IBA', 'NAS', 'IEA'], ['IDA', 'ISS', 'IBA', 'IEA'], ['IMP'], ['NAS'], ['NAS'], ['IEA'], ['TAS'], ['IMP', 'IEA'], ['IEA'], ['IMP', 'IEA'], ['IMP'], ['TAS'], ['IDA'], ['IDA', 'IMP', 'IGI'], ['IBA', 'IEA'], ['IDA'], ['IEA'], ['ISS', 'IEA'], ['IEA']]"
GO:BP,GO:0043161,proteasome-mediated ubiquitin-dependent protein catabolic process,0.017894554440581616,True,"""The chemical reactions and pathways resulting in the breakdown of a protein or peptide by hydrolysis of its peptide bonds, initiated by the covalent attachment of ubiquitin, and mediated by the proteasome."" [GOC:go_curators]",414,221,16,21026,0.07239819004524888,0.03864734299516908,query_1,"['GO:0006511', 'GO:0010498']","['APC', 'BIRC2', 'DDA1', 'FBXW11', 'FZR1', 'GLMN', 'HAMP', 'KCTD10', 'MAEA', 'NCCRP1', 'PLAA', 'SKP2', 'UBE2H', 'UBQLN4', 'WDR26', 'WWTR1']","[['NAS'], ['IDA'], ['IBA', 'IEA'], ['IDA', 'IEA'], ['IDA', 'IBA', 'NAS'], ['IMP'], ['IDA'], ['ISS', 'IBA'], ['IBA', 'IEA'], ['IBA'], ['IBA'], ['IMP', 'IBA'], ['IEA'], ['IDA', 'IMP'], ['IBA'], ['IEA']]"
GO:BP,GO:0012501,programmed cell death,0.01840232922469773,True,"""A process which begins when a cell receives an internal or external signal and activates a series of biochemical events (signaling pathway). The process ends with the death of the cell."" [GOC:lr, GOC:mtg_apoptosis]",1987,221,42,21026,0.19004524886877827,0.021137393054856568,query_1,['GO:0008219'],"['APC', 'APLP1', 'BIRC2', 'BRD8', 'BRMS1', 'C1D', 'CCND1', 'CFDP1', 'CIT', 'CITED2', 'DICER1', 'DNM1L', 'E2F3', 'FRS2', 'G6PD', 'GSDMC', 'HSF1', 'KMT2A', 'KRAS', 'KRT8', 'MAEA', 'MAP3K7', 'MECOM', 'MED1', 'MFN2', 'MYBL2', 'PARL', 'PAX8', 'PDCD2', 'PLEKHF1', 'PSME3', 'RAF1', 'RELA', 'RICTOR', 'RNF31', 'SKP2', 'SLC25A5', 'STX4', 'TRAF2', 'WT1', 'XRCC2', 'ZFP36L1']","[['IMP'], ['IEA'], ['IDA', 'IMP', 'IBA', 'TAS', 'IEA'], ['NAS'], ['IDA', 'IMP', 'IEA'], ['IEA'], ['IEA'], ['IEA'], ['IMP'], ['ISS', 'IEA'], ['IBA'], ['IMP', 'IBA', 'IEA'], ['IMP'], ['IEA'], ['IEA'], ['IEA'], ['IEA'], ['IEA'], ['IEA'], ['IEA'], ['IDA'], ['ISS', 'IEA'], ['IMP', 'IEA'], ['ISS', 'IEA'], ['IMP', 'IEA'], ['IEA'], ['IEA'], ['ISS', 'IEA'], ['IDA', 'TAS', 'IEA'], ['IBA', 'IEA'], ['IDA', 'IEA'], ['IDA', 'TAS', 'IEA'], ['IDA', 'IMP', 'IEA'], ['NAS'], ['IEA'], ['IDA'], ['IMP', 'IBA'], ['IMP'], ['IDA', 'IMP', 'TAS', 'IEA'], ['IGI', 'IBA'], ['IEA'], ['IMP', 'IEA']]"
GO:BP,GO:0009889,regulation of biosynthetic process,0.018471291111950228,True,"""Any process that modulates the frequency, rate or extent of the chemical reactions and pathways resulting in the formation of substances."" [GOC:go_curators]",5809,221,91,21026,0.4117647058823529,0.015665346875537958,query_1,"['GO:0009058', 'GO:0019222']","['ACTR3', 'APLP1', 'ARID1A', 'ARID2', 'ATAD2', 'ATP2B1', 'ATXN7L3', 'BIRC2', 'BRD8', 'BRMS1', 'BRPF1', 'BTAF1', 'C1D', 'CCNC', 'CCND1', 'CCNE1', 'CDK4', 'CEP350', 'CITED2', 'CNOT2', 'DICER1', 'DNM1L', 'DPRX', 'E2F3', 'EIF4G1', 'FBXW11', 'GATAD1', 'GCN1', 'GLMN', 'GRSF1', 'H1-2', 'HAMP', 'HSF1', 'ILK', 'KAT6A', 'KDM2A', 'KMT2A', 'KMT2B', 'KMT5A', 'KRAS', 'L3MBTL3', 'LIN52', 'LIN54', 'LMNB1', 'LSM14A', 'MAP3K7', 'MECOM', 'MED1', 'MED25', 'MEN1', 'METAP1', 'MTERF3', 'MYBL2', 'NELFB', 'PARN', 'PAX8', 'PCBD2', 'PCGF1', 'PSTK', 'RAF1', 'RANBP2', 'RELA', 'RICTOR', 'RNF31', 'SAMD4B', 'SLC30A9', 'SMARCA4', 'SMARCA5', 'SOX17', 'STX4', 'SUPT3H', 'SUPT7L', 'SUZ12', 'TAFAZZIN', 'TDG', 'TMED10', 'TMED2', 'TRAF2', 'TRUB2', 'USP1', 'VEZF1', 'WT1', 'WWTR1', 'YTHDC1', 'YTHDF2', 'ZEB1', 'ZFP36L1', 'ZFP69', 'ZNF496', 'ZNF780B', 'ZNF875']","[['IDA'], ['IEA'], ['IDA', 'IBA', 'TAS', 'NAS'], ['NAS', 'IEA'], ['IDA', 'IBA'], ['ISS', 'IEA'], ['IDA', 'IBA', 'NAS', 'IEA'], ['IEA'], ['IDA', 'NAS', 'IEA'], ['IDA', 'IBA', 'NAS', 'IEA'], ['IDA', 'IBA'], ['IDA'], ['IBA', 'IEA'], ['IDA', 'IBA', 'IEA'], ['IDA', 'IEA'], ['IEA'], ['IMP', 'IBA', 'TAS'], ['IEA'], ['IDA', 'IMP', 'ISS', 'IEA'], ['IDA', 'IBA', 'NAS', 'IEA'], ['IDA', 'IMP', 'ISS', 'IBA', 'TAS', 'IEA'], ['IEA'], ['IBA', 'IEA'], ['IDA', 'IBA', 'IEA'], ['IDA', 'IMP', 'TAS', 'NAS', 'IEA'], ['IMP', 'ISS', 'IEA'], ['IEA'], ['IBA', 'IEA'], ['IDA', 'IMP'], ['IBA'], ['IEA'], ['ISS', 'IEA'], ['IDA', 'IMP', 'IBA', 'IEA'], ['IMP'], ['IDA', 'ISS', 'IBA', 'IEA'], ['IMP', 'IBA', 'IEA'], ['IDA', 'IMP', 'ISS', 'IBA', 'IEA'], ['IBA', 'IEA'], ['IDA', 'IMP', 'IBA'], ['IMP', 'IEA'], ['IMP', 'IBA', 'IEA'], ['IEA'], ['IBA'], ['IBA'], ['IMP', 'IEA'], ['IMP', 'IEA'], ['IDA', 'IBA', 'IEA'], ['IDA', 'IMP', 'ISS', 'IBA', 'NAS', 'IEA'], ['IDA', 'IMP', 'IBA', 'NAS'], ['IDA', 'IMP', 'IBA'], ['TAS'], ['IMP', 'IEA'], ['IDA', 'IBA'], ['IDA', 'ISS', 'IBA', 'IEA'], ['IMP', 'IBA', 'IEA'], ['IDA', 'ISS', 'IBA', 'IEA'], ['IDA'], ['IBA', 'TAS'], ['IEA'], ['IEA'], ['IEA'], ['IDA', 'IMP', 'IGI', 'ISS', 'IBA', 'NAS', 'IEA'], ['IEA'], ['IDA'], ['IBA', 'IEA'], ['IEA'], ['IDA', 'IMP', 'IGI', 'ISS', 'IBA', 'TAS', 'NAS', 'IEA'], ['IDA', 'ISO', 'IBA', 'TAS', 'NAS', 'IEA'], ['IDA', 'ISS', 'IBA', 'IEA'], ['IMP'], ['IDA', 'TAS', 'NAS'], ['NAS'], ['IEA'], ['IEA'], ['ISS', 'TAS', 'IEA'], ['IMP', 'IEA'], ['IEA'], ['IDA', 'IMP', 'IEA'], ['IMP'], ['TAS'], ['IDA', 'IBA'], ['IDA', 'IMP', 'IGI', 'ISS', 'IBA', 'NAS', 'IEA'], ['IBA', 'NAS', 'IEA'], ['IDA', 'ISS', 'IBA', 'IEA'], ['IDA', 'IMP', 'IBA', 'IEA'], ['IDA', 'IMP', 'IBA', 'TAS', 'IEA'], ['IDA', 'IMP', 'ISS', 'IEA'], ['IBA', 'IEA'], ['ISS', 'IBA', 'IEA'], ['IBA', 'IEA'], ['IBA', 'IEA']]"
GO:BP,GO:0010556,regulation of macromolecule biosynthetic process,0.019130149229845503,True,"""Any process that modulates the rate, frequency or extent of the chemical reactions and pathways resulting in the formation of a macromolecule, any molecule of high relative molecular mass, the structure of which essentially comprises the multiple repetition of units derived, actually or conceptually, from molecules of low relative molecular mass."" [GOC:dph, GOC:tb]",5644,221,89,21026,0.40271493212669685,0.015768958185683912,query_1,"['GO:0009059', 'GO:0009889', 'GO:0060255']","['ACTR3', 'APLP1', 'ARID1A', 'ARID2', 'ATAD2', 'ATP2B1', 'ATXN7L3', 'BIRC2', 'BRD8', 'BRMS1', 'BRPF1', 'BTAF1', 'C1D', 'CCNC', 'CCND1', 'CCNE1', 'CDK4', 'CEP350', 'CITED2', 'CNOT2', 'DICER1', 'DNM1L', 'DPRX', 'E2F3', 'EIF4G1', 'FBXW11', 'GATAD1', 'GCN1', 'GLMN', 'GRSF1', 'H1-2', 'HAMP', 'HSF1', 'ILK', 'KAT6A', 'KDM2A', 'KMT2A', 'KMT2B', 'KMT5A', 'KRAS', 'L3MBTL3', 'LIN52', 'LIN54', 'LMNB1', 'LSM14A', 'MAP3K7', 'MECOM', 'MED1', 'MED25', 'MEN1', 'METAP1', 'MTERF3', 'MYBL2', 'NELFB', 'PARN', 'PAX8', 'PCBD2', 'PCGF1', 'PSTK', 'RAF1', 'RELA', 'RICTOR', 'RNF31', 'SAMD4B', 'SLC30A9', 'SMARCA4', 'SMARCA5', 'SOX17', 'STX4', 'SUPT3H', 'SUPT7L', 'SUZ12', 'TDG', 'TMED10', 'TMED2', 'TRAF2', 'TRUB2', 'USP1', 'VEZF1', 'WT1', 'WWTR1', 'YTHDC1', 'YTHDF2', 'ZEB1', 'ZFP36L1', 'ZFP69', 'ZNF496', 'ZNF780B', 'ZNF875']","[['IDA'], ['IEA'], ['IDA', 'IBA', 'TAS', 'NAS'], ['NAS', 'IEA'], ['IDA', 'IBA'], ['ISS', 'IEA'], ['IDA', 'IBA', 'NAS', 'IEA'], ['IEA'], ['IDA', 'NAS', 'IEA'], ['IDA', 'IBA', 'NAS', 'IEA'], ['IDA', 'IBA'], ['IDA'], ['IBA', 'IEA'], ['IDA', 'IBA', 'IEA'], ['IDA', 'IEA'], ['IEA'], ['IMP', 'IBA', 'TAS'], ['IEA'], ['IDA', 'IMP', 'ISS', 'IEA'], ['IDA', 'IBA', 'NAS', 'IEA'], ['IDA', 'IMP', 'ISS', 'IBA', 'TAS', 'IEA'], ['IEA'], ['IBA', 'IEA'], ['IDA', 'IBA', 'IEA'], ['IDA', 'IMP', 'TAS', 'NAS', 'IEA'], ['IMP', 'ISS', 'IEA'], ['IEA'], ['IBA', 'IEA'], ['IDA', 'IMP'], ['IBA'], ['IEA'], ['ISS', 'IEA'], ['IDA', 'IMP', 'IBA', 'IEA'], ['IMP'], ['IDA', 'ISS', 'IBA', 'IEA'], ['IMP', 'IBA', 'IEA'], ['IDA', 'IMP', 'ISS', 'IBA', 'IEA'], ['IBA', 'IEA'], ['IDA', 'IMP', 'IBA'], ['IMP', 'IEA'], ['IMP', 'IBA', 'IEA'], ['IEA'], ['IBA'], ['IBA'], ['IMP', 'IEA'], ['IMP', 'IEA'], ['IDA', 'IBA', 'IEA'], ['IDA', 'IMP', 'ISS', 'IBA', 'NAS', 'IEA'], ['IDA', 'IMP', 'IBA', 'NAS'], ['IDA', 'IMP', 'IBA'], ['TAS'], ['IMP', 'IEA'], ['IDA', 'IBA'], ['IDA', 'ISS', 'IBA', 'IEA'], ['IMP', 'IBA', 'IEA'], ['IDA', 'ISS', 'IBA', 'IEA'], ['IDA'], ['IBA', 'TAS'], ['IEA'], ['IEA'], ['IDA', 'IMP', 'IGI', 'ISS', 'IBA', 'NAS', 'IEA'], ['IEA'], ['IDA'], ['IBA', 'IEA'], ['IEA'], ['IDA', 'IMP', 'IGI', 'ISS', 'IBA', 'TAS', 'NAS', 'IEA'], ['IDA', 'ISO', 'IBA', 'TAS', 'NAS', 'IEA'], ['IDA', 'ISS', 'IBA', 'IEA'], ['IMP'], ['IDA', 'TAS', 'NAS'], ['NAS'], ['IEA'], ['ISS', 'TAS', 'IEA'], ['IMP', 'IEA'], ['IEA'], ['IDA', 'IMP', 'IEA'], ['IMP'], ['TAS'], ['IDA', 'IBA'], ['IDA', 'IMP', 'IGI', 'ISS', 'IBA', 'NAS', 'IEA'], ['IBA', 'NAS', 'IEA'], ['IDA', 'ISS', 'IBA', 'IEA'], ['IDA', 'IMP', 'IBA', 'IEA'], ['IDA', 'IMP', 'IBA', 'TAS', 'IEA'], ['IDA', 'IMP', 'ISS', 'IEA'], ['IBA', 'IEA'], ['ISS', 'IBA', 'IEA'], ['IBA', 'IEA'], ['IBA', 'IEA']]"
GO:BP,GO:0008219,cell death,0.01932955985088847,True,"""Any biological process that results in permanent cessation of all vital functions of a cell. A cell should be considered dead when any one of the following molecular or morphological criteria is met: (1) the cell has lost the integrity of its plasma membrane; (2) the cell, including its nucleus, has undergone complete fragmentation into discrete bodies (frequently referred to as apoptotic bodies). The cell corpse (or its fragments) may be engulfed by an adjacent cell in vivo, but engulfment of whole cells should not be considered a strict criteria to define cell death as, under some circumstances, live engulfed cells can be released from phagosomes (see PMID:18045538)."" [GOC:mah, GOC:mtg_apoptosis, PMID:25236395]",1991,221,42,21026,0.19004524886877827,0.02109492717227524,query_1,['GO:0009987'],"['APC', 'APLP1', 'BIRC2', 'BRD8', 'BRMS1', 'C1D', 'CCND1', 'CFDP1', 'CIT', 'CITED2', 'DICER1', 'DNM1L', 'E2F3', 'FRS2', 'G6PD', 'GSDMC', 'HSF1', 'KMT2A', 'KRAS', 'KRT8', 'MAEA', 'MAP3K7', 'MECOM', 'MED1', 'MFN2', 'MYBL2', 'PARL', 'PAX8', 'PDCD2', 'PLEKHF1', 'PSME3', 'RAF1', 'RELA', 'RICTOR', 'RNF31', 'SKP2', 'SLC25A5', 'STX4', 'TRAF2', 'WT1', 'XRCC2', 'ZFP36L1']","[['IMP'], ['IEA'], ['IDA', 'IMP', 'IBA', 'TAS', 'IEA'], ['NAS'], ['IDA', 'IMP', 'IEA'], ['IEA'], ['IEA'], ['IEA'], ['IMP'], ['ISS', 'IEA'], ['IBA'], ['IMP', 'IBA', 'IEA'], ['IMP'], ['IEA'], ['IEA'], ['IEA'], ['IEA'], ['IEA'], ['IEA'], ['IEA'], ['IDA'], ['ISS', 'IEA'], ['IMP', 'IEA'], ['ISS', 'IEA'], ['IMP', 'IEA'], ['IEA'], ['IEA'], ['ISS', 'IEA'], ['IDA', 'TAS', 'IEA'], ['IBA', 'IEA'], ['IDA', 'IEA'], ['IDA', 'TAS', 'IEA'], ['IDA', 'IMP', 'IEA'], ['NAS'], ['IEA'], ['IDA'], ['IMP', 'IBA'], ['IMP'], ['IDA', 'IMP', 'TAS', 'IEA'], ['IGI', 'IBA'], ['IEA'], ['IMP', 'IEA']]"
GO:BP,GO:0006366,transcription by RNA polymerase II,0.020473807280232507,True,"""The synthesis of RNA from a DNA template by RNA polymerase II (RNAP II), originating at an RNA polymerase II promoter. Includes transcription of messenger RNA (mRNA) and certain small nuclear RNAs (snRNAs)."" [GOC:jl, GOC:txnOH, ISBN:0321000382]",2711,221,52,21026,0.23529411764705882,0.01918111398008115,query_1,['GO:0006351'],"['ACTR3', 'ARID1A', 'ARID2', 'ATAD2', 'ATXN7L3', 'BRD8', 'BRMS1', 'BRPF1', 'CCNC', 'CCND1', 'CCNE1', 'CDK4', 'CITED2', 'CNOT2', 'DICER1', 'DPRX', 'E2F3', 'ELOF1', 'H1-2', 'HAMP', 'HSF1', 'KAT6A', 'KDM2A', 'KMT2A', 'KMT5A', 'MECOM', 'MED1', 'MED25', 'MEN1', 'MYBL2', 'NELFB', 'PAX8', 'PCGF1', 'POLR2M', 'RAF1', 'RELA', 'SLC30A9', 'SMARCA4', 'SMARCA5', 'SOX17', 'SUPT3H', 'SUZ12', 'TDG', 'TTF2', 'VEZF1', 'WT1', 'WWTR1', 'ZEB1', 'ZFP69', 'ZNF496', 'ZNF780B', 'ZNF875']","[['IDA'], ['IBA', 'TAS', 'NAS'], ['NAS'], ['IBA'], ['IDA', 'IBA'], ['IDA', 'IEA'], ['IBA', 'NAS'], ['IBA'], ['IDA', 'IBA', 'IEA'], ['IDA', 'IEA'], ['IEA'], ['TAS'], ['IDA', 'IMP', 'ISS', 'IEA'], ['IDA', 'NAS'], ['ISS'], ['IBA'], ['IDA', 'IBA', 'TAS', 'IEA'], ['IBA'], ['IEA'], ['ISS', 'IEA'], ['IDA', 'IBA'], ['IBA'], ['IBA', 'IEA'], ['IDA', 'IMP', 'IEA'], ['IMP', 'IBA'], ['IBA', 'IEA'], ['IDA', 'IMP', 'ISS', 'IBA', 'NAS', 'IEA'], ['IDA', 'IMP', 'IBA', 'NAS'], ['IDA', 'IMP', 'IBA'], ['IDA', 'IBA'], ['IDA', 'ISS', 'IBA', 'IEA'], ['IDA', 'IBA', 'IEA'], ['IBA'], ['IEA'], ['IEA'], ['IDA', 'IMP', 'IGI', 'ISS', 'IBA', 'NAS', 'IEA'], ['IEA'], ['IDA', 'IGI', 'ISS', 'IBA', 'TAS', 'NAS', 'IEA'], ['IBA', 'TAS', 'NAS'], ['IDA', 'ISS', 'IBA', 'IEA'], ['IDA', 'TAS', 'IEA'], ['IEA'], ['IEA'], ['TAS'], ['IDA', 'IBA'], ['IDA', 'IMP', 'ISS', 'IBA'], ['IBA', 'IEA'], ['IDA', 'IBA', 'TAS', 'IEA'], ['IBA'], ['IBA'], ['IBA', 'IEA'], ['IBA']]"
GO:BP,GO:0000082,G1/S transition of mitotic cell cycle,0.021087778475420364,True,"""The mitotic cell cycle transition by which a cell in G1 commits to S phase. The process begins with the build up of G1 cyclin-dependent kinase (G1 CDK), resulting in the activation of transcription of G1 cyclins. The process ends with the positive feedback of the G1 cyclins on the G1 CDK which commits the cell to S phase, in which DNA replication is initiated."" [GOC:mtg_cell_cycle]",202,221,11,21026,0.049773755656108594,0.054455445544554455,query_1,"['GO:0044772', 'GO:0044843']","['APC', 'ARID1A', 'ARID2', 'CCND1', 'CCNE1', 'CDK4', 'E2F3', 'EIF4G1', 'PSME3', 'SKP2', 'SMARCA4']","[['IMP'], ['NAS'], ['NAS'], ['IDA', 'IBA', 'TAS', 'NAS', 'IEA'], ['IMP', 'IBA', 'NAS'], ['IDA', 'IMP', 'IBA', 'NAS'], ['IDA'], ['IMP'], ['IBA', 'IEA'], ['TAS', 'IEA'], ['NAS']]"
GO:BP,GO:0048519,negative regulation of biological process,0.02223898755822014,True,"""Any process that stops, prevents, or reduces the frequency, rate or extent of a biological process. Biological processes are regulated by many means; examples include the control of gene expression, protein modification or interaction with a protein or substrate molecule."" [GOC:jid]",5834,221,91,21026,0.4117647058823529,0.015598217346588962,query_1,"['GO:0008150', 'GO:0050789']","['APC', 'APLP1', 'ARID2', 'ATP2B1', 'BIRC2', 'BRMS1', 'BTAF1', 'C1D', 'CCNC', 'CCND1', 'CCNE1', 'CFDP1', 'CIT', 'CITED2', 'CNOT2', 'DICER1', 'DOCK7', 'E2F3', 'EIF4G1', 'FBXW11', 'FRS2', 'FZR1', 'G6PD', 'GLMN', 'H1-2', 'HAMP', 'HAPSTR1', 'HSF1', 'ILK', 'KAT6A', 'KCTD10', 'KDM2A', 'KMT2A', 'KMT5A', 'KRAS', 'L3MBTL3', 'LMNB1', 'LSM14A', 'LST1', 'MAD2L1BP', 'MAEA', 'MAP3K7', 'MECOM', 'MED1', 'MED25', 'MEN1', 'MFN2', 'MIB1', 'MIIP', 'MIOS', 'MOB4', 'MTERF3', 'NELFB', 'PARD3', 'PARL', 'PARN', 'PAX8', 'PCGF1', 'PDS5B', 'PFDN1', 'PI16', 'PLAA', 'PSME3', 'RAF1', 'RELA', 'RHPN1', 'RICTOR', 'RNF31', 'SAMD4B', 'SLC25A5', 'SMARCA4', 'SMARCA5', 'SOX17', 'STRIP1', 'STXBP3', 'SUZ12', 'TARM1', 'TDG', 'TMED2', 'TRAF2', 'TWF1', 'UBQLN4', 'VBP1', 'VPS4B', 'WT1', 'WWTR1', 'XRCC2', 'YTHDC1', 'YTHDF2', 'ZEB1', 'ZFP36L1']","[['IDA', 'IMP', 'IGI', 'IBA', 'NAS', 'IC', 'IEA'], ['IDA'], ['IDA'], ['ISS', 'IEA'], ['IDA', 'IBA', 'TAS', 'IEA'], ['IDA', 'IBA', 'NAS'], ['IDA'], ['IEA'], ['IDA'], ['IDA', 'IEA'], ['IEA'], ['IEA'], ['IMP'], ['IDA', 'IMP', 'ISS', 'IEA'], ['IDA', 'IMP', 'IBA', 'NAS', 'IEA'], ['IDA', 'IMP', 'ISS', 'IBA', 'TAS', 'IEA'], ['ISS'], ['ISS', 'IEA'], ['IDA', 'IMP', 'TAS'], ['IMP', 'IEA'], ['IGI'], ['IDA', 'ISS', 'IEA'], ['IMP', 'IEA'], ['IDA'], ['IBA', 'IEA'], ['IDA', 'IMP', 'ISS', 'IBA', 'IEA'], ['IMP'], ['IDA', 'IMP', 'IEA'], ['IEA'], ['IDA', 'IEA'], ['IBA'], ['IMP'], ['IMP', 'IEA'], ['IDA', 'IMP'], ['IEA'], ['IMP', 'IBA'], ['IBA'], ['IMP'], ['IDA'], ['IMP'], ['IDA'], ['IEA'], ['IDA', 'IMP'], ['IMP', 'ISS', 'IEA'], ['IMP'], ['IDA', 'IMP', 'IGI', 'IBA'], ['IDA', 'ISS'], ['IEA'], ['IEA'], ['NAS'], ['IDA'], ['IMP', 'IEA'], ['IDA', 'ISS', 'IBA', 'IEA'], ['ISS'], ['IEA'], ['IMP', 'IBA', 'IEA'], ['ISS', 'IEA'], ['IBA'], ['IDA'], ['IDA'], ['IEA'], ['ISS', 'IEA'], ['IDA'], ['IDA', 'IEA'], ['IDA', 'IMP', 'IEA'], ['IBA'], ['NAS'], ['IEA'], ['IBA', 'IEA'], ['IMP', 'IBA'], ['IDA', 'IMP', 'TAS', 'NAS'], ['IDA', 'IMP', 'ISO', 'IEA'], ['IMP', 'ISS', 'IBA', 'IEA'], ['IDA'], ['IMP', 'IEA'], ['IMP', 'IEA'], ['IDA'], ['IEA'], ['IDA', 'IEA'], ['IEA'], ['ISS', 'IBA', 'IEA'], ['IDA', 'IMP'], ['IDA'], ['IMP'], ['IDA', 'IMP', 'IGI', 'ISS', 'IBA'], ['IMP', 'IGI', 'IEA'], ['IEA'], ['IDA', 'IEA'], ['IDA', 'IMP', 'ISS', 'IBA', 'IEA'], ['IDA', 'IMP', 'TAS', 'IEA'], ['IDA', 'IMP', 'ISS', 'IEA']]"
GO:BP,GO:0051253,negative regulation of RNA metabolic process,0.02263577838013319,True,"""Any process that stops, prevents, or reduces the frequency, rate or extent of the chemical reactions and pathways involving RNA."" [GOC:ai]",1400,221,33,21026,0.1493212669683258,0.023571428571428573,query_1,"['GO:0010605', 'GO:0016070', 'GO:0045934', 'GO:0051252']","['BRMS1', 'BTAF1', 'C1D', 'CCND1', 'CCNE1', 'CITED2', 'CNOT2', 'DICER1', 'FBXW11', 'H1-2', 'HAMP', 'HSF1', 'KAT6A', 'KDM2A', 'KMT5A', 'L3MBTL3', 'MECOM', 'MED1', 'MED25', 'MEN1', 'MTERF3', 'NELFB', 'PARN', 'PCGF1', 'RELA', 'SMARCA4', 'SMARCA5', 'SUZ12', 'TDG', 'TRAF2', 'WT1', 'WWTR1', 'ZEB1']","[['IDA', 'IBA', 'NAS'], ['IDA'], ['IEA'], ['IDA', 'IEA'], ['IEA'], ['IDA', 'IMP'], ['IDA'], ['ISS'], ['IMP'], ['IEA'], ['ISS', 'IEA'], ['IDA'], ['IDA', 'IEA'], ['IMP'], ['IDA', 'IMP'], ['IMP', 'IBA'], ['IDA'], ['ISS', 'IEA'], ['IMP'], ['IDA'], ['IMP', 'IEA'], ['IDA', 'ISS', 'IBA', 'IEA'], ['IMP'], ['IBA'], ['IDA', 'IMP', 'IEA'], ['IDA', 'IMP', 'TAS'], ['ISO', 'IEA'], ['IEA'], ['IEA'], ['IEA'], ['IDA', 'IMP'], ['IEA'], ['IDA', 'IMP', 'TAS', 'IEA']]"
GO:BP,GO:0006511,ubiquitin-dependent protein catabolic process,0.023914156581982364,True,"""The chemical reactions and pathways resulting in the breakdown of a protein or peptide by hydrolysis of its peptide bonds, initiated by the covalent attachment of a ubiquitin group, or multiple ubiquitin groups, to the protein."" [GOC:go_curators]",628,221,20,21026,0.09049773755656108,0.03184713375796178,query_1,['GO:0019941'],"['APC', 'BIRC2', 'DDA1', 'FBXW11', 'FZR1', 'GLMN', 'HAMP', 'KCTD10', 'L3MBTL3', 'MAEA', 'MIB1', 'NCCRP1', 'PLAA', 'SKP2', 'UBE2H', 'UBE2J2', 'UBQLN4', 'VPS4B', 'WDR26', 'WWTR1']","[['NAS'], ['IDA'], ['IBA', 'IEA'], ['IDA', 'IEA'], ['IDA', 'IBA', 'NAS'], ['IMP'], ['IDA'], ['IDA', 'ISS', 'IBA'], ['IMP', 'IEA'], ['IBA', 'IEA'], ['IDA'], ['IBA'], ['ISS', 'IBA', 'IEA'], ['IMP', 'IBA', 'IEA'], ['IBA', 'TAS', 'IEA'], ['IMP'], ['IDA', 'IMP', 'IBA'], ['IMP'], ['IBA'], ['IEA']]"
GO:BP,GO:0045892,negative regulation of DNA-templated transcription,0.025505904632965454,True,"""Any process that stops, prevents, or reduces the frequency, rate or extent of cellular DNA-templated transcription."" [GOC:go_curators, GOC:txnOH]",1280,221,31,21026,0.14027149321266968,0.02421875,query_1,"['GO:0006351', 'GO:0006355', 'GO:1902679']","['BRMS1', 'BTAF1', 'C1D', 'CCND1', 'CCNE1', 'CITED2', 'CNOT2', 'DICER1', 'FBXW11', 'H1-2', 'HAMP', 'HSF1', 'KAT6A', 'KDM2A', 'KMT5A', 'L3MBTL3', 'MECOM', 'MED1', 'MED25', 'MEN1', 'MTERF3', 'NELFB', 'PCGF1', 'RELA', 'SMARCA4', 'SMARCA5', 'SUZ12', 'TDG', 'WT1', 'WWTR1', 'ZEB1']","[['IDA', 'IBA', 'NAS'], ['IDA'], ['IEA'], ['IDA', 'IEA'], ['IEA'], ['IDA', 'IMP'], ['IDA'], ['ISS'], ['IMP'], ['IEA'], ['ISS', 'IEA'], ['IDA'], ['IDA', 'IEA'], ['IMP'], ['IDA', 'IMP'], ['IMP', 'IBA'], ['IDA'], ['ISS', 'IEA'], ['IMP'], ['IDA'], ['IMP', 'IEA'], ['IDA', 'ISS', 'IBA', 'IEA'], ['IBA'], ['IDA', 'IMP', 'IEA'], ['IDA', 'IMP', 'TAS'], ['ISO', 'IEA'], ['IEA'], ['IEA'], ['IDA', 'IMP'], ['IEA'], ['IDA', 'IMP', 'TAS', 'IEA']]"
GO:BP,GO:1901987,regulation of cell cycle phase transition,0.02626107062878004,True,"""Any process that modulates the frequency, rate or extent of cell cycle phase transition."" [GOC:mtg_cell_cycle, GOC:TermGenie, PMID:22841721]",427,221,16,21026,0.07239819004524888,0.03747072599531616,query_1,"['GO:0010564', 'GO:0044770']","['APC', 'ARID1A', 'ARID2', 'CCND1', 'CCNE1', 'CDK4', 'EIF4G1', 'FZR1', 'MAD2L1BP', 'MIIP', 'NSMCE2', 'PSME3', 'RAD51B', 'SMARCA4', 'VPS4B', 'ZFP36L1']","[['IDA', 'IMP'], ['NAS'], ['NAS'], ['IDA', 'IBA', 'IEA'], ['IBA'], ['IDA', 'IBA'], ['IMP'], ['IDA'], ['IMP', 'IEA'], ['IEA'], ['IMP'], ['IBA', 'IEA'], ['IMP'], ['NAS'], ['IMP'], ['ISS', 'IEA']]"
GO:BP,GO:0065007,biological regulation,0.02796618263899609,True,"""Any process that modulates a measurable attribute of any biological process, quality or function."" [GOC:dph, GOC:isa_complete, GOC:mah, GOC:pr, GOC:vw]",12743,221,164,21026,0.7420814479638009,0.01286981087655968,query_1,['GO:0008150'],"['AARS2', 'ACTR3', 'APC', 'APLP1', 'ARHGAP29', 'ARID1A', 'ARID2', 'ARPC2', 'ATAD2', 'ATP2B1', 'ATXN7L3', 'BIRC2', 'BRD8', 'BRMS1', 'BRPF1', 'BTAF1', 'C1D', 'CCNC', 'CCND1', 'CCNE1', 'CDK4', 'CEP350', 'CEP55', 'CFDP1', 'CIT', 'CITED2', 'CNOT2', 'DDA1', 'DICER1', 'DNM1L', 'DOCK7', 'DPRX', 'E2F3', 'EIF4G1', 'FBXW11', 'FRS2', 'FZR1', 'G6PD', 'GATAD1', 'GCN1', 'GLMN', 'GRSF1', 'H1-2', 'HAMP', 'HAPSTR1', 'HSF1', 'ILK', 'KAT6A', 'KCTD10', 'KDM2A', 'KIF20A', 'KIF2C', 'KMT2A', 'KMT2B', 'KMT5A', 'KRAS', 'KRT8', 'L3MBTL3', 'LARS2', 'LIN52', 'LIN54', 'LMNB1', 'LRFN1', 'LSM14A', 'LST1', 'MAD2L1BP', 'MAEA', 'MAP3K7', 'MARK2', 'MATN1', 'MECOM', 'MED1', 'MED25', 'MEN1', 'METAP1', 'MFN2', 'MIB1', 'MIIP', 'MIOS', 'MOB4', 'MTERF3', 'MYBL2', 'NCCRP1', 'NELFB', 'NSMCE2', 'PARD3', 'PARD6B', 'PARL', 'PARN', 'PAX8', 'PCBD2', 'PCGF1', 'PDCD2', 'PDS5B', 'PEX6', 'PFDN1', 'PI16', 'PLAA', 'PLEKHF1', 'POLR2M', 'PPP2R3C', 'PPP4R2', 'PSME3', 'PSTK', 'RAB18', 'RAD51B', 'RAD51D', 'RAF1', 'RANBP2', 'RASGRP4', 'RELA', 'RHPN1', 'RICTOR', 'RNF31', 'SAMD4B', 'SCD', 'SEC16A', 'SKP2', 'SLC25A5', 'SLC30A9', 'SLC4A7', 'SLC7A1', 'SMARCA4', 'SMARCA5', 'SNAP23', 'SOX17', 'SPAG5', 'STRIP1', 'STX4', 'STXBP3', 'SUPT3H', 'SUPT7L', 'SUZ12', 'TACC3', 'TAFAZZIN', 'TARM1', 'TDG', 'TMED10', 'TMED2', 'TRAF2', 'TRUB2', 'TWF1', 'TXNRD1', 'UBE2J2', 'UBQLN4', 'USP1', 'VBP1', 'VEZF1', 'VPS4B', 'VTI1B', 'WDR48', 'WT1', 'WWTR1', 'XRCC2', 'YTHDC1', 'YTHDF2', 'ZC3H3', 'ZDHHC11', 'ZEB1', 'ZFP36L1', 'ZFP69', 'ZNF496', 'ZNF780B', 'ZNF875']","[['IEA'], ['IDA'], ['IDA', 'IMP', 'IGI', 'IEP', 'ISS', 'IBA', 'NAS', 'IC', 'IEA'], ['IDA', 'IEA'], ['TAS', 'IEA'], ['IDA', 'IBA', 'TAS', 'NAS'], ['IDA', 'IMP', 'NAS', 'IEA'], ['IMP', 'IEA'], ['IDA', 'IBA'], ['IMP', 'ISS', 'TAS', 'IEA'], ['IDA', 'IBA', 'NAS', 'IEA'], ['IDA', 'IMP', 'IEP', 'IBA', 'TAS', 'IEA'], ['IDA', 'IMP', 'TAS', 'NAS', 'IEA'], ['IDA', 'IMP', 'IBA', 'NAS', 'IEA'], ['IDA', 'IBA', 'NAS'], ['IDA', 'IMP'], ['IBA', 'IEA'], ['IDA', 'IBA', 'IEA'], ['IDA', 'IBA', 'IEA'], ['IMP', 'IBA', 'IEA'], ['IDA', 'IMP', 'IBA', 'TAS', 'IEA'], ['IEA'], ['IEA'], ['IEA'], ['IMP'], ['IDA', 'IMP', 'ISS', 'IEA'], ['IDA', 'IMP', 'IBA', 'NAS', 'IEA'], ['IBA', 'IEA'], ['IDA', 'IMP', 'ISS', 'IBA', 'TAS', 'IEA'], ['IDA', 'IMP', 'IGI', 'TAS', 'IEA'], ['IDA', 'IMP', 'ISS', 'IEA'], ['IBA', 'IEA'], ['IDA', 'IMP', 'ISS', 'IBA', 'IEA'], ['IDA', 'IPI', 'IMP', 'IGI', 'TAS', 'NAS', 'IEA'], ['IDA', 'IMP', 'ISS', 'IEA'], ['IGI', 'IBA', 'TAS', 'IEA'], ['IDA', 'ISS', 'IBA', 'NAS', 'IEA'], ['IMP', 'IEA'], ['IEA'], ['ISS', 'IBA', 'IEA'], ['IDA', 'IMP'], ['IDA', 'IBA'], ['IBA', 'IEA'], ['IDA', 'IMP', 'ISS', 'IBA', 'IEA'], ['IDA', 'IMP'], ['IDA', 'IMP', 'ISS', 'IBA', 'IEA'], ['IDA', 'IMP', 'IGI', 'HMP', 'IBA', 'IEA'], ['IDA', 'ISS', 'IBA', 'TAS', 'NAS', 'IEA'], ['IBA'], ['IMP', 'IBA', 'IEA'], ['IDA'], ['IMP', 'IEA'], ['IDA', 'IMP', 'ISS', 'IBA', 'IEA'], ['IBA', 'IEA'], ['IDA', 'IMP', 'IBA', 'TAS'], ['IMP', 'IBA', 'TAS', 'IEA'], ['IEA'], ['IMP', 'IBA', 'IEA'], ['IEA'], ['IEA'], ['IBA'], ['IBA'], ['IEA'], ['IMP', 'IEA'], ['IDA', 'IEA'], ['IMP', 'IEA'], ['IDA', 'NAS'], ['IDA', 'IMP', 'ISS', 'IBA', 'TAS', 'NAS', 'IEA'], ['IDA', 'IMP', 'ISS', 'IBA', 'TAS', 'IEA'], ['IEA'], ['IDA', 'IMP', 'IBA', 'IEA'], ['IDA', 'IMP', 'ISS', 'IBA', 'NAS', 'IEA'], ['IDA', 'IMP', 'IBA', 'NAS'], ['IDA', 'IMP', 'IGI', 'IBA'], ['HMP', 'TAS'], ['IDA', 'IMP', 'ISS', 'IEA'], ['IBA', 'IEA'], ['IEA'], ['IDA', 'IBA', 'NAS', 'IEA'], ['IDA'], ['IMP', 'IEA'], ['IDA', 'IBA', 'IEA'], ['IDA'], ['IDA', 'ISS', 'IBA', 'IEA'], ['IMP', 'NAS'], ['ISS', 'TAS'], ['IBA', 'TAS'], ['IMP', 'IGI', 'ISS', 'NAS', 'IEA'], ['IMP', 'IBA', 'IEA'], ['IDA', 'IMP', 'ISS', 'IBA', 'IEA'], ['IDA'], ['IBA', 'TAS'], ['IDA', 'IMP'], ['IDA'], ['IMP'], ['IDA'], ['IEA'], ['IMP', 'ISS', 'TAS', 'IEA'], ['IDA', 'IBA'], ['IBA'], ['IBA', 'IEA'], ['IMP'], ['IDA', 'IBA', 'IEA'], ['IEA'], ['NAS'], ['IMP', 'IEA'], ['IEA'], ['IDA', 'IBA', 'TAS', 'IEA'], ['IEA'], ['ISS', 'IBA', 'IEA'], ['IDA', 'IMP', 'IGI', 'IEP', 'ISS', 'IBA', 'NAS', 'IEA'], ['IBA', 'IEA'], ['IDA', 'IMP', 'IBA', 'NAS', 'IEA'], ['IDA', 'HMP', 'ISS', 'IEA'], ['IBA', 'IEA'], ['ISS'], ['IMP'], ['IDA', 'IBA', 'IEA'], ['IMP', 'ISS', 'IBA', 'IEA'], ['IDA', 'IEA'], ['IDA', 'IBA'], ['IMP'], ['IDA', 'IMP', 'IGI', 'ISS', 'IBA', 'TAS', 'NAS', 'IEA'], ['IDA', 'IMP', 'ISO', 'IBA', 'TAS', 'NAS', 'IEA'], ['IMP', 'IBA', 'IEA'], ['IDA', 'IMP', 'ISS', 'IBA', 'IEA'], ['IMP', 'IEA'], ['IDA', 'IMP'], ['IDA', 'IMP', 'IEA'], ['IMP', 'IBA', 'IEA'], ['IDA', 'TAS', 'NAS'], ['NAS'], ['IMP', 'IEA'], ['IMP'], ['IEA'], ['IDA', 'IBA'], ['ISS', 'TAS', 'IEA'], ['IMP', 'IEA'], ['IDA', 'IEA'], ['IDA', 'IMP', 'IBA', 'TAS', 'IEA'], ['IMP'], ['ISS', 'IBA', 'IEA'], ['NAS'], ['HMP'], ['IDA', 'IMP', 'IEA'], ['IDA', 'TAS', 'IEA'], ['IDA'], ['IDA', 'IMP', 'IBA'], ['IMP', 'IEA'], ['IDA', 'IBA'], ['IDA', 'IEA'], ['IDA', 'IMP', 'IGI', 'ISS', 'IBA', 'NAS', 'IEA'], ['IDA', 'IMP', 'IGI', 'ISS', 'IBA', 'NAS', 'IEA'], ['IEA'], ['IDA', 'ISS', 'IBA', 'IEA'], ['IDA', 'IMP', 'ISS', 'IBA', 'IEA'], ['IEA'], ['IMP'], ['IDA', 'IMP', 'ISS', 'IBA', 'TAS', 'IEA'], ['IDA', 'IMP', 'ISS', 'IEA'], ['ISS', 'IBA', 'IEA'], ['ISS', 'IBA', 'IEA'], ['IBA', 'IEA'], ['IBA', 'IEA']]"
GO:BP,GO:0050789,regulation of biological process,0.029163585596703824,True,"""Any process that modulates the frequency, rate or extent of a biological process. Biological processes are regulated by many means; examples include the control of gene expression, protein modification or interaction with a protein or substrate molecule."" [GOC:ai, GOC:go_curators]",12336,221,160,21026,0.7239819004524887,0.01297016861219196,query_1,"['GO:0008150', 'GO:0065007']","['ACTR3', 'APC', 'APLP1', 'ARHGAP29', 'ARID1A', 'ARID2', 'ARPC2', 'ATAD2', 'ATP2B1', 'ATXN7L3', 'BIRC2', 'BRD8', 'BRMS1', 'BRPF1', 'BTAF1', 'C1D', 'CCNC', 'CCND1', 'CCNE1', 'CDK4', 'CEP350', 'CEP55', 'CFDP1', 'CIT', 'CITED2', 'CNOT2', 'DDA1', 'DICER1', 'DNM1L', 'DOCK7', 'DPRX', 'E2F3', 'EIF4G1', 'FBXW11', 'FRS2', 'FZR1', 'G6PD', 'GATAD1', 'GCN1', 'GLMN', 'GRSF1', 'H1-2', 'HAMP', 'HAPSTR1', 'HSF1', 'ILK', 'KAT6A', 'KCTD10', 'KDM2A', 'KIF20A', 'KIF2C', 'KMT2A', 'KMT2B', 'KMT5A', 'KRAS', 'KRT8', 'L3MBTL3', 'LIN52', 'LIN54', 'LMNB1', 'LRFN1', 'LSM14A', 'LST1', 'MAD2L1BP', 'MAEA', 'MAP3K7', 'MARK2', 'MATN1', 'MECOM', 'MED1', 'MED25', 'MEN1', 'METAP1', 'MFN2', 'MIB1', 'MIIP', 'MIOS', 'MOB4', 'MTERF3', 'MYBL2', 'NCCRP1', 'NELFB', 'NSMCE2', 'PARD3', 'PARD6B', 'PARL', 'PARN', 'PAX8', 'PCBD2', 'PCGF1', 'PDCD2', 'PDS5B', 'PFDN1', 'PI16', 'PLAA', 'PLEKHF1', 'POLR2M', 'PPP2R3C', 'PPP4R2', 'PSME3', 'PSTK', 'RAB18', 'RAD51B', 'RAD51D', 'RAF1', 'RANBP2', 'RASGRP4', 'RELA', 'RHPN1', 'RICTOR', 'RNF31', 'SAMD4B', 'SCD', 'SEC16A', 'SKP2', 'SLC25A5', 'SLC30A9', 'SLC7A1', 'SMARCA4', 'SMARCA5', 'SNAP23', 'SOX17', 'SPAG5', 'STRIP1', 'STX4', 'STXBP3', 'SUPT3H', 'SUPT7L', 'SUZ12', 'TACC3', 'TAFAZZIN', 'TARM1', 'TDG', 'TMED10', 'TMED2', 'TRAF2', 'TRUB2', 'TWF1', 'TXNRD1', 'UBE2J2', 'UBQLN4', 'USP1', 'VBP1', 'VEZF1', 'VPS4B', 'VTI1B', 'WDR48', 'WT1', 'WWTR1', 'XRCC2', 'YTHDC1', 'YTHDF2', 'ZC3H3', 'ZDHHC11', 'ZEB1', 'ZFP36L1', 'ZFP69', 'ZNF496', 'ZNF780B', 'ZNF875']","[['IDA'], ['IDA', 'IMP', 'IGI', 'IEP', 'ISS', 'IBA', 'NAS', 'IC', 'IEA'], ['IDA', 'IEA'], ['TAS', 'IEA'], ['IDA', 'IBA', 'TAS', 'NAS'], ['IDA', 'IMP', 'NAS', 'IEA'], ['IMP', 'IEA'], ['IDA', 'IBA'], ['IMP', 'ISS', 'TAS', 'IEA'], ['IDA', 'IBA', 'NAS', 'IEA'], ['IDA', 'IMP', 'IEP', 'IBA', 'TAS', 'IEA'], ['IDA', 'IMP', 'TAS', 'NAS', 'IEA'], ['IDA', 'IMP', 'IBA', 'NAS', 'IEA'], ['IDA', 'IBA', 'NAS'], ['IDA'], ['IBA', 'IEA'], ['IDA', 'IBA', 'IEA'], ['IDA', 'IBA', 'IEA'], ['IMP', 'IBA', 'IEA'], ['IDA', 'IMP', 'IBA', 'TAS', 'IEA'], ['IEA'], ['IEA'], ['IEA'], ['IMP'], ['IDA', 'IMP', 'ISS', 'IEA'], ['IDA', 'IMP', 'IBA', 'NAS', 'IEA'], ['IBA', 'IEA'], ['IDA', 'IMP', 'ISS', 'IBA', 'TAS', 'IEA'], ['IDA', 'IMP', 'IGI', 'TAS', 'IEA'], ['IMP', 'ISS', 'IEA'], ['IBA', 'IEA'], ['IDA', 'IMP', 'ISS', 'IBA', 'IEA'], ['IDA', 'IPI', 'IMP', 'IGI', 'TAS', 'NAS', 'IEA'], ['IDA', 'IMP', 'ISS', 'IEA'], ['IGI', 'IBA', 'TAS', 'IEA'], ['IDA', 'ISS', 'IBA', 'NAS', 'IEA'], ['IMP', 'IEA'], ['IEA'], ['ISS', 'IBA', 'IEA'], ['IDA', 'IMP'], ['IDA', 'IBA'], ['IBA', 'IEA'], ['IDA', 'IMP', 'ISS', 'IBA', 'IEA'], ['IDA', 'IMP'], ['IDA', 'IMP', 'ISS', 'IBA', 'IEA'], ['IDA', 'IMP', 'IGI', 'IBA', 'IEA'], ['IDA', 'ISS', 'IBA', 'TAS', 'NAS', 'IEA'], ['IBA'], ['IMP', 'IBA', 'IEA'], ['IDA'], ['IMP', 'IEA'], ['IDA', 'IMP', 'ISS', 'IBA', 'IEA'], ['IBA', 'IEA'], ['IDA', 'IMP', 'IBA', 'TAS'], ['IMP', 'IBA', 'TAS', 'IEA'], ['IEA'], ['IMP', 'IBA', 'IEA'], ['IEA'], ['IBA'], ['IBA'], ['IEA'], ['IMP', 'IEA'], ['IDA', 'IEA'], ['IMP', 'IEA'], ['IDA', 'NAS'], ['IDA', 'IMP', 'ISS', 'IBA', 'TAS', 'NAS', 'IEA'], ['IDA', 'IMP', 'ISS', 'IBA', 'TAS', 'IEA'], ['IEA'], ['IDA', 'IMP', 'IBA', 'IEA'], ['IDA', 'IMP', 'ISS', 'IBA', 'NAS', 'IEA'], ['IDA', 'IMP', 'IBA', 'NAS'], ['IDA', 'IMP', 'IGI', 'IBA'], ['TAS'], ['IDA', 'IMP', 'ISS', 'IEA'], ['IBA', 'IEA'], ['IEA'], ['IDA', 'IBA', 'NAS', 'IEA'], ['IDA'], ['IMP', 'IEA'], ['IDA', 'IBA', 'IEA'], ['IDA'], ['IDA', 'ISS', 'IBA', 'IEA'], ['IMP', 'NAS'], ['ISS', 'TAS'], ['IBA', 'TAS'], ['IMP', 'IGI', 'ISS', 'NAS', 'IEA'], ['IMP', 'IBA', 'IEA'], ['IDA', 'IMP', 'ISS', 'IBA', 'IEA'], ['IDA'], ['IBA', 'TAS'], ['IDA', 'IMP'], ['IDA'], ['IDA'], ['IEA'], ['ISS', 'TAS', 'IEA'], ['IDA', 'IBA'], ['IBA'], ['IBA', 'IEA'], ['IMP'], ['IDA', 'IBA', 'IEA'], ['IEA'], ['NAS'], ['IMP', 'IEA'], ['IEA'], ['IDA', 'IBA', 'TAS', 'IEA'], ['IEA'], ['ISS', 'IBA', 'IEA'], ['IDA', 'IMP', 'IGI', 'IEP', 'ISS', 'IBA', 'NAS', 'IEA'], ['IBA', 'IEA'], ['IDA', 'IMP', 'IBA', 'NAS', 'IEA'], ['IDA', 'HMP', 'ISS', 'IEA'], ['IBA', 'IEA'], ['ISS'], ['IMP'], ['IDA', 'IBA', 'IEA'], ['IMP', 'ISS', 'IBA', 'IEA'], ['IDA', 'IEA'], ['IMP'], ['IDA', 'IMP', 'IGI', 'ISS', 'IBA', 'TAS', 'NAS', 'IEA'], ['IDA', 'IMP', 'ISO', 'IBA', 'TAS', 'NAS', 'IEA'], ['IMP', 'IBA', 'IEA'], ['IDA', 'IMP', 'ISS', 'IBA', 'IEA'], ['IMP', 'IEA'], ['IDA', 'IMP'], ['IDA', 'IMP'], ['IMP', 'IBA', 'IEA'], ['IDA', 'TAS', 'NAS'], ['NAS'], ['IMP', 'IEA'], ['IMP'], ['IEA'], ['IDA', 'IBA'], ['ISS', 'TAS', 'IEA'], ['IMP', 'IEA'], ['IDA', 'IEA'], ['IDA', 'IMP', 'IBA', 'TAS', 'IEA'], ['IMP'], ['ISS', 'IBA', 'IEA'], ['NAS'], ['HMP'], ['IDA', 'IMP', 'IEA'], ['IDA', 'TAS', 'IEA'], ['IDA'], ['IDA', 'IMP', 'IBA'], ['IMP', 'IEA'], ['IDA', 'IBA'], ['IDA', 'IEA'], ['IDA', 'IMP', 'IGI', 'ISS', 'IBA', 'NAS', 'IEA'], ['IDA', 'IMP', 'IGI', 'ISS', 'IBA', 'NAS', 'IEA'], ['IEA'], ['IDA', 'ISS', 'IBA', 'IEA'], ['IDA', 'IMP', 'ISS', 'IBA', 'IEA'], ['IEA'], ['IMP'], ['IDA', 'IMP', 'ISS', 'IBA', 'TAS', 'IEA'], ['IDA', 'IMP', 'ISS', 'IEA'], ['ISS', 'IBA', 'IEA'], ['ISS', 'IBA', 'IEA'], ['IBA', 'IEA'], ['IBA', 'IEA']]"
GO:BP,GO:0019941,modification-dependent protein catabolic process,0.03004673268861262,True,"""The chemical reactions and pathways resulting in the breakdown of a protein or peptide by hydrolysis of its peptide bonds, initiated by the covalent modification of the target protein."" [GOC:go_curators]",638,221,20,21026,0.09049773755656108,0.03134796238244514,query_1,"['GO:0043632', 'GO:0051603']","['APC', 'BIRC2', 'DDA1', 'FBXW11', 'FZR1', 'GLMN', 'HAMP', 'KCTD10', 'L3MBTL3', 'MAEA', 'MIB1', 'NCCRP1', 'PLAA', 'SKP2', 'UBE2H', 'UBE2J2', 'UBQLN4', 'VPS4B', 'WDR26', 'WWTR1']","[['NAS'], ['IDA'], ['IBA', 'IEA'], ['IDA', 'IEA'], ['IDA', 'IBA', 'NAS'], ['IMP'], ['IDA'], ['IDA', 'ISS', 'IBA'], ['IMP', 'IEA'], ['IBA', 'IEA'], ['IDA'], ['IBA'], ['ISS', 'IBA', 'IEA'], ['IMP', 'IBA', 'IEA'], ['IBA', 'TAS', 'IEA'], ['IMP'], ['IDA', 'IMP', 'IBA'], ['IMP'], ['IBA'], ['IEA']]"
GO:BP,GO:0044238,primary metabolic process,0.03027105708503119,True,"""The chemical reactions and pathways involving those compounds which are formed as a part of the normal anabolic and catabolic processes. These processes take place in most, if not all, cells of the organism."" [GOC:go_curators]",12342,221,160,21026,0.7239819004524887,0.012963863231242911,query_1,['GO:0008152'],"['AARS2', 'ACLY', 'ACTR3', 'ALDOC', 'APC', 'APLP1', 'ARID1A', 'ARID2', 'ATAD2', 'ATP5F1C', 'ATP5MC1', 'ATXN7L3', 'BIRC2', 'BRD8', 'BRMS1', 'BRPF1', 'BTAF1', 'C1D', 'CCNC', 'CCND1', 'CCNE1', 'CDK4', 'CEP350', 'CIT', 'CITED2', 'CNOT2', 'DCLRE1B', 'DDA1', 'DDX39B', 'DICER1', 'DNM1L', 'DOCK7', 'DPRX', 'E2F3', 'EFR3A', 'EIF4G1', 'ELOF1', 'ESF1', 'EXOSC1', 'FBXW11', 'FZR1', 'G6PD', 'GATAD1', 'GCN1', 'GGN', 'GLMN', 'GRSF1', 'H1-2', 'HAMP', 'HSF1', 'ILK', 'KAT6A', 'KCTD10', 'KDM2A', 'KMT2A', 'KMT2B', 'KMT5A', 'KRAS', 'L3MBTL3', 'LAGE3', 'LARS2', 'LIN52', 'LIN54', 'LSM14A', 'MAEA', 'MAP3K7', 'MARK2', 'MECOM', 'MED1', 'MED25', 'MEN1', 'METAP1', 'METTL15', 'METTL17', 'MIB1', 'MPHOSPH6', 'MRPL11', 'MRPL33', 'MRPS10', 'MRPS11', 'MRPS12', 'MRPS14', 'MRPS18B', 'MRPS23', 'MRPS9', 'MTERF3', 'MYBL2', 'NCCRP1', 'NDUFA2', 'NELFB', 'NSMCE2', 'PARD3', 'PARL', 'PARN', 'PAX8', 'PCBD2', 'PCGF1', 'PFDN1', 'PIGS', 'PLAA', 'POLR2M', 'PPP4R2', 'PRPF39', 'PSME3', 'PSTK', 'RAB6A', 'RAD51B', 'RAD51D', 'RAF1', 'RANBP2', 'RELA', 'RICTOR', 'RNF31', 'RPL28', 'RRP36', 'SAMD4B', 'SCD', 'SKP2', 'SLC30A9', 'SLC44A3', 'SLC4A7', 'SMARCA4', 'SMARCA5', 'SOX17', 'SUPT3H', 'SUPT7L', 'SUZ12', 'TAFAZZIN', 'TDG', 'TMED10', 'TMED2', 'TOE1', 'TRAF2', 'TRUB2', 'TTC4', 'TTF2', 'UBE2H', 'UBE2J2', 'UBQLN4', 'UQCRC2', 'USP1', 'VBP1', 'VEZF1', 'VPS4B', 'WDR26', 'WDR48', 'WT1', 'WWTR1', 'XRCC2', 'XYLT2', 'YTHDC1', 'YTHDF2', 'ZC3H3', 'ZDHHC11', 'ZEB1', 'ZFP36L1', 'ZFP69', 'ZNF496', 'ZNF780B', 'ZNF875']","[['IMP', 'IBA', 'IEA'], ['IDA', 'IBA', 'TAS', 'IEA'], ['IDA'], ['IBA', 'TAS', 'IEA'], ['IDA', 'IGI', 'NAS', 'IC'], ['IEA'], ['IDA', 'IBA', 'TAS', 'NAS'], ['IMP', 'NAS', 'IEA'], ['IDA', 'IBA'], ['IDA', 'IBA', 'NAS', 'IEA'], ['IBA', 'NAS', 'IEA'], ['IDA', 'IBA', 'NAS', 'IEA'], ['IDA', 'IBA', 'IEA'], ['IDA', 'NAS', 'IEA'], ['IDA', 'IBA', 'NAS'], ['IDA', 'IBA'], ['IDA'], ['IMP', 'IBA', 'IEA'], ['IDA', 'IBA', 'IEA'], ['IDA', 'IEA'], ['IMP', 'IEA'], ['IDA', 'TAS', 'IEA'], ['IEA'], ['IEA'], ['IDA', 'IMP', 'ISS', 'IEA'], ['IDA', 'IBA', 'NAS', 'IEA'], ['IMP', 'ISS', 'IBA', 'IEA'], ['IMP', 'IBA', 'IEA'], ['IDA', 'IGI', 'IBA', 'IEA'], ['IDA', 'IMP', 'ISS', 'IBA', 'TAS', 'IEA'], ['IEA'], ['IMP'], ['IBA', 'IEA'], ['IDA', 'IBA', 'TAS', 'IEA'], ['TAS'], ['IDA', 'IPI', 'IMP', 'IBA', 'TAS', 'NAS', 'IEA'], ['IBA', 'IEA'], ['IBA', 'IEA'], ['IDA', 'IEA'], ['IDA', 'IMP', 'ISS', 'NAS', 'IEA'], ['IDA', 'IBA', 'TAS', 'NAS', 'IEA'], ['IDA', 'IMP', 'IBA', 'TAS', 'IEA'], ['IEA'], ['IDA', 'IBA', 'IEA'], ['IEA'], ['IMP'], ['IDA', 'IBA', 'TAS', 'IEA'], ['IBA', 'IEA'], ['IDA', 'ISS', 'IEA'], ['IDA', 'IMP', 'IBA', 'IEA'], ['IDA', 'IMP', 'IEA'], ['IDA', 'ISS', 'IBA', 'IEA'], ['IDA', 'ISS', 'IBA', 'IEA'], ['IMP', 'IBA', 'IEA'], ['IDA', 'IMP', 'IBA', 'IEA'], ['IBA', 'IEA'], ['IDA', 'IMP', 'IBA'], ['IMP'], ['IMP', 'IBA', 'IEA'], ['IBA', 'IEA'], ['IDA', 'IBA', 'TAS', 'IEA'], ['IEA'], ['IBA'], ['IMP', 'IEA'], ['IBA', 'IEA'], ['IDA', 'IEA'], ['IDA', 'IMP', 'ISS', 'TAS', 'NAS', 'IEA'], ['IDA', 'IBA', 'IEA'], ['IDA', 'IMP', 'ISS', 'IBA', 'NAS', 'IEA'], ['IDA', 'IMP', 'IBA', 'NAS'], ['IDA', 'IMP', 'IBA', 'NAS'], ['IDA', 'TAS', 'IEA'], ['IDA', 'IBA'], ['IEA'], ['IDA', 'IEA'], ['IMP', 'IBA', 'IEA'], ['IBA', 'NAS', 'IEA'], ['NAS', 'IEA'], ['NAS'], ['ISS', 'IBA', 'NAS', 'IEA'], ['ISS', 'IBA', 'NAS', 'IEA'], ['IMP', 'IBA', 'NAS', 'IEA'], ['ISS', 'NAS', 'IEA'], ['NAS', 'IEA'], ['NAS', 'IEA'], ['IMP', 'IBA', 'IEA'], ['IDA', 'IBA'], ['IBA'], ['NAS'], ['IDA', 'ISS', 'IBA', 'IEA'], ['IMP', 'IBA', 'TAS', 'NAS', 'IEA'], ['ISS'], ['IDA', 'IMP', 'IGI', 'IBA', 'TAS', 'NAS', 'IEA'], ['IDA', 'IMP', 'IBA', 'TAS', 'IEA'], ['IDA', 'ISS', 'IBA', 'IEA'], ['IDA', 'IEA'], ['IBA', 'TAS'], ['IDA', 'IBA', 'NAS', 'IEA'], ['IBA', 'TAS', 'NAS', 'IEA'], ['ISS', 'IBA', 'TAS', 'IEA'], ['IEA'], ['IMP', 'TAS', 'IEA'], ['IBA', 'IEA'], ['IDA', 'IBA', 'IEA'], ['IEA'], ['IDA'], ['IMP', 'IBA', 'TAS', 'IEA'], ['IDA', 'IMP', 'IBA', 'TAS', 'IEA'], ['IDA', 'TAS', 'IEA'], ['IDA', 'TAS', 'IEA'], ['IDA', 'IMP', 'IGI', 'ISS', 'IBA', 'NAS', 'IEA'], ['IGI', 'IEA'], ['IDA', 'IBA', 'IEA'], ['TAS', 'NAS', 'IC', 'IEA'], ['IDA', 'IBA', 'IEA'], ['IBA', 'IEA'], ['IDA', 'IBA', 'IEA'], ['IDA', 'IMP', 'IBA', 'IEA'], ['TAS', 'IEA'], ['TAS', 'IEA'], ['IMP'], ['IDA', 'IMP', 'IGI', 'ISS', 'IBA', 'TAS', 'NAS', 'IEA'], ['IDA', 'IMP', 'ISO', 'IBA', 'TAS', 'NAS', 'IEA'], ['IDA', 'ISS', 'IBA', 'IEA'], ['IDA', 'TAS', 'NAS', 'IEA'], ['NAS'], ['IEA'], ['IDA', 'IMP', 'IBA', 'TAS', 'IEA'], ['IDA', 'IBA', 'TAS', 'IEA'], ['IMP'], ['IEA'], ['IMP', 'IBA'], ['IDA', 'IMP', 'IBA', 'TAS', 'IEA'], ['IDA', 'IMP', 'IEA'], ['IBA'], ['IBA', 'TAS', 'IEA'], ['IDA', 'IBA', 'TAS', 'IEA'], ['IDA', 'IMP', 'IBA', 'IEA'], ['IDA', 'IMP', 'IBA', 'IEA'], ['IEA'], ['IDA', 'IMP', 'IBA', 'TAS', 'IEA'], ['IDA', 'NAS', 'IEA'], ['IDA', 'IBA'], ['IMP'], ['IBA'], ['IDA', 'IBA', 'IEA'], ['IDA', 'IMP', 'IGI', 'ISS', 'IBA', 'NAS', 'IEA'], ['IMP', 'IBA', 'NAS', 'IEA'], ['IDA', 'IMP', 'IGI', 'IBA', 'TAS', 'IEA'], ['IMP', 'IBA', 'IEA'], ['IDA', 'IBA', 'IEA'], ['IDA', 'IMP', 'IBA', 'IEA'], ['IEA'], ['ISS'], ['IDA', 'IMP', 'IBA', 'TAS', 'IEA'], ['IDA', 'IMP', 'ISS', 'IEA'], ['ISS', 'IBA', 'IEA'], ['ISS', 'IBA', 'IEA'], ['IBA', 'IEA'], ['IBA', 'IEA']]"
GO:BP,GO:1902679,negative regulation of RNA biosynthetic process,0.03251361753443435,True,"""Any process that stops, prevents or reduces the frequency, rate or extent of RNA biosynthetic process."" [GO:jl, GO_REF:0000058, GOC:TermGenie]",1296,221,31,21026,0.14027149321266968,0.023919753086419752,query_1,"['GO:0010558', 'GO:0032774', 'GO:0051253', 'GO:2001141']","['BRMS1', 'BTAF1', 'C1D', 'CCND1', 'CCNE1', 'CITED2', 'CNOT2', 'DICER1', 'FBXW11', 'H1-2', 'HAMP', 'HSF1', 'KAT6A', 'KDM2A', 'KMT5A', 'L3MBTL3', 'MECOM', 'MED1', 'MED25', 'MEN1', 'MTERF3', 'NELFB', 'PCGF1', 'RELA', 'SMARCA4', 'SMARCA5', 'SUZ12', 'TDG', 'WT1', 'WWTR1', 'ZEB1']","[['IDA', 'IBA', 'NAS'], ['IDA'], ['IEA'], ['IDA', 'IEA'], ['IEA'], ['IDA', 'IMP'], ['IDA'], ['ISS'], ['IMP'], ['IEA'], ['ISS', 'IEA'], ['IDA'], ['IDA', 'IEA'], ['IMP'], ['IDA', 'IMP'], ['IMP', 'IBA'], ['IDA'], ['ISS', 'IEA'], ['IMP'], ['IDA'], ['IMP', 'IEA'], ['IDA', 'ISS', 'IBA', 'IEA'], ['IBA'], ['IDA', 'IMP', 'IEA'], ['IDA', 'IMP', 'TAS'], ['ISO', 'IEA'], ['IEA'], ['IEA'], ['IDA', 'IMP'], ['IEA'], ['IDA', 'IMP', 'TAS', 'IEA']]"
GO:BP,GO:0043632,modification-dependent macromolecule catabolic process,0.03361537791389615,True,"""The chemical reactions and pathways resulting in the breakdown of a macromolecule, initiated by covalent modification of the target molecule."" [GOC:jl]",643,221,20,21026,0.09049773755656108,0.03110419906687403,query_1,['GO:0009057'],"['APC', 'BIRC2', 'DDA1', 'FBXW11', 'FZR1', 'GLMN', 'HAMP', 'KCTD10', 'L3MBTL3', 'MAEA', 'MIB1', 'NCCRP1', 'PLAA', 'SKP2', 'UBE2H', 'UBE2J2', 'UBQLN4', 'VPS4B', 'WDR26', 'WWTR1']","[['NAS'], ['IDA'], ['IBA', 'IEA'], ['IDA', 'IEA'], ['IDA', 'IBA', 'NAS'], ['IMP'], ['IDA'], ['IDA', 'ISS', 'IBA'], ['IMP', 'IEA'], ['IBA', 'IEA'], ['IDA'], ['IBA'], ['ISS', 'IBA', 'IEA'], ['IMP', 'IBA', 'IEA'], ['IBA', 'TAS', 'IEA'], ['IMP'], ['IDA', 'IMP', 'IBA'], ['IMP'], ['IBA'], ['IEA']]"
GO:BP,GO:0010498,proteasomal protein catabolic process,0.03926108383519165,True,"""The chemical reactions and pathways resulting in the breakdown of a protein or peptide by hydrolysis of its peptide bonds that is mediated by the proteasome."" [GOC:tb]",543,221,18,21026,0.08144796380090498,0.03314917127071823,query_1,"['GO:0030163', 'GO:0051603']","['APC', 'BIRC2', 'DDA1', 'FBXW11', 'FZR1', 'GLMN', 'HAMP', 'KCTD10', 'MAEA', 'NCCRP1', 'PLAA', 'PSME3', 'SKP2', 'UBE2H', 'UBE2J2', 'UBQLN4', 'WDR26', 'WWTR1']","[['NAS'], ['IDA'], ['IBA', 'IEA'], ['IDA', 'IEA'], ['IDA', 'IBA', 'NAS'], ['IMP'], ['IDA'], ['ISS', 'IBA'], ['IBA', 'IEA'], ['IBA'], ['IBA'], ['IDA', 'IBA', 'IEA'], ['IMP', 'IBA'], ['IEA'], ['IMP', 'IBA'], ['IDA', 'IMP', 'IEA'], ['IBA'], ['IEA']]"
GO:BP,GO:0006915,apoptotic process,0.045501169086898136,True,"""A programmed cell death process which begins when a cell receives an internal (e.g. DNA damage) or external signal (e.g. an extracellular death ligand), and proceeds through a series of biochemical events (signaling pathway phase) which trigger an execution phase. The execution phase is the last step of an apoptotic process, and is typically characterized by rounding-up of the cell, retraction of pseudopodes, reduction of cellular volume (pyknosis), chromatin condensation, nuclear fragmentation (karyorrhexis), plasma membrane blebbing and fragmentation of the cell into apoptotic bodies. When the execution phase is completed, the cell has died."" [GOC:cjm, GOC:dhl, GOC:ecd, GOC:go_curators, GOC:mtg_apoptosis, GOC:tb, ISBN:0198506732, PMID:18846107, PMID:21494263]",1923,221,40,21026,0.18099547511312217,0.02080083203328133,query_1,['GO:0012501'],"['APC', 'APLP1', 'BIRC2', 'BRD8', 'BRMS1', 'C1D', 'CCND1', 'CFDP1', 'CIT', 'CITED2', 'DICER1', 'DNM1L', 'E2F3', 'FRS2', 'G6PD', 'HSF1', 'KMT2A', 'KRAS', 'KRT8', 'MAEA', 'MAP3K7', 'MECOM', 'MED1', 'MFN2', 'MYBL2', 'PARL', 'PAX8', 'PDCD2', 'PLEKHF1', 'PSME3', 'RAF1', 'RELA', 'RICTOR', 'SKP2', 'SLC25A5', 'STX4', 'TRAF2', 'WT1', 'XRCC2', 'ZFP36L1']","[['IMP'], ['IEA'], ['IDA', 'IMP', 'IBA', 'TAS', 'IEA'], ['NAS'], ['IDA', 'IMP', 'IEA'], ['IEA'], ['IEA'], ['IEA'], ['IMP'], ['ISS', 'IEA'], ['IBA'], ['IMP', 'IBA'], ['IMP'], ['IEA'], ['IEA'], ['IEA'], ['IEA'], ['IEA'], ['IEA'], ['IDA'], ['ISS', 'IEA'], ['IEA'], ['ISS', 'IEA'], ['IMP', 'IEA'], ['IEA'], ['IEA'], ['ISS', 'IEA'], ['IDA', 'TAS', 'IEA'], ['IBA', 'IEA'], ['IDA', 'IEA'], ['IDA', 'TAS', 'IEA'], ['IDA', 'IMP', 'IEA'], ['NAS'], ['IDA'], ['IMP', 'IBA'], ['IMP'], ['IDA', 'IMP', 'TAS', 'IEA'], ['IGI', 'IBA'], ['IEA'], ['IMP', 'IEA']]"
GO:BP,GO:0045787,positive regulation of cell cycle,0.04672327096914776,True,"""Any process that activates or increases the rate or extent of progression through the cell cycle."" [GOC:go_curators]",351,221,14,21026,0.06334841628959276,0.039886039886039885,query_1,"['GO:0007049', 'GO:0048522', 'GO:0051726']","['CCND1', 'CCNE1', 'CDK4', 'CIT', 'CITED2', 'EIF4G1', 'HSF1', 'MAD2L1BP', 'MAP3K7', 'MED1', 'NSMCE2', 'RAD51B', 'SPAG5', 'VPS4B']","[['IDA', 'IBA'], ['IBA'], ['IDA'], ['IMP'], ['ISS', 'IEA'], ['IMP'], ['IMP'], ['IMP'], ['IEA'], ['IEA'], ['IMP'], ['IMP'], ['IMP'], ['IMP']]"
