Gene,Entrez ID,Regression Coefficient (Effect Size),P-value,Sample Size,R-squared,P-value (FDR),Significant (FDR<0.05)
AKT3,10000,0.07629582593250446,0.45636697517764435,63,0.009127802310773703,0.5295768457957112,False
HDAC6,10013,0.046733850931677,0.017917664372423904,119,0.04696465774325831,0.02946103260039805,True
PDCD6,10016,0.2418248587570622,1.832963536353655e-14,119,0.395769319453689,4.688976488346559e-13,True
CDH6,1004,0.3081532955159373,0.0015723050815170047,119,0.08218913591552723,0.003226745503113256,True
RANBP9,10048,0.12337726315789468,1.5336714639078885e-05,117,0.15063452109399234,4.765645791804173e-05,True
DNAJB6,10049,0.19012883547213172,2.893121530999615e-10,119,0.28902502593903023,2.696977698389472e-09,True
SMC4,10051,0.09537014289640013,0.04553543950772859,119,0.03374049910840826,0.0684275730307397,False
AP1M2,10053,0.08027582155897763,0.08336327011354831,119,0.02540581579207113,0.11878186156075538,False
UBA2,10054,0.168202657649076,1.1674903961820784e-09,119,0.2722183945408416,9.239132631656735e-09,True
DNM1L,10059,0.15713581332431514,6.730666729650498e-07,119,0.190970345056919,2.8808301177492403e-06,True
ABCF2,10061,0.21065654633620687,3.543718688368212e-18,119,0.4771353351401808,2.998531197850026e-16,True
SCAMP3,10067,0.15116616354604515,1.0988642101878137e-07,119,0.21491549615690098,5.396208175029442e-07,True
PQBP1,10084,0.0029932298136645975,0.865291091679889,119,0.00024699437347053266,0.8945678579397349,False
ARFRP1,10139,0.15817997977755313,0.0013375665536197662,119,0.08453409272847578,0.0027813293175458277,True
SUGP2,10147,0.16599673913043478,2.861036317462544e-06,119,0.17141297461005423,1.0318491636750159e-05,True
LPCAT3,10162,0.2568636428864288,2.5147224882376812e-08,119,0.2339404549301891,1.4468179389302505e-07,True
SORBS3,10174,0.16198081163859102,0.0005336574245594819,119,0.09782788253974062,0.0011931365183240447,True
ALG3,10195,0.26263167938931276,0.00036595549441172304,99,0.12329182024509378,0.0008448578865907259,True
CDK5,1020,0.26861660380747127,9.504394263973136e-14,119,0.3787525756143093,1.9726101302585755e-12,True
DDX39A,10212,0.20872335080426552,2.1629929021732652e-07,119,0.206040557042799,1.0081746577926236e-06,True
TIMM17B,10245,0.014628653530377669,0.6485949105213525,117,0.0018121035259445195,0.710611953758454,False
SF3B4,10262,0.045112152777777755,0.14087559273594283,119,0.018440173150261585,0.18737986941902915,False
ZMPSTE24,10269,0.2609906124497993,1.1814759552158785e-13,119,0.3764683867543861,2.4067102791434564e-12,True
AKAP8,10270,0.19615667496648145,6.561084219716286e-13,119,0.35818631896817776,1.1276863502637366e-11,True
STAG1,10274,0.02948326885880079,0.2658562488021863,119,0.010570236199472616,0.33307730487745435,False
RGS19,10287,-0.03327150684931508,0.5782879520092528,104,0.0030397692523665976,0.646460108953433,False
PAK4,10298,0.24812175715214566,2.2406641839142766e-13,119,0.36970288472790513,4.32408877597492e-12,True
AKR1A1,10327,0.09308925619834704,0.003219551435342665,119,0.07178545813331594,0.0062570787612666635,True
DLC1,10395,-0.019155191256830646,0.8262357658184666,119,0.0004135950107134745,0.8614780496685434,False
NDRG1,10397,0.21959825388026605,2.088937293735543e-05,119,0.1439358967268024,6.330113011319826e-05,True
CPQ,10404,0.1517437484677617,0.005369276349531934,119,0.06436245780726924,0.00981097007389556,True
BASP1,10409,0.12599939967982926,0.16640328015642675,119,0.01630359070122478,0.218168782088283,False
TMEM147,10430,0.028381712243629575,0.45601088881849594,95,0.00598911274402858,0.5295768457957112,False
LYPLA1,10434,0.2163970003014771,1.8403605328786767e-11,119,0.32115070577938964,2.3539495187983073e-10,True
EMG1,10436,0.08100397703977039,0.006548689212849434,119,0.061483790032687224,0.011656242935492521,True
IFI30,10437,0.045938330361123526,0.34512196812945817,119,0.007621465119947546,0.4190222571108212,False
PPIE,10450,0.17163471636642397,1.3560482114029748e-08,119,0.24178495646903908,8.286961291907069e-08,True
ECI2,10455,0.19010496644295302,3.1816181919655687e-07,119,0.20094465224040092,1.434336070148412e-06,True
PPIH,10465,0.20521225870867543,2.245087815814618e-10,119,0.29204086238642946,2.1854837145098052e-09,True
CAP1,10487,0.17344917592947495,3.859455791229495e-09,119,0.25752246512330823,2.738968626033835e-08,True
LRRC41,10489,0.09886283489809941,0.08335328189379619,119,0.025407439612449845,0.11878186156075538,False
CARM1,10498,0.2195537949692892,2.580164501288897e-13,119,0.36820203213665026,4.810476188843706e-12,True
NCOA2,10499,0.09607586155894098,9.642901722545756e-05,110,0.13188925412409458,0.0002531549378233969,True
CHERP,10523,0.08676491422805246,0.0002911941376388223,119,0.10655071316452736,0.0006903309297472081,True
IPO8,10526,0.1576775030156815,5.6504032082189546e-06,119,0.1620844707769058,1.9423261028252656e-05,True
PITRM1,10531,0.18036427272727273,2.599998728743705e-05,119,0.14087016432643928,7.796422898587429e-05,True
RNASEH2A,10535,0.08564706628339536,0.0037348190388553915,119,0.06963004343674284,0.0070832774874843634,True
ARFGEF1,10565,0.2034820841633466,2.1819781141630843e-12,119,0.3450659729288684,3.428822750827704e-11,True
DNPH1,10591,0.194008453993461,9.906024526011707e-07,119,0.18578489098793172,4.020895564063793e-06,True
POLR3C,10623,0.028660638297872354,0.28734319808701125,117,0.00983786514938112,0.3547446889963102,False
TXNIP,10628,0.010041952789699582,0.8420635704720899,105,0.0003872608729874605,0.8746647096499517,False
IGF2BP2,10644,0.16520780859286216,0.041989230241716795,119,0.034875589602504475,0.06353253544138718,False
SPINT2,10653,0.47628835616438353,5.1473526855553815e-20,119,0.5133293293312218,1.132417590822184e-17,True
PMVK,10654,0.1580708200636943,0.0012924451461741042,119,0.08503160269369425,0.002692594054529384,True
KHDRBS3,10656,0.25035487867836864,0.0011949943806807582,119,0.0861679132757075,0.0024942956712501597,True
FARS2,10667,0.19527424808334964,6.0510695572036136e-12,119,0.3337279741749356,8.644385081719447e-11,True
DCTN6,10671,0.08288188291139241,0.005889626525390191,119,0.06302116912774036,0.010638077467864056,True
EBP,10682,0.0880935331230284,0.12360179392280479,76,0.03174346144593687,0.16826976895431348,False
POLD3,10714,0.1689338559119196,7.4250349983512e-05,119,0.12606605978322516,0.00020166761723916838,True
SLC12A7,10723,0.19958073577809113,8.70361841469118e-09,119,0.24737244088867327,5.598818863251636e-08,True
CTSC,1075,0.14294661636406508,0.0024886429612918943,119,0.07552439191404225,0.004897150728839148,True
GIPC1,10755,0.16233996113989632,2.4403511077779203e-09,119,0.26318842455976255,1.8386206976408987e-08,True
NUP50,10762,0.16534578152753104,6.363499137414881e-06,119,0.16044692106486957,2.1671359291505787e-05,True
ZMYND11,10771,0.09559306225591548,4.665005923512013e-05,119,0.132643878713949,0.0001329405833125185,True
POP4,10775,0.010506384627305134,0.6907932699027817,98,0.0016554414862631761,0.7449731342088822,False
RPP40,10799,0.06543445229681981,0.0263031358105019,117,0.042191975331455356,0.041674706282850936,True
STARD10,10809,0.2089346149337709,2.0119012368416324e-05,116,0.1479819554799391,6.130446982065916e-05,True
ADAM28,10863,0.23595584415584414,0.006797366175248474,51,0.14016842230581184,0.012001770132862473,True
TSPAN9,10867,0.08502857850420999,0.0032413823392367855,110,0.07745018056026587,0.00628839607259341,True
ME3,10873,0.14797108976871828,0.0015707647067722788,119,0.08220335468804663,0.003226745503113256,True
SUB1,10923,0.25644947183098593,1.9441326772801167e-11,119,0.3205246465913707,2.458098787365665e-10,True
SF3A3,10946,0.034301450249711846,0.05298088415146136,119,0.03163011578038999,0.07843737895909489,False
EBNA1BP2,10969,0.01274872196768749,0.7070057649104163,119,0.0012120096487581167,0.7594788490248613,False
SLC27A3,11000,0.13639587345254464,0.021654792316547353,119,0.04425421704048449,0.03496321489359338,True
TMED1,11018,0.17987109277708596,2.2010500397715044e-10,119,0.2922759491757353,2.161745574775585e-09,True
TDRKH,11022,0.09408987341772153,0.023366951031078,117,0.043905530417753025,0.037523570998811394,True
RBPMS,11030,0.3349482914880587,2.2081892315137995e-06,114,0.18202459347187605,8.318521077620477e-06,True
ADRM1,11047,0.061452105263157884,0.0141021023838154,119,0.050403405971995885,0.023755455776718132,True
OGFR,11054,0.1765316939890711,6.261172701896667e-09,119,0.25149859320943857,4.2524329369827224e-08,True
TPPP,11076,0.11783058082575235,0.2689231227594461,67,0.01877013283201856,0.33578012412867064,False
CHD4,1108,0.012347266014767511,0.5967681655074475,119,0.002399648843994684,0.6644179980346075,False
DIDO1,11083,0.10670348027842225,0.0006075563544501118,119,0.09595561439647082,0.0013393025849601664,True
PRSS23,11098,0.20987164383561635,0.0174702883638027,75,0.07494772995243693,0.028768438922429595,True
POLR3A,11128,0.02765405480984341,0.2879848618409057,117,0.009811838025967856,0.3551382825392335,False
CDC37,11140,0.23368196622436674,1.883121020007884e-20,119,0.521560181246709,5.1785828050216806e-18,True
WDR45,11152,0.013371276018099563,0.6880795264609192,82,0.002025228294309067,0.7427747586918656,False
PTP4A3,11156,0.1569631944444445,0.044022194175735184,104,0.03916885901013434,0.06633481314151876,False
MAP4K1,11184,0.07477915451895042,0.397138723049289,60,0.012391096412866509,0.4717630619376003,False
ABCB8,11194,0.19979760765550236,3.620299759442491e-08,117,0.23277519394788748,1.9812585748192736e-07,True
CHKB,1120,0.08512893157262905,0.046376146392745045,109,0.03657065799357928,0.0695958540682395,False
CHML,1122,0.0050680597014925235,0.9382639914512481,48,0.00013182529459487835,0.949122147210792,False
PRAF2,11230,0.07420849701110162,0.15693650049799338,108,0.01881098518345725,0.20624868643702834,False
PDCD10,11235,0.03441483568075117,0.23281391068774487,119,0.012145109999641135,0.29538097088410536,False
RNF139,11236,0.04264142528735637,0.6857698229988565,56,0.0030550533826763093,0.7410086496058371,False
ZHX1,11244,0.14848498349834977,0.0009472280148192933,68,0.15364535989523032,0.0020192845277155476,True
NACC1,112939,0.2119630345885159,3.7296744239942845e-08,119,0.22889595348213054,2.0310108249473828e-07,True
MED8,112950,-0.014532409231635235,0.6120157430639453,109,0.0024125495028624044,0.6766003189651657,False
VPS45,11311,0.09421718038528894,0.0007303860533437689,119,0.09329491224673625,0.0015877957681386281,True
COPE,11316,0.007999028400597897,0.6657856660252695,119,0.0016001739144203553,0.7279962550972131,False
C12orf57,113246,0.09756501696268206,0.0024059037425911128,119,0.0760153068716366,0.004751784025850023,True
PHB2,11331,0.14232756934743557,2.0133115659462783e-06,119,0.17619732655314313,7.66312360740798e-06,True
EXOC3,11336,0.035178072033898306,0.013194840252709566,119,0.05136047131071908,0.02240094735114216,True
MFSD3,113655,0.46634117647058815,6.961771401515994e-07,53,0.38578969783226713,2.9681971091734857e-06,True
PGLYRP2,114770,-0.03350896254167479,0.47915132744537936,119,0.004289391374121432,0.5536412396952912,False
C1QTNF3,114899,0.20810462863293863,0.12209905065255014,101,0.023973257189097152,0.1666364214861106,False
CCDC124,115098,0.2347473844812554,1.9014523039036296e-10,119,0.2940100272398256,1.9167361704622784e-09,True
TBCB,1155,0.31476585475462876,2.049068725368929e-17,119,0.4613631068662275,1.6099825699327298e-15,True
CTHRC1,115908,0.28407608695652176,0.005971890886329915,119,0.06282008034663011,0.010720304758771846,True
FOXP4,116113,0.291254561251086,3.279456030389848e-05,88,0.18267159818525336,9.697316218894711e-05,True
COX20,116228,0.19711096311475423,9.183472795404717e-06,117,0.15786451020798997,2.9711235514544672e-05,True
CKS1B,1163,0.09951703950499757,0.11678193534098227,111,0.022416904015224226,0.16138207145110617,False
ARAP1,116985,0.1065512784701332,0.0004562896601850556,119,0.10008688371687724,0.0010285217750072974,True
AGAP3,116988,0.1769307545655228,8.183570628208436e-08,113,0.22915085925731693,4.148353774667871e-07,True
THEM4,117145,0.2130086528497409,0.013376016040234747,102,0.059639509246944056,0.02263633483732034,True
AP2M1,1173,-0.0017239172281039582,0.9396309257386841,119,4.923095742914718e-05,0.949122147210792,False
CLU,1191,0.10637268939393946,0.12760220581863405,119,0.019728947172120703,0.1724127684308133,False
CLK2,1196,0.17845666666666665,0.014603262006638477,81,0.07315251598041972,0.02456206147905554,True
CLNS1A,1207,0.11033090888066605,0.0022311425784043294,117,0.07840272203884946,0.004446117456965149,True
FGD4,121512,0.16909404802164354,0.00011378575274517474,119,0.11999676940590953,0.0002917583403722429,True
RAVER1,125950,0.13428794759825327,3.9112269388464105e-16,119,0.43380125393132196,1.8705867968395877e-14,True
NR2C2AP,126382,0.19311323932628288,5.0638307826415595e-05,108,0.14415586573162908,0.00014282599643347988,True
HSPB6,126393,0.15250084692597238,0.02963963047967299,109,0.043440769820836,0.04644386542398901,True
CNN1,1264,0.16797884253450437,0.08400536418859911,119,0.025301861366486933,0.11954191540421606,False
C19orf47,126526,0.2220810400866738,1.247258971922223e-07,62,0.3746951615475962,6.097710529397534e-07,True
C1orf122,127687,0.17335888787602544,0.0005982684745328073,81,0.13934882153411876,0.001326805084649371,True
OSCP1,127700,0.13093717472118957,0.03978814992098404,74,0.05740063750158597,0.06070314134962892,False
MRPL55,128308,0.04165623229461757,0.3884405150116801,111,0.006831931843240602,0.4624291845377144,False
COL8A2,1296,-0.052290868942468344,0.6559254596421406,101,0.002013282519334192,0.7179283637874174,False
TAF8,129685,0.10787120910384072,0.012427934008132425,68,0.09098397350769971,0.021162116732114038,True
COMP,1311,-0.029826546794728702,0.8013301851193022,117,0.0005528166701214143,0.8418941772982163,False
DNAJC19,131118,0.06004742753623189,0.14703826850912965,119,0.01788683249401013,0.1948699944096899,False
LRRC15,131578,-0.011615258183810429,0.8853037290242867,90,0.00023777145166747893,0.9075807100901354,False
NADK2,133686,0.237774791929382,2.565640796392036e-09,119,0.2625715052644715,1.9198672626062853e-08,True
CCDC127,133957,0.2014032132768362,3.883971458087973e-06,119,0.1672331535458248,1.3660140879708605e-05,True
COX6B1,1340,0.00686581508515814,0.7941713628428247,119,0.0005840953837291663,0.8367705930336276,False
CMBL,134147,0.22535177098495862,0.005396957185262626,119,0.0642878799896538,0.00982889553607432,True
DNAJC21,134218,0.17848903757076684,8.646807659735368e-06,102,0.1803417311135087,2.8240546518760125e-05,True
COX6C,1345,0.0093783455603339,0.8074661648998847,119,0.0005096318940048805,0.8467233378359134,False
CP,1356,-0.040337614678899056,0.5301539187840778,119,0.003377052383825907,0.6012054749097789,False
VPS37A,137492,0.16035211200759375,2.374997693630414e-07,114,0.21293697039578818,1.0976880096611157e-06,True
NDUFAF6,137682,0.18252721207865163,0.001148453317677059,105,0.09799111174116681,0.0024017084590204655,True
TMEM68,137695,0.18347292370020252,2.6302308597630416e-06,111,0.18403424890800535,9.609008676766117e-06,True
S100A16,140576,0.1541676069435834,0.019899788125931014,119,0.04546226604733972,0.03239698564085084,True
PARP1,142,0.1832228121664888,1.4364913848664633e-07,119,0.21141467857680396,6.870176188491782e-07,True
CPNE8,144402,0.05180633759902498,0.33788792393601963,62,0.015316552081908519,0.41114681009913895,False
A2ML1,144568,0.14804073672806065,0.3193766818726765,72,0.014164385580492489,0.39121865262800015,False
SPC24,147841,0.129420964381387,0.0018282763707160032,104,0.09126673360668347,0.0037242666810881546,True
DPY19L3,147991,0.006685201668984694,0.8720149661190713,68,0.0003961400517391578,0.898472972134255,False
EXOC8,149371,0.015251776246023356,0.5194018602429171,119,0.0035565489520631433,0.5908397582908054,False
C1orf210,149466,0.3971779411764707,6.98489581524079e-05,64,0.22670926389829493,0.00019112898996927536,True
LSM14B,149986,0.19574078386356178,1.391947154108902e-06,117,0.184051908393717,5.468363819713544e-06,True
CTPS1,1503,0.2611182417168676,6.159633527584713e-12,119,0.3335286609925523,8.686662667106646e-11,True
CTSB,1508,0.21334609327680204,2.9492163210492377e-05,119,0.13910124124723,8.791701770065479e-05,True
CTSK,1513,-0.060973701298701326,0.6212880360025814,96,0.0026068380964220372,0.6854732593809825,False
PPM1L,151742,-0.04888851174934723,0.5740344617257817,57,0.005780729136716012,0.6423579937928381,False
MB21D2,151963,0.03778602113876577,0.35414970470320517,85,0.010352250740203961,0.4285639990907873,False
CTSS,1520,0.010305593105778964,0.8922444540763816,119,0.00015750279810800016,0.9104535245677364,False
XXYLT1,152002,0.03859242618741976,0.3519946746167586,117,0.007536891265576329,0.42642526660620533,False
CCDC50,152137,0.09207093600588452,9.27046257777667e-07,119,0.1866765694086574,3.8050406102814696e-06,True
CYC1,1537,0.22938473265073944,5.5827959134055564e-05,119,0.13010585116277962,0.00015586486052655108,True
SNRNP48,154007,0.05939245642701527,0.1682341101090077,71,0.027335156334055477,0.2197800857892519,False
MBOAT1,154141,0.18198970588235297,0.0002133136774361331,116,0.11377691975221349,0.0005197129428091091,True
CCDC167,154467,0.07734642262895172,0.04256811413191718,52,0.07971344739354458,0.06431995267185288,False
GIMAP8,155038,-0.04004521739130436,0.3249290616733579,111,0.008891012881489302,0.3966947478809031,False
RBM33,155435,0.07278967444596982,0.0006491653169841237,119,0.09499872808434007,0.0014196458224304891,True
TMEM65,157378,0.20406531978757794,1.3337267718037318e-06,119,0.18177548204843064,5.258420964100734e-06,True
FAM91A1,157769,0.16233330429100407,6.88673503367181e-09,119,0.2503077375977577,4.536172776670054e-08,True
SBSPON,157869,0.03896870397643591,0.6684937470789916,102,0.0018411836311816865,0.7302315012779451,False
CYP11B1,1584,-0.005099999999999948,0.9283804243634162,111,7.44563503500828e-05,0.9438248306836948,False
CYP11B2,1585,-0.009811842105263114,0.8803833195620374,117,0.0001977534421693239,0.9050669640357394,False
DAB2,1601,-0.011682855263157894,0.788324364057401,119,0.0006185611473071839,0.8322042230932256,False
CNST,163882,0.14744255199550305,0.00021696451969051357,79,0.16370854580514804,0.0005268454120520197,True
AKR1C2,1646,-0.017706916707257655,0.8514818880642196,85,0.00042480265667532713,0.8836132800666431,False
DEFA1,1667,-0.011365019255455848,0.934279203916039,119,5.836693060101705e-05,0.9471955062743254,False
DEFA6,1671,0.00732541108019224,0.8729128968191375,119,0.0002196053837786316,0.898472972134255,False
DEFB1,1672,0.013531388101983005,0.8720237098760487,58,0.0004674301419150817,0.898472972134255,False
GIMAP7,168537,-0.02326381423856671,0.6848733612622164,106,0.0015899376378124552,0.7407676473829283,False
DHX36,170506,0.2092261377427185,3.879288691457861e-16,119,0.4338797629179135,1.8705867968395877e-14,True
GIMAP1,170575,-0.0334789705882353,0.31848986027452436,119,0.008505473518604867,0.3905672756989708,False
ADAMTS16,170690,0.13096,0.1373106831585293,54,0.041961391580508156,0.1835258219615823,False
ZNF384,171017,0.10733213929355412,1.0862559892152529e-06,119,0.18454399918087872,4.376855634200653e-06,True
DHPS,1725,0.2631289052469401,5.704038468018873e-11,116,0.3148304571304371,6.212319123584911e-10,True
DMD,1756,0.10502945602901183,0.036834025993813066,111,0.039369551060828845,0.05652706991843087,False
DNASE2,1777,0.20139732263513513,6.854441434228535e-09,119,0.2503665554513643,4.536172776670054e-08,True
DNM2,1785,0.13789373483009706,1.3156008909878441e-15,119,0.42206866756566397,4.990210276160788e-14,True
DNMT1,1786,0.2371058411563105,5.350962287504965e-12,119,0.3351046079739335,7.84807802167395e-11,True
DPH2,1802,0.15700148148148158,0.003262537430795402,92,0.09216489251354643,0.006318294320202363,True
DPYSL2,1808,0.20327478608100402,3.0568478738156786e-05,119,0.1385976630177146,9.063430353631392e-05,True
DSP,1832,0.1606440870758971,9.965951580747536e-05,119,0.1218842284264472,0.0002585506306326012,True
DVL3,1857,0.07879285523504277,0.0047326688695352925,113,0.06965908910938656,0.008723134398720125,True
E2F3,1871,0.2034238129496403,0.0010488619821044636,64,0.160203537254188,0.002218746500605596,True
TYMP,1890,0.038326554448643135,0.6336983571592084,119,0.0019472566606247854,0.6956768391967358,False
ECH1,1891,0.2363404352806415,1.8269434128319872e-08,119,0.2380079905741469,1.0862906779001005e-07,True
ECM1,1893,0.00251176368072498,0.9768029393940887,119,7.257326792631247e-06,0.9794742327561509,False
ECT2,1894,0.25450091833387994,1.4670301469299528e-05,113,0.15628580238600842,4.597530374994154e-05,True
EEF1A2,1917,-0.020555659574468074,0.8316297810262667,48,0.0009929352884980869,0.8654614561295112,False
AGO3,192669,0.08569653747244672,0.00017387435693756473,119,0.11394331554767023,0.00043370021004834745,True
EEF1D,1936,0.13190954258675075,1.3519845143412917e-08,119,0.24182290018360697,8.286961291907069e-08,True
EHHADH,1962,0.1554901815181518,0.0007582758344169992,119,0.09275305631740816,0.0016451743941986177,True
DCP1B,196513,0.18225665541807282,2.691417700089141e-06,114,0.17923284478385904,9.770823333656948e-06,True
AHSG,197,-0.08051022853339251,0.19683664125977762,119,0.014195849889878986,0.25443044111134594,False
EIF4A2,1974,0.14076193009118537,2.669068404550366e-09,119,0.2620841880214284,1.983767057436083e-08,True
EIF4G1,1981,0.18101112324114507,1.813645622737108e-14,119,0.3958773901121586,4.688976488346559e-13,True
SERPINB1,1992,0.11080999265246148,0.005916941506617948,119,0.06295408852834183,0.010652431517642788,True
KRTCAP2,200185,-0.04215417475728154,0.5333774921639354,108,0.0036704778599095933,0.603397337014021,False
IBA57,200205,0.1333938826122899,9.455960994595396e-05,119,0.1226314983852218,0.000248841078805142,True
RPL22L1,200916,-0.09201136363636367,0.36536533189177867,82,0.010253315179957534,0.4401991950503358,False
CTTN,2017,0.16040338420703384,3.749308161863573e-07,119,0.19876809205541368,1.6699105570807408e-06,True
ENO2,2026,0.1226248852524446,0.013196194439581928,119,0.05135899364734975,0.02240094735114216,True
ENSA,2029,0.13070457924974657,1.7742186094461896e-05,119,0.14621823668364964,5.482136152783171e-05,True
ADCK5,203054,0.1519012976140644,0.0011464536294475802,104,0.09893564610063166,0.0024017084590204655,True
R3HCC1,203069,0.05275635808748726,0.4432577781285164,74,0.008187517545728773,0.5181546821906143,False
DMTN,2039,0.011583419307295513,0.8637477066013333,109,0.00027646984763218807,0.8938123022215114,False
EPHB3,2049,0.1489937809099902,0.004375224446049393,119,0.0673328583417826,0.008157198119753106,True
EPHX1,2052,0.07788685258964145,0.12145283735760207,119,0.02037703508132338,0.16616681728030133,False
EPHX2,2053,0.3539676694915254,4.069546800135233e-08,119,0.22777582224238602,2.1836592586091495e-07,True
NR2F6,2063,0.26373123129115944,3.858281463558286e-07,119,0.19838775254297047,1.7044616907285602e-06,True
AKT2,208,0.2651595687550854,1.040924185363299e-18,119,0.4878767790628694,1.2722406709995876e-16,True
FBL,2091,0.009634530095036961,0.7218835467873028,119,0.0010869103733260888,0.7716928099767085,False
ETV6,2120,0.04811872617178739,0.24829936044010628,92,0.014781475267759747,0.31358128184169565,False
MECOM,2122,0.20724707621550592,0.0002705308148241857,119,0.10760787277946238,0.0006441209876766327,True
EYA2,2139,0.013801999999999981,0.8884940250671054,56,0.0003673716890033596,0.9091566768128521,False
EZH2,2146,0.119815638875185,0.011043025661284107,102,0.06284422487497299,0.01895059005836586,True
F13A1,2162,0.027304169014084494,0.6144697112347237,119,0.0021754391796958705,0.6786312071869439,False
FAAH,2166,0.22614436219431594,0.0019340715012868288,114,0.08258409512688436,0.003918008566142747,True
PTK2B,2185,0.13122981038234383,0.014665256630413313,111,0.05341500378642605,0.024628675257182663,True
FBLN1,2192,0.0959301393072289,0.37364491103600517,119,0.0067709432960347815,0.4487002206764254,False
FARSA,2193,0.0064246667777407545,0.818215282982517,119,0.0004533428271555895,0.8563623323318447,False
FCGR1A,2209,-0.028004086956521755,0.5343470059604134,119,0.0033087974693183364,0.6034719779840397,False
KDM1B,221656,0.10185145985401463,0.023628723439942403,78,0.06558330670409762,0.03788862359174438,True
FDFT1,2222,0.24089747122955796,6.908828274913293e-05,119,0.12708798626259987,0.00018951898010984095,True
FDPS,2224,0.09926937332823844,0.02170897797484025,119,0.04421852714705499,0.03496321489359338,True
FH,2271,0.17393470850963802,1.4468058432878432e-05,119,0.14906331178779375,4.54710407890465e-05,True
FHL3,2275,0.04289656165962349,0.42938069145518554,119,0.005346096794983435,0.5057270897679125,False
COG2,22796,0.06491592521834062,0.017132389422469505,119,0.04760723614258355,0.028299422503912586,True
MRAS,22808,0.04058316460442443,0.599587779177754,68,0.004198935336316212,0.6662086435308378,False
PUF60,22827,0.11403187321937322,8.019473981844092e-06,119,0.1572530560104507,2.641144125757036e-05,True
FKBP4,2288,0.2166489469337188,3.8504298664511304e-09,119,0.25755150762493895,2.738968626033835e-08,True
ZHX2,22882,0.0506691856392294,0.12935054816718977,119,0.019550937220273457,0.1741561848028259,False
WDR37,22884,0.1957274156791248,1.6941532378446508e-11,119,0.32209442778753994,2.192433601916607e-10,True
FOXJ3,22887,0.1998165803108808,1.5167735959281328e-06,104,0.2037358289717084,5.903665873779363e-06,True
UBOX5,22888,0.22216567342073895,0.014712726917284443,48,0.1225696436416498,0.024670731111300137,True
DENND3,22898,0.06716028930601,0.050107783128347884,96,0.04021422407927999,0.07458533347927289,False
NCBP2,22916,0.1170089012632978,0.00034847975963344004,119,0.10396872861959017,0.000813859311245826,True
SIRT2,22933,0.16307831460674146,5.353751201722676e-07,119,0.194028225934205,2.3369548896408507e-06,True
CCT5,22948,0.020589653081028624,0.4343984410979983,119,0.005231145745561272,0.5104287958873539,False
TPX2,22974,0.2579228915662651,7.323783731673367e-05,119,0.12626084325579556,0.00019940995309011643,True
PAXIP1,22976,0.10695770887166237,7.576488196242619e-05,113,0.1321364458377804,0.00020426806411438434,True
DIP2C,22982,0.16291410256410258,0.007433669181082705,53,0.13225646433977156,0.01308325775870556,True
MYH15,22989,0.1028696399345336,0.2762834604545922,59,0.020758790224329693,0.3430155829571686,False
STK38L,23012,0.17674496342149693,9.062260619747845e-07,119,0.18698183026450022,3.7335156111320705e-06,True
RBM34,23029,0.08833642290974172,0.006642454667675273,119,0.061277803973387335,0.011804038989406785,True
XPO7,23039,0.2614985682819382,3.40816092204885e-18,119,0.4774807070606324,2.998531197850026e-16,True
CMTR1,23070,0.1578320596366509,2.4756727890927555e-08,119,0.23414013891062257,1.4332842463168583e-07,True
ERC1,23085,0.1926774554591137,4.9092744028796305e-11,119,0.30986960663261554,5.567218395018138e-10,True
SIPA1L3,23094,0.11288669332848573,0.00046211497754345614,113,0.10503299136080113,0.0010395224443717828,True
AKR1B1,231,0.03476547101449278,0.43079914947792075,119,0.005313397077858717,0.5068225287975539,False
POGZ,23126,0.11583819050991505,0.0006307654075279558,119,0.0954141241486951,0.0013849140684246534,True
GRAMD4,23151,0.12978165680473375,0.009335893981181165,112,0.0598439948459909,0.016146986445439125,True
NUP205,23165,0.03268243382163966,0.12233420515969673,119,0.020281965316257144,0.16675046552127187,False
EFR3A,23167,0.12268291416074355,5.903734493165362e-05,117,0.131418164129675,0.00016357954515067754,True
LARP4B,23185,0.22189653476169652,2.4549471178655146e-13,119,0.3687316555583441,4.655934189055286e-12,True
ATP11B,23200,0.15795982486117033,0.004132574184340239,87,0.09274023328436531,0.0077706523124346375,True
FAM168A,23201,0.08729597044996641,0.03255194206238954,100,0.04578087080326487,0.050575051226876395,False
SULF1,23213,0.016679199475065548,0.8916756281896416,110,0.00017250555924441802,0.9104535245677364,False
BOP1,23246,0.09773505119453922,0.00037060279682315833,119,0.1030829903823024,0.0008510711409300088,True
RPRD2,23248,0.1692029801324503,5.511951666792889e-07,119,0.19363969619605248,2.3965007246925603e-06,True
KIF13B,23303,0.1264349014709964,1.648267566622546e-06,119,0.17891108627657915,6.361734467665967e-06,True
SIN3B,23309,0.12855357371452947,0.00018797485838985105,117,0.11468057855585068,0.0004646569533232273,True
SZT2,23334,0.11354590517241384,0.02623113097916622,60,0.08232955321236024,0.04163671583994638,True
U2SURP,23350,0.07438500727802039,0.006079834828771897,119,0.06256040136896868,0.010874501319754612,True
HAUS5,23354,0.05270356083086054,0.27623831171998814,80,0.015179987584881593,0.3430155829571686,False
VPS8,23355,0.006579125412541249,0.7631550730834804,119,0.0007791389532165738,0.8081296836782821,False
CRTC1,23373,0.14586750428326667,0.0005529642469815408,104,0.11086853635872362,0.0012312969062342,True
SMG5,23381,0.09240479921645445,0.004979156355658873,114,0.06828917653692956,0.009128453318707935,True
MAU2,23383,0.03644503816793893,0.30212969976834925,112,0.00967666938585321,0.37133259189406054,False
SIRT5,23408,0.14974863089937662,0.0001473704810931394,119,0.11630724590073838,0.00037095544439920674,True
ABCB10,23456,0.06309113545816732,0.1330098458176463,119,0.01918678909692706,0.17842784195050113,False
BRD4,23476,0.20829037193111039,6.414838903381302e-14,119,0.3828590553536255,1.4810636811286864e-12,True
POFUT1,23509,0.21342902010050258,1.0967495907698781e-06,119,0.18441448775318225,4.40300930601046e-06,True
SCRIB,23513,0.24342725546058877,5.856133562382522e-16,119,0.4299232238533762,2.6840612160919893e-14,True
SLC39A14,23516,0.1578849770290965,0.005165285253992975,119,0.06492425483422559,0.0094539330771918,True
ACAP2,23527,0.2037854465270121,1.517772109111161e-14,119,0.39769117154665223,4.0720715122494565e-13,True
SNAPIN,23557,0.07233001321440372,0.018090100047293126,119,0.04682739513956402,0.029700164256749907,True
GTPBP4,23560,0.08070796490428436,0.004495770471209127,119,0.06693842188080568,0.00833954050308607,True
CLEC5A,23601,-0.02044309838472832,0.7761889630167224,75,0.0011141130742003957,0.8201804604403405,False
MKRN1,23608,-0.0037434904996481444,0.9563811749692241,54,5.8084528161583826e-05,0.9642706622054505,False
ZMYND8,23613,0.052409942839951866,0.0683167432003424,119,0.028120172847409308,0.09861997049918193,False
PLD3,23646,0.24476770056394392,6.301332442983489e-09,117,0.25519465319577606,4.2524329369827224e-08,True
PLXNB2,23654,0.13234266575060127,2.538507838304894e-08,119,0.2338203180124786,1.4468179389302505e-07,True
FKBP8,23770,0.16211514598540136,6.670390904202676e-08,119,0.22140169593526748,3.4610518842561053e-07,True
BRD1,23774,0.18368437499999996,2.9739532665104253e-05,81,0.19913554714140502,8.841482684220183e-05,True
ARHGAP8,23779,0.12046371638141809,0.13259364990554806,82,0.02804934255134839,0.17830441918838982,False
FTSJ1,24140,0.03771879488330344,0.1927919469091736,109,0.01579988882934169,0.24949546070598935,False
PRPF6,24148,0.0858969666329626,0.0004105126138404936,119,0.10161031089597772,0.000934914855537356,True
NEIL2,252969,0.17776364082433765,0.0035056152353970084,59,0.14001326097387112,0.006706394363368191,True
RICTOR,253260,0.10183115404976179,2.7647360245833382e-06,119,0.17188011525655622,1.000397903632129e-05,True
UBN2,254048,0.25942500000000007,0.015318821120130463,68,0.08584439888353057,0.025570111126166174,True
NAALADL2,254827,0.1422096774193548,0.025408104039380465,110,0.04540844978531389,0.040447054187146905,True
TBC1D22A,25771,0.17614799176107104,6.481294425478567e-05,90,0.16668355998965767,0.00017868230245680257,True
PGLS,25796,0.22542398910538453,2.2732359537686617e-11,119,0.3187367629443487,2.809617470950032e-10,True
LSM4,25804,-0.0007117371428571447,0.9760947065499999,117,7.841997215041197e-06,0.9794742327561509,False
SAMM50,25813,0.05208488473249242,0.14874977276404003,119,0.017737733249396426,0.19690102291268835,False
ATXN10,25814,0.22487275641025636,5.406981611686819e-09,119,0.2533294258888117,3.7883310655130574e-08,True
NIPBL,25836,0.10005566110397947,5.430416005503153e-05,119,0.1304972449716929,0.00015238412260340481,True
ARMC8,25852,0.061401457852193995,0.025221191748961726,119,0.04208048196109404,0.0402076969910984,True
DCAF13,25879,0.042051185770751,0.13784266679247517,119,0.018722458911457074,0.18401326877636248,False
GALNT2,2590,0.1622559149722736,3.463782385540401e-06,119,0.16880075532527283,1.2330616906454503e-05,True
AHCTF1,25909,0.09265083581405995,9.046680775966436e-07,119,0.18700495047352106,3.7335156111320705e-06,True
WWTR1,25937,0.17619142642642643,0.00035653277119454167,113,0.10894893510787529,0.0008260071579005638,True
KANK2,25959,0.08418206158980578,0.01605270355131868,119,0.04854139844329042,0.02659333419646167,True
GAPDH,2597,0.20465822191179403,1.342514636243552e-11,119,0.3247399765639415,1.8009342681315943e-10,True
NECAP1,25977,0.19302402105263147,8.417499029173208e-09,117,0.2515232196413404,5.478845521947059e-08,True
AOC1,26,0.08155679062247369,0.2755641648092887,55,0.022388660142992678,0.3428965851699294,False
TENM4,26011,-0.012301557093425602,0.7601499817940223,98,0.0009754078202905969,0.807109054028402,False
FAM32A,26017,0.25443324347506446,3.9042250589046156e-10,110,0.3052654460679337,3.498501686500184e-09,True
SS18L1,26039,0.05445950203252035,0.2669104349697593,94,0.013379960913847744,0.3340176091771732,False
UBXN7,26043,0.19878520320100418,5.750466958104069e-13,119,0.3596107374696432,1.0202441377281413e-11,True
RAI14,26064,0.11963751287332652,0.00217112416815667,119,0.07750601026067705,0.00434224833631334,True
LSM14A,26065,0.16855539811066114,3.632669533705556e-12,119,0.3394231634858039,5.4738855987343996e-11,True
CHTOP,26097,0.041230220658778405,0.22502104670074177,119,0.012556036451024877,0.2861539322205965,False
FGFR1OP2,26127,0.05367865168539327,0.12075268600324958,98,0.024894028849711147,0.16541463836061587,False
ZBTB20,26137,0.189027729257642,0.005974133470115583,68,0.10897147052686407,0.010720304758771846,True
LRRC32,2615,-0.027619345238095255,0.7703014334722037,50,0.0017930817221433193,0.8147419007879078,False
MTG2,26164,0.26771369399830935,5.853044176368181e-05,75,0.1996607159877195,0.0001625845604546717,True
GMEB2,26205,0.07363597285067877,0.019909420266559244,110,0.04916562788641565,0.03239698564085084,True
FBXL6,26233,0.19592913279132795,0.00023960605206558617,87,0.14755886024706955,0.0005754730508125431,True
MYCBP,26292,0.15973193741802513,3.2318711768136037e-09,119,0.25972078385806685,2.3235675127418064e-08,True
GCDH,2639,0.264807829391892,1.837577725255753e-16,119,0.4409898503880074,1.0106677488906641e-14,True
AGO1,26523,0.09141087570621471,0.0005708626528421792,117,0.0984606437122929,0.0012685836729826204,True
GDI2,2665,0.18215785619174438,3.3172269729436613e-14,119,0.3896887145682004,7.932499283126147e-13,True
OPLAH,26873,0.26803302616609775,6.619245856379075e-08,119,0.2215013376622883,3.4507916786810343e-07,True
COPG2,26958,0.08915605292792798,0.0038005875967409408,119,0.06937662493911145,0.0071832411622251464,True
PABPC1,26986,0.06415369585687382,0.008554933252679848,119,0.05761481857677864,0.014819569414091075,True
AKAP8L,26993,0.1781477494732809,1.6359658089834683e-09,119,0.2680990877289049,1.258435237679591e-08,True
FETUB,26998,-0.12289690476190476,0.07028711510475479,87,0.03802940007848532,0.10119872593616526,False
TPK1,27010,0.0858000892971042,0.20758614010253434,112,0.014399037210400478,0.26659803178886443,False
TRAPPC3,27095,0.12376022030651342,1.0718103837263175e-06,119,0.18472431927999933,4.33452728712849e-06,True
AGO2,27161,0.13122311235955061,2.446504496232691e-06,119,0.17354680024452374,9.09173968194581e-06,True
GPKOW,27238,0.0479590909090909,0.047535527105323765,119,0.033140125621930805,0.07123852835947704,False
GOLIM4,27333,0.16414256919374248,0.0003690032393121677,119,0.10314524840296202,0.0008491706344003859,True
EIF3K,27335,0.05342283285642148,0.01585874565367525,119,0.04871595961371855,0.026351390058977003,True
GMDS,2762,0.21323605405405419,1.0847026113703471e-09,119,0.273113582586172,8.646180235560737e-09,True
GMPR,2766,0.24066517915309446,0.00018489852078182849,119,0.11306372564725542,0.0004591159658239534,True
GPI,2821,0.21707742427128973,1.3934557168670723e-11,119,0.32431711983650047,1.8467485404262404e-10,True
GPLD1,2822,0.12736947881514807,0.04929112981962494,68,0.057302629050258735,0.07356885047705214,False
PGM2L1,283209,0.20497823121110584,0.0006046802851792196,119,0.09602414306521534,0.0013356391841308063,True
KCTD21,283219,0.11156666666666666,0.0034285747945553,114,0.07392962194227992,0.006593413066452499,True
KCTD1,284252,0.15171607341490537,0.0020717958027576923,83,0.1111389240106202,0.004173947587973373,True
ANK1,286,-0.04788823304680034,0.49734236611187876,119,0.003945825205645681,0.571061171944746,False
NSMCE2,286053,-0.030086734992679318,0.500067938379462,113,0.004107260385074585,0.5726917585588323,False
FAM83H,286077,0.269268156996587,1.726913543896064e-08,119,0.23872279622409642,1.0380354635440824e-07,True
LIN9,286826,-0.0024940156114483907,0.9574646682632404,91,3.21420866422617e-05,0.9644790614373301,False
CCDC22,28952,0.0212921212121212,0.0343741828533585,119,0.03769100177626383,0.053180873612790926,False
LAMTOR2,28956,-0.025666376643464852,0.5208931775454062,119,0.003531262345812025,0.5919240653925071,False
TMEM176B,28959,0.02194593111279335,0.7308107712248345,83,0.0014693060925744517,0.7797205124610261,False
AAMDC,28971,0.1991135506587914,4.16146249479761e-05,119,0.13425544714275495,0.00012078123335824197,True
C19orf53,28974,0.21967613221329438,9.436715797415912e-08,114,0.22543598082791327,4.6970078629671963e-07,True
COMMD5,28991,0.0616308720112518,0.0010267831870762573,117,0.08983778519753216,0.002180427617343404,True
MRPL13,28998,0.0398645322840279,0.1329854461559763,119,0.019189180436521958,0.17842784195050113,False
ATAD2,29028,0.10649011868369002,0.004342158892924123,119,0.0674429566787702,0.008123086364313836,True
WDR91,29062,0.0021664207980653,0.9393089000238204,119,4.975858763911489e-05,0.949122147210792,False
BABAM1,29086,0.09315143730886846,7.924410513952262e-05,119,0.12514228641988923,0.00021208884587220163,True
MRPL15,29088,0.037132984047544594,0.37798098137255787,119,0.00664946102324937,0.45341230044690695,False
DROSHA,29102,0.1362890514184397,0.06133110283576304,67,0.05282918014300497,0.0897130493608236,False
GTF2E2,2961,0.236737802907916,7.194131263260699e-13,119,0.3571896096416921,1.2174683676287337e-11,True
PARVB,29780,0.00725433436532509,0.9326881897953545,105,6.959700078645881e-05,0.9464548051428874,False
REPIN1,29803,0.18647687927107048,9.498572044015087e-06,114,0.16126328631730813,3.055096271466841e-05,True
GUK1,2987,0.05769640396803528,0.09828894770246926,119,0.023186550681918883,0.1380815357250526,False
CNOT7,29883,0.1440592988263617,1.9600589435084965e-07,119,0.20733703038371276,9.242638977018603e-07,True
GNL2,29889,0.11571000767606991,2.5608790008529846e-06,119,0.17292437889592505,9.446905429803025e-06,True
CPSF1,29894,-0.007281820250284414,0.6966817397055769,119,0.0013034023681740559,0.7498531444971963,False
HOOK2,29911,0.13525986583184266,4.124631506793524e-06,113,0.1746056436327028,1.444934604290725e-05,True
GYG1,2992,0.23126490825688065,5.5295302444747186e-09,119,0.25304994311206974,3.849672955014044e-08,True
PYCR2,29920,0.15518655276935794,0.0016939876209363012,119,0.08110767613504788,0.003469993264487768,True
CERS2,29956,0.18322903169014085,2.444458643932363e-06,119,0.1735581932034006,9.09173968194581e-06,True
TNPO2,30000,0.22874831758660708,9.89530950281948e-17,119,0.4468136107954561,6.0471335850563486e-15,True
HCK,3055,-0.027292556237218803,0.6772990924693492,109,0.0016247829676673264,0.7361946657275534,False
NRG1,3084,-0.10771606498194951,0.0659110459276732,119,0.02861237136904915,0.09564927509292945,False
HNRNPL,3191,0.0510727397260274,0.00020779723796202087,119,0.11139184011320502,0.0005090800930027238,True
HSF1,3297,0.1870371899886234,4.309328314385942e-12,119,0.33752186697566633,6.405758305168292e-11,True
DNAJB1,3337,0.24572066062176157,2.6283682409281818e-21,119,0.5372829352990083,9.637350216736666e-19,True
ICAM1,3383,0.19057632245566977,6.034718145176353e-05,119,0.12900434807001115,0.00016678869245462282,True
ICAM3,3385,-0.02268331858407082,0.7439098519038525,67,0.0016531524804233033,0.7921595712432118,False
NRBP2,340371,0.3215439197455346,5.094016923980345e-10,117,0.2863984444609826,4.3776707940456095e-09,True
IDI1,3422,0.19910366909753865,7.89116947111199e-06,119,0.15747606992660101,2.6145441018744545e-05,True
PALM3,342979,0.2792409252971138,0.0001518281075875727,119,0.11588156865236832,0.00038130346654413237,True
APOD,347,-0.04316560088202863,0.4294082744029366,119,0.005345459378024109,0.5057270897679125,False
TUBB8,347688,-0.03907204198473281,0.2856451217590745,117,0.009907096869689713,0.3530445325112157,False
NMNAT3,349565,0.11508787151005705,0.031229968308666915,119,0.03904698827659503,0.04872761012699803,True
IL1RAP,3556,0.16735113249148123,8.046634339834092e-05,119,0.12492497283020698,0.00021483732460722088,True
IRF2BP2,359948,0.10670313745019923,3.56981435172992e-06,119,0.16838815936506457,1.266708318355778e-05,True
ILF2,3608,0.021530376610505476,0.47791847598631043,119,0.0043134509291565815,0.5527973959883717,False
ILF3,3609,0.10456526864474737,9.889855820600356e-08,119,0.216288343635882,4.878404216439638e-07,True
INPP5B,3633,0.14391614858906523,7.839412177586498e-05,109,0.13622006131639852,0.00021032569256939385,True
INPPL1,3636,0.22083786173633452,5.4376782736030144e-11,119,0.3086841002231353,5.981446100963315e-10,True
EIF3E,3646,0.006967611336032387,0.6727949087998302,119,0.0015297167971649595,0.734200793333148,False
ITPR2,3709,0.13951691719409282,0.001953095608679376,119,0.07904218941869146,0.003942027834031768,True
JUNB,3726,0.11877417966648733,0.007409713997522697,94,0.07537415603380437,0.013061995828966293,True
JUND,3727,0.10794345859429363,5.7063574741099066e-05,117,0.1319065747694953,0.0001589112207979974,True
GSTK1,373156,0.2501958984375,2.1611001087241368e-07,119,0.20605208596255764,1.0081746577926236e-06,True
TMEM205,374882,0.17317998886945463,8.90303884163762e-09,119,0.24708789026097278,5.69380391034964e-08,True
SLC27A1,376497,0.18007533430839945,0.00015414808641808455,119,0.11566489867942442,0.0003862480525282301,True
KNG1,3827,-0.11830045484801416,0.05597270289091328,119,0.030868007822168586,0.08242298953146535,False
KPNA4,3840,0.15433572671888604,1.9591254245394913e-10,119,0.2936562244316122,1.9414756459400363e-09,True
KRAS,3845,0.12611667573449395,0.004734282941850831,114,0.06905132288341154,0.008723134398720125,True
NSUN4,387338,0.19901728365951432,2.7068580592765933e-08,119,0.23300042275727806,1.5269455718996166e-07,True
LIPT2,387787,0.1079532221379833,0.06645193398029073,48,0.07135127773457439,0.09627217878140852,False
COA6,388753,0.07386354679802958,0.10369649331082667,119,0.022470769712601535,0.14475398812425044,False
LEKR1,389170,0.053474495912806494,0.622310461576016,83,0.003009480965424638,0.6859133344024225,False
PSMG4,389362,0.03175238515901057,0.48140385275200925,93,0.005462073379170929,0.555492845365811,False
RBM12B,389677,0.11008909838389566,9.157582403117727e-06,119,0.15541633442777014,2.9711235514544672e-05,True
NUDT19,390916,0.15382681415929209,0.0002593358938360198,119,0.10821458613078894,0.0006201510504774387,True
LAMA5,3911,0.1598039290048543,0.002265943046757276,119,0.07688545329353336,0.004507300816334546,True
LAMC2,3918,0.1851967335828513,0.05329496832765143,119,0.03154802262724721,0.07879632414034486,False
LDHB,3945,0.27938531042128606,2.464661035236918e-10,119,0.2909325716660325,2.3781817006672013e-09,True
LGALS7,3963,0.4731189898198904,0.0029312809527678265,55,0.1550996660175883,0.005727191914821686,True
LGALS8,3964,0.03440122980467807,0.4973089913058787,119,0.003946436382523455,0.571061171944746,False
LMNA,4000,0.20574986979166668,0.0010770873206037929,119,0.08767309320988603,0.0022697242388202534,True
RAB19,401409,0.15527784090909094,0.10097199657118908,55,0.04994560570301976,0.14130940995967936,False
LOXL2,4017,0.010493843797856024,0.8293827365856186,119,0.0003985208037271537,0.8639403506100194,False
LPP,4026,0.08158920972644375,0.018231001547899372,119,0.04671621915640478,0.029842413248049565,True
LSAMP,4045,0.1633224511930586,0.2963133792860433,60,0.018789177373832677,0.36459140628036646,False
ARNT,405,0.11919830879426976,0.006026319497799327,109,0.06836862388474829,0.010796337862506937,True
LY6E,4061,0.32092582560296845,0.00011455487278625839,114,0.12492645323412332,0.00029304734898810285,True
LYN,4067,0.09039603437876959,0.04032823890683821,119,0.0354419115004555,0.06137688485631872,False
TM4SF1,4071,0.2497313861043899,0.00995622222384595,74,0.08871334601868719,0.017165900385941294,True
M6PR,4074,0.19437137681159417,8.229255427992955e-10,119,0.27646607035497583,6.755358933427053e-09,True
ARRB1,408,0.06372779531109109,0.113079057167359,119,0.021319757373778447,0.15665864343085,False
ARSA,410,0.12444036664270311,0.041410867139418495,116,0.035980153929208614,0.06291706333337065,False
MAN2B1,4125,0.04530917965545529,0.0859353492810376,119,0.024994429247220173,0.12197275381824692,False
MATN2,4147,0.12114409385113273,0.04476890592025622,119,0.03397788998132656,0.06736771068711607,False
C8orf82,414919,0.37711551763367457,2.506723896550904e-10,119,0.2907314010990608,2.3977359010486913e-09,True
MBNL1,4154,0.07317550271739129,0.002922600474972245,119,0.07319053037899492,0.0057203923887357115,True
MCL1,4170,0.021369114546732224,0.6952826366337701,81,0.0019525207381927423,0.7490802157660599,False
RAB8A,4218,0.22189751738794433,1.9942699198162965e-14,119,0.39490833736947184,4.894542077247138e-13,True
MEST,4232,-0.026601125304136275,0.7490145783819468,113,0.0009259047990051172,0.7968240195552626,False
ASAH1,427,0.13962528825179188,0.002406130638544057,119,0.07601393770240639,0.004751784025850023,True
MKLN1,4289,0.005801282051282048,0.8942851909418901,109,0.00016578849176440702,0.9116901853902494,False
MLF1,4291,0.14633464673913038,0.12484419693785684,54,0.04470343596089732,0.16953766623742825,False
MME,4311,-0.1133930504510524,0.24793944892452724,78,0.017524556613151,0.3134866595597471,False
MMP7,4316,0.31247016883831885,7.558521863803509e-05,117,0.1278637664938128,0.00020426806411438434,True
ASPH,444,0.12562696629213488,0.0002954817321132444,119,0.10634070093217263,0.0006989890437087502,True
MSR1,4481,-0.029254894554611263,0.5074471992898291,119,0.003763910738632137,0.5784372219884062,False
MSRA,4482,0.14772205539358604,0.00012357906888773058,117,0.12076452850640584,0.00031539901572274625,True
MTR,4548,0.1385730443206587,0.00026235385731464625,119,0.10804850640056585,0.000626007034807182,True
MTRR,4552,0.06873632183908043,0.1277421875191935,99,0.02375146841542297,0.1724127684308133,False
MTX1,4580,0.07765076423385557,0.024964006444694608,119,0.0422263864331367,0.03991338239704079,True
MUC1,4582,0.20156245701184566,0.02640870285250067,119,0.0414259705259058,0.04167801024067538,True
MYO9B,4650,0.14101127676605968,7.784464621511831e-07,119,0.18902193685666435,3.280808844315331e-06,True
MYO10,4651,0.10730249784668384,0.10234317300959707,94,0.02874350283355065,0.14304636634124113,False
NASP,4678,0.21720392561983465,7.649787528503909e-05,119,0.12564292010449607,0.00020574000687907825,True
NDUFA9,4704,-0.018627587329138634,0.5453520172353439,119,0.0031341874314568807,0.6140094359865693,False
NDUFB2,4708,0.06549662745098042,0.11130900859086887,92,0.027931697828227797,0.15479128881157492,False
NDUFB5,4711,0.0009840633245382611,0.9742590956940539,119,8.936888165500534e-06,0.9787077673638898,False
NDUFB7,4713,-0.028169624352331595,0.5326361343256203,119,0.0033365304064177925,0.603397337014021,False
NDUFB9,4715,0.08657333257195073,0.027687551895552682,119,0.040754013632086084,0.04357125477125601,True
NDUFC2,4718,0.04495542934556065,0.21328679325492775,119,0.013207740867378193,0.2724918380724977,False
NDUFS5,4725,-0.014872522016113896,0.7162198411522523,119,0.0011336251457385593,0.7663830985092194,False
NDUFS6,4726,0.06406155383168786,0.1284395490606781,119,0.01964335925781735,0.17314154897885525,False
NF1,4763,0.1885918138987044,0.006336383365486796,115,0.06409215942067548,0.011296631607837075,True
NFIX,4784,0.17763423121008673,2.5678406577373674e-06,119,0.17288738468837295,9.446905429803025e-06,True
NFKBIB,4793,0.16364708520179372,8.229407995262195e-05,64,0.22280186003250824,0.0002191852008423345,True
TONSL,4796,-0.01109486899563318,0.8258490973171426,80,0.0006244686651453168,0.8614780496685434,False
NFYC,4802,-0.013922870229007652,0.6096014241519392,114,0.0023358585988307867,0.67521008687741,False
NID1,4811,0.0019994120654396944,0.970439185846006,119,1.178742530372201e-05,0.9757615214173735,False
ATP1B3,483,0.08590207744488418,0.09442674846087026,119,0.02372426105878689,0.13333687202433542,False
NQO2,4835,0.037976261699394345,0.5022398154201118,119,0.003856883007801404,0.5737776706349789,False
NOP2,4839,0.1678162542406705,2.1411210930533448e-08,119,0.23599032234609518,1.2527836182758934e-07,True
CNOT4,4850,0.24606536774628887,4.030768420916578e-08,103,0.2590378617747654,2.1734535602981547e-07,True
NOTCH2,4853,0.04137422415717793,0.1337052410406896,119,0.019118838292989326,0.17914222307522357,False
NOTCH3,4854,0.1487344155844156,0.006697396252012901,100,0.07263275337158748,0.011882477221313213,True
NPR1,4881,0.21804350842418238,0.000238864533339554,119,0.10939444305751933,0.0005749474544278105,True
NRF1,4899,0.06701122448979589,0.06804984301875006,92,0.03651588274966722,0.09836376783262164,False
YBX1,4904,0.084477246505436,0.0003183765541689593,119,0.10526808349751382,0.0007451366161401175,True
OPA1,4976,0.24988353293413174,1.7714247693838459e-22,119,0.5579937256444661,9.742836231611152e-20,True
RRM2B,50484,0.20632736553784858,4.216388605930233e-05,119,0.134070546252973,0.00012205335438219094,True
COL5A3,50509,0.08700984712704274,0.11872295779734093,102,0.02416584705678604,0.16344837744314772,False
PRDX1,5052,0.17508305785123957,5.937591167313914e-09,119,0.2521614157309181,4.09876749683118e-08,True
PAK2,5062,0.1889659740691489,7.924680245170252e-19,119,0.490238266771418,1.0896435337109096e-16,True
ASAP1,50807,0.1290547459375805,7.20305442018152e-06,119,0.15873681565689768,2.4156584945730708e-05,True
COPS7A,50813,0.0500808885331199,0.09943848628450433,119,0.023030891449617452,0.13934055402924173,False
GOLT1B,51026,0.1402784574468085,0.019722191311135128,72,0.07523416568275287,0.03218755258493864,True
BOLA1,51027,0.06134234342223555,0.09714225618983298,109,0.025507422889668452,0.13664511740257834,False
DESI2,51029,0.15339666666666668,0.0008547391577470054,96,0.11210850637768832,0.0018399473063047084,True
ZBTB7B,51043,0.06917532556545578,0.12019541030732846,83,0.029550713686481322,0.16485654780306894,False
PCK1,5105,0.057023149741824465,0.6766364020743485,75,0.002396193823119841,0.7361946657275534,False
YARS2,51067,0.21725532634426784,1.3761319422787086e-07,119,0.21197649124875095,6.639233054853419e-07,True
NMD3,51068,0.1645473450057406,5.588628715501684e-07,119,0.1934553218264503,2.420272278366871e-06,True
MRPL4,51073,0.033046590909090914,0.25598685992269643,117,0.011205858834791194,0.3221802584839429,False
NDUFA13,51079,0.022303535024940382,0.563418646822514,119,0.00286127269165104,0.6317640280374774,False
PCM1,5108,0.1730094110314739,8.671174517169662e-07,119,0.1875744072923301,3.612989382154026e-06,True
SCCPDH,51097,0.14606556581439387,3.748673877800903e-05,119,0.13572756770623007,0.00010966865068034558,True
PHF20L1,51105,0.1603086191923578,0.0040522052204633565,95,0.08542458084166338,0.007632578326215227,True
APH1A,51107,0.05298080275229357,0.178776983308023,101,0.018185148339476154,0.23272743389210093,False
COMMD2,51122,0.12219741891891893,0.015618313748320452,117,0.049768472435323785,0.026030522913867423,True
ZNF706,51123,0.13237245008094983,0.0021589691860094988,114,0.08092185195955681,0.00432580346923579,True
VPS28,51160,0.008573804500703242,0.7616822275341716,117,0.00080293760354333,0.8079560754942996,False
DBR1,51163,0.12642206231453998,2.2896574904033935e-06,119,0.17444873792838878,8.566745712393649e-06,True
PLEKHO1,51177,-0.07247079510703357,0.38520196106069704,62,0.012592329448410378,0.45956850018087503,False
CPA4,51200,-0.0004696855345911882,0.9976021625308709,91,1.020493972658798e-07,0.9978839925705295,False
ACP6,51205,0.15865178168696425,0.032233518425250865,91,0.05049786646009502,0.050151160209018324,False
MRPL51,51258,-0.019127426114991936,0.5463166710340379,114,0.0032588319163948665,0.6144666034125171,False
C1RL,51279,0.1169161700536093,0.010830177289309779,110,0.058609905243688365,0.018614367216001185,True
COA4,51287,0.2048466868198308,5.013063590320894e-05,119,0.1316275910226482,0.00014175758224557798,True
ERGIC2,51290,0.2051298311727465,3.749708250899482e-07,119,0.1987666758262454,1.6699105570807408e-06,True
ECSIT,51295,0.27911776470588234,1.8042363599082306e-08,100,0.27748955360651206,1.0786195629886162e-07,True
PCYT1A,5130,0.22417052047074426,2.0129875842278985e-15,119,0.41789900824707116,7.142859169840929e-14,True
RSRC1,51319,0.08230993757381475,0.009758163411011966,104,0.06367781564055142,0.01685083163597043,True
THEM6,51337,0.31233178345339446,1.4187357943166913e-09,119,0.2698412051163377,1.1068151586867805e-08,True
UBR5,51366,0.012372559760956182,0.5023162698377134,119,0.003855506147738774,0.5737776706349789,False
PDE3A,5139,0.10759386309992129,0.14915617230217876,96,0.022008834794808974,0.19720167011105366,False
PPME1,51400,0.1405788756810302,3.4471143354178536e-08,119,0.22990660154319442,1.8959128844798194e-07,True
NOL7,51406,0.08684348842386466,0.0381195674850783,119,0.03623355319881971,0.05823822810220296,False
PRKAG2,51422,0.07629488759970994,0.02500732495034372,81,0.06198432287936528,0.039924611676891285,True
SCARA3,51435,0.19883830622546275,0.003095114549772597,85,0.1006288194264855,0.006036570930407548,True
FAM8A1,51439,0.11773853612761966,0.002398841628760333,66,0.1350802479049633,0.004751784025850023,True
PDE4D,5144,0.12938389312977105,0.01592136938090976,78,0.07408148864111908,0.02641554497586838,True
DCDC2,51473,0.20414730679156912,0.0006008048408125139,115,0.09935858433726907,0.0013297491446554635,True
ISYNA1,51477,0.2225183800623052,7.288084856548423e-05,119,0.1263301555194235,0.0001989303558859371,True
TMEM14C,51522,0.273601625526791,2.857377235105364e-11,119,0.3161141602622546,3.453972481995495e-10,True
ZC3HC1,51530,0.05810185084376701,0.04400441315296748,119,0.03421889048561977,0.06633481314151876,False
PDGFRL,5157,0.08517280265339973,0.42093494613069904,53,0.01274315673696158,0.49803489140352647,False
PCF11,51585,0.09551953849471638,0.0004951718335157848,119,0.09890772093659705,0.0011093462665323081,True
LSR,51599,0.18426289009497962,1.702970963626887e-08,119,0.23889993477210636,1.0292681648294371e-07,True
ATP6V1H,51606,0.06450962002412543,0.06480611958723957,119,0.028844818694214402,0.0942946184470417,False
MRPL48,51642,0.011001630820137089,0.7104704819612184,119,0.0011821860482141844,0.762456126982771,False
MRPS33,51650,-0.009811409673418748,0.7935856323660768,114,0.0006138371724452307,0.8367705930336276,False
ZFR,51663,0.047657482394366214,0.02932550418726371,119,0.03993842075888676,0.04601719629955789,True
NUB1,51667,0.18490345828933466,8.723435581184747e-10,119,0.2757594014689929,7.107984547632016e-09,True
ENPP2,5168,0.05758947368421052,0.3670907118768545,87,0.009580685376873843,0.44179407337477017,False
SELENOT,51714,0.16702382650029712,1.5115329057612398e-05,116,0.15206238763004465,4.723540330503874e-05,True
DNAJB11,51726,0.18737697898032196,1.0288117221529228e-10,119,0.30124601136784035,1.0676348060077502e-09,True
WWOX,51741,0.17080151209677422,0.00014533490659159173,104,0.13252991403636938,0.00036667063589621767,True
ARID4B,51742,0.09620014059304702,3.1569725019922683e-06,119,0.17006886480964567,1.1274901792829529e-05,True
TM7SF3,51768,0.1221132194244604,0.07502903377673874,65,0.04944323920020399,0.10771374845272971,False
RSF1,51773,0.15011532258064506,1.910018993491874e-08,119,0.23744305644979025,1.1295811251833663e-07,True
CALML5,51806,-0.07902386621315197,0.5375135126886634,116,0.00334385514668345,0.6064255014949024,False
PEPD,5184,0.13278165004156273,6.357007762365153e-09,119,0.2513087526837906,4.2638466698790665e-08,True
PFKFB3,5209,0.08397596968345962,0.08636773636942748,85,0.03501701723983763,0.12242849227625029,False
PFKP,5214,0.14842029096477796,0.004353583056725574,119,0.06740482291018302,0.008130630496431463,True
PFN2,5217,0.0699920864262991,0.2128751324825396,119,0.013231366963884272,0.27228214619859714,False
ATP6V1B2,526,0.12533828295419133,5.455981335292036e-05,119,0.13043082673985396,0.0001527119457715328,True
SERPINB6,5269,0.13157620315944166,0.0034969029212732557,119,0.07058565073878564,0.006701381904879061,True
SERPINB9,5272,0.04172206098457019,0.35052212879843403,119,0.00745325033812172,0.42510952775995303,False
ATP6V1C1,528,0.18620098814229247,1.278067125327694e-08,119,0.24253341829804698,7.89816762842957e-08,True
PIK3CA,5290,0.11827940513109671,1.8969730779738669e-06,115,0.18268526994452694,7.245383283927963e-06,True
PIK3CB,5291,0.12603464831290914,0.0006169423028634772,114,0.09980523832731936,0.00135727306629965,True
PIK3R2,5296,0.12344835428571432,1.9586328741104554e-05,117,0.147170283734815,5.9989864263539544e-05,True
PI4KB,5298,0.16864977232924686,1.1017419910487917e-08,119,0.24440658828933293,6.846984125161983e-08,True
PIN1,5300,0.2164047813996602,1.0003952980311981e-26,119,0.6256965903413436,1.1004348278343179e-23,True
PKLR,5313,0.054578979952830224,0.4147789529184468,93,0.007321666242538605,0.4916560864335037,False
PLD1,5337,0.07955634398496238,0.3274893343767272,67,0.01475459939187107,0.39937723704478933,False
PLEC,5339,0.2598543799772468,5.913002069470605e-11,119,0.3077108279623728,6.376766937664378e-10,True
PLOD2,5352,0.11616500561482304,0.15187975708690585,119,0.017469954303634072,0.20032102253668638,False
PLP2,5355,0.1261601248884925,0.2817857363009275,53,0.02267710797316902,0.34905890757997776,False
PLS1,5357,0.09958140192198986,0.12198108829228076,119,0.02031996434032146,0.1666364214861106,False
PLSCR1,5359,0.1946733015160022,0.01713401398873253,119,0.04760587609861311,0.028299422503912586,True
ACP5,54,0.030811194029850726,0.5430435179479346,96,0.003948569453987694,0.612036751785582,False
CHRAC1,54108,0.12586593910291388,0.00153486414678623,116,0.08462521200940754,0.0031617051712824963,True
DCUN1D1,54165,0.21648973772858512,1.2967930398238045e-16,119,0.4442766403248477,7.507749177927289e-15,True
DPM3,54344,-0.08543087352314545,0.05587363503346137,116,0.03169598612687785,0.08238739750242292,False
POLR2H,5437,0.18933272683163516,7.779605207312166e-13,119,0.3563418154632556,1.296600867885361e-11,True
POLR2I,5438,0.0672366798490023,0.005391675781866848,119,0.06430207947653888,0.00982889553607432,True
MRPS21,54460,-0.0658981789390341,0.21826689149441494,112,0.013746700586969585,0.27853083601375456,False
XRN1,54464,0.10978862506902266,3.842915561866389e-08,119,0.22851194845043776,2.0823680384497676e-07,True
PLEKHA5,54477,0.24927664424514204,8.228963262226723e-11,119,0.3038597058078636,8.62081865566609e-10,True
CHPF2,54480,0.08427367256637165,0.09040600250923919,61,0.04782577846614611,0.12782339686396288,False
EXOSC4,54512,-0.02921869422263974,0.2855507405662586,117,0.009910960031949356,0.3530445325112157,False
MTMR12,54545,0.23360713028169014,3.2775145563336394e-11,119,0.3145364566917259,3.91876740431196e-10,True
DDX49,54555,0.11741785639522714,0.0003514133667354691,117,0.10556261724516114,0.0008189718292563898,True
EGLN1,54583,0.10065122816593886,0.00336890039998705,119,0.07112708203480977,0.006501386736817114,True
PAF1,54623,0.030856271832327718,0.07510585914840336,119,0.02682413715637011,0.10771374845272971,False
TRIT1,54802,0.12883744959677418,0.003948281068166396,78,0.1041867767002993,0.007449586921068671,True
GATAD2A,54815,0.12657066796790287,9.666289675953728e-07,119,0.18611442157374924,3.952757860055428e-06,True
ESRP1,54845,0.20689281934087067,1.1161814816015903e-11,119,0.3268326005655726,1.5178172641441425e-10,True
FBXL12,54850,0.1312903379549393,0.0008510034355177638,70,0.1519507960441976,0.0018354976060187063,True
CC2D1A,54862,0.23936480819245778,1.199492166749135e-15,119,0.422970604365561,4.7122906550858875e-14,True
NSUN2,54888,0.21702727272727257,8.617825344192833e-14,119,0.3797778596217857,1.8230015151177147e-12,True
NCAPG2,54892,0.14932248587570626,8.916505546070862e-05,109,0.13424448417365475,0.00023520758035198918,True
CDKAL1,54901,0.20181198273954415,1.854914669541979e-13,117,0.37678537734974926,3.643582386600315e-12,True
YTHDF1,54915,0.20018869426751598,5.7563085646165246e-08,119,0.22330767352905156,3.0152092481324653e-07,True
CHCHD3,54927,0.0620508733624454,0.021690545312511224,119,0.04423065778017188,0.03496321489359338,True
TMEM161A,54929,0.12278132747933886,0.00018561477752232714,109,0.12293877997684477,0.00045985643079855825,True
UCKL1,54963,0.08725169192443433,0.07971301215904984,106,0.029232533565850205,0.11402381453180081,False
PIGX,54965,0.13624110942249237,0.00024854586821480634,103,0.12501982073268303,0.0005956436928895141,True
PINX1,54984,0.04646791961295126,0.37901640261184333,72,0.011072980444499891,0.45415908809698,False
GID8,54994,0.0254001987712324,0.43653203796572293,117,0.005273162762955641,0.5119245647785663,False
PAK1IP1,55003,0.20107989163154716,3.911960976722933e-10,119,0.2854213839268025,3.498501686500184e-09,True
TTC38,55020,0.2092477401129943,0.00023355123114351844,119,0.10971707788844265,0.0005646293500172973,True
PPP1R2,5504,0.2041380374862183,5.027656469600408e-17,119,0.45311640177823376,3.281583680175658e-15,True
OXR1,55074,0.2042047892720305,1.6578021563189868e-09,119,0.2679367542628225,1.2663766471881148e-08,True
TAPBPL,55080,0.09290166915794716,0.09512764125455374,106,0.026552473477614913,0.13415436587180654,False
IFT57,55081,-0.01669348079161819,0.8167191819605801,63,0.0008874400488149137,0.8556105715777506,False
GPATCH1,55094,0.22403749999999992,4.4731337780759295e-11,114,0.32235589773460926,5.17941805882476e-10,True
SAMD4B,55095,0.2323527310257225,8.25933159462054e-15,119,0.4038484073382622,2.2713161885206486e-13,True
WDR70,55100,0.14814032044491526,1.5013455454410889e-06,119,0.18017505689724234,5.877153380730242e-06,True
ANO1,55107,0.2816985226223452,0.06157010804727087,53,0.06685270629312379,0.08994305292430008,False
HEATR1,55127,0.03832505282930264,0.11675497240579405,119,0.02089684580539508,0.16138207145110617,False
RBM28,55131,0.18159141961918526,2.685143056223315e-08,119,0.23310331090385505,1.522503794765797e-07,True
ELP3,55140,0.1260677992607336,1.333022745136889e-06,119,0.18178261430098863,5.258420964100734e-06,True
MSTO1,55154,0.06259472222222222,0.20835564210984553,104,0.015472994009708363,0.2671226180895455,False
INTS10,55174,0.01693046120286694,0.533732371740584,119,0.0033187421620064494,0.603397337014021,False
FAIM,55179,0.1261536,0.003633100563221458,117,0.07120946764630876,0.0069142052241238814,True
SLC25A36,55186,0.0474215849843587,0.4642307861247943,90,0.006103179178357454,0.538096801619888,False
PPP2R2A,5520,0.3433422830923249,5.947788175202535e-19,119,0.4927115966554212,1.0896435337109096e-16,True
MAP1S,55201,0.21446309626128054,3.708063946464626e-15,119,0.4118589171676428,1.1687899030055847e-13,True
GOLPH3L,55204,0.2125968739439,6.75696187957835e-08,119,0.2212347398806327,3.489510829829195e-07,True
CCDC25,55246,0.254916363377879,5.2546877229640035e-15,119,0.40838480425504065,1.5210938145422116e-13,True
KLHL26,55295,0.1079978866474544,0.005767182573062477,79,0.09482033276740065,0.010434047418369613,True
CCDC91,55297,0.2769335244417623,1.407067075964472e-13,119,0.374628168987432,2.8141341519289442e-12,True
BRIX1,55299,0.043336676107106106,0.229618389090249,119,0.012311601584655829,0.29166308083057035,False
GIMAP4,55303,-0.02409941176470589,0.5617846946217329,119,0.002885272401306982,0.6305746572284757,False
C5orf22,55322,0.23030748244192328,7.71967058563898e-06,119,0.15777982062572926,2.573223528546327e-05,True
ABCF3,55324,0.20891040664100086,4.1896803718328195e-15,119,0.41064423586742715,1.2801801136155836e-13,True
AGPAT5,55326,0.17545202588632525,6.728197641735605e-05,119,0.12746351825469493,0.00018502543514772914,True
LSG1,55341,0.12777220670391065,8.640612830423718e-09,119,0.2474636788866842,5.590984772627112e-08,True
PPT1,5538,0.22834866143317237,3.74745213468605e-06,119,0.1677233035509922,1.3254653852587315e-05,True
PRCP,5547,0.12210823468328144,0.005547908594072839,119,0.06388782597693765,0.010070461144356639,True
PARL,55486,0.2837536212704523,6.02811367987417e-11,119,0.307486721236082,6.437791308603482e-10,True
ETNK1,55500,0.24079050197570612,5.429167850247995e-08,114,0.2328383571454289,2.8574567632884187e-07,True
RBM38,55544,0.16538726572958493,0.0009881900201981128,119,0.08892070966523813,0.0021025319578683254,True
MED29,55588,0.13581375537684678,0.00031698525729998214,111,0.11264236584123677,0.0007434792645912568,True
TRMT1,55621,0.2530626426989266,3.98732205878016e-11,119,0.31227591072968075,4.666015175168272e-10,True
POMGNT1,55624,0.14798380281690143,9.821311433481149e-05,116,0.12510826233882066,0.00025661383792943617,True
CHD7,55636,0.13286557501904045,0.008406417484797878,84,0.08167756184991393,0.014608308425399157,True
PRKAB2,5565,0.07444482758620691,0.06261053751058528,96,0.0363984865312984,0.09134163297300239,False
INTS8,55656,-0.01989338709677421,0.36246793971157143,119,0.0070933041690315335,0.43718720798544797,False
PRKACA,5566,0.15122934782608702,3.4149209947034015e-08,119,0.2300268908114278,1.8876447709415787e-07,True
MFN1,55669,0.14439855625170253,3.88693099577163e-06,119,0.1672227171697429,1.3660140879708605e-05,True
TRMU,55687,0.22678465553235896,9.269382327162958e-06,101,0.18089061359354075,2.9901233313428897e-05,True
YEATS2,55689,0.03201610501567397,0.4464678442725948,69,0.008677675392324002,0.5208002425237055,False
MAP7D1,55700,0.1496148275862069,6.949278262188757e-06,119,0.1592320359778897,2.3376777028769518e-05,True
ASF1B,55723,0.23364609038737444,1.8069287063838333e-05,105,0.1641683256872285,5.567567442639263e-05,True
ARFGAP1,55738,0.22485709483368732,4.72071676446624e-10,119,0.2831681730536587,4.088809795994382e-09,True
NUP133,55746,0.055317108650875337,0.007928196579618041,119,0.05871556192284344,0.013895330976186936,True
AGK,55750,0.1930259933380918,1.418702158365828e-09,119,0.2698414947119263,1.1068151586867805e-08,True
INTS9,55756,0.11190081395348839,0.00023517741403838115,113,0.11521253565745637,0.0005673139373732879,True
EXOC2,55770,0.022261911357340725,0.09930435196745821,119,0.023048954386757248,0.1393300856686276,False
PRKCI,5584,0.19236057457212719,7.28431469634475e-07,119,0.18991195395005322,3.0937243884089675e-06,True
ITFG2,55846,0.09386353996737357,0.027276317647074635,101,0.04826895229604944,0.04298560087647865,True
USE1,55850,0.17468133347031026,6.489148473894033e-07,117,0.194454614757414,2.799240518150367e-06,True
ACOT13,55856,0.17715515743756782,7.5981616228650284e-06,119,0.15799909199290674,2.5404187796813168e-05,True
TMEM126B,55863,0.07124144013880855,0.1365869548892616,100,0.02247130952737031,0.18278059656713838,False
ASH1L,55870,-0.038563999999999925,0.7633152194015774,100,0.0009296001042868873,0.8081296836782821,False
PBK,55872,0.20538634714242515,0.0021877858516729733,113,0.08142134086651309,0.0043676305568788945,True
PRKCSH,5589,0.17667706242158096,2.667573959006559e-10,119,0.28999160529312373,2.529595995609668e-09,True
CMAS,55907,0.38630477528089885,5.961843631754443e-09,119,0.25211051831333386,4.09876749683118e-08,True
BIN3,55909,0.09122333333333339,0.026336753359215145,63,0.07830656024825067,0.041674706282850936,True
DMAP1,55929,0.06916114150708776,0.00751545994331714,119,0.05948942537758872,0.013206079772602004,True
SLC50A1,55974,0.1820629255989911,0.013220399420268012,59,0.1029543780658565,0.022407456644522056,True
CPXM1,56265,0.05349840842311467,0.4091917213744243,119,0.005829638536131276,0.4855565194302769,False
PPAN,56342,0.09232255740657364,0.000316265510211471,119,0.10536372794181903,0.0007434792645912568,True
PRSS1,5644,0.11918377265238883,0.11865593650029428,117,0.021041250416925394,0.16344837744314772,False
PRSS2,5645,0.1721340399862115,0.11030796596140037,97,0.02662060530764787,0.1535933703260005,False
EIF5A2,56648,0.12103193473193474,0.16793546358114853,90,0.021493940248837884,0.2196539951715379,False
ZC3HAV1,56829,0.0856777791878173,0.0001884669138221721,119,0.11279012032460312,0.0004648287112206038,True
GRIPAP1,56850,0.06809361913357398,0.0010730965324910054,119,0.087726866459785,0.002265654867063543,True
PSMA7,5688,0.011053278688524595,0.5550711869191716,119,0.0029852924276518866,0.6236754909204175,False
UBQLN4,56893,0.19429883548983376,1.4471522206233719e-09,119,0.26959893172747906,1.1210334103420486e-08,True
WRNIP1,56897,0.1855667523879501,4.111154199806075e-10,119,0.284826535683499,3.6178156958293464e-09,True
PSMB2,5690,0.011461419354838713,0.42106586273207236,119,0.005541082276339093,0.49803489140352647,False
PSMB4,5692,-0.009492121104815872,0.7035390268299875,119,0.0012422751121256015,0.7564935772365456,False
MCCC1,56922,0.10079393239299615,0.0056504433659553535,119,0.06362227270773202,0.010239683200248583,True
LXN,56925,0.07086239754098358,0.18116908435428963,119,0.015230308249363111,0.23556263923134588,False
ENY2,56943,0.04735922300706355,0.04851254171076886,119,0.032856337160209526,0.07260380392087856,False
MRPS22,56945,0.04443599519663767,0.20176101379310254,119,0.013890248595759158,0.26018419129239484,False
OTUD7B,56957,0.20017884962134871,9.72766991320227e-07,113,0.19507424130937934,3.963124779452777e-06,True
BBX,56987,0.12932933509633543,0.0001787913834932105,117,0.11540839095576694,0.0004449559317704334,True
CCNL1,57018,0.08258656139220108,0.03810471005489648,111,0.03885833266686456,0.05823822810220296,False
PSMC4,5704,0.03820874220872624,0.0007124777122354026,119,0.09365380128309864,0.0015519316504137481,True
PSMD2,5708,0.08084813197476953,5.398466816969064e-06,119,0.16271225914594045,1.8615402817134704e-05,True
PSMD4,5710,0.027324238178633956,0.1406000068795452,119,0.018465543225665626,0.18723971860472122,False
RAB25,57111,0.19853521962801743,0.07646057752879522,117,0.027038340356898227,0.10951384802301398,False
LYRM4,57128,0.07022841596130597,0.14328640589997343,72,0.030352982702247067,0.19035633634054444,False
MRPL47,57129,0.053374516908212544,0.24150801326508642,117,0.011908878444620075,0.30570634590517265,False
PSMD8,5714,0.03906634154141349,0.005915228051028401,119,0.06295828730672104,0.010652431517642788,True
SLC44A2,57153,0.19447390699830072,3.2615259543341385e-08,119,0.2306158354716178,1.811958863518966e-07,True
ACTR3B,57180,0.12211915433403803,0.015767560611829035,96,0.06043236476869107,0.02623951085175785,True
PBXIP1,57326,0.26285169187898094,7.946486283070035e-06,119,0.15737948451492434,2.6249654388519635e-05,True
MRS2,57380,0.22920686603600848,1.8624357986408285e-06,74,0.2722975532044708,7.13825567423314e-06,True
S100A14,57402,0.23183754397185805,0.057935008051334336,119,0.030390949132503953,0.08508479153066457,False
GATAD2B,57459,0.10934489339752407,1.6637438517893283e-05,119,0.14711558953699344,5.1552626393472137e-05,True
PTK2,5747,0.23352775000000006,1.8191707556384273e-15,119,0.41889414857104246,6.670292770674233e-14,True
ZNF512B,57473,0.2638900741489721,7.911896847291135e-09,119,0.24856931276928085,5.1804086500120525e-08,True
ESYT2,57488,0.13644039592316745,1.0530723308930875e-08,119,0.24497582926459804,6.581702068081797e-08,True
CGN,57530,0.1883799299474605,9.882990529897265e-05,119,0.12200317222181711,0.0002570044818649407,True
PTK7,5754,0.08925797919433379,0.008523990184712487,119,0.0576672283836559,0.014789257418270875,True
NCEH1,57552,0.15798218517497936,0.0035325399146890653,119,0.07043844007880595,0.006746169975968701,True
IFT80,57560,0.029427657873701038,0.5905721759942543,98,0.0030262727782871535,0.6589696902495611,False
DOCK6,57572,0.12641881067961164,2.1736878773492806e-05,119,0.1433793812176316,6.568836991989583e-05,True
ZNF687,57592,0.075800290866783,0.013408359659218475,114,0.053359757566636135,0.022656214477942124,True
PTMS,5763,0.20495358214928963,2.4851341141858797e-06,119,0.17333342590106704,9.204200422910665e-06,True
PTN,5764,0.03396198195442729,0.7275070903681655,108,0.0011501579548445218,0.7769493198106622,False
GRAMD1A,57655,0.13179109096938213,4.452919790468575e-05,112,0.14118989791334868,0.00012755759816446437,True
PTPN6,5777,0.1121123129115945,0.0009205263029692814,119,0.08994763787176285,0.001973838076542319,True
SUGP1,57794,0.1291423305714893,4.3214119917931383e-10,119,0.28422866742527353,3.772661262676549e-09,True
CCAR2,57805,0.26377486983154663,2.4095959853208446e-18,119,0.48054096838411875,2.650555583852929e-16,True
CYP4F11,57834,0.05056048329779675,0.38437993373398394,89,0.008709033816267753,0.4590856971849971,False
PTPRA,5786,0.1659897477931904,1.9167361704622785e-10,119,0.2939152484066955,1.9167361704622784e-09,True
PTPRF,5792,0.18032601880877744,1.1429058900213195e-05,119,0.15234293450444547,3.644047765285366e-05,True
ACTA1,58,-0.008725154929577466,0.8909171588805197,114,0.00016866938190396308,0.9104535245677364,False
PTX3,5806,0.3533230410447762,0.0018753017054840857,105,0.09000378498666117,0.0038059628709086607,True
PEX5,5830,0.12413628745024095,2.5273377484872018e-08,119,0.23387659806016148,1.4468179389302505e-07,True
KMT2C,58508,0.05865944089649357,0.2235264388938355,100,0.015080593717926916,0.28458227173983686,False
EPS15L1,58513,0.15896010776292147,1.2757176891820426e-10,119,0.2987198517582399,1.3114854748600437e-09,True
WIZ,58525,0.19780204751131225,2.9737640167778515e-09,113,0.2727749418221945,2.152066064773445e-08,True
BCAT1,586,0.21692354822205182,0.02886545194591866,119,0.040162680050341404,0.045359995915015036,True
RAB2A,5862,0.16700018652076587,2.9461488178559157e-10,119,0.2888085643381576,2.72333084003488e-09,True
RAB4A,5867,0.0708232456140351,0.05457389913811533,119,0.031218885325526857,0.08057891147909646,False
RAB6A,5870,0.13459792878752613,8.874722271388509e-08,119,0.21769743690903298,4.457623058688292e-07,True
RAD21,5885,0.010557512456880023,0.5983790018635431,119,0.0023786676176160704,0.6655378180484302,False
RAD23A,5886,0.24480553034123384,2.735146404539317e-17,119,0.4587230433297801,2.0057740299954995e-15,True
BCHE,590,0.07610766219239377,0.3898586977390148,59,0.013000534052741042,0.4636157486626122,False
RAP2B,5912,0.10299551609990976,0.03684537193774085,119,0.03671212200306728,0.05652706991843087,False
RARRES1,5918,0.0900609793814433,0.4906713096899832,57,0.008678283720149005,0.564579958848307,False
RARRES2,5919,0.01097677754311863,0.8330003294261172,119,0.00038155349151181017,0.8660683954335813,False
RASA2,5922,0.08026499315381104,0.004408781997073076,114,0.07012799331866693,0.008193307954500687,True
RB1,5925,0.2919359437250995,1.595947380765633e-08,119,0.23972296891829836,9.699127728409924e-08,True
KDM5A,5927,0.06087039561416502,0.03803581830275509,110,0.03924011143434902,0.05823822810220296,False
UBL5,59286,0.18951192331351233,2.0023126679647384e-14,101,0.4479160156608065,4.894542077247138e-13,True
SENP2,59343,0.0851435114503817,0.08503671556885975,90,0.03332698891178709,0.12085321334075676,False
GNB4,59345,-0.0001550028752156467,0.9978839925705295,117,6.142506547845983e-08,0.9978839925705295,False
RBM3,5935,0.06817509316770183,0.050017799590671035,119,0.03243055645591619,0.07455227581265331,False
RBP1,5947,-0.16275909636745722,0.0357545504940423,119,0.037135597148776234,0.0550840413773761,False
RECQL,5965,0.1602754374158815,1.4131308179977583e-07,119,0.21162930357763798,6.78796462793683e-07,True
UPF1,5976,0.14281853512705533,5.0715384148169265e-17,119,0.45303595625136994,3.281583680175658e-15,True
BCL2L1,598,0.1512896385542169,0.004173297213883336,119,0.06801865322610712,0.00783383436053186,True
RFC4,5984,0.13423282674772033,1.9633046486249305e-05,119,0.14480334147638196,5.9989864263539544e-05,True
RFX1,5989,0.17464443612774447,4.017637388367912e-10,117,0.2892797560218866,3.564033167100567e-09,True
RFX5,5993,0.14638607247796287,0.0015043486596153265,114,0.08637892684905091,0.0031104953488286825,True
RHEB,6009,0.2378422110552764,8.568166607336253e-14,119,0.3798383173103417,1.8230015151177147e-12,True
RIT1,6016,0.008829655586704052,0.8844254267022056,111,0.00019472529778952197,0.9075260908324871,False
RLF,6018,0.02156616541353384,0.7952449264993284,49,0.001447109677992886,0.8370999226308721,False
EXOC4,60412,0.03928543622624227,0.007932970775495814,119,0.05870684988788155,0.013895330976186936,True
CCDC90B,60492,0.19705659259259264,1.885547046848436e-09,119,0.26635905515561775,1.4304150010574343e-08,True
FASTKD5,60493,0.16272790668348042,3.7266377819030705e-05,119,0.13581059981282062,0.00010931470826915675,True
BCL9,607,0.09214414732593336,0.0740228344248821,103,0.031256335269493785,0.10643806257172589,False
RPL8,6132,0.001952025028441413,0.8880809861926681,119,0.00016999030383191283,0.9091566768128521,False
RPL18A,6142,-0.015949435090828527,0.4395703700797601,119,0.005114746591335373,0.5143908586039746,False
RPL30,6156,0.0022346278317152066,0.8731523701922896,119,0.000218771577757515,0.898472972134255,False
RPL35A,6165,0.030078891585760513,0.06651532352170043,119,0.028486977639362143,0.09627217878140852,False
MRPS12,6183,0.06929842696629208,0.006313331462572908,119,0.06201418408129189,0.011273806183165907,True
RPS3,6188,0.013896607303877373,0.3240332856176713,119,0.008313621539966287,0.39604068242159823,False
RPS16,6217,0.023445903461416343,0.20385735450592943,119,0.013762773987539778,0.26257973062824636,False
BDH1,622,0.30571085709733925,4.3758616712121e-08,119,0.22684260915938959,2.3366251642394707e-07,True
RPS20,6224,-0.004738367346938765,0.8685218325847076,119,0.00023518291676660752,0.8970648036086182,False
RPS21,6227,-0.010400955703883484,0.6100671006240146,119,0.0022299102948460936,0.67521008687741,False
RREB1,6239,0.09367409638554221,0.0005431889156127603,116,0.10001773467644082,0.0012119833816917572,True
S100A1,6271,0.5509474256475856,0.0004054278928468643,119,0.10178983448107959,0.0009271739753254694,True
S100A2,6273,0.24563902768399715,0.17430307112434926,117,0.01598880068171704,0.22717224909571587,False
S100A4,6275,0.19316936360729134,0.05630797754012082,119,0.03078527009749632,0.08280584932370708,False
S100A6,6277,0.224703693636073,0.036242376206596,119,0.03694458976801773,0.05575750185630153,False
S100A7,6278,-0.46943237288135603,0.10560435966948585,69,0.038613098354316366,0.1472304127204492,False
S100A8,6279,-0.11236845056065226,0.3799022388041835,119,0.006596254191924333,0.45472520422698787,False
S100A10,6281,0.1014872727272727,0.2689293539612353,119,0.010436013183318549,0.33578012412867064,False
S100A11,6282,0.12634492727272728,0.05919763084183612,119,0.030092859520368886,0.08682319190135965,False
S100A12,6283,-0.04770114636642779,0.6805054017118437,106,0.001636875044124242,0.7382208499832623,False
S100A13,6284,0.2717058842340902,0.00013652882150582888,119,0.11739826673535525,0.00034604079183505015,True
MAPK12,6300,0.15375909090909096,0.08182368411089852,49,0.06304233456890729,0.1168909773012836,False
SBF1,6305,0.14025441409691625,6.57051530240363e-06,116,0.16386715203761537,2.2238667177366132e-05,True
BICD1,636,0.25575926614812305,1.2909518373716583e-06,119,0.1822157092621134,5.126523541909112e-06,True
SDC2,6383,0.08942260924635848,0.14684167067072604,71,0.030257771619131346,0.19484419509987772,False
SDHA,6389,0.12388873587570622,2.6011701852559878e-05,119,0.14086384627905113,7.796422898587429e-05,True
SH2D4A,63898,0.22124605796198188,5.0098309306778695e-06,119,0.16373979247638903,1.7329603848256784e-05,True
BLOC1S5,63915,0.07705979017347048,0.000927311176711242,116,0.09210295878118469,0.0019845180824559655,True
MCUR1,63933,0.18134380696424401,1.5756602172736325e-07,117,0.21345142372439185,7.503143891779203e-07,True
KIF13A,63971,0.08955729691876746,0.013770915586736009,107,0.05640483166272747,0.02323313979357302,True
C19orf33,64073,0.46602636198223285,1.0928881463589166e-05,104,0.1734891033957494,3.4947004680081636e-05,True
GOLPH3,64083,0.1729582219419924,5.1078576611338e-08,119,0.22485025330644193,2.714320496254676e-07,True
PARVG,64098,0.06472762070465424,0.25692781688504973,119,0.010971292186665038,0.32299496979834824,False
RRAGC,64121,0.15273220910623947,1.0217252368965394e-09,119,0.2738408206680233,8.203633288950317e-09,True
TFB2M,64216,0.24355623910336227,2.692508499546751e-10,117,0.29411317451798413,2.5314182474371163e-09,True
PDLIM2,64236,0.12119677102114408,0.08777548709329136,114,0.025801629067303655,0.12426388134185391,False
SOX17,64321,0.03378270735524256,0.36133825279191945,119,0.0071266468579994635,0.43630304947432647,False
TRA2B,6434,0.09916004283137968,2.6095510263228652e-06,119,0.17266778772802482,9.56835376318384e-06,True
NOM1,64434,0.1852966853207061,1.7554506322613548e-06,113,0.18676068454921735,6.751733201005211e-06,True
VPS16,64601,0.0029650528169014,0.8836174926868031,119,0.00018391750844970467,0.9075260908324871,False
SHC1,6464,0.12890536296900493,0.001405627877159484,117,0.08521410341129643,0.0029118468265074055,True
C6orf132,647024,0.17409792022792026,0.00028750508798190417,106,0.11930688667090183,0.0006830574444494483,True
WDR13,64743,0.06058167701863353,0.00804033777601222,119,0.058512307316741285,0.014061004059798795,True
MFSD1,64747,0.06944258064516126,0.186628424266336,56,0.03207098632117367,0.2423745769692675,False
SMYD3,64754,0.2302587585481326,3.9900701321934415e-07,115,0.2042061728990543,1.7556308581651143e-06,True
PARP12,64761,-0.009484061083273678,0.7987338299033249,119,0.0005579327340038409,0.839968654774051,False
MEAF6,64769,0.02568209698297324,0.22074361372562096,116,0.013124641150791705,0.2813649769387984,False
FNDC3B,64778,0.09862379983726607,0.00549304297946071,119,0.06403195314275112,0.009987350871746743,True
DEPTOR,64798,0.18381231660930986,2.8667024863673005e-05,119,0.13949976100530548,8.568947649467474e-05,True
ST6GAL1,6480,0.15515311158798292,0.0018379175820829124,119,0.07992434191052711,0.003736985841573389,True
ST3GAL1,6482,0.1657790010741138,0.02086560631602319,88,0.060520780491020276,0.033802896830081745,True
ELOVL1,64834,0.2433775390345222,7.065943908464441e-08,110,0.2367497901314327,3.632027242668638e-07,True
PPP1R3G,648791,0.2064678947368421,0.0043403227536105635,84,0.0949969679540269,0.008123086364313836,True
RASAL3,64926,-0.007095487106017172,0.9373904782070243,86,7.388957640763749e-05,0.949122147210792,False
MRPS26,64949,0.04901154819124717,0.05278657512370705,119,0.03168115782142422,0.07825503050684333,False
MRPS15,64960,0.006034590163934432,0.8530476918781014,119,0.0002944654859465823,0.8844038275833285,False
MRPL34,64981,0.011745288406624798,0.8194569762251114,86,0.0006236871898077645,0.8568466481441278,False
MRPL9,65005,0.029624254545454552,0.4996465355353179,119,0.003903796157475048,0.5726917585588323,False
TMEM135,65084,0.03373322440087144,0.7140216513721827,63,0.002217180419230358,0.7647748943616367,False
KRI1,65095,0.2536089696777266,3.718876964108679e-15,119,0.41182998127785053,1.1687899030055847e-13,True
INTS3,65123,0.06630748265609515,0.014894008747491968,119,0.04961773063606967,0.024936696533091576,True
WNK1,65125,0.16446318129988596,1.9745780481276378e-08,119,0.2370205088829226,1.1615164988986104e-07,True
SLC2A1,6513,0.24738227202130036,0.000944413616156724,119,0.08957676718056551,0.002017194131596886,True
SLC4A2,6522,0.14970883620689657,4.345681611913798e-05,119,0.1336445369698871,0.0001251374286153188,True
C8orf33,65265,0.20469093260525933,4.2479697255472073e-05,104,0.1521765385655297,0.0001226447952257724,True
GPR89A,653519,0.09879452173913046,0.004899835411565762,119,0.06568961734770917,0.009013075171776486,True
HLTF,6596,0.20291911029218218,6.297690447051241e-09,119,0.25142591959147065,4.2524329369827224e-08,True
SMARCA4,6597,0.06584732899943471,0.02152695037933983,119,0.04433878380207956,0.03482300796657914,True
BRD9,65980,0.041008603238866397,0.2045471253259143,98,0.01671292655590806,0.26316004427895406,False
KCTD14,65987,0.13170173069841662,0.11888299521253046,108,0.022787777155956257,0.16346411841722938,False
MTMR9,66036,0.08017924028268553,0.018182273477325827,98,0.05673813329065136,0.029807005700534142,True
SMARCD3,6604,0.035978858974358964,0.42738298950404785,101,0.006374668484447232,0.5049637899618181,False
POLR3D,661,0.048055633083730426,0.16722692619826285,111,0.017427870976827187,0.2189876414501061,False
SNTB1,6641,0.1665514755857628,6.514158438935774e-06,119,0.1601242271466703,2.2115970008732565e-05,True
BNIP3L,665,0.1312159090909091,0.02241765320055136,54,0.09625831088580694,0.03605178146287499,True
SPAG1,6674,0.19909004711425213,0.00460418825521576,73,0.10762759543870004,0.008517769642969542,True
BPGM,669,0.01334262077294687,0.8037320641518183,119,0.0005300022578317298,0.8436118993959925,False
BPHL,670,0.27921989355845106,6.081340475264135e-10,119,0.280121022666148,5.10646910136683e-09,True
SQLE,6713,0.16944552845528452,0.00044482784733013695,119,0.1004535809707835,0.0010068120001299396,True
SRF,6722,0.032868346422338546,0.43479252886040964,89,0.007026931334187525,0.5104287958873539,False
SRMS,6725,-0.05508993933265923,0.20069590969451692,119,0.013955607828696426,0.2591144373990242,False
SRP9,6726,0.0728610358565737,0.09625639117120942,119,0.023466638733479872,0.13557238193128088,False
BRAF,673,0.11618829398538506,0.0004854745877827733,107,0.10993321855426486,0.001089840911349083,True
SSBP1,6742,0.24830338475708036,5.3230812916669706e-11,119,0.3089312712765533,5.955039861407056e-10,True
SSR1,6745,0.1345563541870954,3.222535037545197e-08,119,0.23076988722827152,1.7993850463450342e-07,True
SSR3,6747,0.12282050337630454,0.12489978051605434,116,0.020532841200117224,0.16953766623742825,False
SUPT5H,6829,0.18245154990700554,2.1916849496081662e-11,119,0.3191548273490248,2.7396061870102077e-10,True
BST2,684,0.2449724177666039,1.176747667024337e-06,119,0.18346555177826296,4.689936354082503e-06,True
TAF2,6873,0.055800710253141504,0.025618935667442933,117,0.04257312645492051,0.04072374166790061,True
TAF4,6874,0.1075346169772257,0.00496975329812477,107,0.07272323796976277,0.009126425088376038,True
TARBP1,6894,0.26840229276895944,1.3006057565716245e-07,103,0.2421209988728431,6.329913828101245e-07,True
TBCE,6905,0.1294693045256968,2.3215663524339785e-05,119,0.14245780899993055,6.996501336102401e-05,True
TBXAS1,6916,-0.04073084220268395,0.38397577744370737,119,0.006484681192000519,0.4590856971849971,False
TCEA1,6917,0.17676856151990347,7.553404565496362e-07,119,0.18942587826969337,3.195671162325384e-06,True
VPS72,6944,0.03719705497382199,0.4486115326678499,86,0.006852405859112509,0.522746489337537,False
PRDX2,7001,0.16531106695975656,1.3841255681749366e-05,119,0.14968007069614742,4.362573424047078e-05,True
TERF1,7013,0.09295595854922281,0.2486810223255263,51,0.027062054117786172,0.3137031244932098,False
TFAP2A,7020,0.05563198380566797,0.5003243454318526,54,0.00878109714637898,0.5726917585588323,False
TFDP2,7029,0.12425500834724534,0.06991612881350287,72,0.04616392934021374,0.10079651598276954,False
TFRC,7037,0.21577954796030868,0.00041947286715968883,119,0.10129926318934912,0.0009533474253629291,True
THBS3,7059,0.12168005349636997,0.04034135250101675,119,0.035437346404279535,0.06137688485631872,False
TCHH,7062,0.07254993773349937,0.29249170875474323,74,0.015378146348114519,0.3602921384436927,False
SEC62,7095,0.20322021660649825,2.9154960796625294e-09,119,0.2609942047166972,2.123871316310452e-08,True
C1R,715,0.08114481458202391,0.11749062182005236,119,0.020813954069440976,0.16215769636393676,False
C1S,716,0.03598778545987851,0.5275937398416668,119,0.00341920405230256,0.5989196221112832,False
TPD52L2,7165,0.2543261206606,2.3803964455483772e-11,119,0.31820930911335676,2.9093734334480166e-10,True
TPI1,7167,0.18089075445267166,2.4146176283342788e-08,119,0.23445865418322942,1.4053330111998448e-07,True
TPM4,7171,0.11762837914156629,0.0031489892245115053,119,0.07210722404707459,0.006130775481349833,True
TPMT,7172,0.1847961595273264,3.551423577479043e-05,119,0.1364886256801643,0.00010445363463173655,True
CCT3,7203,0.02734434466946888,0.3691684605797644,119,0.0068984318486834395,0.44380907829261296,False
TRIO,7204,0.1477988691852995,9.128346890447563e-08,119,0.2173310406959913,4.564173445223781e-07,True
TRPS1,7227,0.16490372905357567,0.0003663611017307057,113,0.10853878998958455,0.0008448578865907259,True
TSNAX,7257,0.10463955696202527,0.0008115650852307612,119,0.09177071909489043,0.0017538734651352404,True
MROH1,727957,0.3930186708860763,6.754112097598069e-15,117,0.41124744678179204,1.9050059762456093e-13,True
TUBB2A,7280,-0.005526160763442846,0.9148426709380366,119,9.814467519420056e-05,0.9317842018813336,False
TUFT1,7286,0.04110679611650488,0.5041956361572886,105,0.004342622082256775,0.5753269707188977,False
TYK2,7297,0.0881559322033898,0.012015606021994906,77,0.0811871363457245,0.02052355065868695,True
TYROBP,7305,-0.02466330306088127,0.6814022586886064,89,0.0019466419754368136,0.7384655020270611,False
UBE2H,7328,0.18234399641577065,3.1532041514678807e-06,119,0.17008518503999748,1.1274901792829529e-05,True
C9,735,0.12132576315789476,0.0656945314011901,119,0.028657595359386057,0.0954610099620992,False
SLC35A2,7355,0.10138849085365853,0.0033108553659868603,87,0.09705738794793617,0.006400599125809397,True
COL14A1,7373,-0.11436816171266803,0.23582803746748868,119,0.011990554101800166,0.29886041614543496,False
UQCRB,7381,0.015053152364273207,0.7127900059123023,119,0.0011624556814580078,0.7641998114069518,False
UQCRFS1,7386,-0.04623147625763985,0.16843146574576304,119,0.016149888248909394,0.2197800857892519,False
UQCRH,7388,-0.037513334119311424,0.6274913504803327,119,0.0020192094281261674,0.6902404855283659,False
USF2,7392,0.09712110507246378,8.714721606014749e-05,117,0.12581200935919434,0.00023043735015904383,True
UVRAG,7405,0.07068476073619634,0.011100151045718576,113,0.05669162555977747,0.019018950389860487,True
VWF,7450,0.030090984743411934,0.4292811714275967,119,0.005348397123999593,0.5057270897679125,False
WAS,7454,0.03411454463480612,0.44426439039182064,117,0.005098197528931037,0.5187800737059477,False
WNT11,7481,-0.04132714285714281,0.6825393585587016,75,0.0023046111635511846,0.7389697779670983,False
WRN,7486,0.11156714665485158,0.034853834731183767,81,0.055136318415058505,0.05384721657907605,False
YWHAZ,7534,0.2826349447513811,6.738563970908773e-16,119,0.4285686538829565,2.96496814719986e-14,True
CA8,767,0.20404176367869606,0.03497419300266595,114,0.0390927054982908,0.0539573805090218,False
ZNF121,7675,0.2592787124463518,9.660218157268439e-09,102,0.28157095455919523,6.107034467238669e-08,True
ZNF146,7705,0.13914762812872464,0.00021355477286337936,68,0.18880508960007059,0.0005197129428091091,True
ZYX,7791,0.0746107421875,0.041780913135771196,119,0.03494533084687235,0.06330441384207756,False
YIPF2,78992,-0.003956329849012772,0.949638765736003,47,8.963611758872059e-05,0.9583510479904618,False
DDA1,79016,0.07453635972461273,0.02030054109108859,116,0.04634304039081072,0.03298463101949402,True
ERI3,79033,0.15032157423526482,8.651876524383783e-06,119,0.15620291095570427,2.8240546518760125e-05,True
ALG8,79053,0.12601024753792914,0.041762191598030664,105,0.03962945485322811,0.06330441384207756,False
DSCC1,79075,0.07729393063583817,0.43829317502888465,50,0.012566832873664446,0.5134424840593963,False
C1orf50,79078,0.2734207653550863,8.007185840870058e-14,117,0.38570474485034467,1.7615808849914128e-12,True
ALG12,79087,0.26350922818791944,4.538043028439263e-06,68,0.2744947493950546,1.579698522557971e-05,True
DEK,7913,0.16449076809453467,1.5645466733577838e-06,119,0.1796170126628608,6.059863875681557e-06,True
DERL1,79139,0.16019888082274647,8.531922611054227e-06,109,0.1697587269294858,2.801526827510343e-05,True
CHCHD7,79145,0.040905546492659046,0.45639895437666744,113,0.005007373517376346,0.5295768457957112,False
ALDH5A1,7915,0.2310837785016287,1.3168135054071504e-05,119,0.1503739182002748,4.174336760656673e-05,True
PLEKHF1,79156,0.07448977519941988,0.1889249639217564,87,0.02021806610165866,0.24506775980416515,False
C1orf35,79169,0.14849013581129383,3.761774899043829e-05,116,0.13900270932443182,0.0001097600103169287,True
RBM42,79171,0.16348988180515758,0.00021135155007796465,119,0.11114883866165082,0.0005166371224128025,True
CRELD2,79174,0.15113436376707406,0.008072104262223437,116,0.05995296878045464,0.014094150299120287,True
BHLHE41,79365,0.11688549303045943,0.1249954975623221,83,0.028812799025056512,0.16953766623742825,False
ATP13A3,79572,0.07375211492418202,0.01222731091862993,100,0.062354275777895984,0.020852778310841744,True
TTC13,79573,0.04033208027133973,0.26491150306538414,114,0.011085093638479981,0.33227212471142825,False
TNFAIP8L2,79626,-0.039244486692015204,0.6765769737204672,100,0.0017830470256378073,0.7361946657275534,False
PLEKHF2,79666,0.18480975515463915,2.023678112199497e-06,117,0.1789104686731563,7.6760204255843e-06,True
COLGALT1,79709,0.17378790069138914,7.876739094848351e-06,119,0.15750137591163316,2.6145441018744545e-05,True
PPCS,79717,0.26930909696028404,1.0199374051114724e-08,119,0.24537840016527823,6.41103511784354e-08,True
TBL1XR1,79718,0.2012522617773019,8.949130071236441e-10,119,0.2754496781159531,7.238266969382415e-09,True
NARS2,79731,0.2602549029417649,6.462823335834269e-14,119,0.3827814572395404,1.4810636811286864e-12,True
ZBBX,79740,0.1493848534201955,0.06469928260907527,93,0.03700530955703929,0.09426385545693086,False
SNIP1,79753,0.13569023982701003,8.217600205705873e-10,119,0.2764832368860445,6.755358933427053e-09,True
GSDMD,79792,0.2202291009463723,6.626372436163333e-07,119,0.19117930003806005,2.847269406163932e-06,True
ARHGEF5,7984,0.24372322766570598,4.859222613819266e-15,116,0.41732392544700425,1.4446337500543761e-13,True
NUDT18,79873,0.017201852433281012,0.6294899586617446,74,0.0032499091543096714,0.6917472073205985,False
LPCAT1,79888,0.15073752938410903,0.0002029319802780867,119,0.11173123509847993,0.000498270487289945,True
TUSC3,7991,0.17920267119961136,0.017226586545374113,93,0.0607596540130243,0.028409662968383095,True
PYROXD1,79912,0.14713430623471888,0.0019425699391747062,109,0.08621967760582971,0.003927990685831207,True
SPEF2,79925,0.05913006019563587,0.565351551921101,98,0.003454934414186872,0.6332858524574451,False
KIAA0319L,79932,0.2658870860927153,7.626370332553564e-11,117,0.3091465416615097,8.066353236354731e-10,True
SLC35E1,79939,0.14834003524945766,9.068779703315679e-06,105,0.17482521545288554,2.951378009954807e-05,True
GRHL2,79977,0.13621913477537434,0.000233291571197762,119,0.10973303095231035,0.0005646293500172973,True
CALD1,800,-0.0316937122128174,0.678018415737897,119,0.00147841991885711,0.7362490200510234,False
DOCK5,80005,0.12959785261102977,0.002440642106528064,108,0.08337198263373846,0.004811301643693315,True
PHC3,80012,0.09015076572847686,0.05273276390525249,101,0.03737754907618607,0.07825503050684333,False
ZC3H12A,80149,-0.08683890977443612,0.3029144418883234,52,0.021211128155555814,0.37188156928253985,False
MOGAT2,80168,-0.0025004149377593383,0.9301564257672719,104,7.568269167468333e-05,0.9447572191542004,False
TARS2,80222,0.3195058731265249,1.4198881276377726e-11,119,0.32410366433391424,1.8593773100018448e-10,True
PAAF1,80227,0.0807335341102527,0.018946353057879103,114,0.048184329876650445,0.03096729325953494,True
TRABD,80305,0.12715979166666663,0.0015322908351940055,99,0.09880076428973861,0.0031617051712824963,True
FLAD1,80308,0.11216751592356686,0.0013934024135700536,119,0.08394109977025666,0.002891967273447281,True
DNAJC5,80331,0.19215901584091685,2.6381096548939703e-06,119,0.17251942070787318,9.609008676766117e-06,True
REEP4,80346,0.05404583333333333,0.14973878777456853,117,0.01795798957849104,0.19773429357986239,False
MFAP5,8076,0.1135973539288113,0.20770410294823347,102,0.015826456481703333,0.26659803178886443,False
USP5,8078,0.23014718831298786,2.7803248761577367e-16,119,0.4370600982501769,1.456360649415957e-14,True
MLF2,8079,0.15853186194182722,4.707975374655995e-05,117,0.13466552835550627,0.00013381842150185,True
SH3BP5L,80851,0.165488474350433,0.0021390442813982915,58,0.15617767649437386,0.004293702024704599,True
FXR1,8087,0.19015448283913136,6.557402175652704e-13,119,0.35819238874287884,1.1276863502637366e-11,True
ACTN4,81,0.2314864669247602,8.166260536591416e-16,119,0.42670900982842075,3.454956380865599e-14,True
SLC25A32,81034,0.17974968076616127,0.0001615692521601969,93,0.1455093520342915,0.00040392313040049226,True
CLPTM1L,81037,0.2140403679653679,5.35953587526635e-11,117,0.31329602267865775,5.955039861407056e-10,True
CALR,811,0.12890996334555152,4.802543094688501e-06,119,0.1643205158803196,1.666497603835126e-05,True
HM13,81502,0.24549856938483547,8.119440984814558e-07,119,0.18845684733868873,3.408925604311456e-06,True
TXNDC5,81567,0.15955364777407322,0.00010758270206015737,119,0.12079525605728658,0.00027649759875274086,True
CLPB,81570,0.10997368534482757,1.5188522202541451e-06,119,0.18001819216542614,5.903665873779363e-06,True
PDRG1,81572,0.08178606938483549,0.11202217912852802,119,0.021444125981534556,0.15558635990073336,False
SNX27,81609,0.1235121541155866,3.835190470579592e-07,119,0.19846745279018763,1.7010925474344964e-06,True
ANP32E,81611,0.15897316138027184,0.0010385949838005444,119,0.08820022967140506,0.002201261044663967,True
ELL,8178,0.028675305623471876,0.4817637949808943,84,0.006053470501888869,0.555492845365811,False
SHARPIN,81858,0.16590367463026165,6.629318448762123e-06,119,0.15988249917815867,2.2368865931405936e-05,True
HYI,81888,0.03235503875968991,0.4747890474017893,114,0.004570711120315818,0.5497557390968086,False
QTRT1,81890,0.13179935707220572,1.5842949427835121e-07,117,0.21337882653010642,7.511743263197686e-07,True
NCOA3,8202,0.07838754826254822,0.34342535133988206,71,0.013017760782765397,0.4174230789766522,False
CAPNS1,826,0.01433121212121212,0.6246262856453708,119,0.0020529653616307986,0.6877766909008087,False
PICALM,8301,0.06373028662420382,0.00835694633343347,119,0.05795351275088945,0.014545317985406356,True
FZD6,8323,0.07083920261754728,0.152473115502723,117,0.01772144287201305,0.20086278688981474,False
EPPK1,83481,0.30361115859449195,8.341522917098396e-07,119,0.18809474256292136,3.488849889280698e-06,True
PLVAP,83483,-0.08864128385634176,0.15310927815777187,110,0.018806579728580686,0.20145957652338403,False
CASP2,835,0.12831747709654687,3.052676420479542e-07,117,0.20462396873746302,1.3875801911270646e-06,True
TMUB1,83590,0.18178034523342496,2.9023870077160977e-09,113,0.27308618141246244,2.123871316310452e-08,True
SELENOO,83642,0.14717410207939502,0.010496661839222227,106,0.06130922278478301,0.018069370928238574,True
TRAPPC9,83696,0.07376478135906382,0.0003530873887337152,119,0.10377973903465298,0.0008211334621714307,True
RIOK1,83732,0.2335666112784297,3.569322940452024e-11,114,0.3250343318759773,4.2217798220400287e-10,True
PIP5K1A,8394,0.03008475609756098,0.610144387596496,86,0.003108448138250619,0.67521008687741,False
TATDN1,83940,0.20979386706258568,2.574662087792783e-07,119,0.20374332031755893,1.1751569695319757e-06,True
NCALD,83988,0.11782496903641328,0.11217346811441603,119,0.021426244887677526,0.15560001882201466,False
DTNBP1,84062,0.09837231031714179,4.9093601505621345e-05,119,0.1319229008944629,0.00013918289086645226,True
ANKRD27,84079,0.1803725,7.530025045467387e-05,75,0.19438091873026364,0.00020401545689689967,True
ANXA9,8416,0.21009185077870332,0.049050958575693505,117,0.03326406918551983,0.07330985656693323,False
MAF1,84232,0.17702018129170333,1.9661613823839574e-07,112,0.2189789388884602,9.242638977018603e-07,True
TMEM126A,84233,0.1657611111111111,2.7223376499980644e-09,119,0.2618404082501169,2.0097794731529334e-08,True
MRI1,84245,0.2820044622425631,1.075893777265599e-12,119,0.3528170503156345,1.7663927686450135e-11,True
MED10,84246,0.005880180761781796,0.8225839266006224,114,0.00045079844684015047,0.8592994484906786,False
FYTTD1,84248,0.1604582842122032,4.17367050480146e-06,119,0.1662470460827511,1.4574722397719384e-05,True
FBXW9,84261,0.21365475877912693,3.15762728326867e-07,85,0.2716132816188471,1.4293786055948713e-06,True
NTPCR,84284,0.3146883954533439,1.5447449735243332e-10,119,0.29646545268344127,1.573351361922932e-09,True
WDR83,84292,0.06040994702766334,0.03294173630758074,91,0.05009838113165488,0.05110847664081638,False
UTP23,84294,0.18256678000251853,5.233012673573057e-05,106,0.14621241639003413,0.00014722030539463841,True
PDCD2L,84306,0.182825431455552,5.826809789376486e-06,89,0.2113832682231649,1.996726096048017e-05,True
ACBD6,84320,0.1452972727272728,0.00010352827660759892,119,0.12134219202171026,0.0002679555394549619,True
ELOF1,84337,0.029348180677540785,0.2126240939379536,119,0.013245800971456667,0.2722776523070419,False
HPS3,84343,0.046269757715604265,0.16400704214824824,113,0.01737536191819289,0.2152837068771755,False
GNPAT,8443,0.12226792152704137,0.00043502673926342796,119,0.10077466757560083,0.0009866585838964345,True
CUL1,8454,0.11560691275167788,4.064319030607985e-13,119,0.36334465588961695,7.45125155611464e-12,True
ZGPAT,84619,0.2767285964604871,9.633859828541705e-09,116,0.2517031262876769,6.107034467238669e-08,True
GTPBP3,84705,0.22064188243526936,0.0003566849090934253,67,0.1792923211923102,0.0008260071579005638,True
CDC42BPA,8476,0.14867641991924627,3.877261860932089e-05,119,0.13525246949268432,0.00011283037161442587,True
LRCH3,84859,0.09282624595469252,0.00013239916511371085,119,0.11783658036356526,0.00033634891830272963,True
PARP10,84875,0.22501251422070537,1.95892126861388e-12,119,0.34625382194406973,3.12291796445691e-11,True
C1orf198,84886,0.09332366508247136,0.0330870621854609,117,0.03888459049126625,0.051261645639446456,False
ALG10,84920,0.2013449008498584,1.292390408178975e-05,117,0.1530528012149237,4.108755632938938e-05,True
TMEM209,84928,0.027388828828828846,0.33438486611809815,114,0.008322388429960914,0.4073348313730985,False
NUDCD1,84955,0.22097025227043382,7.431209248891916e-19,119,0.49079343961470956,1.0896435337109096e-16,True
PPFIBP1,8496,0.13916905336147117,0.00010652153097208364,119,0.12093640861945865,0.0002745832889156108,True
RBM17,84991,0.0670794275075634,0.0008890482310822961,119,0.09045126275661342,0.0019100645589658705,True
PPFIA1,8500,0.17738863343360542,2.42523268776904e-12,119,0.34389971730142876,3.757402755698513e-11,True
TUBGCP6,85378,0.030951979293544457,0.5121346451269342,89,0.004955253599065457,0.5831760969354323,False
RHPN2,85415,0.3108033906399237,4.5695364091750105e-11,119,0.3107001260021427,5.235927135513032e-10,True
HELZ2,85441,0.1423895923167386,0.006774166462659847,111,0.0653401211786181,0.011980037152613877,True
TSPYL5,85453,0.2305756443634469,0.0035884906643569156,119,0.07021028982546229,0.006841143380923063,True
GFM1,85476,0.23849272540983613,6.538337350063275e-09,119,0.250957143478983,4.35889156670885e-08,True
ACTL6A,86,0.13188503747323335,2.503746408485367e-07,119,0.20411197577771967,1.1523519034869888e-06,True
RFXANK,8625,0.11648767833981838,0.002380078004277921,54,0.16406123982090182,0.004725786651093345,True
AKR1C3,8644,0.17556617427835747,0.002602116325733612,116,0.0767780145037803,0.005111299925548167,True
EIF3G,8666,0.07295114813147233,1.3536734568659166e-05,119,0.1499897429192416,4.278852880898012e-05,True
EIF3H,8667,0.012925431199693345,0.3606353667161093,119,0.007147464636062861,0.4359328608656266,False
STX10,8677,0.1421045474325501,2.04617822297518e-05,107,0.15939232814858317,6.217668633349994e-05,True
DGAT1,8694,0.15808063708759956,1.100915771702381e-06,119,0.18436340763275894,4.403663086809524e-06,True
B3GALNT1,8706,0.27700558490566024,0.031542682944041285,54,0.08584923164420466,0.04914582328391701,True
SERPINH1,871,0.052906722783389454,0.25897596839391307,119,0.010877795888270203,0.325198133827973,False
URI1,8725,0.10740139549978366,8.44607545203129e-05,115,0.12835745871934834,0.0002244126327834401,True
EED,8726,0.1041670304365239,0.0027686346805549347,119,0.0739763506075799,0.0054286954520685,True
GPAA1,8733,-0.022550960818567504,0.4900573673314146,113,0.004301983746960891,0.5644639833136713,False
RIPK1,8737,0.1154935033951183,7.979903542994739e-08,119,0.2190780612606713,4.0638397672658395e-07,True
TNFSF10,8743,0.3921268260641092,9.804718628143845e-06,81,0.22041622318121512,3.144370405527181e-05,True
ADAM15,8751,-0.0392108910891089,0.5933646052382218,63,0.0047014707934393,0.6612979389686362,False
PABPC4,8761,0.21922622659176041,6.76420385493208e-10,119,0.27883704594033276,5.636836545776734e-09,True
FADD,8772,0.10016120322122216,0.0018157448088558991,116,0.08212811893443162,0.003705601650726325,True
PEX11B,8799,0.15444460869565219,8.486641355094736e-05,119,0.12416881890060516,0.00022494712025552315,True
TRIM24,8805,0.10984390962671906,0.00347316985045941,119,0.0706845237262852,0.006667516292330456,True
GMPS,8833,0.15707014795474322,3.1354973604069198e-06,119,0.17016212944353837,1.1271395740024874e-05,True
FCGBP,8857,-0.1082111404435058,0.024581452508122343,119,0.0424462845488609,0.03935894870296154,True
EIF2B3,8891,0.10656500249003982,6.133564270878139e-06,119,0.16095425284528675,2.095316986945948e-05,True
EIF2B5,8893,0.06339039942252161,0.01510474747179061,119,0.04941578478385977,0.025251097597218348,True
AP1M1,8907,0.0743107011070111,0.000196929100060099,119,0.11216128292138361,0.00048461299791075814,True
MGAM,8972,0.002078222709818986,0.9583898977962169,112,2.4859213989203433e-05,0.9645278019907031,False
USP13,8975,0.06267941176470586,0.2722133665075875,71,0.017444795990250617,0.33911064910344985,False
CCNE1,898,0.3201172323759791,0.0003082063716174809,48,0.24878130034381563,0.0007275257699125086,True
SELENBP1,8991,0.26612179532577906,0.0006466181061186594,119,0.09505553074736928,0.001416892264403437,True
KLC4,89953,0.16638165117308548,8.803210692369601e-08,119,0.21780261122604672,4.4419870466085143e-07,True
OTULIN,90268,0.1654521488397639,2.5636900613939447e-07,116,0.2085806201680438,1.1750246114722247e-06,True
SAMD1,90378,0.14845300707547174,0.0037494032160261224,69,0.11866958765466684,0.007098697999360989,True
MED30,90390,-0.025819538870824707,0.45082602287476603,72,0.008147302214318586,0.524771031917717,False
ZNF622,90441,0.11580820283370612,0.00040636348488781943,117,0.10343863691151622,0.0009273855464244842,True
ERI1,90459,0.2770324977210576,2.5568072828545684e-15,111,0.4382239276695249,8.789025034812579e-14,True
DOK2,9046,-0.029535897435897487,0.7343735807398406,60,0.0020002425128344825,0.7827625376102951,False
GADD45GIP1,90480,0.04764293158514037,0.13832607654781204,119,0.018677007482615693,0.18443476873041606,False
YIF1B,90522,0.09952009448818898,0.006739954605440101,87,0.08320412465851545,0.011938727964547683,True
CLDN1,9076,-0.20813360552763815,0.11928146922638905,47,0.053067097413226905,0.16380726110989757,False
PYGO2,90780,0.008126210350584327,0.8616718717907829,116,0.0002674663210698869,0.8925038220055189,False
LMF2,91289,0.18130681896255593,0.0007811578298609713,119,0.09232309475125511,0.001691483489856434,True
PRPF3,9129,0.07680792959219239,0.004607339034151707,119,0.06658269769256464,0.008517769642969542,True
PDCD5,9141,0.2479964171974523,1.1176654399606868e-11,119,0.3268175640016686,1.5178172641441425e-10,True
DYRK1B,9149,0.23418699678933066,2.1777416019469506e-06,91,0.22386507109012133,8.232012928321808e-06,True
EBAG9,9166,0.22273866006953735,9.784917773523353e-08,103,0.24626200830977285,4.848382680574635e-07,True
CHMP7,91782,0.1956578378378378,5.83817034453431e-10,112,0.2955968250728648,4.939990291529031e-09,True
ARHGEF2,9181,0.128199498027967,0.0001387339533047683,119,0.11716956762898323,0.0003508214911155061,True
SLC33A1,9197,0.2528541222254252,3.011784119446879e-10,117,0.29276295539242825,2.7608021094929725e-09,True
CD4,920,-0.05224294990723564,0.38809372890974103,85,0.008988321819612066,0.4624291845377144,False
ZC3HAV1L,92092,0.1304747588832488,3.408981052967462e-05,119,0.13706467337210992,0.00010053295330467045,True
INTS4,92105,0.0020854001667361434,0.9166119504757582,119,9.409422601447393e-05,0.9327226138051192,False
XPR1,9213,0.06863757575757577,0.27210116311855403,119,0.010299453541458559,0.33911064910344985,False
MTDH,92140,0.20824869098232265,2.85433216831494e-15,119,0.41445359247035995,9.5144405610498e-14,True
LMBRD2,92255,0.1303076984763432,0.12578898773783306,48,0.05020086512198396,0.17040380112268028,False
DLG5,9231,0.15161744227994225,4.758056213703079e-07,83,0.2701873084398114,2.085203918355931e-06,True
MEX3A,92312,0.031022379158819852,0.6453323687327213,95,0.0022874599247103555,0.7077423784705816,False
TIMM50,92609,0.27192758059516425,2.9629951040645254e-18,119,0.4787182932340762,2.9629951040645254e-16,True
COPB2,9276,0.07284506154308018,0.002082286501522044,119,0.07811248437144724,0.004187413439989485,True
CD9,928,0.15304020192307694,1.8238508351912872e-05,119,0.14583292659774627,5.6040109461184805e-05,True
TRIP13,9319,0.390085993408663,2.8669547427574864e-12,119,0.3420493971227182,4.380069745879493e-11,True
CD163,9332,-0.04410561042235764,0.323346254334839,119,0.008337165259823642,0.3956405781627618,False
HAUS8,93323,0.1741070362473348,0.0017088437788247584,68,0.13945505174043638,0.00349391850689077,True
MVB12A,93343,0.15425060758432846,5.224481813979322e-08,119,0.22455908207357733,2.7629471131621417e-07,True
ARMC6,93436,0.1510260850880962,1.3062640354354388e-07,119,0.21265795972119406,6.329913828101245e-07,True
KIF3B,9371,0.13067726130653276,9.720941227925384e-05,119,0.12223838605755588,0.00025459607977899813,True
MED21,9412,0.019202859365882105,0.6035763842736781,98,0.0028193842943283753,0.6699636959647285,False
CDYL,9425,0.21187844131455394,9.482972524870913e-12,119,0.32867493818964155,1.3204138958681018e-10,True
PPP1R14A,94274,0.4192020101171458,2.2460457289927955e-06,97,0.21078349607286384,8.432253590075342e-06,True
ITM2B,9445,0.24439744126166718,8.838938636372857e-07,119,0.18731704573778973,3.6689933962302423e-06,True
GGPS1,9453,0.2858794222903885,7.507115151875878e-14,119,0.3812198168593538,1.6852707483802992e-12,True
HOMER3,9454,0.04324909405537461,0.1895756408714746,119,0.01466300184539826,0.245622149539013,False
EEF1E1,9521,0.19081614041969,4.277016068548277e-09,119,0.25624719061445833,3.015844663719939e-08,True
TECR,9524,0.26393659326424856,4.652475061181497e-13,119,0.3618929728582422,8.389709126720733e-12,True
GMFG,9535,-0.01429877738964751,0.7592555842022433,119,0.0008058203120198115,0.8069383020506933,False
RAB3D,9545,0.14707648902821321,4.421709838565713e-05,119,0.13339984583814157,0.00012699427734784032,True
SEC22B,9554,0.10127373913043478,0.00031699252281209043,119,0.10533071807370031,0.0007434792645912568,True
CHD1L,9557,0.0789444347826087,0.026368723248058407,119,0.041447511306190954,0.041674706282850936,True
CEP41,95681,0.07287844444444445,0.059849575688685916,115,0.030989421202804235,0.08766249435093809,False
PDIA4,9601,0.24061558263100044,5.774799286210603e-12,119,0.33425149623825745,8.358262124778505e-11,True
CD47,961,0.2234013199577613,0.0006983486988032938,119,0.09394333892466289,0.0015241737473881412,True
NUP155,9631,0.038634467299578076,0.052145180413498915,119,0.0318510458749699,0.07751310602006596,False
ARHGEF10,9639,0.25253213333333335,4.488845488986825e-05,63,0.24057088015713335,0.00012825272825676642,True
PDE4DIP,9659,0.02845034782608696,0.2787206293470156,119,0.010020720507973424,0.34565128780351423,False
IPO13,9670,0.09157612393681655,0.011810270768895249,108,0.05831499724297773,0.020204195716617065,True
TGS1,96764,0.24494352300242128,2.332475563637825e-07,116,0.20985274137254561,1.082583594937387e-06,True
KDM4A,9682,0.12334706113880878,1.5221779487830274e-05,117,0.1507409029090735,4.7433307185873375e-05,True
LRRC14,9684,0.329889385665529,3.416964884062944e-10,119,0.2870393919784028,3.106331712784494e-09,True
UBE3C,9690,0.20817330459770114,1.1846638528065104e-15,119,0.42309192767650317,4.7122906550858875e-14,True
EMC2,9694,0.030859349593495927,0.2498011563215479,119,0.011303847691465418,0.31475517978660106,False
PPP6R2,9701,0.2020174657534247,0.008178719723719845,61,0.11267112203076368,0.014257673052443472,True
ECE2,9718,0.1965589757412399,0.004409489371876733,81,0.09811296081336929,0.008193307954500687,True
TMEM63A,9725,0.14706752888429042,0.0003778040806341316,104,0.11707340912433561,0.000865801018119885,True
KMT2B,9757,0.09943521944922552,0.02983526329927745,71,0.06656343875278603,0.04668391127909701,True
LZTS3,9762,0.15307197802197808,0.03122698842375913,49,0.09496325363886193,0.04872761012699803,True
TM9SF4,9777,0.10951120481927712,0.0011302570605020207,119,0.08697500560685056,0.002372677035405005,True
SPCS2,9789,0.10001386817416405,0.003397682773266167,119,0.0710035636701406,0.006545448424856015,True
PTDSS1,9791,0.16597526842362123,0.00045294173975555846,119,0.10019303916986211,0.0010230716914396596,True
URB2,9816,0.012824187872225223,0.5906764678055156,117,0.002523326780260682,0.6589696902495611,False
KEAP1,9817,0.1466912119575004,3.1950193505024435e-07,113,0.2105587165547428,1.4344984838990563e-06,True
TSC22D2,9819,0.09131759133964819,0.12719757945378768,51,0.04683001384276064,0.17210004600143475,False
ARHGEF17,9828,0.0882972481136263,0.0010795919566302988,119,0.0876394461047153,0.0022706522988400167,True
GAB2,9846,0.21136646472943832,7.47283956417208e-08,116,0.22503308349517548,3.8233132653903663e-07,True
C2CD5,9847,0.21200168539325842,3.1138553753439914e-08,119,0.23120917029686994,1.7475718943257094e-07,True
CEP170,9859,0.07237067660550457,0.02059116829621518,119,0.044973856736444495,0.033407500185599855,True
SETDB1,9869,0.07749033299354395,0.003730556318286563,119,0.06964662238678387,0.0070832774874843634,True
FCHSD2,9873,0.11803842572062079,9.851311062260743e-05,116,0.12506387577649936,0.000256787729111062,True
OSBPL2,9885,0.20241838586437447,5.548008891928526e-10,117,0.2853595034945787,4.7308602954429284e-09,True
NCAPD2,9918,-0.018078706844941138,0.6738646176700398,119,0.0015191281780860821,0.7346393255074766,False
RBM8A,9939,0.0005462608695652148,0.9834773872751938,119,3.681363351493161e-06,0.9852687850662234,False
THRAP3,9967,0.07992991163752584,0.00010658824033360529,119,0.12092749428727467,0.0002745832889156108,True
NUP153,9972,0.1769974150664697,1.905298563739887e-12,119,0.34655921559397285,3.082100617814523e-11,True
SCO2,9997,0.19335108069164264,0.00013140178614971465,116,0.12086523837338514,0.0003345878813997364,True
